Timestamp               Ty Process[PID:TID]
2026-08-12 13:47:57.965 Df IlliniCover[59812:37908e] [com.apple.xpc:connection] [0x106130b50] activating connection: mach=true listener=false peer=false name=com.apple.cfprefsd.daemon
2026-08-12 13:47:57.969 A  IlliniCover[59812:37908e] (CoreFoundation) Loading Preferences From User Session CFPrefsD
2026-08-12 13:47:57.970 Df IlliniCover[59812:37903d] (libMobileGestalt.dylib) No persisted cache on this platform.
2026-08-12 13:47:57.975 Df IlliniCover[59812:37908f] [com.apple.BoardServices:XPCErrors] [C:1] Alloc com.apple.frontboard.systemappservices
2026-08-12 13:47:57.976 Df IlliniCover[59812:37908f] [com.apple.xpc:connection] [0x106137f20] activating connection: mach=false listener=false peer=false name=(anonymous)
2026-08-12 13:47:57.976 Df IlliniCover[59812:379089] [com.apple.UIKit:BackgroundTask] Creating new assertion because there is no existing background assertion.
2026-08-12 13:47:57.976 Df IlliniCover[59812:379089] [com.apple.UIKit:BackgroundTask] Creating new background assertion
2026-08-12 13:47:57.977 Df IlliniCover[59812:379089] [com.apple.UIKit:BackgroundTask] Created new background assertion <BKSProcessAssertion: 0x106138a60>
2026-08-12 13:47:57.977 Df IlliniCover[59812:379089] [com.apple.runningboard:connection] Initializing connection
2026-08-12 13:47:57.977 Df IlliniCover[59812:379089] [com.apple.runningboard:process] Removing all cached process handles
2026-08-12 13:47:57.977 Df IlliniCover[59812:379089] [com.apple.runningboard:connection] Creating connection to com.apple.runningboard
2026-08-12 13:47:57.977 Df IlliniCover[59812:379089] [com.apple.xpc:connection] [0x1081e0280] activating connection: mach=true listener=false peer=false name=com.apple.runningboard
2026-08-12 13:47:57.978 Df IlliniCover[59812:379093] [com.apple.runningboard:connection] Sending handshake request attempt #1 to server
2026-08-12 13:47:57.979 A  IlliniCover[59812:379094] (RunningBoardServices) didChangeInheritances
2026-08-12 13:47:57.979 Df IlliniCover[59812:37903d] [com.apple.UIKit:Application] Deactivation reason added: 10; deactivation reasons: 0 -> 1024; animating application lifecycle event: 0
2026-08-12 13:47:57.979 Df IlliniCover[59812:379093] [com.apple.runningboard:connection] Handshake succeeded
2026-08-12 13:47:57.979 Df IlliniCover[59812:379093] [com.apple.runningboard:connection] Identity resolved as app<com.illinicover.app((null))>
2026-08-12 13:47:57.980 Df IlliniCover[59812:379089] [com.apple.UIKit:BackgroundTask] Incrementing reference count for background assertion <BKSProcessAssertion: 0x106138a60>
2026-08-12 13:47:57.980 Df IlliniCover[59812:379089] [com.apple.UIKit:BackgroundTask] Created background task <_UIBackgroundTaskInfo: 0x1080788c0>: taskID = 1, taskName = Launch Background Task for Coalescing, creationTime = 74497 (elapsed = 0).
2026-08-12 13:47:57.980 Df IlliniCover[59812:37903d] [com.apple.BoardServices:Injection] activating monitor for service com.apple.frontboard.open
2026-08-12 13:47:57.981 Df IlliniCover[59812:379089] [com.apple.FrontBoard:SceneExtension] Realizing settings extension _UIApplicationSceneKeyboardSettings on FBSSceneSettings
2026-08-12 13:47:57.981 Df IlliniCover[59812:37903d] [com.apple.BoardServices:Injection] activating monitor for service com.apple.frontboard.workspace-service
2026-08-12 13:47:57.982 Df IlliniCover[59812:37903d] [com.apple.FrontBoard:Common] FBSWorkspace registering source: com.apple.frontboard.systemappservices
2026-08-12 13:47:57.989 Df IlliniCover[59812:37903d] [com.apple.FrontBoard:Common] FBSWorkspace connected to endpoint : <BSServiceConnectionEndpoint: 0x1081a06c0; target: com.apple.frontboard.systemappservices; service: com.apple.frontboard.workspace-service>
2026-08-12 13:47:57.989 Df IlliniCover[59812:37903d] [com.apple.FrontBoard:Common] <FBSWorkspaceScenesClient:0x108164640 com.apple.frontboard.systemappservices> attempting immediate handshake from activate
2026-08-12 13:47:57.990 Df IlliniCover[59812:37903d] [com.apple.FrontBoard:Common] <FBSWorkspaceScenesClient:0x108164640 com.apple.frontboard.systemappservices> sent handshake
2026-08-12 13:47:57.990 Df IlliniCover[59812:37903d] [com.apple.runningboard:general] Added observer for process assertions expiration warning: <_RBSExpirationWarningClient: 0x1081a1200>
2026-08-12 13:47:57.992 Df IlliniCover[59812:379089] [com.apple.FrontBoard:SceneExtension] Realizing settings extension <_UISceneOcclusionSettings> on FBSSceneSettings
2026-08-12 13:47:57.993 Df IlliniCover[59812:379089] [com.apple.FrontBoard:SceneExtension] Realizing settings extension <_UISceneInterfaceProtectionSettings> on FBSSceneSettings
2026-08-12 13:47:57.993 Df IlliniCover[59812:379089] [com.apple.FrontBoard:SceneExtension] Realizing settings extension _UISceneLayoutPreferencesHostSettingsExtension on FBSSceneSettings
2026-08-12 13:47:57.995 Df IlliniCover[59812:379089] [com.apple.FrontBoard:SceneExtension] Realizing settings extension _UISceneSafeAreaSettingsExtension on FBSSceneSettings
2026-08-12 13:47:57.995 Df IlliniCover[59812:37903d] [com.apple.UIKit:UIScreen] Evaluated capturing state as 0 on <UIScreen: 0x1081e0500> for initial
2026-08-12 13:47:57.996 Df IlliniCover[59812:37903d] [com.apple.UIKit:UIScreen] Evaluated capturing state as 0 on <UIScreen: 0x1081e0500> for CADisplay KVO
2026-08-12 13:47:57.997 Df IlliniCover[59812:379089] [com.apple.FrontBoard:SceneExtension] Realizing settings extension _UISceneLayoutPreferenceClientSettingsExtension on FBSSceneClientSettings
2026-08-12 13:47:57.998 Df IlliniCover[59812:379089] [com.apple.FrontBoard:SceneExtension] Realizing settings extension <_UIHomeAffordanceHostSceneSettings> on FBSSceneSettings
2026-08-12 13:47:57.999 Df IlliniCover[59812:379089] [com.apple.FrontBoard:SceneExtension] Realizing settings extension _UISystemShellSceneHostingEnvironmentSettings on FBSSceneSettings
2026-08-12 13:47:57.999 Df IlliniCover[59812:37903d] [com.apple.Accessibility:AXSupportCommon] Read CategoryName: per-app = 1, category name = (null)
2026-08-12 13:47:58.000 Df IlliniCover[59812:379089] [com.apple.FrontBoard:SceneExtension] Realizing settings extension _UISceneRenderingEnvironmentSettings on FBSSceneSettings
2026-08-12 13:47:58.000 Df IlliniCover[59812:37903d] [com.apple.Accessibility:AXSupportCommon] Read CategoryName: per-app = 0, category name = (null)
2026-08-12 13:47:58.000 Df IlliniCover[59812:379089] [com.apple.FrontBoard:SceneExtension] Realizing settings extension <_UISceneRenderingEnvironmentClientSettings> on FBSSceneClientSettings
2026-08-12 13:47:58.000 Df IlliniCover[59812:379089] [com.apple.FrontBoard:SceneExtension] Realizing settings extension <_UISceneTransitioningHostSettings> on FBSSceneSettings
2026-08-12 13:47:58.001 Df IlliniCover[59812:379089] [com.apple.FrontBoard:SceneExtension] Realizing settings extension <_UISceneFocusSystemSettings> on FBSSceneSettings
2026-08-12 13:47:58.001 Df IlliniCover[59812:379089] [com.apple.FrontBoard:SceneExtension] Realizing settings extension _UISceneOrientationSettingsExtension on FBSSceneSettings
2026-08-12 13:47:58.001 Df IlliniCover[59812:379089] [com.apple.FrontBoard:SceneExtension] Realizing settings extension _UISceneOrientationClientSettingsExtension on FBSSceneClientSettings
2026-08-12 13:47:58.001 Df IlliniCover[59812:379089] [com.apple.FrontBoard:SceneExtension] Realizing settings extension _UISceneWindowingControlClientSettings on FBSSceneClientSettings
2026-08-12 13:47:58.002 Df IlliniCover[59812:379089] [com.apple.FrontBoard:SceneExtension] Realizing settings extension <_UISceneHostingContentSizePreferenceClientSettings> on FBSSceneClientSettings
2026-08-12 13:47:58.002 Df IlliniCover[59812:379089] [com.apple.FrontBoard:SceneExtension] Realizing settings extension _UISceneHostingTraitCollectionPropagationSettings on FBSSceneSettings
2026-08-12 13:47:58.004 Df IlliniCover[59812:379089] [com.apple.FrontBoard:SceneExtension] Realizing settings extension <_UISceneHostingSheetPresentationSettings> on FBSSceneSettings
2026-08-12 13:47:58.005 Df IlliniCover[59812:379089] [com.apple.FrontBoard:SceneExtension] Realizing settings extension <_UISceneHostingSheetPresentationClientSettings> on FBSSceneClientSettings
2026-08-12 13:47:58.006 Df IlliniCover[59812:379089] [com.apple.FrontBoard:SceneExtension] Realizing settings extension <_UISceneHostingEventDeferringSettings> on FBSSceneSettings
2026-08-12 13:47:58.007 Df IlliniCover[59812:379089] [com.apple.FrontBoard:SceneExtension] Realizing settings extension <UIKit__UITypedKeyValueSceneSettings> on FBSSceneSettings
2026-08-12 13:47:58.008 Df IlliniCover[59812:379089] [com.apple.FrontBoard:SceneExtension] Realizing settings extension <UIKit__UITypedKeyValueSceneSettings> on FBSSceneClientSettings
2026-08-12 13:47:58.008 Df IlliniCover[59812:379089] [com.apple.FrontBoard:SceneExtension] Realizing settings extension <_UISceneHostingViewControllerPreferencePropagationClientSettings> on FBSSceneClientSettings
2026-08-12 13:47:58.008 Df IlliniCover[59812:379089] [com.apple.FrontBoard:SceneExtension] Realizing settings extension <_UISceneZoomTransitionSettings> on FBSSceneSettings
2026-08-12 13:47:58.009 Df IlliniCover[59812:379094] [com.apple.FrontBoard:SceneExtension] Realizing settings extension FBSSceneSettingsCore on FBSSceneSettings
2026-08-12 13:47:58.012 Df IlliniCover[59812:379094] [com.apple.FrontBoard:SceneExtension] Realizing settings extension FBSSceneClientSettingsCore on FBSSceneClientSettings
2026-08-12 13:47:58.038 Df IlliniCover[59812:37903d] [com.apple.dt.xctest:Default] Registering for test daemon availability notify post.
2026-08-12 13:47:58.038 Df IlliniCover[59812:37903d] [com.apple.dt.xctest:Default] notify_get_state check indicated test daemon not ready.
2026-08-12 13:47:58.038 Df IlliniCover[59812:37903d] [com.apple.dt.xctest:Default] notify_get_state check indicated test daemon not ready.
2026-08-12 13:47:58.038 Df IlliniCover[59812:37903d] [com.apple.dt.xctest:Default] notify_get_state check indicated test daemon not ready.
2026-08-12 13:47:58.039 Df IlliniCover[59812:37903d] [com.apple.UIKit:UpdateScheduler] Selected display: name=LCD (PurpleMain), id=1
2026-08-12 13:47:58.069 Df IlliniCover[59812:379094] [com.apple.FrontBoard:SceneExtension] UIMutableApplicationSceneSettings setting counterpart class: UIApplicationSceneSettings
2026-08-12 13:47:58.069 Df IlliniCover[59812:379094] [com.apple.FrontBoard:SceneExtension] UIMutableApplicationSceneClientSettings setting counterpart class: UIApplicationSceneClientSettings
2026-08-12 13:47:58.069 Df IlliniCover[59812:379094] [com.apple.FrontBoard:SceneExtension] Realizing settings extension FBSSceneTransitionContextCore on FBSSceneTransitionContext
2026-08-12 13:47:58.074 Df IlliniCover[59812:37903d] [com.apple.app_launch_measurement:ApplicationLaunch] alm_acquire_pageins_recording_assertion: acquired pageins recording assertion!
2026-08-12 13:47:58.076 Df IlliniCover[59812:37903d] [com.apple.UIKit:BackgroundTask] Will add backgroundTask with taskName: Persistent SceneSession Map Update, expirationHandler: <__NSGlobalBlock__: 0x1e78c84e8>
2026-08-12 13:47:58.076 Df IlliniCover[59812:37903d] [com.apple.UIKit:BackgroundTask] Reusing background assertion <BKSProcessAssertion: 0x106138a60>
2026-08-12 13:47:58.076 Df IlliniCover[59812:37903d] [com.apple.UIKit:BackgroundTask] Incrementing reference count for background assertion <BKSProcessAssertion: 0x106138a60>
2026-08-12 13:47:58.076 Df IlliniCover[59812:37903d] [com.apple.UIKit:BackgroundTask] Created background task <_UIBackgroundTaskInfo: 0x1082b0c40>: taskID = 2, taskName = Persistent SceneSession Map Update, creationTime = 74497 (elapsed = 0).
2026-08-12 13:47:58.076 Df IlliniCover[59812:37903d] [com.apple.UIKit:Application] Deactivation reason added: 5; deactivation reasons: 1024 -> 1056; animating application lifecycle event: 1
2026-08-12 13:47:58.077 Df IlliniCover[59812:37903d] [com.apple.UIKit:InterfaceStyle] Not push traits update to screen for new style 2, <UIWindowScene: 0x10613e350> (2A74F32C-184A-4A2E-A7D6-EF6248A98572)
2026-08-12 13:47:58.077 Df IlliniCover[59812:37903d] [com.apple.UIKit:InterfaceStyle] Should send trait collection or coordinate space update, interface style 2 -> 2, <UIWindowScene: 0x10613e350> (2A74F32C-184A-4A2E-A7D6-EF6248A98572)
2026-08-12 13:47:58.079 Df IlliniCover[59812:37903d] [com.apple.UIKit:InterfaceStyle] Not push traits update to screen for new style 2, <UIWindowScene: 0x10613e350> (2A74F32C-184A-4A2E-A7D6-EF6248A98572)
2026-08-12 13:47:58.079 Df IlliniCover[59812:37903d] [com.apple.UIKit:HomeAffordanceObservation] Initializing: <_UIHomeAffordanceSceneNotifier: 0x1082b4bd0>; with scene: <UIWindowScene: 0x10613e350>
2026-08-12 13:47:58.080 Df IlliniCover[59812:37903d] [com.apple.BacklightServices:scenes] 0x1082524f0 setDelegate:<0x108251cb0 _UIBacklightEnvironment> hasDelegate:YES for environment:sceneID:com.illinicover.app-default
2026-08-12 13:47:58.080 Df IlliniCover[59812:37903d] [com.apple.UIKit:InterfaceStyle] Not push traits update to screen for new style 2, <UIWindowScene: 0x10613e350> (2A74F32C-184A-4A2E-A7D6-EF6248A98572)
2026-08-12 13:47:58.080 Df IlliniCover[59812:37903d] [com.apple.UIKit:EventDeferring] [0x1082b4d90] Initialized with scene: <UIWindowScene: 0x10613e350>; behavior: <_UIEventDeferringBehavior_iOS: 0x1081a2f60>; availableForProcess: 1, systemShellManagesKeyboardFocus: 1
2026-08-12 13:47:58.081 Df IlliniCover[59812:37903d] [com.apple.BoardServices:XPCErrors] [C:2] Alloc com.apple.backboard.hid-services.xpc
2026-08-12 13:47:58.081 Df IlliniCover[59812:37903d] [com.apple.xpc:connection] [0x1081e0dc0] activating connection: mach=false listener=false peer=false name=(anonymous)
2026-08-12 13:47:58.085 Df IlliniCover[59812:379089] [com.apple.BackBoard:EventDelivery] BKSHIDEventObserver - connection activation
2026-08-12 13:47:58.085 Df IlliniCover[59812:37903d] [com.apple.BackBoard:EventDelivery] policyStatus:<BKSHIDEventDeliveryPolicyObserver: 0x1080a5d40; process scope; status: target> was:none
2026-08-12 13:47:58.085 Df IlliniCover[59812:37903d] [com.apple.UIKit:KeyWindow] Setting default evaluation strategy for UIUserInterfaceIdiomPhone to LastOneWins
2026-08-12 13:47:58.085 Df IlliniCover[59812:37903d] [com.apple.UIKit:KeyWindow] Scene target of keyboard event deferring environment did change: 1; scene: UIWindowScene: 0x10613e350; scene identity: com.apple.frontboard.systemappservices/FBSceneManager:sceneID%3Acom.illinicover.app-default
2026-08-12 13:47:58.085 Df IlliniCover[59812:37903d] [com.apple.UIKit:EventDeferring] [0x1082b4d90] Scene target of event deferring environments did update: scene: 0x10613e350; current systemShellManagesKeyboardFocus: 1; systemShellManagesKeyboardFocusForScene: 1; eligibleForRecordRemoval: 1;
2026-08-12 13:47:58.085 Df IlliniCover[59812:37903d] [com.apple.UIKit:KeyWindow] Scene became target of keyboard event deferring environment: UIWindowScene: 0x10613e350; scene identity: com.apple.frontboard.systemappservices/FBSceneManager:sceneID%3Acom.illinicover.app-default
2026-08-12 13:47:58.085 Df IlliniCover[59812:37903d] [com.apple.UIKit:KeyWindow] Stack[KeyWindow] 0x1082522e0: Taking no further action for migration from LastOneWins -> SystemShellManaged as there are no scenes
2026-08-12 13:47:58.085 Df IlliniCover[59812:37903d] [com.apple.UIKit:KeyWindow] Setting default evaluation strategy for UIUserInterfaceIdiomPhone to SystemShellManaged
2026-08-12 13:47:58.086 Df IlliniCover[59812:37903d] [com.apple.UIKit:KeyWindow] Key window needs update: 0; currentKeyWindowScene: 0x0; evaluatedKeyWindowScene: 0x10613e350; currentApplicationKeyWindow: 0x0; evaluatedApplicationKeyWindow: 0x0; reason: UIWindowScene: 0x10613e350: Window scene became target of keyboard environment
2026-08-12 13:47:58.086 Df IlliniCover[59812:37903d] [com.apple.UIKit:InterfaceStyle] Not push traits update to screen for new style 2, <UIWindowScene: 0x10613e350> (2A74F32C-184A-4A2E-A7D6-EF6248A98572)
2026-08-12 13:47:58.087 Df IlliniCover[59812:37903d] [com.apple.UIKit:InterfaceStyle] Not push traits update to screen for new style 2, <UIWindowScene: 0x10613e350> (2A74F32C-184A-4A2E-A7D6-EF6248A98572)
2026-08-12 13:47:58.090 Df IlliniCover[59812:37903d] [com.apple.UIKit:InterfaceStyle] Not push traits update to screen for new style 2, <UIWindowScene: 0x10613e350> (2A74F32C-184A-4A2E-A7D6-EF6248A98572)
2026-08-12 13:47:58.090 F  IlliniCover[59812:37903d] [com.apple.runtime-issues:UIKit App Config] `UIScene` lifecycle will soon be required. Failure to adopt will result in an assert in the future.
2026-08-12 13:47:58.090 A  IlliniCover[59812:37903d] (libsystem_trace.dylib) Activity for state dumps
2026-08-12 13:47:58.091 Df IlliniCover[59812:37903d] [com.apple.UIKit:InterfaceStyle] Not push traits update to screen for new style 2, <UIWindowScene: 0x10613e350> (2A74F32C-184A-4A2E-A7D6-EF6248A98572)
2026-08-12 13:47:58.092 Df IlliniCover[59812:37903d] [com.apple.UIKit:AppLifecycle] sceneOfRecord: sceneID: sceneID:com.illinicover.app-default  persistentID: 2A74F32C-184A-4A2E-A7D6-EF6248A98572
2026-08-12 13:47:58.092 Df IlliniCover[59812:37903d] [com.apple.UIKit:Application] Ignoring already applied deactivation reason: 5; deactivation reasons: 1056
2026-08-12 13:47:58.093 Df IlliniCover[59812:37903d] [com.apple.UIKit:Application] Deactivation reason added: 11; deactivation reasons: 1056 -> 3104; animating application lifecycle event: 1
2026-08-12 13:47:58.093 Df IlliniCover[59812:37903d] [com.apple.KeyboardArbiter:Client] startConnection
2026-08-12 13:47:58.096 Df IlliniCover[59812:37903d] [com.apple.xpc:connection] [0x1081e1540] activating connection: mach=true listener=false peer=false name=com.apple.UIKit.KeyboardManagement.hosted
2026-08-12 13:47:58.097 Df IlliniCover[59812:37903d] (UIKitCore) You've implemented -[<UIApplicationDelegate> application:performFetchWithCompletionHandler:], but you still need to add "fetch" to the list of your supported UIBackgroundModes in your Info.plist.
2026-08-12 13:47:58.097 Df IlliniCover[59812:37903d] (UIKitCore) You've implemented -[<UIApplicationDelegate> application:didReceiveRemoteNotification:fetchCompletionHandler:], but you still need to add "remote-notification" to the list of your supported UIBackgroundModes in your Info.plist.
2026-08-12 13:47:58.098 Df IlliniCover[59812:37903d] (React) _setUpFeatureFlags called with release level 2
2026-08-12 13:47:58.116 Df IlliniCover[59812:37903d] [com.apple.network:] networkd_settings_read_from_file_locked initialized networkd settings by reading plist directly
2026-08-12 13:47:58.117 Df IlliniCover[59812:37903d] [com.apple.network:] networkd_settings_read_from_file_locked initialized networkd settings by reading plist directly
2026-08-12 13:47:58.177 Df IlliniCover[59812:37903d] [com.apple.UIKit:Orientation] <UIWindowScene: 0x10613e350> (2A74F32C-184A-4A2E-A7D6-EF6248A98572) Scene updated orientation preferences: none -> ( Pu )
2026-08-12 13:47:58.189 Df IlliniCover[59812:37903d] [com.apple.UIKit:KeyWindow] Key window API is scene-level: YES
2026-08-12 13:47:58.189 Df IlliniCover[59812:37903d] [com.apple.UIKit:KeyWindow] UIWindowScene: 0x10613e350: Window became key in scene: UIWindow: 0x108208000; contextId: 0xF38411B0: reason: UIWindowScene: 0x10613e350: Window requested to become key in scene: 0x108208000
2026-08-12 13:47:58.189 Df IlliniCover[59812:37903d] [com.apple.UIKit:KeyWindow] Key window needs update: 1; currentKeyWindowScene: 0x0; evaluatedKeyWindowScene: 0x10613e350; currentApplicationKeyWindow: 0x0; evaluatedApplicationKeyWindow: 0x108208000; reason: UIWindowScene: 0x10613e350: Window requested to become key in scene: 0x108208000
2026-08-12 13:47:58.189 Df IlliniCover[59812:37903d] [com.apple.UIKit:KeyWindow] Window did become application key: UIWindow: 0x108208000; contextId: 0xF38411B0; scene identity: com.apple.frontboard.systemappservices/FBSceneManager:sceneID%3Acom.illinicover.app-default
2026-08-12 13:47:58.189 Df IlliniCover[59812:37903d] [com.apple.UIKit:EventDeferring] [0x1082b4d90] Begin local event deferring requested for token: 0x1080a47e0; environments: 1; reason: UIWindowScene: 0x10613e350: Begin event deferring in keyboardFocus for window: 0x108208000
2026-08-12 13:47:58.190 Df IlliniCover[59812:37908e] [com.apple.BackBoard:EventDelivery] BKSHIDEventDeliveryManager - connection activation
2026-08-12 13:47:58.193 Df IlliniCover[59812:37908e] [com.apple.BackBoard:EventDelivery] policyStatus:<BKSHIDEventDeliveryPolicyObserver: 0x1080a5d40; token: com.apple.frontboard.systemappservices/FBSceneManager:sceneID%3Acom.illinicover.app-default; status: ancestor> was:target
2026-08-12 13:47:58.194 Df IlliniCover[59812:37903d] [com.apple.UIKit:Application] Deactivation reason removed: 10; deactivation reasons: 3104 -> 2080; animating application lifecycle event: 1
2026-08-12 13:47:58.197 Df IlliniCover[59812:37903d] [com.apple.UIKit:Application] Deactivation reason added: 12; deactivation reasons: 2080 -> 6176; animating application lifecycle event: 1
2026-08-12 13:47:58.197 Df IlliniCover[59812:37903d] [com.apple.UIKit:Application] Deactivation reason removed: 11; deactivation reasons: 6176 -> 4128; animating application lifecycle event: 1
2026-08-12 13:47:58.197 Df IlliniCover[59812:37903d] [com.apple.FrontBoard:SceneExtension] Realizing settings extension <_UISceneIntelligenceSupportSettings> on FBSSceneSettings
2026-08-12 13:47:58.199 Df IlliniCover[59812:379093] [com.apple.UIIntelligenceSupport:xpc] establishing connection to agent
2026-08-12 13:47:58.199 Df IlliniCover[59812:37903d] [com.apple.UIKit:InterfaceStyle] Not push traits update to screen for new style 2, <UIWindowScene: 0x10613e350> (2A74F32C-184A-4A2E-A7D6-EF6248A98572)
2026-08-12 13:47:58.200 Df IlliniCover[59812:379093] [com.apple.xpc:session] [0x108210e60] Session created.
2026-08-12 13:47:58.200 Df IlliniCover[59812:379093] [com.apple.xpc:session] [0x108210e60] Session created from connection [0x1083d88c0]
2026-08-12 13:47:58.200 Df IlliniCover[59812:379093] [com.apple.xpc:connection] [0x1083d88c0] activating connection: mach=true listener=false peer=false name=com.apple.uiintelligencesupport.agent
2026-08-12 13:47:58.200 Df IlliniCover[59812:379093] [com.apple.xpc:session] [0x108210e60] Session activated
2026-08-12 13:47:58.202 Df IlliniCover[59812:37903d] [com.apple.xpc:connection] [0x1083d92c0] activating connection: mach=true listener=false peer=false name=com.apple.IOSurface.Remote
2026-08-12 13:47:58.207 Df IlliniCover[59812:37903d] [com.apple.network:activity] Create activity from XPC object <nw_activity 50:1 [2BA96642-C9D2-4DC4-A0A0-ECD35ACDFBE6] (reporting strategy default)>
2026-08-12 13:47:58.207 Df IlliniCover[59812:37903d] [com.apple.network:activity] Create activity from XPC object <nw_activity 50:2 [0165DD74-0D8F-4C98-A438-B244E1274368] (reporting strategy default)>
2026-08-12 13:47:58.207 Df IlliniCover[59812:37903d] [com.apple.network:activity] Set activity <nw_activity 50:1 [2BA96642-C9D2-4DC4-A0A0-ECD35ACDFBE6] (reporting strategy default)> as the global parent
2026-08-12 13:47:58.207 Df IlliniCover[59812:37903d] [com.apple.UIKit:BackgroundTask] Ending background task with UIBackgroundTaskIdentifier: 1
2026-08-12 13:47:58.208 Df IlliniCover[59812:37903d] [com.apple.UIKit:BackgroundTask] Ending task with identifier 1 and description: <_UIBackgroundTaskInfo: 0x1080788c0>: taskID = 1, taskName = Launch Background Task for Coalescing, creationTime = 74497 (elapsed = 0), _expireHandler: (null)
2026-08-12 13:47:58.208 Df IlliniCover[59812:37903d] [com.apple.UIKit:BackgroundTask] Decrementing reference count for assertion <BKSProcessAssertion: 0x106138a60> (used by background task with identifier 1: <_UIBackgroundTaskInfo: 0x1080788c0>: taskID = 1, taskName = Launch Background Task for Coalescing, creationTime = 74497 (elapsed = 0))
2026-08-12 13:47:58.208 Df IlliniCover[59812:37903d] [com.apple.UIKit:EventDeferring] [0x1082b4d90] Scene target of event deferring environments did update: scene: 0x10613e350; current systemShellManagesKeyboardFocus: 1; systemShellManagesKeyboardFocusForScene: 1; eligibleForRecordRemoval: 1;
2026-08-12 13:47:58.208 Df IlliniCover[59812:37903d] [com.apple.UIKit:KeyWindow] Scene became target of keyboard event deferring environment: UIWindowScene: 0x10613e350; scene identity: com.apple.frontboard.systemappservices/FBSceneManager:sceneID%3Acom.illinicover.app-default
2026-08-12 13:47:58.208 Sd IlliniCover[59812:0] (21AB2359-DEEC-3444-94FE-B7257E43BE34) IOHIDManager State
{
    DispatchQueue = 0;
    RunLoop = 1;
    createOptions = 0;
    isOpen = 0;
    openOptions = 0;
}
2026-08-12 13:47:58.208 Df IlliniCover[59812:37903d] [com.apple.UIKit:EventBus] Event Timing Profile for Touch: not found, path="/System/Library/EventTimingProfiles/Sim.Touch.plist"
2026-08-12 13:47:58.208 Df IlliniCover[59812:37903d] [com.apple.UIKit:EventBus] Event Timing Profile for Pencil: not found, path="/System/Library/EventTimingProfiles/Sim.Pencil.plist"
2026-08-12 13:47:58.209 Df IlliniCover[59812:37903d] [com.apple.UIKit:AppLifecycle] sceneOfRecord: sceneID: sceneID:com.illinicover.app-default  persistentID: 2A74F32C-184A-4A2E-A7D6-EF6248A98572
2026-08-12 13:47:58.209 Df IlliniCover[59812:37903d] [com.apple.UIKit:InterfaceStyle] Not push traits update to screen for new style 2, <UIWindowScene: 0x10613e350> (2A74F32C-184A-4A2E-A7D6-EF6248A98572)
2026-08-12 13:47:58.209 Df IlliniCover[59812:37903d] [com.apple.UIKit:UpdateScheduler] Target list changed: <CADisplay:LCD PurpleMain>
2026-08-12 13:47:58.210 A  IlliniCover[59812:379094] (RunningBoardServices) didChangeInheritances
2026-08-12 13:47:58.210 Df IlliniCover[59812:37903d] [com.apple.UIKit:InterfaceStyle] Not push traits update to screen for new style 2, <UIWindowScene: 0x10613e350> (2A74F32C-184A-4A2E-A7D6-EF6248A98572)
2026-08-12 13:47:58.211 Df IlliniCover[59812:37903d] [com.apple.UIKit:AppLifecycle] sceneOfRecord: sceneID: sceneID:com.illinicover.app-default  persistentID: 2A74F32C-184A-4A2E-A7D6-EF6248A98572
2026-08-12 13:47:58.211 Df IlliniCover[59812:37903d] [com.apple.UIKit:Application] Deactivation reason removed: 12; deactivation reasons: 4128 -> 32; animating application lifecycle event: 1
2026-08-12 13:47:58.211 Df IlliniCover[59812:37903d] [com.apple.KeyboardArbiter:Client] Send setDeactivating: N (-DeactivationReason:SuspendedEventsOnly)
2026-08-12 13:47:58.211 Df IlliniCover[59812:37903d] [com.apple.UIKit:Application] Deactivation reason removed: 5; deactivation reasons: 32 -> 0; animating application lifecycle event: 0
2026-08-12 13:47:58.217 Df IlliniCover[59812:37903d] [com.apple.KeyboardArbiter:Client] startConnection
2026-08-12 13:47:58.217 Df IlliniCover[59812:37903d] [com.apple.KeyboardArbiter:Client] handleKeyboardChange: set currentKeyboard:N (wasKeyboard:N)
2026-08-12 13:47:58.218 A  IlliniCover[59812:379089] (RunningBoardServices) didChangeInheritances
2026-08-12 13:47:58.226 Df IlliniCover[59812:37903d] [com.apple.UIKit:KeyboardSceneDelegate] forceReloadInputViews
2026-08-12 13:47:58.226 Df IlliniCover[59812:37903d] [com.apple.UIKit:KeyboardSceneDelegate] Reloading input views for key-window scene responder: <(null): 0x0; > force:Y
2026-08-12 13:47:58.227 Df IlliniCover[59812:37903d] [com.apple.UIKit:KeyboardArbiterClientLog] isWritingToolsHandlingKeyboardTracking:Y (WT ready:Y, Arbiter ready:Y)
2026-08-12 13:47:58.228 Df IlliniCover[59812:37903d] [com.apple.UIKit:AppLifecycle] sceneOfRecord: sceneID: sceneID:com.illinicover.app-default  persistentID: 2A74F32C-184A-4A2E-A7D6-EF6248A98572
2026-08-12 13:47:58.271 Df IlliniCover[59812:37903d] [com.apple.network:activity] <nw_activity 50:1 [2BA96642-C9D2-4DC4-A0A0-ECD35ACDFBE6] (global parent) (reporting strategy default) complete (reason success)> complete with reason 2 (success), duration 1879ms
2026-08-12 13:47:58.271 Df IlliniCover[59812:37903d] [com.apple.network:activity] <nw_activity 50:2 [0165DD74-0D8F-4C98-A438-B244E1274368] (reporting strategy default) complete (reason success)> complete with reason 2 (success), duration 1879ms
2026-08-12 13:47:58.271 Df IlliniCover[59812:37903d] [com.apple.network:activity] Unsetting the global parent activity <nw_activity 50:1 [2BA96642-C9D2-4DC4-A0A0-ECD35ACDFBE6] (global parent) (reporting strategy default) complete (reason success)>
2026-08-12 13:47:58.271 Df IlliniCover[59812:37903d] [com.apple.network:activity] Unset the global parent activity
2026-08-12 13:47:58.271 Df IlliniCover[59812:37903d] [com.apple.app_launch_measurement:ApplicationLaunch] alm_release_pageins_recording_assertion: releasing pageins recording assertion
2026-08-12 13:47:58.323 A  IlliniCover[59812:37908e] (RunningBoardServices) didChangeInheritances
2026-08-12 13:47:58.562 Df IlliniCover[59812:37903d] [com.apple.Accessibility:AXCommon] Read Per-App on Init: Smart invert = (null)
2026-08-12 13:47:58.599 Df IlliniCover[59812:379089] [com.apple.UIKit:BackgroundTask] Ending background task with UIBackgroundTaskIdentifier: 2
2026-08-12 13:47:58.599 Df IlliniCover[59812:379089] [com.apple.UIKit:BackgroundTask] Ending task with identifier 2 and description: <_UIBackgroundTaskInfo: 0x1082b0c40>: taskID = 2, taskName = Persistent SceneSession Map Update, creationTime = 74497 (elapsed = 0), _expireHandler: <__NSGlobalBlock__: 0x1e78c84e8>
2026-08-12 13:47:58.599 Df IlliniCover[59812:379089] [com.apple.UIKit:BackgroundTask] Decrementing reference count for assertion <BKSProcessAssertion: 0x106138a60> (used by background task with identifier 2: <_UIBackgroundTaskInfo: 0x1082b0c40>: taskID = 2, taskName = Persistent SceneSession Map Update, creationTime = 74497 (elapsed = 0))
2026-08-12 13:47:58.600 Df IlliniCover[59812:379089] [com.apple.UIKit:BackgroundTask] Will invalidate assertion: <BKSProcessAssertion: 0x106138a60> for task identifier: 2
2026-08-12 13:47:59.146 A  IlliniCover[59812:37908e] (RunningBoardServices) didChangeInheritances
2026-08-12 13:48:00.098 Df IlliniCover[59812:37908e] [com.apple.xpc:connection] [0x1083d8280] activating connection: mach=true listener=false peer=false name=com.apple.fontservicesd
2026-08-12 13:48:00.188 Df IlliniCover[59812:37908e] [com.apple.FileURL:default] kExcludedFromBackupXattrName set on path: /Users/lu/Library/Developer/CoreSimulator/Devices/644F64CD-23BA-4D3C-915E-6B2069961477/data/Containers/Data/Application/07FA0DC6-304B-48A1-88BA-5EF2D339A1BA/Library/Application Support/com.illinicover.app/RCTAsyncLocalStorage_V1
2026-08-12 13:48:00.277 Df IlliniCover[59812:37909b] [com.apple.xpc:connection] [0x1083d9040] activating connection: mach=true listener=false peer=false name=com.apple.lsd.mapdb
2026-08-12 13:48:00.408 A  IlliniCover[59812:37908e] (Security) SecItemCopyMatching_ios
2026-08-12 13:48:00.408 Df IlliniCover[59812:37908e] [com.apple.securityd:secitemratelimit] Not internal release, disabling SIRL
2026-08-12 13:48:00.410 Df IlliniCover[59812:37908e] [com.apple.securityd:thread-local-client-debug] SecSecurityClientGet new thread!
2026-08-12 13:48:00.411 Df IlliniCover[59812:37908e] [com.apple.securityd:keychain] System Keychain Always Supported set via feature flag to disabled
2026-08-12 13:48:00.412 Df IlliniCover[59812:37908e] [com.apple.xpc:connection] [0x1083d9f40] activating connection: mach=true listener=false peer=false name=com.apple.securityd
2026-08-12 13:48:00.416 A  IlliniCover[59812:37908e] (Security) SecItemCopyMatching_ios
2026-08-12 13:48:00.417 A  IlliniCover[59812:37908e] (Security) SecItemCopyMatching_ios
2026-08-12 13:48:00.429 A  IlliniCover[59812:37903d] (UIKitCore) send control actions
2026-08-12 13:48:00.431 Df IlliniCover[59812:37903d] [PrototypeTools:domain] Not observing PTDefaults on customer install.
2026-08-12 13:48:00.502 Df IlliniCover[59812:37903d] [com.apple.UIKit:KeyboardSceneDelegate] Reloading input views for key-window scene responder: <UITextField: 0x108218000; frame = (0 0; 0 0); hidden = YES; opaque = NO; > force:N
2026-08-12 13:48:00.503 Df IlliniCover[59812:37903d] [com.apple.UIKit:KeyboardSceneDelegate] _reloadInputViewsForKeyWindowSceneResponder: 1 force: 0, fromBecomeFirstResponder: 1 (automaticKeyboard: 1, reloadIdentifier: 2882604E-3503-4375-9D36-F9C6D259F00A)
2026-08-12 13:48:00.503 Df IlliniCover[59812:37903d] [com.apple.UIKit:KeyboardSceneDelegate] _inputViewsForResponder: <UITextField: 0x108218000; frame = (0 0; 0 0); hidden = YES; opaque = NO; >, automaticKeyboard: 1, force: 0
2026-08-12 13:48:00.503 Df IlliniCover[59812:37903d] [com.apple.UIKit:KeyboardSceneDelegate] _inputViewsForResponder, found custom inputView: <(null): 0x0>, customInputViewController: <(null): 0x0>
2026-08-12 13:48:00.503 Df IlliniCover[59812:37903d] [com.apple.UIKit:KeyboardSceneDelegate] _inputViewsForResponder, found inputAccessoryView: <(null): 0x0>
2026-08-12 13:48:00.503 Df IlliniCover[59812:37903d] [com.apple.UIKit:KeyboardSceneDelegate] _inputViewsForResponder, responderRequiresKeyboard 1 (automaticKeyboardEnabled: 1, activeInstance: <(null): 0x0>, self.isOnScreen: 0, requiresKBWhenFirstResponder: 1)
2026-08-12 13:48:00.503 Df IlliniCover[59812:37903d] [com.apple.UIKit:KeyboardSceneDelegate] _inputViewsForResponder, useKeyboard 1 (allowsSystemInputView: 1, !inputView <(null): 0x0>, responderRequiresKeyboard 1)
2026-08-12 13:48:00.520 A  IlliniCover[59812:37903d] (libsystem_containermanager.dylib) container_system_group_path_for_identifier
2026-08-12 13:48:00.520 Df IlliniCover[59812:37903d] [com.apple.containermanager:xpc] Requesting container lookup; class = 13, identifier = (null), group_identifier = systemgroup.com.apple.configurationprofiles, create = 1, temp = 0, euid = 501, uid = 501
2026-08-12 13:48:00.520 A  IlliniCover[59812:37903d] (libsystem_containermanager.dylib) container_query_t
2026-08-12 13:48:00.520 Df IlliniCover[59812:37903d] [com.apple.containermanager:xpc] Query; euid = 501, uid = 501, class = 13, identifier = [(null)](0), flags = 900000003
2026-08-12 13:48:00.522 Df IlliniCover[59812:37903d] [com.apple.containermanager:unspecified] _container_query_get_result_at_index: success
2026-08-12 13:48:00.522 A  IlliniCover[59812:37903d] (libsystem_containermanager.dylib) container_copy_object
2026-08-12 13:48:00.522 Df IlliniCover[59812:37903d] [com.apple.containermanager:unspecified] container_system_group_path_for_identifier: success
2026-08-12 13:48:00.522 Df IlliniCover[59812:37903d] [com.apple.ManagedConfiguration:MC] Got system group container path from MCM for systemgroup.com.apple.configurationprofiles: /Users/lu/Library/Developer/CoreSimulator/Devices/644F64CD-23BA-4D3C-915E-6B2069961477/data/Containers/Shared/SystemGroup/systemgroup.com.apple.configurationprofiles
2026-08-12 13:48:00.674 Df IlliniCover[59812:37903d] [com.apple.UIKit:KeyboardSceneDelegate] _inputViewsForResponder, found assistantVC: <UISystemInputAssistantViewController: 0x108218f00; frame = {{0, 0}, {0, 0}}> (should suppress: 0, _dontNeed: 0)
2026-08-12 13:48:00.674 Df IlliniCover[59812:37903d] [com.apple.UIKit:KeyboardSceneDelegate] _inputViewsForResponder, configuring _responderWithoutAutomaticAppearanceEnabled: <(null): 0x0> (_automaticAppearEnabled: 1)
2026-08-12 13:48:00.692 Df IlliniCover[59812:37903d] [com.apple.xpc:connection] [0x1081e12c0] activating connection: mach=true listener=false peer=false name=com.apple.TextInput
2026-08-12 13:48:00.729 A  IlliniCover[59812:37903d] (CoreFoundation) Updating Key-Value Observers Of Preferences
2026-08-12 13:48:00.730 Df IlliniCover[59812:37903d] [com.apple.UIKit:UIKBFeedbackGenerator] <_UIKBFeedbackGenerator: 0x10824e400>: Updating mode. Haptics: unsupported. Haptics: disabled. Ringer: on. Sound: enabled. Mode: audio only
2026-08-12 13:48:00.732 Df IlliniCover[59812:37903d] [com.apple.UIKit:KeyboardSceneDelegate] _inputViewsForResponder, useKeyboard ivs: <UIInputViewSet: 0x10824e4c0>
2026-08-12 13:48:00.733 Df IlliniCover[59812:37903d] [com.apple.UIKit:KeyboardSceneDelegate] _inputViewsForResponder returning: <<UIInputViewSet: 0x10824e4c0>; view = <_UIKBCompatInputView: 0x113cf8e00; frame = (0 0; 0 0); >; assistant = <TUISystemInputAssistantView: 0x1083cc300; frame = (0 0; 0 0); hidden = YES; >; usesKeyClicks = NO;  >
2026-08-12 13:48:00.750 Df IlliniCover[59812:37903d] [com.apple.UIKit:TrackingElementWindowController] Change from input view set: (null)
2026-08-12 13:48:00.751 Df IlliniCover[59812:37903d] [com.apple.UIKit:TrackingElementWindowController] Change to input view set: (null)
2026-08-12 13:48:00.752 Df IlliniCover[59812:37903d] [com.apple.UIKit:KeyboardLayoutGuide] _moveGuideOffscreenAtEdge: 4
2026-08-12 13:48:00.752 Df IlliniCover[59812:37903d] [com.apple.UIKit:KeyboardLayoutGuide] changeOffsetConstants: offset is changing to {0, 0} [previous offset: {-1, -1}]
2026-08-12 13:48:00.752 Df IlliniCover[59812:37903d] [com.apple.UIKit:KeyboardLayoutGuide] changeSizingConstants: size is changing [not transitioning] to {390, 0} [previous size: {1, 0}]
2026-08-12 13:48:00.757 Df IlliniCover[59812:37903d] [com.apple.BackBoard:Keyboard] Activating connection to server: (null)
2026-08-12 13:48:00.758 Df IlliniCover[59812:37903d] [com.apple.BackBoard:Keyboard] server remote target <BSXPCServiceConnectionProxy<BKSKeyboardServiceClientToServerIPC>: 0x10824bb10>
2026-08-12 13:48:00.758 Df IlliniCover[59812:37903d] [com.apple.BackBoard:Keyboard] currently observing: YES
2026-08-12 13:48:00.758 Df IlliniCover[59812:37903d] [com.apple.BackBoard:Keyboard] currently observing: NO
2026-08-12 13:48:00.758 Df IlliniCover[59812:37903d] [com.apple.UIKit:InputSessionChange] -_teardownExistingDelegate:(nil) forSetDelegate:<UITextField: 0x108218000> force:NO delayEndInputSession:YES
2026-08-12 13:48:00.758 Df IlliniCover[59812:37903d] [com.apple.UIKit:InputSessionChange] endInputSession completion is disabled
2026-08-12 13:48:00.759 Df IlliniCover[59812:37903d] [com.apple.UIKit:KeyboardSceneDelegate] [Interface Orientation] was:Interface Unknown now:UIInterfaceOrientationPortrait reason:Using key window scene
2026-08-12 13:48:00.762 Df IlliniCover[59812:37903d] [com.apple.UIKit:SmartReply] Handling responseContextDidChange - existing: (null), new: (null)
2026-08-12 13:48:00.834 Df IlliniCover[59812:37903d] [com.apple.TextInputUI:DynamicKeyplaneView] <TUIKeyplaneView: 0x10820b800> changed keyplane size to {390, 216}; docked
2026-08-12 13:48:00.835 Df IlliniCover[59812:37903d] [com.apple.TextInputUI:DynamicKeyplaneView] Setting dynamic keyplane: Dynamic-QWERTY-British-Small_Capital-Letters
2026-08-12 13:48:00.843 Df IlliniCover[59812:379094] [com.apple.calls.callkit:Default] Call host has no calls
2026-08-12 13:48:00.871 Df IlliniCover[59812:37908e] [com.apple.TextInputUI:CandidateGeneration] -[TUIKeyboardCandidateMultiplexer installGeneratorForSource:]_block_invoke: Multiplexer is installing generator for source: 1
2026-08-12 13:48:00.871 Df IlliniCover[59812:37908e] [com.apple.TextInputUI:CandidateGeneration] -[TUIKeyboardCandidateMultiplexer installGeneratorForSource:]_block_invoke: Multiplexer is installing generator for source: 3
2026-08-12 13:48:00.871 Df IlliniCover[59812:37903d] [com.apple.UIKit:KeyboardUI] Creating a new RTI client
2026-08-12 13:48:00.872 Df IlliniCover[59812:37903d] [com.apple.BoardServices:XPCErrors] [C:3] Alloc com.apple.inputservice.input-ui-host
2026-08-12 13:48:00.872 Df IlliniCover[59812:37903d] [com.apple.xpc:connection] [0x113e661c0] activating connection: mach=false listener=false peer=false name=(anonymous)
2026-08-12 13:48:00.873 Df IlliniCover[59812:37903d] [com.apple.UIKit:KeyboardUI] creating new AutofillUI connection
2026-08-12 13:48:00.874 Df IlliniCover[59812:37903d] [com.apple.xpc:connection] [0x113e66300] activating connection: mach=true listener=false peer=false name=com.apple.rti-screencontinuity
2026-08-12 13:48:00.874 Df IlliniCover[59812:37903d] [com.apple.xpc:connection] [0x113e66300] failed to do a bootstrap look-up: xpc_error=[3: No such process]
2026-08-12 13:48:00.874 Df IlliniCover[59812:37903d] [com.apple.xpc:connection] [0x113e66300] invalidated after a failed init
2026-08-12 13:48:00.874 Df IlliniCover[59812:37903d] [com.apple.RemoteTextInput:InputSessionChange] -[RTIInputSystemClient beginAllowingRemoteTextInput:]  Begin allowing remote text input: 8B478998-8848-4E3D-BBA8-891965C192C0
2026-08-12 13:48:00.874 Df IlliniCover[59812:37908e] [com.apple.RemoteTextInput:InputSessionChange] -[RTIInputSystemClient _configureConnection:withMachName:]_block_invoke_2  Client connection to service was invalidated: <NSXPCConnection: 0x113e48d20> connection to service named com.apple.rti-screencontinuity
2026-08-12 13:48:00.874 Df IlliniCover[59812:37903d] [com.apple.RemoteTextInput:InputSessionChange] -[RTIInputSystemClient _modifyTextEditingAllowedForReason:notify:animated:modifyAllowancesBlock:completion:]  Text editing allowed did change (editingAllowedAfter = YES)
2026-08-12 13:48:00.884 Df IlliniCover[59812:37903d] [com.apple.xpc:connection] [0x113e66580] activating connection: mach=true listener=false peer=false name=com.apple.pasteboard.pasted
2026-08-12 13:48:00.904 Df IlliniCover[59812:37903d] [com.apple.RemoteTextInput:InputSessionChange] -[RTIInputSystemClient _beginSessionWithID:forServices:force:]  Begin text input session. sessionID = 8B478998-8848-4E3D-BBA8-891965C192C0, options = <RTISessionOptions: 0x113e47e60; shouldResign = NO; animated = YES; offscreenDirection = 0; enhancedWindowingModeEnabled = NO
2026-08-12 13:48:00.937 Df IlliniCover[59812:37903d] [com.apple.UIKit:KeyboardSceneDelegate] Reloading input views for key-window scene responder: <(null): 0x0; > force:N
2026-08-12 13:48:00.937 Df IlliniCover[59812:37903d] [com.apple.UIKit:KeyboardSceneDelegate] _reloadInputViewsForKeyWindowSceneResponder: 0 force: 0, fromBecomeFirstResponder: 0 (automaticKeyboard: 0, reloadIdentifier: A21CBBCC-7CD6-440D-8BD5-DDA92C1F96E9)
2026-08-12 13:48:00.937 Df IlliniCover[59812:37903d] [com.apple.UIKit:KeyboardSceneDelegate] _inputViewsForResponder: <(null): 0x0; >, automaticKeyboard: 0, force: 0
2026-08-12 13:48:00.937 Df IlliniCover[59812:37903d] [com.apple.UIKit:KeyboardSceneDelegate] _inputViewsForResponder, found custom inputView: <(null): 0x0>, customInputViewController: <(null): 0x0>
2026-08-12 13:48:00.937 Df IlliniCover[59812:37903d] [com.apple.UIKit:KeyboardSceneDelegate] _inputViewsForResponder, found inputAccessoryView: <(null): 0x0>
2026-08-12 13:48:00.937 Df IlliniCover[59812:37903d] [com.apple.UIKit:KeyboardSceneDelegate] _inputViewsForResponder, responderRequiresKeyboard 0 (automaticKeyboardEnabled: 0, activeInstance: <UIKeyboardAutomatic: 0x113d78500; frame = {{0, 0}, {0, 0}}; alpha = 1.000000; isHidden = 0; tAMIC = 0>, self.isOnScreen: 0, requiresKBWhenFirstResponder: 0)
2026-08-12 13:48:00.937 Df IlliniCover[59812:37903d] [com.apple.UIKit:KeyboardSceneDelegate] _inputViewsForResponder, useKeyboard 0 (allowsSystemInputView: 1, !inputView <(null): 0x0>, responderRequiresKeyboard 0)
2026-08-12 13:48:00.937 Df IlliniCover[59812:37903d] [com.apple.UIKit:KeyboardSceneDelegate] _inputViewsForResponder, configuring _responderWithoutAutomaticAppearanceEnabled: <(null): 0x0> (_automaticAppearEnabled: 1)
2026-08-12 13:48:00.937 Df IlliniCover[59812:37903d] [com.apple.UIKit:KeyboardSceneDelegate] _inputViewsForResponder, needsIVPlaceholder: 0, needsIAVPlaceholder: 0, needsInputSetWithPlaceholder: 0
2026-08-12 13:48:00.938 Df IlliniCover[59812:37903d] [com.apple.UIKit:KeyboardSceneDelegate] _inputViewsForResponder returning: <<UIInputViewSet: 0x113eb8180>; (empty)>
2026-08-12 13:48:00.938 Df IlliniCover[59812:37903d] [com.apple.BackBoard:Keyboard] currently observing: YES
2026-08-12 13:48:00.938 Df IlliniCover[59812:37903d] [com.apple.BackBoard:Keyboard] currently observing: NO
2026-08-12 13:48:00.938 Df IlliniCover[59812:37903d] [com.apple.UIKit:InputSessionChange] -_teardownExistingDelegate:<UITextField: 0x108218000> forSetDelegate:(nil) force:NO delayEndInputSession:NO
2026-08-12 13:48:00.944 Df IlliniCover[59812:37903d] [com.apple.RemoteTextInput:InputSessionChange] -[RTIInputSystemClient endRemoteTextInputSessionWithID:options:completion:]  Ending text input session. sessionID = 8B478998-8848-4E3D-BBA8-891965C192C0, options = <RTISessionOptions: 0x113e98f40; shouldResign = YES; animated = YES; offscreenDirection = 0; enhancedWindowingModeEnabled = NO
2026-08-12 13:48:00.944 Df IlliniCover[59812:37903d] [com.apple.RemoteTextInput:InputSessionChange] -[RTIInputSystemClient _endSessionWithID:forServices:options:completion:]  End input session: 8B478998-8848-4E3D-BBA8-891965C192C0
2026-08-12 13:48:00.945 Df IlliniCover[59812:37903d] [com.apple.RemoteTextInput:InputSessionChange] -[RTIInputSystemClient endAllowingRemoteTextInput:completion:]  End allowing remote text input: 8B478998-8848-4E3D-BBA8-891965C192C0
2026-08-12 13:48:00.945 Df IlliniCover[59812:37903d] [com.apple.RemoteTextInput:InputSessionChange] -[RTIInputSystemClient _modifyTextEditingAllowedForReason:notify:animated:modifyAllowancesBlock:completion:]  Text editing allowed did change (editingAllowedAfter = NO)
2026-08-12 13:48:00.946 Df IlliniCover[59812:37903d] [com.apple.UIKit:SmartReply] Handling responseContextDidChange - existing: (null), new: (null)
2026-08-12 13:48:00.946 Df IlliniCover[59812:379094] [com.apple.network:path] nw_path_evaluator_start [22B42655-B1FE-4772-882F-F06C206A7417 <NULL> generic, multipath service: handover, attribution: developer]
	path: satisfied (Path is satisfied), interface: en0[802.11], uses wifi, LQM: unknown
2026-08-12 13:48:00.946 Df IlliniCover[59812:379094] [com.apple.xpc:connection] [0x113ed8000] activating connection: mach=true listener=false peer=false name=com.apple.SystemConfiguration.NetworkInformation_sim
2026-08-12 13:48:00.947 Df IlliniCover[59812:379094] [com.apple.network:path] nw_path_evaluator_cancel [22B42655-B1FE-4772-882F-F06C206A7417] cancel
2026-08-12 13:48:00.948 Df IlliniCover[59812:37903d] [com.apple.UIKit:UIPeripheralHost] endPlacementForInputViewSet: <<UIInputViewSet: 0x10824e4c0>; keyboard = <UIKeyboardAutomatic: 0x113d78500; frame = (0 0; 0 0); opaque = NO; layer = <CALayer: 0x113cd1860>>%; assistant = <TUISystemInputAssistantView: 0x1083cc300; frame = (0 0; 0 0); hidden = YES; >; usesKeyClicks = NO;  > windowScene: <UIWindowScene: 0x10613e350; role: UIWindowSceneSessionRoleApplication; persistentIdentifier: 2A74F32C-184A-4A2E-A7D6-EF6248A98572; activationState: UISceneActivationStateForegroundActive>
2026-08-12 13:48:00.948 Df IlliniCover[59812:37903d] [com.apple.UIKit:UIPeripheralHost] endPlacementForInputViewSet, returning -> <UIInputViewSetPlacementOnScreen>
2026-08-12 13:48:00.949 Df IlliniCover[59812:37903d] [com.apple.UIKit:KeyboardArbiterClientLog] -[_UIRemoteKeyboards prepareToMoveKeyboard:withIAV:isIAVRelevant:showing:notifyRemote:forScene:] position: {{0, 0}, {390, 325}} visible: 1; notifyRemote: 1; isMinimized: NO
2026-08-12 13:48:00.949 Df IlliniCover[59812:37903d] [com.apple.UIKit:InterfaceStyle] Should send trait collection or coordinate space update, interface style 2 -> 2, <_UIKeyboardWindowScene: 0x113ea4500> (1A93704A-CD22-4C0F-A32E-9464832A68FD)
2026-08-12 13:48:00.950 Df IlliniCover[59812:37903d] [com.apple.UIKit:InterfaceStyle] Should send trait collection or coordinate space update, interface style 2 -> 2, <_UIKeyboardWindowScene: 0x113ea4500> (1A93704A-CD22-4C0F-A32E-9464832A68FD)
2026-08-12 13:48:00.950 Df IlliniCover[59812:37903d] [com.apple.UIKit:HomeAffordanceObservation] Initializing: <_UIHomeAffordanceSceneNotifierProxy: 0x1080a56e0>; with scene: <_UIKeyboardWindowScene: 0x113ea4500>
2026-08-12 13:48:00.951 Df IlliniCover[59812:37903d] [com.apple.UIKit:InputWindowController] Change from input view set: (null)
2026-08-12 13:48:00.951 Df IlliniCover[59812:37903d] [com.apple.UIKit:InputWindowController] Change to input view set: (null)
2026-08-12 13:48:00.952 Df IlliniCover[59812:37903d] [com.apple.FrontBoard:SceneExtension] Realizing settings extension <_UIApplicationSceneDisplaySettings> on FBSSceneSettings
2026-08-12 13:48:00.953 Df IlliniCover[59812:37903d] [com.apple.UIKit:InputWindowController] Change from input view set: (null)
2026-08-12 13:48:00.953 Df IlliniCover[59812:37903d] [com.apple.UIKit:InputWindowController] Change to input view set: <<UIInputViewSet: 0x113eb83c0>; (empty)>
2026-08-12 13:48:01.032 Df IlliniCover[59812:379090] [com.apple.network:path] nw_path_evaluator_start [C644B960-C019-4366-87EB-7AD830715452 <NULL> generic, multipath service: handover, attribution: developer]
	path: satisfied (Path is satisfied), interface: en0[802.11], uses wifi, LQM: unknown
2026-08-12 13:48:01.035 Df IlliniCover[59812:37903d] [com.apple.UIKit:InputWindowController] updatePlacementWithPlacement: <UITrackingElementPlacementInitialPosition>
2026-08-12 13:48:01.041 Df IlliniCover[59812:37903d] [com.apple.runningboard:connection] Creating side-channel connection to com.apple.runningboard
2026-08-12 13:48:01.041 Df IlliniCover[59812:37903d] [com.apple.xpc:connection] [0x113f04c80] activating connection: mach=true listener=false peer=false name=com.apple.runningboard
2026-08-12 13:48:01.042 Df IlliniCover[59812:37903d] [com.apple.runningboard:process] Hit the server for a process handle b52c4fc0000e9a4 that resolved to: [app<com.illinicover.app((null))>:59812]
2026-08-12 13:48:01.042 Df IlliniCover[59812:37903d] [com.apple.KeyboardArbiter:Client] prepareToMoveKeyboard: set currentKeyboard:Y
2026-08-12 13:48:01.042 Df IlliniCover[59812:37903d] [com.apple.KeyboardArbiter:Client] TX signalKeyboardChanged
2026-08-12 13:48:01.042 Df IlliniCover[59812:37903d] [com.apple.UIKit:KeyboardArbiterClientLog] -[_UIRemoteKeyboards signalToProxyKeyboardChanged:onCompletion:]  Signaling keyboard changed <<<_UIKeyboardChangedInformation: 0x113e58900>; appId (null) bundleId (null) animation fence <BKSAnimationFenceHandle:0x108283480 -> <CAFenceHandle:0x10828f3a0 name=2 fence=756000000c9 usable=YES>>; position {{0, 519}, {390, 325}}; animated YES; on screen YES; tracking NO; resizing NO; local NO, dock state: Unknown, hasValidNotif: NO>; source canvas com.apple.frontboard.systemappservices/FBSceneManager:sceneID%3Acom.illinicover.app-default; source display Main; source bundle com.illinicover.app; host bundle (null); animation fence <BKSAnimationFenceHandle:0x108283480 -> <CAFenceHandle:0x10828f3a0 name=2 fence=756000000c9 usable=YES>>; position {{0, 519}, {390, 325}} (with IAV same); floating 0; on screen YES;  intersectable YES; snapshot YES>
2026-08-12 13:48:01.043 Df IlliniCover[59812:37903d] [com.apple.KeyboardArbiter:Client] TX setWindowContextID:3688326781 windowState:Enabled level:0.0
    focusContext:<contextID:4085518768 sceneID:com.illinicover.app-default>
2026-08-12 13:48:01.043 Df IlliniCover[59812:37903d] [com.apple.UIKit:UIKeyboardExtended] Requesting scene for autofill UI
2026-08-12 13:48:01.043 Df IlliniCover[59812:37903d] [com.apple.UIKit:KeyboardVisualMode] Show keyboard with visual mode windowed (0)
2026-08-12 13:48:01.043 Df IlliniCover[59812:37903d] [com.apple.UIKit:InputWindowController] Setting input views: <<UIInputViewSet: 0x113eb8540>; keyboard = [uninitialized]; assistant = <TUISystemInputAssistantView: 0x1083cc300; frame = (0 0; 0 0); hidden = YES; >; usesKeyClicks = NO;  >
2026-08-12 13:48:01.044 Df IlliniCover[59812:37903d] [com.apple.UIKit:UIPeripheralHost] endPlacementForInputViewSet: <<UIInputViewSet: 0x113eb8540>; keyboard = <UIKeyboardAutomatic: 0x113d78500; frame = (0 0; 0 0); opaque = NO; layer = <CALayer: 0x113cd1860>>%; assistant = <TUISystemInputAssistantView: 0x1083cc300; frame = (0 0; 0 0); hidden = YES; >; usesKeyClicks = NO;  > windowScene: <_UIKeyboardWindowScene: 0x113ea4500; role: _UIScreenBasedSceneSession; persistentIdentifier: 1A93704A-CD22-4C0F-A32E-9464832A68FD; activationState: UISceneActivationStateForegroundActive>
2026-08-12 13:48:01.044 Df IlliniCover[59812:37903d] [com.apple.UIKit:UIPeripheralHost] endPlacementForInputViewSet, returning -> <UIInputViewSetPlacementOnScreen>
2026-08-12 13:48:01.044 Df IlliniCover[59812:37903d] [com.apple.UIKit:InputWindowController] Moving from placement: <UITrackingElementPlacementInitialPosition> to placement: <UIInputViewSetPlacementOnScreen> (currentPlacement: <UITrackingElementPlacementInitialPosition>)
2026-08-12 13:48:01.044 Df IlliniCover[59812:37903d] [com.apple.UIKit:InputWindowController] Change from input view set: <<UIInputViewSet: 0x113eb83c0>; (empty)>
2026-08-12 13:48:01.044 Df IlliniCover[59812:37903d] [com.apple.UIKit:InputWindowController] Change to input view set: <<UIInputViewSet: 0x113eb8540>; keyboard = <UIKeyboardAutomatic: 0x113d78500; frame = (0 0; 0 0); opaque = NO; layer = <CALayer: 0x113cd1860>>%; assistant = <TUISystemInputAssistantView: 0x1083cc300; frame = (0 0; 0 0); hidden = YES; >; usesKeyClicks = NO;  >
2026-08-12 13:48:01.050 Df IlliniCover[59812:37903d] [com.apple.TextInputUI:DynamicKeyplaneView] Setting dynamic keyplane: Dynamic-QWERTY-British-Small_Small-Letters-Small-Display
2026-08-12 13:48:01.091 A  IlliniCover[59812:379094] (RunningBoardServices) didChangeInheritances
2026-08-12 13:48:01.100 Df IlliniCover[59812:37903d] [com.apple.UIKit:UIPeripheralHost] endPlacementForInputViewSet: <<UIInputViewSet: 0x113eb8540>; keyboard = <UIKeyboardAutomatic: 0x113d78500; frame = (0 0; 0 0); opaque = NO; layer = <CALayer: 0x113cd1860>>%; assistant = <TUISystemInputAssistantView: 0x1083cc300; frame = (0 0; 0 0); hidden = YES; >; usesKeyClicks = NO;  > windowScene: <_UIKeyboardWindowScene: 0x113ea4500; role: _UIScreenBasedSceneSession; persistentIdentifier: 1A93704A-CD22-4C0F-A32E-9464832A68FD; activationState: UISceneActivationStateForegroundActive>
2026-08-12 13:48:01.100 Df IlliniCover[59812:37903d] [com.apple.UIKit:UIPeripheralHost] endPlacementForInputViewSet, returning -> <UIInputViewSetPlacementOnScreen>
2026-08-12 13:48:01.100 Df IlliniCover[59812:37903d] [com.apple.UIKit:UIPeripheralHost] endPlacementForInputViewSet: <<UIInputViewSet: 0x113eb8540>; keyboard = <UIKeyboardAutomatic: 0x113d78500; frame = (0 0; 0 0); opaque = NO; layer = <CALayer: 0x113cd1860>>%; assistant = <TUISystemInputAssistantView: 0x1083cc300; frame = (0 0; 0 0); hidden = YES; >; usesKeyClicks = NO;  > windowScene: <_UIKeyboardWindowScene: 0x113ea4500; role: _UIScreenBasedSceneSession; persistentIdentifier: 1A93704A-CD22-4C0F-A32E-9464832A68FD; activationState: UISceneActivationStateForegroundActive>
2026-08-12 13:48:01.101 Df IlliniCover[59812:37903d] [com.apple.UIKit:UIPeripheralHost] endPlacementForInputViewSet, returning -> <UIInputViewSetPlacementOnScreen>
2026-08-12 13:48:01.101 Df IlliniCover[59812:37903d] [com.apple.UIKit:UIPeripheralHost] endPlacementForInputViewSet: <<UIInputViewSet: 0x113eb8540>; keyboard = <UIKeyboardAutomatic: 0x113d78500; frame = (0 0; 0 0); opaque = NO; layer = <CALayer: 0x113cd1860>>%; assistant = <TUISystemInputAssistantView: 0x1083cc300; frame = (0 0; 0 0); hidden = YES; >; usesKeyClicks = NO;  > windowScene: <_UIKeyboardWindowScene: 0x113ea4500; role: _UIScreenBasedSceneSession; persistentIdentifier: 1A93704A-CD22-4C0F-A32E-9464832A68FD; activationState: UISceneActivationStateForegroundActive>
2026-08-12 13:48:01.101 Df IlliniCover[59812:37903d] [com.apple.UIKit:UIPeripheralHost] endPlacementForInputViewSet, returning -> <UIInputViewSetPlacementOnScreen>
2026-08-12 13:48:01.102 Df IlliniCover[59812:37903d] [com.apple.UIKit:UIPeripheralHost] endPlacementForInputViewSet: <<UIInputViewSet: 0x113eb8540>; keyboard = <UIKeyboardAutomatic: 0x113d78500; frame = (0 0; 0 0); opaque = NO; layer = <CALayer: 0x113cd1860>>%; assistant = <TUISystemInputAssistantView: 0x1083cc300; frame = (0 0; 0 0); hidden = YES; >; usesKeyClicks = NO;  > windowScene: <_UIKeyboardWindowScene: 0x113ea4500; role: _UIScreenBasedSceneSession; persistentIdentifier: 1A93704A-CD22-4C0F-A32E-9464832A68FD; activationState: UISceneActivationStateForegroundActive>
2026-08-12 13:48:01.102 Df IlliniCover[59812:37903d] [com.apple.UIKit:UIPeripheralHost] endPlacementForInputViewSet, returning -> <UIInputViewSetPlacementOnScreen>
2026-08-12 13:48:01.103 Df IlliniCover[59812:37903d] [com.apple.UIKit:UIPeripheralHost] endPlacementForInputViewSet: <<UIInputViewSet: 0x113eb8540>; keyboard = <UIKeyboardAutomatic: 0x113d78500; frame = (0 0; 0 0); opaque = NO; layer = <CALayer: 0x113cd1860>>%; assistant = <TUISystemInputAssistantView: 0x1083cc300; frame = (0 0; 0 0); hidden = YES; >; usesKeyClicks = NO;  > windowScene: <_UIKeyboardWindowScene: 0x113ea4500; role: _UIScreenBasedSceneSession; persistentIdentifier: 1A93704A-CD22-4C0F-A32E-9464832A68FD; activationState: UISceneActivationStateForegroundActive>
2026-08-12 13:48:01.104 Df IlliniCover[59812:37903d] [com.apple.UIKit:UIPeripheralHost] endPlacementForInputViewSet, returning -> <UIInputViewSetPlacementOnScreen>
2026-08-12 13:48:01.104 Df IlliniCover[59812:37903d] [com.apple.UIKit:UIPeripheralHost] endPlacementForInputViewSet: <<UIInputViewSet: 0x113eb8540>; keyboard = <UIKeyboardAutomatic: 0x113d78500; frame = (0 0; 0 0); opaque = NO; layer = <CALayer: 0x113cd1860>>%; assistant = <TUISystemInputAssistantView: 0x1083cc300; frame = (0 0; 0 0); hidden = YES; >; usesKeyClicks = NO;  > windowScene: <_UIKeyboardWindowScene: 0x113ea4500; role: _UIScreenBasedSceneSession; persistentIdentifier: 1A93704A-CD22-4C0F-A32E-9464832A68FD; activationState: UISceneActivationStateForegroundActive>
2026-08-12 13:48:01.104 Df IlliniCover[59812:37903d] [com.apple.UIKit:UIPeripheralHost] endPlacementForInputViewSet, returning -> <UIInputViewSetPlacementOnScreen>
2026-08-12 13:48:01.104 Df IlliniCover[59812:37903d] [com.apple.UIKit:UIPeripheralHost] endPlacementForInputViewSet: <<UIInputViewSet: 0x113eb8540>; keyboard = <UIKeyboardAutomatic: 0x113d78500; frame = (0 0; 0 0); opaque = NO; layer = <CALayer: 0x113cd1860>>%; assistant = <TUISystemInputAssistantView: 0x1083cc300; frame = (0 0; 0 0); hidden = YES; >; usesKeyClicks = NO;  > windowScene: <_UIKeyboardWindowScene: 0x113ea4500; role: _UIScreenBasedSceneSession; persistentIdentifier: 1A93704A-CD22-4C0F-A32E-9464832A68FD; activationState: UISceneActivationStateForegroundActive>
2026-08-12 13:48:01.104 Df IlliniCover[59812:37903d] [com.apple.UIKit:UIPeripheralHost] endPlacementForInputViewSet, returning -> <UIInputViewSetPlacementOnScreen>
2026-08-12 13:48:01.105 Df IlliniCover[59812:37903d] [com.apple.UIKit:UIPeripheralHost] endPlacementForInputViewSet: <<UIInputViewSet: 0x113eb8540>; keyboard = <UIKeyboardAutomatic: 0x113d78500; frame = (0 0; 0 0); opaque = NO; layer = <CALayer: 0x113cd1860>>%; assistant = <TUISystemInputAssistantView: 0x1083cc300; frame = (0 0; 0 0); hidden = YES; >; usesKeyClicks = NO;  > windowScene: <_UIKeyboardWindowScene: 0x113ea4500; role: _UIScreenBasedSceneSession; persistentIdentifier: 1A93704A-CD22-4C0F-A32E-9464832A68FD; activationState: UISceneActivationStateForegroundActive>
2026-08-12 13:48:01.105 Df IlliniCover[59812:37903d] [com.apple.UIKit:UIPeripheralHost] endPlacementForInputViewSet, returning -> <UIInputViewSetPlacementOnScreen>
2026-08-12 13:48:01.126 Df IlliniCover[59812:37903d] [com.apple.UIKit:InputWindowController] moveFromPlacement, updated placements from: <UITrackingElementPlacementInitialPosition>, to: <UIInputViewSetPlacementOnScreen>
2026-08-12 13:48:01.127 Df IlliniCover[59812:37903d] [com.apple.UIKit:InputWindowController] updatePlacementWithPlacement: <UIInputViewSetPlacementOnScreen>
2026-08-12 13:48:01.127 Df IlliniCover[59812:37903d] [com.apple.UIKit:UIPeripheralHost] endPlacementForInputViewSet: <<UIInputViewSet: 0x113eb8540>; keyboard = <UIKeyboardAutomatic: 0x113d78500; frame = (0 0; 390 233); opaque = NO; layer = <CALayer: 0x113cd1860>>%; assistant = <TUISystemInputAssistantView: 0x1083cc300; frame = (0 0; 390 0); hidden = YES; >; usesKeyClicks = NO;  > windowScene: <_UIKeyboardWindowScene: 0x113ea4500; role: _UIScreenBasedSceneSession; persistentIdentifier: 1A93704A-CD22-4C0F-A32E-9464832A68FD; activationState: UISceneActivationStateForegroundActive>
2026-08-12 13:48:01.127 Df IlliniCover[59812:37903d] [com.apple.UIKit:UIPeripheralHost] endPlacementForInputViewSet, returning -> <UIInputViewSetPlacementOnScreen>
2026-08-12 13:48:01.128 Df IlliniCover[59812:37903d] [com.apple.UIKit:UIPeripheralHost] endPlacementForInputViewSet: <<UIInputViewSet: 0x113eb8540>; keyboard = <UIKeyboardAutomatic: 0x113d78500; frame = (0 0; 390 233); opaque = NO; layer = <CALayer: 0x113cd1860>>%; assistant = <TUISystemInputAssistantView: 0x1083cc300; frame = (0 0; 390 0); hidden = YES; >; usesKeyClicks = NO;  > windowScene: <_UIKeyboardWindowScene: 0x113ea4500; role: _UIScreenBasedSceneSession; persistentIdentifier: 1A93704A-CD22-4C0F-A32E-9464832A68FD; activationState: UISceneActivationStateForegroundActive>
2026-08-12 13:48:01.128 Df IlliniCover[59812:37903d] [com.apple.UIKit:UIPeripheralHost] endPlacementForInputViewSet, returning -> <UIInputViewSetPlacementOnScreen>
2026-08-12 13:48:01.128 Df IlliniCover[59812:37903d] [com.apple.UIKit:UIPeripheralHost] endPlacementForInputViewSet: <<UIInputViewSet: 0x113eb8540>; keyboard = <UIKeyboardAutomatic: 0x113d78500; frame = (0 0; 390 233); opaque = NO; layer = <CALayer: 0x113cd1860>>%; assistant = <TUISystemInputAssistantView: 0x1083cc300; frame = (0 0; 390 0); hidden = YES; >; usesKeyClicks = NO;  > windowScene: <_UIKeyboardWindowScene: 0x113ea4500; role: _UIScreenBasedSceneSession; persistentIdentifier: 1A93704A-CD22-4C0F-A32E-9464832A68FD; activationState: UISceneActivationStateForegroundActive>
2026-08-12 13:48:01.128 Df IlliniCover[59812:37903d] [com.apple.UIKit:UIPeripheralHost] endPlacementForInputViewSet, returning -> <UIInputViewSetPlacementOnScreen>
2026-08-12 13:48:01.128 Df IlliniCover[59812:37903d] [com.apple.UIKit:UIPeripheralHost] endPlacementForInputViewSet: <<UIInputViewSet: 0x113eb8540>; keyboard = <UIKeyboardAutomatic: 0x113d78500; frame = (0 0; 390 233); opaque = NO; layer = <CALayer: 0x113cd1860>>%; assistant = <TUISystemInputAssistantView: 0x1083cc300; frame = (0 0; 390 0); hidden = YES; >; usesKeyClicks = NO;  > windowScene: <_UIKeyboardWindowScene: 0x113ea4500; role: _UIScreenBasedSceneSession; persistentIdentifier: 1A93704A-CD22-4C0F-A32E-9464832A68FD; activationState: UISceneActivationStateForegroundActive>
2026-08-12 13:48:01.128 Df IlliniCover[59812:37903d] [com.apple.UIKit:UIPeripheralHost] endPlacementForInputViewSet, returning -> <UIInputViewSetPlacementOnScreen>
2026-08-12 13:48:01.129 Df IlliniCover[59812:37903d] [com.apple.UIKit:KeyboardArbiterClientLog] -[_UIRemoteKeyboards prepareToMoveKeyboard:withIAV:isIAVRelevant:showing:notifyRemote:forScene:] position: {{0, 0}, {390, 308}} visible: 1; notifyRemote: 0; isMinimized: NO
2026-08-12 13:48:01.129 Df IlliniCover[59812:37903d] [com.apple.KeyboardArbiter:Client] prepareToMoveKeyboard: set currentKeyboard:Y
2026-08-12 13:48:01.129 Df IlliniCover[59812:37903d] [com.apple.KeyboardArbiter:Client] TX signalKeyboardChanged
2026-08-12 13:48:01.129 Df IlliniCover[59812:37903d] [com.apple.UIKit:KeyboardArbiterClientLog] -[_UIRemoteKeyboards signalToProxyKeyboardChanged:onCompletion:]  Signaling keyboard changed <<<_UIKeyboardChangedInformation: 0x113e58780>; appId (null) bundleId (null) animation fence <BKSAnimationFenceHandle:0x120024280 -> <CAFenceHandle:0x10828df80 name=4 fence=756000000c9 usable=YES>>; position {{0, 536}, {390, 308}}; animated YES; on screen YES; tracking NO; resizing NO; local NO, dock state: Unknown, hasValidNotif: NO>; source canvas com.apple.frontboard.systemappservices/FBSceneManager:sceneID%3Acom.illinicover.app-default; source display Main; source bundle com.illinicover.app; host bundle (null); animation fence <BKSAnimationFenceHandle:0x120024280 -> <CAFenceHandle:0x10828df80 name=4 fence=756000000c9 usable=YES>>; position {{0, 536}, {390, 308}} (with IAV same); floating 0; on screen YES;  intersectable YES; snapshot YES>
2026-08-12 13:48:01.131 Df IlliniCover[59812:37903d] [com.apple.UIKit:InputWindowController] Tracking provider: moveFromPlacement: <UITrackingElementPlacementInitialPosition> toPlacement: <UIInputViewSetPlacementOnScreen> update to: {{0, 536}, {390, 308}}
2026-08-12 13:48:01.131 Df IlliniCover[59812:37903d] [com.apple.UIKit:KeyboardSceneDelegate] KeyboardTrackingCoordinator: Creating tracking provider for <_UIKeyboardWindowScene: 0x113ea4500; role: _UIScreenBasedSceneSession; persistentIdentifier: 1A93704A-CD22-4C0F-A32E-9464832A68FD; activationState: UISceneActivationStateForegroundActive>
2026-08-12 13:48:01.131 Df IlliniCover[59812:37903d] [com.apple.UIKit:KeyboardSceneDelegate] KeyboardTrackingCoordinator: Creating tracking coordinator for <UIWindowScene: 0x10613e350; role: UIWindowSceneSessionRoleApplication; persistentIdentifier: 2A74F32C-184A-4A2E-A7D6-EF6248A98572; activationState: UISceneActivationStateForegroundActive>
2026-08-12 13:48:01.131 Df IlliniCover[59812:37903d] [com.apple.TextInputUI:KeyboardTrackingCoordinator] Updating tracking clients for start <TUIKeyboardTrackingCoordinator:0x113e3e300 state=<TUIKeyboardState: 0x113f335a0 State: onscreen with input view; is docked>; frame={{0, 536}, {390, 308}}; animation=<TUIKeyboardAnimationInfo: 0x1200284c0, duration: 0.38, from local keyboard, is not rotating, should animate, type: 0, notificationInfo: {
    UIKeyboardAnimationCurveUserInfoKey = 7;
    UIKeyboardAnimationDurationUserInfoKey = "0.3833";
    UIKeyboardBoundsUserInfoKey = "NSRect: {{0, 0}, {390, 308}}";
    UIKeyboardCenterBeginUserInfoKey = "NSPoint: {195, 844}";
    UIKeyboardCenterEndUserInfoKey = "NSPoint: {195, 690}";
    UIKeyboardFrameBeginUserInfoKey = "NSRect: {{0, 844}, {390, 0}}";
    UIKeyboardFrameEndUserInfoKey = "NSRect: {{0, 536}, {390, 308}}";
    UIKeyboardIsLocalUserInfoKey = 1;
}notificationsDebug: >>
2026-08-12 13:48:01.132 Df IlliniCover[59812:37903d] [com.apple.UIKit:KeyboardLayoutGuide] changeSizingConstants: size is changing [not transitioning] to {390, 308} [previous size: {390, 0}]
2026-08-12 13:48:01.132 Df IlliniCover[59812:37903d] [com.apple.UIKit:TrackingElementWindowController] Setting tracking element input views: <<UIInputViewSet: 0x113eb8600>; keyboard = [uninitialized]; usesKeyClicks = NO;  >
2026-08-12 13:48:01.132 Df IlliniCover[59812:37903d] [com.apple.UIKit:UIPeripheralHost] endPlacementForInputViewSet: <<UIInputViewSet: 0x113eb8600>; keyboard = <UIKeyboardAutomatic: 0x113d78500; frame = (0 0; 390 233); opaque = NO; layer = <CALayer: 0x113cd1860>>%; usesKeyClicks = NO;  > windowScene: <UIWindowScene: 0x10613e350; role: UIWindowSceneSessionRoleApplication; persistentIdentifier: 2A74F32C-184A-4A2E-A7D6-EF6248A98572; activationState: UISceneActivationStateForegroundActive>
2026-08-12 13:48:01.133 Df IlliniCover[59812:37903d] [com.apple.UIKit:UIPeripheralHost] endPlacementForInputViewSet, returning -> <UIInputViewSetPlacementOnScreen>
2026-08-12 13:48:01.133 Df IlliniCover[59812:37903d] [com.apple.UIKit:TrackingElementWindowController] Moving from placement: <UITrackingElementPlacementInitialPosition> to placement: <UIInputViewSetPlacementOnScreen> (currentPlacement: <UITrackingElementPlacementInitialPosition>)
2026-08-12 13:48:01.133 Df IlliniCover[59812:37903d] [com.apple.UIKit:TrackingElementWindowController] Change from input view set: (null)
2026-08-12 13:48:01.133 Df IlliniCover[59812:37903d] [com.apple.UIKit:TrackingElementWindowController] Change to input view set: <<UIInputViewSet: 0x113eb8600>; keyboard = <UIKeyboardAutomatic: 0x113d78500; frame = (0 0; 390 233); opaque = NO; layer = <CALayer: 0x113cd1860>>%; usesKeyClicks = NO;  >
2026-08-12 13:48:01.133 Df IlliniCover[59812:37903d] [com.apple.UIKit:KeyboardArbiterClientLog] -[_UIRemoteKeyboardPlaceholderView refreshPlaceholder]  refreshPlaceholder: size={390, 308} [previous size={390, 0}]
2026-08-12 13:48:01.133 Df IlliniCover[59812:37903d] [com.apple.UIKit:UIPeripheralHost] endPlacementForInputViewSet: <<UIInputViewSet: 0x113eb8600>; keyboard = <UIKeyboardAutomatic: 0x113d78500; frame = (0 0; 390 233); opaque = NO; layer = <CALayer: 0x113cd1860>>%; usesKeyClicks = NO;  > windowScene: <UIWindowScene: 0x10613e350; role: UIWindowSceneSessionRoleApplication; persistentIdentifier: 2A74F32C-184A-4A2E-A7D6-EF6248A98572; activationState: UISceneActivationStateForegroundActive>
2026-08-12 13:48:01.133 Df IlliniCover[59812:37903d] [com.apple.UIKit:UIPeripheralHost] endPlacementForInputViewSet, returning -> <UIInputViewSetPlacementOnScreen>
2026-08-12 13:48:01.137 Df IlliniCover[59812:37903d] [com.apple.UIKit:TrackingElementWindowController] updatePlacementWithPlacement: <UIInputViewSetPlacementOnScreen>
2026-08-12 13:48:01.138 Df IlliniCover[59812:37903d] [com.apple.TextInputUI:KeyboardTrackingCoordinator] Posted notification willShow with {
    UIKeyboardAnimationCurveUserInfoKey = 7;
    UIKeyboardAnimationDurationUserInfoKey = "0.3833";
    UIKeyboardBoundsUserInfoKey = "NSRect: {{0, 0}, {390, 308}}";
    UIKeyboardCenterBeginUserInfoKey = "NSPoint: {195, 844}";
    UIKeyboardCenterEndUserInfoKey = "NSPoint: {195, 690}";
    UIKeyboardFrameBeginUserInfoKey = "NSRect: {{0, 844}, {390, 0}}";
    UIKeyboardFrameEndUserInfoKey = "NSRect: {{0, 536}, {390, 308}}";
    UIKeyboardIsLocalUserInfoKey = 1;
} (null)
2026-08-12 13:48:01.138 Df IlliniCover[59812:37903d] [com.apple.UIKit:UIPeripheralHost] endPlacementForInputViewSet: <<UIInputViewSet: 0x113eb8180>; (empty)> windowScene: <UIWindowScene: 0x10613e350; role: UIWindowSceneSessionRoleApplication; persistentIdentifier: 2A74F32C-184A-4A2E-A7D6-EF6248A98572; activationState: UISceneActivationStateForegroundActive>
2026-08-12 13:48:01.138 Df IlliniCover[59812:37903d] [com.apple.UIKit:KeyboardArbiterClientLog] -[_UIRemoteKeyboards prepareToMoveKeyboard:withIAV:isIAVRelevant:showing:notifyRemote:forScene:] position: {{0, 0}, {0, 0}} visible: 0; notifyRemote: 1; isMinimized: NO
2026-08-12 13:48:01.138 Df IlliniCover[59812:37903d] [com.apple.KeyboardArbiter:Client] prepareToMoveKeyboard: set currentKeyboard:N
2026-08-12 13:48:01.138 Df IlliniCover[59812:37903d] [com.apple.KeyboardArbiter:Client] TX signalKeyboardChanged
2026-08-12 13:48:01.138 Df IlliniCover[59812:37903d] [com.apple.UIKit:KeyboardArbiterClientLog] -[_UIRemoteKeyboards signalToProxyKeyboardChanged:onCompletion:]  Signaling keyboard changed <<<_UIKeyboardChangedInformation: 0x113e58900>; appId (null) bundleId (null) animation fence <BKSAnimationFenceHandle:0x1200244a0 -> <CAFenceHandle:0x10828cc40 name=5 fence=756000000c9 usable=YES>>; position {{0, 0}, {0, 0}}; animated YES; on screen NO; tracking NO; resizing NO; local NO, dock state: Unknown, hasValidNotif: NO>; source canvas com.apple.frontboard.systemappservices/FBSceneManager:sceneID%3Acom.illinicover.app-default; source display Main; source bundle com.illinicover.app; host bundle (null); animation fence <BKSAnimationFenceHandle:0x1200244a0 -> <CAFenceHandle:0x10828cc40 name=5 fence=756000000c9 usable=YES>>; position {{0, 0}, {0, 0}} (with IAV same); floating 0; on screen NO;  intersectable YES; snapshot YES>
2026-08-12 13:48:01.138 Df IlliniCover[59812:37903d] [com.apple.UIKit:KeyboardVisualMode] Show keyboard with visual mode windowed (0)
2026-08-12 13:48:01.138 Df IlliniCover[59812:37903d] [com.apple.UIKit:InputWindowController] Setting input views: <<UIInputViewSet: 0x113eb8f00>; (empty)>
2026-08-12 13:48:01.139 Df IlliniCover[59812:37903d] [com.apple.UIKit:UIPeripheralHost] endPlacementForInputViewSet: <<UIInputViewSet: 0x113eb8540>; keyboard = <UIKeyboardAutomatic: 0x113d78500; frame = (0 0; 390 233); opaque = NO; layer = <CALayer: 0x113cd1860>>%; assistant = <TUISystemInputAssistantView: 0x1083cc300; frame = (0 0; 390 0); hidden = YES; >; usesKeyClicks = NO;  > windowScene: <_UIKeyboardWindowScene: 0x113ea4500; role: _UIScreenBasedSceneSession; persistentIdentifier: 1A93704A-CD22-4C0F-A32E-9464832A68FD; activationState: UISceneActivationStateForegroundActive>
2026-08-12 13:48:01.139 Df IlliniCover[59812:37903d] [com.apple.UIKit:UIPeripheralHost] endPlacementForInputViewSet, returning -> <UIInputViewSetPlacementOnScreen>
2026-08-12 13:48:01.139 Df IlliniCover[59812:37903d] [com.apple.UIKit:UIPeripheralHost] endPlacementForInputViewSet: <<UIInputViewSet: 0x113eb8540>; keyboard = <UIKeyboardAutomatic: 0x113d78500; frame = (0 0; 390 233); opaque = NO; layer = <CALayer: 0x113cd1860>>%; assistant = <TUISystemInputAssistantView: 0x1083cc300; frame = (0 0; 390 0); hidden = YES; >; usesKeyClicks = NO;  > windowScene: <_UIKeyboardWindowScene: 0x113ea4500; role: _UIScreenBasedSceneSession; persistentIdentifier: 1A93704A-CD22-4C0F-A32E-9464832A68FD; activationState: UISceneActivationStateForegroundActive>
2026-08-12 13:48:01.139 Df IlliniCover[59812:37903d] [com.apple.UIKit:UIPeripheralHost] endPlacementForInputViewSet, returning -> <UIInputViewSetPlacementOnScreen>
2026-08-12 13:48:01.139 Df IlliniCover[59812:37903d] [com.apple.UIKit:UIPeripheralHost] endPlacementForInputViewSet: <<UIInputViewSet: 0x113eb8540>; keyboard = <UIKeyboardAutomatic: 0x113d78500; frame = (0 0; 390 233); opaque = NO; layer = <CALayer: 0x113cd1860>>%; assistant = <TUISystemInputAssistantView: 0x1083cc300; frame = (0 0; 390 0); hidden = YES; >; usesKeyClicks = NO;  > windowScene: <_UIKeyboardWindowScene: 0x113ea4500; role: _UIScreenBasedSceneSession; persistentIdentifier: 1A93704A-CD22-4C0F-A32E-9464832A68FD; activationState: UISceneActivationStateForegroundActive>
2026-08-12 13:48:01.139 Df IlliniCover[59812:37903d] [com.apple.UIKit:UIPeripheralHost] endPlacementForInputViewSet, returning -> <UIInputViewSetPlacementOnScreen>
2026-08-12 13:48:01.140 Df IlliniCover[59812:37903d] [com.apple.UIKit:UIPeripheralHost] endPlacementForInputViewSet: <<UIInputViewSet: 0x113eb8540>; keyboard = <UIKeyboardAutomatic: 0x113d78500; frame = (0 0; 390 233); opaque = NO; layer = <CALayer: 0x113cd1860>>%; assistant = <TUISystemInputAssistantView: 0x1083cc300; frame = (0 0; 390 0); hidden = YES; >; usesKeyClicks = NO;  > windowScene: <_UIKeyboardWindowScene: 0x113ea4500; role: _UIScreenBasedSceneSession; persistentIdentifier: 1A93704A-CD22-4C0F-A32E-9464832A68FD; activationState: UISceneActivationStateForegroundActive>
2026-08-12 13:48:01.140 Df IlliniCover[59812:37903d] [com.apple.UIKit:UIPeripheralHost] endPlacementForInputViewSet, returning -> <UIInputViewSetPlacementOnScreen>
2026-08-12 13:48:01.140 Df IlliniCover[59812:37903d] [com.apple.UIKit:UIPeripheralHost] endPlacementForInputViewSet: <<UIInputViewSet: 0x113eb8f00>; (empty)> windowScene: <_UIKeyboardWindowScene: 0x113ea4500; role: _UIScreenBasedSceneSession; persistentIdentifier: 1A93704A-CD22-4C0F-A32E-9464832A68FD; activationState: UISceneActivationStateForegroundActive>
2026-08-12 13:48:01.140 Df IlliniCover[59812:37903d] [com.apple.UIKit:InputWindowController] Moving from placement: <UIInputViewSetPlacementOnScreen> to placement: <UIInputViewSetPlacementOffScreenDown> (currentPlacement: <UIInputViewSetPlacementOnScreen>)
2026-08-12 13:48:01.140 Df IlliniCover[59812:37903d] [com.apple.UIKit:InputWindowController] Merging transitions: <UIInputViewPlacementTransition: 0x113eb4b40> into <UIInputViewPlacementTransition: 0x120044500>
2026-08-12 13:48:01.141 Df IlliniCover[59812:37903d] [com.apple.UIKit:InputWindowController] Change from input view set: <<UIInputViewSet: 0x113eb8540>; keyboard = <UIKeyboardAutomatic: 0x113d78500; frame = (0 0; 390 233); opaque = NO; layer = <CALayer: 0x113cd1860>>%; assistant = <TUISystemInputAssistantView: 0x1083cc300; frame = (0 0; 390 0); hidden = YES; >; usesKeyClicks = NO;  >
2026-08-12 13:48:01.141 Df IlliniCover[59812:37903d] [com.apple.UIKit:InputWindowController] Change to input view set: <<UIInputViewSet: 0x113eb8f00>; (empty)>
2026-08-12 13:48:01.146 Df IlliniCover[59812:37903d] [com.apple.UIKit:InputWindowController] Tracking provider: viewDidLayoutSubviews update to {{0, 844}, {390, 0}}
2026-08-12 13:48:01.146 Df IlliniCover[59812:37903d] [com.apple.TextInputUI:KeyboardTrackingCoordinator] Updating tracking clients for start <TUIKeyboardTrackingCoordinator:0x113e3e300 state=<TUIKeyboardState: 0x113f31820 State: onscreen with input view; is docked>; frame={{0, 844}, {390, 0}}; animation=<TUIKeyboardAnimationInfo: 0x120079cc0, duration: 0.38, from local keyboard, is not rotating, should not animate, type: 0, notificationInfo: {
    UIKeyboardAnimationCurveUserInfoKey = 7;
    UIKeyboardAnimationDurationUserInfoKey = 0;
    UIKeyboardBoundsUserInfoKey = "NSRect: {{0, 0}, {390, 0}}";
    UIKeyboardCenterBeginUserInfoKey = "NSPoint: {195, 690}";
    UIKeyboardCenterEndUserInfoKey = "NSPoint: {195, 844}";
    UIKeyboardFrameBeginUserInfoKey = "NSRect: {{0, 536}, {390, 308}}";
    UIKeyboardFrameEndUserInfoKey = "NSRect: {{0, 844}, {390, 0}}";
    UIKeyboardIsLocalUserInfoKey = 1;
}notificationsDebug: >>
2026-08-12 13:48:01.146 Df IlliniCover[59812:37903d] [com.apple.UIKit:KeyboardLayoutGuide] changeSizingConstants: size is changing [not transitioning] to {390, 0} [previous size: {390, 308}]
2026-08-12 13:48:01.146 Df IlliniCover[59812:37903d] [com.apple.UIKit:InputWindowController] moveFromPlacement, updated placements from: <UITrackingElementPlacementInitialPosition>, to: <UIInputViewSetPlacementOffScreenDown>
2026-08-12 13:48:01.146 Df IlliniCover[59812:37903d] [com.apple.UIKit:InputWindowController] chainPlacementsIfNecessaryFrom, from: <UITrackingElementPlacementInitialPosition>, to: <UIInputViewSetPlacementOffScreenDown> transition: <UIInputViewPlacementTransition: 0x120044500>
2026-08-12 13:48:01.146 Df IlliniCover[59812:37903d] [com.apple.UIKit:InputWindowController] updatePlacementWithPlacement: <UIInputViewSetPlacementOffScreenDown>
2026-08-12 13:48:01.146 Df IlliniCover[59812:37903d] [com.apple.UIKit:InputWindowController] Tracking provider: moveFromPlacement: <UITrackingElementPlacementInitialPosition> toPlacement: <UIInputViewSetPlacementOffScreenDown> update to: {{0, 844}, {390, 0}}
2026-08-12 13:48:01.146 Df IlliniCover[59812:37903d] [com.apple.TextInputUI:KeyboardTrackingCoordinator] Updating tracking clients for start <TUIKeyboardTrackingCoordinator:0x113e3e300 state=<TUIKeyboardState: 0x113f316c0 State: offscreen; is docked>; frame={{0, 844}, {390, 0}}; animation=<TUIKeyboardAnimationInfo: 0x120079d40, duration: 0.38, from local keyboard, is not rotating, should not animate, type: 0, notificationInfo: {
    UIKeyboardAnimationCurveUserInfoKey = 7;
    UIKeyboardAnimationDurationUserInfoKey = "0.3833";
    UIKeyboardBoundsUserInfoKey = "NSRect: {{0, 0}, {390, 0}}";
    UIKeyboardCenterBeginUserInfoKey = "NSPoint: {195, 690}";
    UIKeyboardCenterEndUserInfoKey = "NSPoint: {195, 844}";
    UIKeyboardFrameBeginUserInfoKey = "NSRect: {{0, 536}, {390, 308}}";
    UIKeyboardFrameEndUserInfoKey = "NSRect: {{0, 844}, {390, 0}}";
    UIKeyboardIsLocalUserInfoKey = 1;
}notificationsDebug: >>
2026-08-12 13:48:01.147 Df IlliniCover[59812:37903d] [com.apple.UIKit:Dictation] -[UIDictationController setIgnoreFinalizePhrases:] Setting ignoreFinalizePhrases flag 1
2026-08-12 13:48:01.147 Df IlliniCover[59812:37903d] [com.apple.TextInputUI:KeyboardTrackingCoordinator] Posted notification didHide with {
    UIKeyboardAnimationCurveUserInfoKey = 7;
    UIKeyboardAnimationDurationUserInfoKey = "0.3833";
    UIKeyboardBoundsUserInfoKey = "NSRect: {{0, 0}, {390, 0}}";
    UIKeyboardCenterBeginUserInfoKey = "NSPoint: {195, 690}";
    UIKeyboardCenterEndUserInfoKey = "NSPoint: {195, 844}";
    UIKeyboardFrameBeginUserInfoKey = "NSRect: {{0, 536}, {390, 308}}";
    UIKeyboardFrameEndUserInfoKey = "NSRect: {{0, 844}, {390, 0}}";
    UIKeyboardIsLocalUserInfoKey = 1;
} (null)
2026-08-12 13:48:01.147 Df IlliniCover[59812:37903d] [com.apple.UIKit:TrackingElementWindowController] Setting tracking element input views: <<UIInputViewSet: 0x113eb8fc0>; (empty)>
2026-08-12 13:48:01.147 Df IlliniCover[59812:37903d] [com.apple.UIKit:KeyboardArbiterClientLog] -[_UIRemoteKeyboardPlaceholderView refreshPlaceholder]  refreshPlaceholder: size={390, 0} [previous size={390, 308}]
2026-08-12 13:48:01.147 Df IlliniCover[59812:37903d] [com.apple.UIKit:TrackingElementWindowController] Placeholder height changed from 308.0 to 0.0
2026-08-12 13:48:01.147 Df IlliniCover[59812:37903d] [com.apple.UIKit:UIPeripheralHost] endPlacementForInputViewSet: <<UIInputViewSet: 0x113eb8fc0>; (empty)> windowScene: <UIWindowScene: 0x10613e350; role: UIWindowSceneSessionRoleApplication; persistentIdentifier: 2A74F32C-184A-4A2E-A7D6-EF6248A98572; activationState: UISceneActivationStateForegroundActive>
2026-08-12 13:48:01.147 Df IlliniCover[59812:37903d] [com.apple.UIKit:TrackingElementWindowController] Moving from placement: <UIInputViewSetPlacementOnScreen> to placement: <UIInputViewSetPlacementOffScreenDown> (currentPlacement: <UIInputViewSetPlacementOnScreen>)
2026-08-12 13:48:01.147 Df IlliniCover[59812:37903d] [com.apple.UIKit:TrackingElementWindowController] Merging transitions: <UITrackingElementPlacementTransition: 0x10828df80> into <UITrackingElementPlacementTransition: 0x10828cc40>
2026-08-12 13:48:01.148 Df IlliniCover[59812:37903d] [com.apple.TextInputUI:KeyboardTrackingCoordinator] Posted notification didShow with {
    UIKeyboardAnimationCurveUserInfoKey = 7;
    UIKeyboardAnimationDurationUserInfoKey = "0.3833";
    UIKeyboardBoundsUserInfoKey = "NSRect: {{0, 0}, {390, 0}}";
    UIKeyboardCenterBeginUserInfoKey = "NSPoint: {195, 690}";
    UIKeyboardCenterEndUserInfoKey = "NSPoint: {195, 844}";
    UIKeyboardFrameBeginUserInfoKey = "NSRect: {{0, 536}, {390, 308}}";
    UIKeyboardFrameEndUserInfoKey = "NSRect: {{0, 844}, {390, 0}}";
    UIKeyboardIsLocalUserInfoKey = 1;
} (null)
2026-08-12 13:48:01.148 Df IlliniCover[59812:37903d] [com.apple.UIKit:TrackingElementWindowController] updatePlacementWithPlacement: <UIInputViewSetPlacementOffScreenDown>
2026-08-12 13:48:01.148 Df IlliniCover[59812:37903d] [com.apple.UIKit:TrackingElementWindowController] Tracking provider: moveFromPlacement: <UITrackingElementPlacementInitialPosition> toPlacement: <UIInputViewSetPlacementOffScreenDown> update to {{0, 844}, {390, 0}}
2026-08-12 13:48:01.149 Df IlliniCover[59812:37903d] [com.apple.TextInputUI:KeyboardTrackingCoordinator] Updating tracking clients for start <TUIKeyboardTrackingCoordinator:0x113e3e300 state=<TUIKeyboardState: 0x113f33960 State: offscreen; is docked>; frame={{0, 844}, {390, 0}}; animation=<TUIKeyboardAnimationInfo: 0x12007a880, duration: 0.00, from local keyboard, is not rotating, should not animate, type: 0, notificationInfo: {
    UIKeyboardAnimationCurveUserInfoKey = 7;
    UIKeyboardAnimationDurationUserInfoKey = 0;
    UIKeyboardBoundsUserInfoKey = "NSRect: {{0, 0}, {390, 0}}";
    UIKeyboardCenterBeginUserInfoKey = "NSPoint: {195, 998}";
    UIKeyboardCenterEndUserInfoKey = "NSPoint: {195, 844}";
    UIKeyboardFrameBeginUserInfoKey = "NSRect: {{0, 844}, {390, 308}}";
    UIKeyboardFrameEndUserInfoKey = "NSRect: {{0, 844}, {390, 0}}";
    UIKeyboardIsLocalUserInfoKey = 1;
}notificationsDebug: >>
2026-08-12 13:48:01.149 Df IlliniCover[59812:37903d] [com.apple.TextInputUI:KeyboardTrackingCoordinator] Posted notification willHide with {
    UIKeyboardAnimationCurveUserInfoKey = 7;
    UIKeyboardAnimationDurationUserInfoKey = 0;
    UIKeyboardBoundsUserInfoKey = "NSRect: {{0, 0}, {390, 0}}";
    UIKeyboardCenterBeginUserInfoKey = "NSPoint: {195, 998}";
    UIKeyboardCenterEndUserInfoKey = "NSPoint: {195, 844}";
    UIKeyboardFrameBeginUserInfoKey = "NSRect: {{0, 844}, {390, 308}}";
    UIKeyboardFrameEndUserInfoKey = "NSRect: {{0, 844}, {390, 0}}";
    UIKeyboardIsLocalUserInfoKey = 1;
} (null)
2026-08-12 13:48:01.149 Df IlliniCover[59812:37903d] [com.apple.KeyboardArbiter:Client] TX setWindowContextID:3688326781 windowState:Disabled level:0.0
    focusContext:<contextID:4085518768 sceneID:com.illinicover.app-default>
2026-08-12 13:48:01.150 Df IlliniCover[59812:37903d] [com.apple.UIKit:TrackingElementWindowController] Change from input view set: <<UIInputViewSet: 0x113eb8600>; keyboard = <UIKeyboardAutomatic: 0x113d78500; frame = (0 0; 390 233); opaque = NO; layer = <CALayer: 0x113cd1860>>%; usesKeyClicks = NO;  >
2026-08-12 13:48:01.150 Df IlliniCover[59812:37903d] [com.apple.UIKit:TrackingElementWindowController] Change to input view set: <<UIInputViewSet: 0x113eb8fc0>; (empty)>
2026-08-12 13:48:01.152 Df IlliniCover[59812:37903d] [com.apple.UIKit:UIPeripheralHost] endPlacementForInputViewSet: <<UIInputViewSet: 0x113eb8fc0>; (empty)> windowScene: <UIWindowScene: 0x10613e350; role: UIWindowSceneSessionRoleApplication; persistentIdentifier: 2A74F32C-184A-4A2E-A7D6-EF6248A98572; activationState: UISceneActivationStateForegroundActive>
2026-08-12 13:48:01.152 Df IlliniCover[59812:37903d] [com.apple.UIKit:Dictation] -[UIDictationController setIgnoreFinalizePhrases:] Setting ignoreFinalizePhrases flag 1
2026-08-12 13:48:01.152 Df IlliniCover[59812:37903d] [com.apple.TextInputUI:KeyboardTrackingCoordinator] Posted notification didHide with {
    UIKeyboardAnimationCurveUserInfoKey = 7;
    UIKeyboardAnimationDurationUserInfoKey = 0;
    UIKeyboardBoundsUserInfoKey = "NSRect: {{0, 0}, {390, 0}}";
    UIKeyboardCenterBeginUserInfoKey = "NSPoint: {195, 998}";
    UIKeyboardCenterEndUserInfoKey = "NSPoint: {195, 844}";
    UIKeyboardFrameBeginUserInfoKey = "NSRect: {{0, 844}, {390, 308}}";
    UIKeyboardFrameEndUserInfoKey = "NSRect: {{0, 844}, {390, 0}}";
    UIKeyboardIsLocalUserInfoKey = 1;
} (null)
2026-08-12 13:48:01.152 Df IlliniCover[59812:37903d] [com.apple.RemoteTextInput:RTILog] -[RTIInputSystemClient remoteTextInputSessionWithID:textSuggestionsChanged:]  Text input session suggestions changed. sessionID = (null)
2026-08-12 13:48:01.155 A  IlliniCover[59812:37903d] (UIKitCore) send control actions
2026-08-12 13:48:01.212 Df IlliniCover[59812:37903d] [com.apple.xpc:connection] [0x1200552c0] activating connection: mach=true listener=false peer=false name=com.apple.metal.simulator
2026-08-12 13:48:01.213 Df IlliniCover[59812:37903d] [com.apple.xpc:connection] [0x1200561c0] activating connection: mach=true listener=false peer=false name=com.apple.metal.simulator
2026-08-12 13:48:01.213 Df IlliniCover[59812:37903d] [com.apple.xpc:connection] [0x120056300] activating connection: mach=true listener=false peer=false name=com.apple.metal.simulator
2026-08-12 13:48:01.215 Df IlliniCover[59812:37903d] [com.apple.UIKit:KeyboardLayoutGuide] _moveGuideOffscreenAtEdge: 4
2026-08-12 13:48:01.215 Df IlliniCover[59812:37903d] [com.apple.UIKit:KeyboardLayoutGuide] changeOffsetConstants: offset is changing to {0, 0} [previous offset: {-1, -1}]
2026-08-12 13:48:01.220 Df IlliniCover[59812:37903d] [com.apple.UIKit:KeyboardLayoutGuide] changeSizingConstants: size is changing [not transitioning] to {390, 0} [previous size: {1, 0}]
2026-08-12 13:48:01.239 Df IlliniCover[59812:37903d] [com.apple.KeyboardArbiter:Client] RX keyboardArbiterClientHandle:Y
2026-08-12 13:48:01.249 Df IlliniCover[59812:37903d] [com.apple.KeyboardArbiter:Client] RX keyboardArbiterClientHandle:Y
2026-08-12 13:48:01.250 Df IlliniCover[59812:37903d] [com.apple.xpc:connection] [0x1081e12c0] invalidated because the current process cancelled the connection by calling xpc_connection_cancel()
2026-08-12 13:48:01.285 A  IlliniCover[59812:379089] (RunningBoardServices) didChangeInheritances
2026-08-12 13:48:01.339 E  IlliniCover[59812:37903d] [com.apple.UIKit:UIFocus] RCTScrollViewComponentView implements focusItemsInRect: - caching for linear focus movement is limited as long as this view is on screen.
2026-08-12 13:48:01.601 A  IlliniCover[59812:37903d] (CoreFoundation) Updating Key-Value Observers Of Preferences
2026-08-12 13:48:02.284 E  IlliniCover[59812:37903d] (libCoreFSCache.dylib) fopen failed for data file: errno = 2 (No such file or directory)
2026-08-12 13:48:02.284 Df IlliniCover[59812:37903d] (libCoreFSCache.dylib) Invalidating cache
2026-08-12 13:48:02.285 Df IlliniCover[59812:37903d] [com.apple.xpc:connection] [0x113d992c0] activating connection: mach=false listener=false peer=false name=com.apple.MTLCompilerService
2026-08-12 13:48:02.444 Df IlliniCover[59812:37903d] [com.apple.xpc:connection] [0x113d98140] activating connection: mach=false listener=false peer=false name=com.apple.MTLCompilerService
2026-08-12 13:48:02.444 A  IlliniCover[59812:37908e] (Metal) Metal Compiling Shader
2026-08-12 13:48:04.290 A  IlliniCover[59812:37908e] (Metal) Metal Compiling Shader
2026-08-12 13:48:04.301 E  IlliniCover[59812:37903d] (libCoreFSCache.dylib) fopen failed for data file: errno = 2 (No such file or directory)
2026-08-12 13:48:04.301 Df IlliniCover[59812:37903d] (libCoreFSCache.dylib) Invalidating cache
2026-08-12 13:48:04.302 A  IlliniCover[59812:379093] (Metal) Metal Compiling Shader
2026-08-12 13:48:04.339 A  IlliniCover[59812:379093] (Metal) Metal Compiling Shader
2026-08-12 13:48:07.021 Df IlliniCover[59812:379089] [com.apple.CoreAnalytics:client] No XPC connection in Simulator
2026-08-12 13:48:15.713 Df IlliniCover[59812:379094] [com.apple.launchservices:db] NotifyToken::RegisterDispatch(com.apple.LaunchServices.database) fired for session key LSSessionKey(system: 0 uid: 501)
2026-08-12 13:48:17.668 A  IlliniCover[59812:379547] (CoreFoundation) Updating Key-Value Observers Of Preferences
2026-08-12 13:48:31.655 A  IlliniCover[59812:379b41] (CoreFoundation) Loading Preferences From User Session CFPrefsD
2026-08-12 13:48:31.666 Df IlliniCover[59812:37903d] [com.apple.BackBoard:Display] [FBSDisplaySource 1-1] silently connecting raw configuration: <FBSDisplayConfiguration: 0x10816f200; Main; mode: "390x844@3x 60Hz p3 SDR">
2026-08-12 13:48:37.014 Df IlliniCover[59812:379654] [com.apple.dt.xctest:Default] Got availability notification from test daemon.
2026-08-12 13:48:37.046 Df IlliniCover[59812:379654] [com.apple.xpc:connection] [0x113d98a00] activating connection: mach=true listener=false peer=false name=com.apple.dt.xctestd.target
2026-08-12 13:48:37.118 Df IlliniCover[59812:379b41] [com.apple.dt.xctest:Default] Received request for endpoint.
2026-08-12 13:48:37.119 Df IlliniCover[59812:379b41] [com.apple.dt.xctest:Default] Attempting to load /Library/Developer/CoreSimulator/Volumes/iOS_23F73/Library/Developer/CoreSimulator/Profiles/Runtimes/iOS 26.5.simruntime/Contents/Resources/RuntimeRoot/Developer/Library/PrivateFrameworks/XCTAutomationSupport.framework.
2026-08-12 13:48:37.368 Df IlliniCover[59812:379b41] [com.apple.dt.automationmode:Default] XAM shared observer connecting to com.apple.dt.automationmode.reader
2026-08-12 13:48:37.368 Df IlliniCover[59812:379b41] [com.apple.xpc:connection] [0x113d9a300] activating connection: mach=true listener=false peer=false name=com.apple.dt.automationmode.reader
2026-08-12 13:48:37.369 Df IlliniCover[59812:379b41] [com.apple.xpc:connection] [0x113d9a300] invalidated because the current process cancelled the connection by calling xpc_connection_cancel()
2026-08-12 13:48:37.369 Df IlliniCover[59812:379b41] [com.apple.dt.xctest:Default] Sending anonymous endpoint.
2026-08-12 13:48:37.371 Df IlliniCover[59812:379b41] [com.apple.dt.xctest:Default] Setting up target listener.
2026-08-12 13:48:37.372 Df IlliniCover[59812:379b41] [com.apple.xpc:connection] [0x113d9a300] activating connection: mach=false listener=true peer=false name=(anonymous)
2026-08-12 13:48:37.372 Df IlliniCover[59812:379b41] [com.apple.xpc:connection] [0x113d9a300] Connection returned listener port: 0x9b23
2026-08-12 13:48:37.375 Df IlliniCover[59812:379b41] [com.apple.dt.xctest:Default] Received client to target connection.
2026-08-12 13:48:37.375 Df IlliniCover[59812:379b41] [com.apple.dt.automationmode:Default] Returning 1 for enabled state
2026-08-12 13:48:37.376 Df IlliniCover[59812:379b41] [com.apple.xpc:connection] [0x12007c480] activating connection: mach=false listener=false peer=true name=com.apple.xpc.anonymous.0x113d9a300.peer[60026].0x12007c480
2026-08-12 13:48:37.376 Df IlliniCover[59812:379b41] [com.apple.dt.xctest:Default] Received request to exchange capabilities, remote interface capabilities are: <XCTCapabilities: 0x1200269d0>: {
    "query runtime issue reporting" = 1;
    "query runtime issue reporting/automation type mismatch" = 1;
}
2026-08-12 13:48:37.383 Df IlliniCover[59812:379b41] [com.apple.dt.xctest:Default] Received request to fetch matches for query:
2026-08-12 13:48:37.383 Df IlliniCover[59812:379b41] [com.apple.dt.xctest:Default] Evaluating query:
2026-08-12 13:48:37.383 Df IlliniCover[59812:379b41] [com.apple.dt.xctest:Default] Getting root element snapshot
2026-08-12 13:48:37.383 Df IlliniCover[59812:379b41] [com.apple.dt.xctest:Default] Getting snapshot for App element pid: 59812 for query
2026-08-12 13:48:37.383 Df IlliniCover[59812:379b41] [com.apple.dt.xctest:Default] Query requires iOS snapshot attributes .
2026-08-12 13:48:37.383 Df IlliniCover[59812:379b41] [com.apple.dt.xctest:Default] XCTPerformOnMainRunLoop[not MT]: about to CFRunLoopPerform
2026-08-12 13:48:37.383 Df IlliniCover[59812:379b41] [com.apple.dt.xctest:Default] XCTPerformOnMainRunLoop[not MT]: waiting with 30.00s responsiveness timeout
2026-08-12 13:48:37.383 Df IlliniCover[59812:37903d] [com.apple.dt.xctest:Default] XCTPerformOnMainRunLoop[MT]: inside CFRunLoopPerform
2026-08-12 13:48:37.383 Df IlliniCover[59812:37903d] [com.apple.dt.xctest:Default] XCTPerformOnMainRunLoop[MT]: MT responded in time (won the race to the busy flag)
2026-08-12 13:48:37.383 Df IlliniCover[59812:379b41] [com.apple.dt.xctest:Default] XCTPerformOnMainRunLoop[not MT]: waiting 60.00s for work to complete
2026-08-12 13:48:37.395 Df IlliniCover[59812:37903d] [com.apple.dt.xctest:Default] Got main window <AXUIElementRef 0x113af5da0> {pid=59812} {uid=[ID:4 hash:0x108208000]}
2026-08-12 13:48:37.397 Df IlliniCover[59812:37903d] [com.apple.dt.xctest:Default] Capturing hierarchy with attributes XC_kAXXCAttributeElementType, XC_kAXXCAttributeElementBaseType, XC_kAXXCAttributeParent, XC_kAXXCAttributeIdentifier, XC_kAXXCAttributeAutomationType, XC_kAXXCAttributeTraits
2026-08-12 13:48:37.397 Df IlliniCover[59812:37903d] [com.apple.dt.xctest:Default] Capturing hierarchy with parameters {
    attributes =     (
        5003,
        5004,
        5002,
        5019,
        5058,
        2004
    );
    maxArrayCount = 2147483647;
    maxChildren = 2147483647;
    maxDepth = 2147483647;
    snapshotKeyHonorModalViews = 0;
    traverseFromParentsToChildren = 1;
}
2026-08-12 13:48:37.397 Df IlliniCover[59812:37903d] [com.apple.dt.xctest:Default] Snapshot attributes 5003, 5004, 5002, 5019, 5058, 2004
2026-08-12 13:48:37.399 Df IlliniCover[59812:37903d] (libMobileGestalt.dylib) Property isp[camera-front] found {length = 4, bytes = 0x01000000}
2026-08-12 13:48:37.399 A  IlliniCover[59812:37903d] (CoreFoundation) Updating Key-Value Observers Of Preferences
2026-08-12 13:48:37.576 Df IlliniCover[59812:37903d] [com.apple.dt.xctest:Default] Got snapshot for <AXUIElementRef 0x113af7090> {pid=59812} {uid=[ID:1 hash:0x0]}
2026-08-12 13:48:37.576 Df IlliniCover[59812:37903d] [com.apple.dt.xctest:Default] Got app orientation 0
2026-08-12 13:48:37.577 Df IlliniCover[59812:37903d] [com.apple.dt.xctest:Default] Captured accessibility snapshot data in 0.19s
2026-08-12 13:48:37.577 Df IlliniCover[59812:379b41] [com.apple.dt.xctest:Default] Found main window: Window
2026-08-12 13:48:37.579 Df IlliniCover[59812:379b41] [com.apple.dt.xctest:Default] App orientation is 0 (not portrait) and UITextEffectsWindow window Window is not main window
2026-08-12 13:48:37.579 Df IlliniCover[59812:379b41] [com.apple.dt.xctest:Default] Leaving frame unchanged for Window: either already correct or we can't detect it.
2026-08-12 13:48:37.579 Df IlliniCover[59812:379b41] [com.apple.dt.xctest:Default] Query  found matching snapshots: {(
    Application, pid: 59812
)} (error: (null))
2026-08-12 13:48:37.579 Df IlliniCover[59812:379b41] [com.apple.dt.xctest:Default] Replying to query  with results: <XCTElementQueryResults: 0x113fbcc90> (error: (null))
2026-08-12 13:48:38.219 Df IlliniCover[59812:379654] [com.apple.dt.xctest:Default] Received request to fetch matches for query:
2026-08-12 13:48:38.219 Df IlliniCover[59812:379b41] [com.apple.dt.xctest:Default] Evaluating query:
2026-08-12 13:48:38.219 Df IlliniCover[59812:379b41] [com.apple.dt.xctest:Default] Getting root element snapshot
2026-08-12 13:48:38.219 Df IlliniCover[59812:379b41] [com.apple.dt.xctest:Default] Getting snapshot for App element pid: 59812 for query
2026-08-12 13:48:38.219 Df IlliniCover[59812:379b41] [com.apple.dt.xctest:Default] Query requires iOS snapshot attributes .
2026-08-12 13:48:38.219 Df IlliniCover[59812:379b41] [com.apple.dt.xctest:Default] XCTPerformOnMainRunLoop[not MT]: about to CFRunLoopPerform
2026-08-12 13:48:38.219 Df IlliniCover[59812:379b41] [com.apple.dt.xctest:Default] XCTPerformOnMainRunLoop[not MT]: waiting with 30.00s responsiveness timeout
2026-08-12 13:48:38.219 Df IlliniCover[59812:37903d] [com.apple.dt.xctest:Default] XCTPerformOnMainRunLoop[MT]: inside CFRunLoopPerform
2026-08-12 13:48:38.219 Df IlliniCover[59812:37903d] [com.apple.dt.xctest:Default] XCTPerformOnMainRunLoop[MT]: MT responded in time (won the race to the busy flag)
2026-08-12 13:48:38.219 Df IlliniCover[59812:379b41] [com.apple.dt.xctest:Default] XCTPerformOnMainRunLoop[not MT]: waiting 60.00s for work to complete
2026-08-12 13:48:38.221 Df IlliniCover[59812:37903d] [com.apple.dt.xctest:Default] Got main window <AXUIElementRef 0x113a1b5a0> {pid=59812} {uid=[ID:4 hash:0x108208000]}
2026-08-12 13:48:38.221 Df IlliniCover[59812:37903d] [com.apple.dt.xctest:Default] Capturing hierarchy with attributes XC_kAXXCAttributeElementType, XC_kAXXCAttributeElementBaseType, XC_kAXXCAttributeParent, XC_kAXXCAttributeIdentifier, XC_kAXXCAttributeAutomationType, XC_kAXXCAttributeTraits
2026-08-12 13:48:38.221 Df IlliniCover[59812:37903d] [com.apple.dt.xctest:Default] Capturing hierarchy with parameters {
    attributes =     (
        5003,
        5004,
        5002,
        5019,
        5058,
        2004
    );
    maxArrayCount = 2147483647;
    maxChildren = 2147483647;
    maxDepth = 2147483647;
    snapshotKeyHonorModalViews = 0;
    traverseFromParentsToChildren = 1;
}
2026-08-12 13:48:38.221 Df IlliniCover[59812:37903d] [com.apple.dt.xctest:Default] Snapshot attributes 5003, 5004, 5002, 5019, 5058, 2004
2026-08-12 13:48:38.242 Df IlliniCover[59812:37903d] [com.apple.dt.xctest:Default] Got snapshot for <AXUIElementRef 0x113a1abe0> {pid=59812} {uid=[ID:1 hash:0x0]}
2026-08-12 13:48:38.242 Df IlliniCover[59812:37903d] [com.apple.dt.xctest:Default] Got app orientation 0
2026-08-12 13:48:38.242 Df IlliniCover[59812:37903d] [com.apple.dt.xctest:Default] Captured accessibility snapshot data in 0.02s
2026-08-12 13:48:38.243 Df IlliniCover[59812:379b41] [com.apple.dt.xctest:Default] Found main window: Window
2026-08-12 13:48:38.244 Df IlliniCover[59812:379b41] [com.apple.dt.xctest:Default] App orientation is 0 (not portrait) and UITextEffectsWindow window Window is not main window
2026-08-12 13:48:38.244 Df IlliniCover[59812:379b41] [com.apple.dt.xctest:Default] Leaving frame unchanged for Window: either already correct or we can't detect it.
2026-08-12 13:48:38.244 Df IlliniCover[59812:379b41] [com.apple.dt.xctest:Default] Query  found matching snapshots: {(
    Application, pid: 59812
)} (error: (null))
2026-08-12 13:48:38.244 Df IlliniCover[59812:379b41] [com.apple.dt.xctest:Default] Replying to query  with results: <XCTElementQueryResults: 0x113fbf450> (error: (null))
2026-08-12 13:48:39.297 Df IlliniCover[59812:379b41] [com.apple.xpc:connection] [0x12007c480] invalidated because the client process (pid 60026) either cancelled the connection or exited
2026-08-12 13:48:39.297 Df IlliniCover[59812:379b41] [com.apple.dt.xctest:Default] Connection from client with pid 60026 was invalidated.
2026-08-12 13:48:39.301 Df IlliniCover[59812:379b41] [com.apple.dt.automationmode:Default] Handling posted change notification (com.apple.dt.automationmode.state-changed)
2026-08-12 13:48:39.301 Df IlliniCover[59812:379b41] [com.apple.dt.automationmode:Default] XAM shared observer connecting to com.apple.dt.automationmode.reader
2026-08-12 13:48:39.302 Df IlliniCover[59812:379b41] [com.apple.xpc:connection] [0x113e66940] activating connection: mach=true listener=false peer=false name=com.apple.dt.automationmode.reader
2026-08-12 13:48:39.306 Df IlliniCover[59812:379b41] [com.apple.xpc:connection] [0x113e66940] invalidated because the current process cancelled the connection by calling xpc_connection_cancel()
2026-08-12 13:48:39.307 Df IlliniCover[59812:379b41] [com.apple.dt.automationmode:Default] Comparing previous enabled state (1) to current enabled state (0)
2026-08-12 13:48:39.307 Df IlliniCover[59812:379654] [com.apple.dt.xctest:Default] Automation Mode has been disabled, existing connections will be invalidated.
2026-08-12 13:49:04.673 Df IlliniCover[59812:37a48b] [com.apple.dt.automationmode:Default] Handling posted change notification (com.apple.dt.automationmode.state-changed)
2026-08-12 13:49:04.673 Df IlliniCover[59812:37a48b] [com.apple.dt.automationmode:Default] XAM shared observer connecting to com.apple.dt.automationmode.reader
2026-08-12 13:49:04.674 Df IlliniCover[59812:37a48b] [com.apple.xpc:connection] [0x113e66940] activating connection: mach=true listener=false peer=false name=com.apple.dt.automationmode.reader
2026-08-12 13:49:04.676 Df IlliniCover[59812:37a48b] [com.apple.xpc:connection] [0x113e66940] invalidated because the current process cancelled the connection by calling xpc_connection_cancel()
2026-08-12 13:49:04.676 Df IlliniCover[59812:37a48b] [com.apple.dt.automationmode:Default] Comparing previous enabled state (0) to current enabled state (1)
2026-08-12 13:49:09.326 Df IlliniCover[59812:379b41] [com.apple.dt.xctest:Default] Received request for endpoint.
2026-08-12 13:49:09.326 Df IlliniCover[59812:379b41] [com.apple.dt.xctest:Default] Sending anonymous endpoint.
2026-08-12 13:49:09.326 Df IlliniCover[59812:379b41] [com.apple.xpc:connection] [0x113d9a300] Connection returned listener port: 0x9b23
2026-08-12 13:49:09.329 Df IlliniCover[59812:379b41] [com.apple.dt.xctest:Default] Received client to target connection.
2026-08-12 13:49:09.329 Df IlliniCover[59812:379b41] [com.apple.dt.automationmode:Default] Returning 1 for enabled state
2026-08-12 13:49:09.331 Df IlliniCover[59812:379b41] [com.apple.xpc:connection] [0x12007c480] activating connection: mach=false listener=false peer=true name=com.apple.xpc.anonymous.0x113d9a300.peer[60283].0x12007c480
2026-08-12 13:49:09.332 Df IlliniCover[59812:37a48b] [com.apple.dt.xctest:Default] Received request to exchange capabilities, remote interface capabilities are: <XCTCapabilities: 0x120026a10>: {
    "query runtime issue reporting" = 1;
    "query runtime issue reporting/automation type mismatch" = 1;
}
2026-08-12 13:49:09.335 Df IlliniCover[59812:37a48b] [com.apple.dt.xctest:Default] Received request to fetch matches for query:
2026-08-12 13:49:09.335 Df IlliniCover[59812:379b41] [com.apple.dt.xctest:Default] Evaluating query:
2026-08-12 13:49:09.335 Df IlliniCover[59812:379b41] [com.apple.dt.xctest:Default] Getting root element snapshot
2026-08-12 13:49:09.335 Df IlliniCover[59812:379b41] [com.apple.dt.xctest:Default] Getting snapshot for App element pid: 59812 for query
2026-08-12 13:49:09.335 Df IlliniCover[59812:379b41] [com.apple.dt.xctest:Default] Query requires iOS snapshot attributes .
2026-08-12 13:49:09.335 Df IlliniCover[59812:379b41] [com.apple.dt.xctest:Default] XCTPerformOnMainRunLoop[not MT]: about to CFRunLoopPerform
2026-08-12 13:49:09.335 Df IlliniCover[59812:37903d] [com.apple.dt.xctest:Default] XCTPerformOnMainRunLoop[MT]: inside CFRunLoopPerform
2026-08-12 13:49:09.335 Df IlliniCover[59812:379b41] [com.apple.dt.xctest:Default] XCTPerformOnMainRunLoop[not MT]: waiting with 30.00s responsiveness timeout
2026-08-12 13:49:09.335 Df IlliniCover[59812:37903d] [com.apple.dt.xctest:Default] XCTPerformOnMainRunLoop[MT]: MT responded in time (won the race to the busy flag)
2026-08-12 13:49:09.336 Df IlliniCover[59812:379b41] [com.apple.dt.xctest:Default] XCTPerformOnMainRunLoop[not MT]: waiting 60.00s for work to complete
2026-08-12 13:49:09.337 Df IlliniCover[59812:37903d] [com.apple.dt.xctest:Default] Got main window <AXUIElementRef 0x113aae4f0> {pid=59812} {uid=[ID:4 hash:0x108208000]}
2026-08-12 13:49:09.337 Df IlliniCover[59812:37903d] [com.apple.dt.xctest:Default] Capturing hierarchy with attributes XC_kAXXCAttributeElementType, XC_kAXXCAttributeElementBaseType, XC_kAXXCAttributeParent, XC_kAXXCAttributeIdentifier, XC_kAXXCAttributeAutomationType, XC_kAXXCAttributeTraits
2026-08-12 13:49:09.337 Df IlliniCover[59812:37903d] [com.apple.dt.xctest:Default] Capturing hierarchy with parameters {
    attributes =     (
        5003,
        5004,
        5002,
        5019,
        5058,
        2004
    );
    maxArrayCount = 2147483647;
    maxChildren = 2147483647;
    maxDepth = 2147483647;
    snapshotKeyHonorModalViews = 0;
    traverseFromParentsToChildren = 1;
}
2026-08-12 13:49:09.338 Df IlliniCover[59812:37903d] [com.apple.dt.xctest:Default] Snapshot attributes 5003, 5004, 5002, 5019, 5058, 2004
2026-08-12 13:49:09.376 Df IlliniCover[59812:37903d] [com.apple.dt.xctest:Default] Got snapshot for <AXUIElementRef 0x113aaef40> {pid=59812} {uid=[ID:1 hash:0x0]}
2026-08-12 13:49:09.377 Df IlliniCover[59812:37903d] [com.apple.dt.xctest:Default] Got app orientation 0
2026-08-12 13:49:09.377 Df IlliniCover[59812:37903d] [com.apple.dt.xctest:Default] Captured accessibility snapshot data in 0.04s
2026-08-12 13:49:09.377 Df IlliniCover[59812:379b41] [com.apple.dt.xctest:Default] Found main window: Window
2026-08-12 13:49:09.378 Df IlliniCover[59812:379b41] [com.apple.dt.xctest:Default] App orientation is 0 (not portrait) and UITextEffectsWindow window Window is not main window
2026-08-12 13:49:09.378 Df IlliniCover[59812:379b41] [com.apple.dt.xctest:Default] Leaving frame unchanged for Window: either already correct or we can't detect it.
2026-08-12 13:49:09.378 Df IlliniCover[59812:379b41] [com.apple.dt.xctest:Default] Query  found matching snapshots: {(
    Application, pid: 59812
)} (error: (null))
2026-08-12 13:49:09.378 Df IlliniCover[59812:379b41] [com.apple.dt.xctest:Default] Replying to query  with results: <XCTElementQueryResults: 0x113fbcf90> (error: (null))
2026-08-12 13:49:10.478 Df IlliniCover[59812:379b41] [com.apple.dt.xctest:Default] Received request to fetch matches for query:
2026-08-12 13:49:10.478 Df IlliniCover[59812:37a48b] [com.apple.dt.xctest:Default] Evaluating query:
2026-08-12 13:49:10.478 Df IlliniCover[59812:37a48b] [com.apple.dt.xctest:Default] Getting root element snapshot
2026-08-12 13:49:10.478 Df IlliniCover[59812:37a48b] [com.apple.dt.xctest:Default] Getting snapshot for App element pid: 59812 for query
2026-08-12 13:49:10.478 Df IlliniCover[59812:37a48b] [com.apple.dt.xctest:Default] Query requires iOS snapshot attributes .
2026-08-12 13:49:10.478 Df IlliniCover[59812:37a48b] [com.apple.dt.xctest:Default] XCTPerformOnMainRunLoop[not MT]: about to CFRunLoopPerform
2026-08-12 13:49:10.478 Df IlliniCover[59812:37a48b] [com.apple.dt.xctest:Default] XCTPerformOnMainRunLoop[not MT]: waiting with 30.00s responsiveness timeout
2026-08-12 13:49:10.478 Df IlliniCover[59812:37903d] [com.apple.dt.xctest:Default] XCTPerformOnMainRunLoop[MT]: inside CFRunLoopPerform
2026-08-12 13:49:10.478 Df IlliniCover[59812:37903d] [com.apple.dt.xctest:Default] XCTPerformOnMainRunLoop[MT]: MT responded in time (won the race to the busy flag)
2026-08-12 13:49:10.478 Df IlliniCover[59812:37a48b] [com.apple.dt.xctest:Default] XCTPerformOnMainRunLoop[not MT]: waiting 60.00s for work to complete
2026-08-12 13:49:10.479 Df IlliniCover[59812:37903d] [com.apple.dt.xctest:Default] Got main window <AXUIElementRef 0x113a19e60> {pid=59812} {uid=[ID:4 hash:0x108208000]}
2026-08-12 13:49:10.479 Df IlliniCover[59812:37903d] [com.apple.dt.xctest:Default] Capturing hierarchy with attributes XC_kAXXCAttributeElementType, XC_kAXXCAttributeElementBaseType, XC_kAXXCAttributeParent, XC_kAXXCAttributeIdentifier, XC_kAXXCAttributeAutomationType, XC_kAXXCAttributeTraits
2026-08-12 13:49:10.479 Df IlliniCover[59812:37903d] [com.apple.dt.xctest:Default] Capturing hierarchy with parameters {
    attributes =     (
        5003,
        5004,
        5002,
        5019,
        5058,
        2004
    );
    maxArrayCount = 2147483647;
    maxChildren = 2147483647;
    maxDepth = 2147483647;
    snapshotKeyHonorModalViews = 0;
    traverseFromParentsToChildren = 1;
}
2026-08-12 13:49:10.479 Df IlliniCover[59812:37903d] [com.apple.dt.xctest:Default] Snapshot attributes 5003, 5004, 5002, 5019, 5058, 2004
2026-08-12 13:49:10.497 Df IlliniCover[59812:37903d] [com.apple.dt.xctest:Default] Got snapshot for <AXUIElementRef 0x113a180f0> {pid=59812} {uid=[ID:1 hash:0x0]}
2026-08-12 13:49:10.497 Df IlliniCover[59812:37903d] [com.apple.dt.xctest:Default] Got app orientation 0
2026-08-12 13:49:10.497 Df IlliniCover[59812:37903d] [com.apple.dt.xctest:Default] Captured accessibility snapshot data in 0.02s
2026-08-12 13:49:10.498 Df IlliniCover[59812:37a48b] [com.apple.dt.xctest:Default] Found main window: Window
2026-08-12 13:49:10.499 Df IlliniCover[59812:37a48b] [com.apple.dt.xctest:Default] App orientation is 0 (not portrait) and UITextEffectsWindow window Window is not main window
2026-08-12 13:49:10.499 Df IlliniCover[59812:37a48b] [com.apple.dt.xctest:Default] Leaving frame unchanged for Window: either already correct or we can't detect it.
2026-08-12 13:49:10.499 Df IlliniCover[59812:37a48b] [com.apple.dt.xctest:Default] Query  found matching snapshots: {(
    Application, pid: 59812
)} (error: (null))
2026-08-12 13:49:10.499 Df IlliniCover[59812:37a48b] [com.apple.dt.xctest:Default] Replying to query  with results: <XCTElementQueryResults: 0x113fbccc0> (error: (null))
2026-08-12 13:49:14.186 Df IlliniCover[59812:37903d] [com.apple.KeyboardArbiter:Client] TX focusApplication (peekAppEvent) stealKB:Y scene:com.illinicover.app-default
2026-08-12 13:49:14.189 Df IlliniCover[59812:37903d] [com.apple.UIKit:EventDispatch] Evaluating dispatch of UIEvent: 0x10816c200; type: 0; subtype: 0; backing type: 11; shouldSend: 1; ignoreInteractionEvents: 0, systemGestureStateChange: 0
2026-08-12 13:49:14.190 Df IlliniCover[59812:37903d] [com.apple.UIKit:EventDispatch] Sending UIEvent type: 0; subtype: 0; to windows: 1
2026-08-12 13:49:14.190 Df IlliniCover[59812:37903d] [com.apple.UIKit:EventDispatch] Sending UIEvent type: 0; subtype: 0; to window: <UIWindow: 0x108208000>; contextId: 0xF38411B0
2026-08-12 13:49:14.288 Df IlliniCover[59812:37903d] [com.apple.UIKit:EventDispatch] Evaluating dispatch of UIEvent: 0x10816c200; type: 0; subtype: 0; backing type: 11; shouldSend: 0; ignoreInteractionEvents: 0, systemGestureStateChange: 0
2026-08-12 13:49:14.290 Df IlliniCover[59812:37903d] [com.apple.UIKit:EventDispatch] Evaluating dispatch of UIEvent: 0x10816c200; type: 0; subtype: 0; backing type: 11; shouldSend: 0; ignoreInteractionEvents: 0, systemGestureStateChange: 0
2026-08-12 13:49:14.291 Df IlliniCover[59812:37903d] [com.apple.UIKit:EventDispatch] Evaluating dispatch of UIEvent: 0x10816c200; type: 0; subtype: 0; backing type: 11; shouldSend: 1; ignoreInteractionEvents: 0, systemGestureStateChange: 0
2026-08-12 13:49:14.291 Df IlliniCover[59812:37903d] [com.apple.UIKit:EventDispatch] Sending UIEvent type: 0; subtype: 0; to windows: 1
2026-08-12 13:49:14.291 Df IlliniCover[59812:37903d] [com.apple.UIKit:EventDispatch] Sending UIEvent type: 0; subtype: 0; to window: <UIWindow: 0x108208000>; contextId: 0xF38411B0
2026-08-12 13:49:14.292 Df IlliniCover[59812:37903d] [com.apple.UIKit:EventDispatch] Evaluating dispatch of UIEvent: 0x10816c200; type: 0; subtype: 0; backing type: 11; shouldSend: 0; ignoreInteractionEvents: 0, systemGestureStateChange: 1
2026-08-12 13:49:14.292 A  IlliniCover[59812:37903d] (UIKitCore) send gesture actions
2026-08-12 13:49:14.292 A  IlliniCover[59812:37903d] (UIKitCore) send gesture actions
2026-08-12 13:49:14.356 A  IlliniCover[59812:37a48b] (Security) SecItemCopyMatching_ios
2026-08-12 13:49:14.357 Df IlliniCover[59812:37a48b] [com.apple.securityd:thread-local-client-debug] SecSecurityClientGet new thread!
2026-08-12 13:49:14.366 A  IlliniCover[59812:37a48b] (Security) SecItemCopyMatching_ios
2026-08-12 13:49:14.366 A  IlliniCover[59812:37a48b] (Security) SecItemCopyMatching_ios
2026-08-12 13:49:21.699 Df IlliniCover[59812:379b41] [com.apple.xpc:connection] [0x12007c480] invalidated because the client process (pid 60283) either cancelled the connection or exited
2026-08-12 13:49:21.700 Df IlliniCover[59812:379b41] [com.apple.dt.xctest:Default] Connection from client with pid 60283 was invalidated.
2026-08-12 13:49:21.707 Df IlliniCover[59812:379b41] [com.apple.dt.automationmode:Default] Handling posted change notification (com.apple.dt.automationmode.state-changed)
2026-08-12 13:49:21.707 Df IlliniCover[59812:379b41] [com.apple.dt.automationmode:Default] XAM shared observer connecting to com.apple.dt.automationmode.reader
2026-08-12 13:49:21.707 Df IlliniCover[59812:379b41] [com.apple.xpc:connection] [0x113e64000] activating connection: mach=true listener=false peer=false name=com.apple.dt.automationmode.reader
2026-08-12 13:49:21.712 Df IlliniCover[59812:379b41] [com.apple.xpc:connection] [0x113e64000] invalidated because the current process cancelled the connection by calling xpc_connection_cancel()
2026-08-12 13:49:21.712 Df IlliniCover[59812:379b41] [com.apple.dt.automationmode:Default] Comparing previous enabled state (1) to current enabled state (0)
2026-08-12 13:49:21.712 Df IlliniCover[59812:37a6b9] [com.apple.dt.xctest:Default] Automation Mode has been disabled, existing connections will be invalidated.
2026-08-12 13:49:50.701 Df IlliniCover[59812:37b04b] [com.apple.dt.automationmode:Default] Handling posted change notification (com.apple.dt.automationmode.state-changed)
2026-08-12 13:49:50.703 Df IlliniCover[59812:37b04b] [com.apple.dt.automationmode:Default] XAM shared observer connecting to com.apple.dt.automationmode.reader
2026-08-12 13:49:50.704 Df IlliniCover[59812:37b04b] [com.apple.xpc:connection] [0x113e64000] activating connection: mach=true listener=false peer=false name=com.apple.dt.automationmode.reader
2026-08-12 13:49:50.706 Df IlliniCover[59812:37b04b] [com.apple.xpc:connection] [0x113e64000] invalidated because the current process cancelled the connection by calling xpc_connection_cancel()
2026-08-12 13:49:50.706 Df IlliniCover[59812:37b04b] [com.apple.dt.automationmode:Default] Comparing previous enabled state (0) to current enabled state (1)
2026-08-12 13:49:52.853 Df IlliniCover[59812:37b04b] [com.apple.dt.xctest:Default] Received request for endpoint.
2026-08-12 13:49:52.854 Df IlliniCover[59812:37b04b] [com.apple.dt.xctest:Default] Sending anonymous endpoint.
2026-08-12 13:49:52.854 Df IlliniCover[59812:37b04b] [com.apple.xpc:connection] [0x113d9a300] Connection returned listener port: 0x9b23
2026-08-12 13:49:52.854 Df IlliniCover[59812:37b04b] [com.apple.dt.xctest:Default] Received client to target connection.
2026-08-12 13:49:52.854 Df IlliniCover[59812:37b04b] [com.apple.dt.automationmode:Default] Returning 1 for enabled state
2026-08-12 13:49:52.855 Df IlliniCover[59812:37b04b] [com.apple.xpc:connection] [0x12007c300] activating connection: mach=false listener=false peer=true name=com.apple.xpc.anonymous.0x113d9a300.peer[60549].0x12007c300
2026-08-12 13:49:52.855 Df IlliniCover[59812:37b04b] [com.apple.dt.xctest:Default] Received request to exchange capabilities, remote interface capabilities are: <XCTCapabilities: 0x120026320>: {
    "query runtime issue reporting" = 1;
    "query runtime issue reporting/automation type mismatch" = 1;
}
2026-08-12 13:49:52.858 Df IlliniCover[59812:37b04b] [com.apple.dt.xctest:Default] Received request to fetch matches for query:
2026-08-12 13:49:52.858 Df IlliniCover[59812:37b04b] [com.apple.dt.xctest:Default] Evaluating query:
2026-08-12 13:49:52.858 Df IlliniCover[59812:37b04b] [com.apple.dt.xctest:Default] Getting root element snapshot
2026-08-12 13:49:52.858 Df IlliniCover[59812:37b04b] [com.apple.dt.xctest:Default] Getting snapshot for App element pid: 59812 for query
2026-08-12 13:49:52.858 Df IlliniCover[59812:37b04b] [com.apple.dt.xctest:Default] Query requires iOS snapshot attributes .
2026-08-12 13:49:52.859 Df IlliniCover[59812:37b04b] [com.apple.dt.xctest:Default] XCTPerformOnMainRunLoop[not MT]: about to CFRunLoopPerform
2026-08-12 13:49:52.859 Df IlliniCover[59812:37b04b] [com.apple.dt.xctest:Default] XCTPerformOnMainRunLoop[not MT]: waiting with 30.00s responsiveness timeout
2026-08-12 13:49:52.859 Df IlliniCover[59812:37903d] [com.apple.dt.xctest:Default] XCTPerformOnMainRunLoop[MT]: inside CFRunLoopPerform
2026-08-12 13:49:52.859 Df IlliniCover[59812:37903d] [com.apple.dt.xctest:Default] XCTPerformOnMainRunLoop[MT]: MT responded in time (won the race to the busy flag)
2026-08-12 13:49:52.859 Df IlliniCover[59812:37b04b] [com.apple.dt.xctest:Default] XCTPerformOnMainRunLoop[not MT]: waiting 60.00s for work to complete
2026-08-12 13:49:52.860 Df IlliniCover[59812:37903d] [com.apple.dt.xctest:Default] Got main window <AXUIElementRef 0x113a59b60> {pid=59812} {uid=[ID:4 hash:0x108208000]}
2026-08-12 13:49:52.860 Df IlliniCover[59812:37903d] [com.apple.dt.xctest:Default] Capturing hierarchy with attributes XC_kAXXCAttributeElementType, XC_kAXXCAttributeElementBaseType, XC_kAXXCAttributeParent, XC_kAXXCAttributeIdentifier, XC_kAXXCAttributeAutomationType, XC_kAXXCAttributeTraits
2026-08-12 13:49:52.860 Df IlliniCover[59812:37903d] [com.apple.dt.xctest:Default] Capturing hierarchy with parameters {
    attributes =     (
        5003,
        5004,
        5002,
        5019,
        5058,
        2004
    );
    maxArrayCount = 2147483647;
    maxChildren = 2147483647;
    maxDepth = 2147483647;
    snapshotKeyHonorModalViews = 0;
    traverseFromParentsToChildren = 1;
}
2026-08-12 13:49:52.860 Df IlliniCover[59812:37903d] [com.apple.dt.xctest:Default] Snapshot attributes 5003, 5004, 5002, 5019, 5058, 2004
2026-08-12 13:49:52.908 Df IlliniCover[59812:37903d] [com.apple.dt.xctest:Default] Got snapshot for <AXUIElementRef 0x113a5afa0> {pid=59812} {uid=[ID:1 hash:0x0]}
2026-08-12 13:49:52.908 Df IlliniCover[59812:37903d] [com.apple.dt.xctest:Default] Got app orientation 0
2026-08-12 13:49:52.908 Df IlliniCover[59812:37903d] [com.apple.dt.xctest:Default] Captured accessibility snapshot data in 0.05s
2026-08-12 13:49:52.908 Df IlliniCover[59812:37b04b] [com.apple.dt.xctest:Default] Found main window: Window
2026-08-12 13:49:52.909 Df IlliniCover[59812:37b04b] [com.apple.dt.xctest:Default] App orientation is 0 (not portrait) and UITextEffectsWindow window Window is not main window
2026-08-12 13:49:52.909 Df IlliniCover[59812:37b04b] [com.apple.dt.xctest:Default] Leaving frame unchanged for Window: either already correct or we can't detect it.
2026-08-12 13:49:52.909 Df IlliniCover[59812:37b04b] [com.apple.dt.xctest:Default] Query  found matching snapshots: {(
    Application, pid: 59812
)} (error: (null))
2026-08-12 13:49:52.909 Df IlliniCover[59812:37b04b] [com.apple.dt.xctest:Default] Replying to query  with results: <XCTElementQueryResults: 0x113fbcba0> (error: (null))
2026-08-12 13:49:53.181 Df IlliniCover[59812:37b04b] [com.apple.dt.xctest:Default] Received request to fetch matches for query:
2026-08-12 13:49:53.181 Df IlliniCover[59812:37a6b9] [com.apple.dt.xctest:Default] Evaluating query:
2026-08-12 13:49:53.181 Df IlliniCover[59812:37a6b9] [com.apple.dt.xctest:Default] Getting root element snapshot
2026-08-12 13:49:53.181 Df IlliniCover[59812:37a6b9] [com.apple.dt.xctest:Default] Getting snapshot for App element pid: 59812 for query
2026-08-12 13:49:53.181 Df IlliniCover[59812:37a6b9] [com.apple.dt.xctest:Default] Query requires iOS snapshot attributes .
2026-08-12 13:49:53.181 Df IlliniCover[59812:37a6b9] [com.apple.dt.xctest:Default] XCTPerformOnMainRunLoop[not MT]: about to CFRunLoopPerform
2026-08-12 13:49:53.181 Df IlliniCover[59812:37a6b9] [com.apple.dt.xctest:Default] XCTPerformOnMainRunLoop[not MT]: waiting with 30.00s responsiveness timeout
2026-08-12 13:49:53.181 Df IlliniCover[59812:37903d] [com.apple.dt.xctest:Default] XCTPerformOnMainRunLoop[MT]: inside CFRunLoopPerform
2026-08-12 13:49:53.181 Df IlliniCover[59812:37903d] [com.apple.dt.xctest:Default] XCTPerformOnMainRunLoop[MT]: MT responded in time (won the race to the busy flag)
2026-08-12 13:49:53.181 Df IlliniCover[59812:37a6b9] [com.apple.dt.xctest:Default] XCTPerformOnMainRunLoop[not MT]: waiting 60.00s for work to complete
2026-08-12 13:49:53.181 Df IlliniCover[59812:37903d] [com.apple.dt.xctest:Default] Got main window <AXUIElementRef 0x113a5a340> {pid=59812} {uid=[ID:4 hash:0x108208000]}
2026-08-12 13:49:53.181 Df IlliniCover[59812:37903d] [com.apple.dt.xctest:Default] Capturing hierarchy with attributes XC_kAXXCAttributeElementType, XC_kAXXCAttributeElementBaseType, XC_kAXXCAttributeParent, XC_kAXXCAttributeIdentifier, XC_kAXXCAttributeAutomationType, XC_kAXXCAttributeTraits
2026-08-12 13:49:53.181 Df IlliniCover[59812:37903d] [com.apple.dt.xctest:Default] Capturing hierarchy with parameters {
    attributes =     (
        5003,
        5004,
        5002,
        5019,
        5058,
        2004
    );
    maxArrayCount = 2147483647;
    maxChildren = 2147483647;
    maxDepth = 2147483647;
    snapshotKeyHonorModalViews = 0;
    traverseFromParentsToChildren = 1;
}
2026-08-12 13:49:53.181 Df IlliniCover[59812:37903d] [com.apple.dt.xctest:Default] Snapshot attributes 5003, 5004, 5002, 5019, 5058, 2004
2026-08-12 13:49:53.193 Df IlliniCover[59812:37903d] [com.apple.dt.xctest:Default] Got snapshot for <AXUIElementRef 0x113a58d20> {pid=59812} {uid=[ID:1 hash:0x0]}
2026-08-12 13:49:53.194 Df IlliniCover[59812:37903d] [com.apple.dt.xctest:Default] Got app orientation 0
2026-08-12 13:49:53.194 Df IlliniCover[59812:37903d] [com.apple.dt.xctest:Default] Captured accessibility snapshot data in 0.01s
2026-08-12 13:49:53.194 Df IlliniCover[59812:37a6b9] [com.apple.dt.xctest:Default] Found main window: Window
2026-08-12 13:49:53.194 Df IlliniCover[59812:37a6b9] [com.apple.dt.xctest:Default] App orientation is 0 (not portrait) and UITextEffectsWindow window Window is not main window
2026-08-12 13:49:53.194 Df IlliniCover[59812:37a6b9] [com.apple.dt.xctest:Default] Leaving frame unchanged for Window: either already correct or we can't detect it.
2026-08-12 13:49:53.194 Df IlliniCover[59812:37a6b9] [com.apple.dt.xctest:Default] Query  found matching snapshots: {(
    Application, pid: 59812
)} (error: (null))
2026-08-12 13:49:53.194 Df IlliniCover[59812:37a6b9] [com.apple.dt.xctest:Default] Replying to query  with results: <XCTElementQueryResults: 0x113fbcea0> (error: (null))
2026-08-12 13:49:53.432 Df IlliniCover[59812:37a6b9] [com.apple.dt.xctest:Default] Received request to fetch matches for query:
2026-08-12 13:49:53.432 Df IlliniCover[59812:37a6b9] [com.apple.dt.xctest:Default] Evaluating query:
2026-08-12 13:49:53.432 Df IlliniCover[59812:37a6b9] [com.apple.dt.xctest:Default] Getting root element snapshot
2026-08-12 13:49:53.432 Df IlliniCover[59812:37a6b9] [com.apple.dt.xctest:Default] Getting snapshot for App element pid: 59812 for query
2026-08-12 13:49:53.432 Df IlliniCover[59812:37a6b9] [com.apple.dt.xctest:Default] Query requires iOS snapshot attributes .
2026-08-12 13:49:53.432 Df IlliniCover[59812:37a6b9] [com.apple.dt.xctest:Default] XCTPerformOnMainRunLoop[not MT]: about to CFRunLoopPerform
2026-08-12 13:49:53.433 Df IlliniCover[59812:37a6b9] [com.apple.dt.xctest:Default] XCTPerformOnMainRunLoop[not MT]: waiting with 30.00s responsiveness timeout
2026-08-12 13:49:53.433 Df IlliniCover[59812:37903d] [com.apple.dt.xctest:Default] XCTPerformOnMainRunLoop[MT]: inside CFRunLoopPerform
2026-08-12 13:49:53.433 Df IlliniCover[59812:37903d] [com.apple.dt.xctest:Default] XCTPerformOnMainRunLoop[MT]: MT responded in time (won the race to the busy flag)
2026-08-12 13:49:53.433 Df IlliniCover[59812:37a6b9] [com.apple.dt.xctest:Default] XCTPerformOnMainRunLoop[not MT]: waiting 60.00s for work to complete
2026-08-12 13:49:53.433 Df IlliniCover[59812:37903d] [com.apple.dt.xctest:Default] Got main window <AXUIElementRef 0x113a5a910> {pid=59812} {uid=[ID:4 hash:0x108208000]}
2026-08-12 13:49:53.433 Df IlliniCover[59812:37903d] [com.apple.dt.xctest:Default] Capturing hierarchy with attributes XC_kAXXCAttributeElementType, XC_kAXXCAttributeElementBaseType, XC_kAXXCAttributeParent, XC_kAXXCAttributeIdentifier, XC_kAXXCAttributeAutomationType, XC_kAXXCAttributeTraits
2026-08-12 13:49:53.433 Df IlliniCover[59812:37903d] [com.apple.dt.xctest:Default] Capturing hierarchy with parameters {
    attributes =     (
        5003,
        5004,
        5002,
        5019,
        5058,
        2004
    );
    maxArrayCount = 2147483647;
    maxChildren = 2147483647;
    maxDepth = 2147483647;
    snapshotKeyHonorModalViews = 0;
    traverseFromParentsToChildren = 1;
}
2026-08-12 13:49:53.433 Df IlliniCover[59812:37903d] [com.apple.dt.xctest:Default] Snapshot attributes 5003, 5004, 5002, 5019, 5058, 2004
2026-08-12 13:49:53.445 Df IlliniCover[59812:37903d] [com.apple.dt.xctest:Default] Got snapshot for <AXUIElementRef 0x113a58b40> {pid=59812} {uid=[ID:1 hash:0x0]}
2026-08-12 13:49:53.445 Df IlliniCover[59812:37903d] [com.apple.dt.xctest:Default] Got app orientation 0
2026-08-12 13:49:53.445 Df IlliniCover[59812:37903d] [com.apple.dt.xctest:Default] Captured accessibility snapshot data in 0.01s
2026-08-12 13:49:53.445 Df IlliniCover[59812:37a6b9] [com.apple.dt.xctest:Default] Found main window: Window
2026-08-12 13:49:53.445 Df IlliniCover[59812:37a6b9] [com.apple.dt.xctest:Default] App orientation is 0 (not portrait) and UITextEffectsWindow window Window is not main window
2026-08-12 13:49:53.445 Df IlliniCover[59812:37a6b9] [com.apple.dt.xctest:Default] Leaving frame unchanged for Window: either already correct or we can't detect it.
2026-08-12 13:49:53.446 Df IlliniCover[59812:37a6b9] [com.apple.dt.xctest:Default] Query  found matching snapshots: {(
    Application, pid: 59812
)} (error: (null))
2026-08-12 13:49:53.446 Df IlliniCover[59812:37a6b9] [com.apple.dt.xctest:Default] Replying to query  with results: <XCTElementQueryResults: 0x113fbf390> (error: (null))
2026-08-12 13:49:54.396 Df IlliniCover[59812:37a6b9] [com.apple.xpc:connection] [0x12007c300] invalidated because the client process (pid 60549) either cancelled the connection or exited
2026-08-12 13:49:54.396 Df IlliniCover[59812:37a6b9] [com.apple.dt.xctest:Default] Connection from client with pid 60549 was invalidated.
2026-08-12 13:49:54.401 Df IlliniCover[59812:37b04b] [com.apple.dt.automationmode:Default] Handling posted change notification (com.apple.dt.automationmode.state-changed)
2026-08-12 13:49:54.401 Df IlliniCover[59812:37b04b] [com.apple.dt.automationmode:Default] XAM shared observer connecting to com.apple.dt.automationmode.reader
2026-08-12 13:49:54.402 Df IlliniCover[59812:37b04b] [com.apple.xpc:connection] [0x113f07200] activating connection: mach=true listener=false peer=false name=com.apple.dt.automationmode.reader
2026-08-12 13:49:54.405 Df IlliniCover[59812:37b04b] [com.apple.xpc:connection] [0x113f07200] invalidated because the current process cancelled the connection by calling xpc_connection_cancel()
2026-08-12 13:49:54.405 Df IlliniCover[59812:37b04b] [com.apple.dt.automationmode:Default] Comparing previous enabled state (1) to current enabled state (0)
2026-08-12 13:49:54.405 Df IlliniCover[59812:37a6b9] [com.apple.dt.xctest:Default] Automation Mode has been disabled, existing connections will be invalidated.
2026-08-12 13:50:25.846 Df IlliniCover[59812:37b977] [com.apple.dt.automationmode:Default] Handling posted change notification (com.apple.dt.automationmode.state-changed)
2026-08-12 13:50:25.846 Df IlliniCover[59812:37b977] [com.apple.dt.automationmode:Default] XAM shared observer connecting to com.apple.dt.automationmode.reader
2026-08-12 13:50:25.846 Df IlliniCover[59812:37b977] [com.apple.xpc:connection] [0x113f07200] activating connection: mach=true listener=false peer=false name=com.apple.dt.automationmode.reader
2026-08-12 13:50:25.851 Df IlliniCover[59812:37b977] [com.apple.xpc:connection] [0x113f07200] invalidated because the current process cancelled the connection by calling xpc_connection_cancel()
2026-08-12 13:50:25.851 Df IlliniCover[59812:37b977] [com.apple.dt.automationmode:Default] Comparing previous enabled state (0) to current enabled state (1)
2026-08-12 13:50:27.592 Df IlliniCover[59812:37b97f] [com.apple.dt.xctest:Default] Received request for endpoint.
2026-08-12 13:50:27.592 Df IlliniCover[59812:37b97f] [com.apple.dt.xctest:Default] Sending anonymous endpoint.
2026-08-12 13:50:27.592 Df IlliniCover[59812:37b97f] [com.apple.xpc:connection] [0x113d9a300] Connection returned listener port: 0x9b23
2026-08-12 13:50:27.593 Df IlliniCover[59812:37b97f] [com.apple.dt.xctest:Default] Received client to target connection.
2026-08-12 13:50:27.594 Df IlliniCover[59812:37b97f] [com.apple.dt.automationmode:Default] Returning 1 for enabled state
2026-08-12 13:50:27.594 Df IlliniCover[59812:37b97f] [com.apple.xpc:connection] [0x12007c300] activating connection: mach=false listener=false peer=true name=com.apple.xpc.anonymous.0x113d9a300.peer[60852].0x12007c300
2026-08-12 13:50:27.594 Df IlliniCover[59812:37b977] [com.apple.dt.xctest:Default] Received request to exchange capabilities, remote interface capabilities are: <XCTCapabilities: 0x120026470>: {
    "query runtime issue reporting" = 1;
    "query runtime issue reporting/automation type mismatch" = 1;
}
2026-08-12 13:50:27.595 Df IlliniCover[59812:37b977] [com.apple.dt.xctest:Default] Received request to fetch matches for query:
2026-08-12 13:50:27.595 Df IlliniCover[59812:37b977] [com.apple.dt.xctest:Default] Evaluating query:
2026-08-12 13:50:27.595 Df IlliniCover[59812:37b977] [com.apple.dt.xctest:Default] Getting root element snapshot
2026-08-12 13:50:27.595 Df IlliniCover[59812:37b977] [com.apple.dt.xctest:Default] Getting snapshot for App element pid: 59812 for query
2026-08-12 13:50:27.595 Df IlliniCover[59812:37b977] [com.apple.dt.xctest:Default] Query requires iOS snapshot attributes .
2026-08-12 13:50:27.595 Df IlliniCover[59812:37b977] [com.apple.dt.xctest:Default] XCTPerformOnMainRunLoop[not MT]: about to CFRunLoopPerform
2026-08-12 13:50:27.595 Df IlliniCover[59812:37b977] [com.apple.dt.xctest:Default] XCTPerformOnMainRunLoop[not MT]: waiting with 30.00s responsiveness timeout
2026-08-12 13:50:27.595 Df IlliniCover[59812:37903d] [com.apple.dt.xctest:Default] XCTPerformOnMainRunLoop[MT]: inside CFRunLoopPerform
2026-08-12 13:50:27.595 Df IlliniCover[59812:37903d] [com.apple.dt.xctest:Default] XCTPerformOnMainRunLoop[MT]: MT responded in time (won the race to the busy flag)
2026-08-12 13:50:27.595 Df IlliniCover[59812:37b977] [com.apple.dt.xctest:Default] XCTPerformOnMainRunLoop[not MT]: waiting 60.00s for work to complete
2026-08-12 13:50:27.596 Df IlliniCover[59812:37903d] [com.apple.dt.xctest:Default] Got main window <AXUIElementRef 0x113a5a9a0> {pid=59812} {uid=[ID:4 hash:0x108208000]}
2026-08-12 13:50:27.596 Df IlliniCover[59812:37903d] [com.apple.dt.xctest:Default] Capturing hierarchy with attributes XC_kAXXCAttributeElementType, XC_kAXXCAttributeElementBaseType, XC_kAXXCAttributeParent, XC_kAXXCAttributeIdentifier, XC_kAXXCAttributeAutomationType, XC_kAXXCAttributeTraits
2026-08-12 13:50:27.596 Df IlliniCover[59812:37903d] [com.apple.dt.xctest:Default] Capturing hierarchy with parameters {
    attributes =     (
        5003,
        5004,
        5002,
        5019,
        5058,
        2004
    );
    maxArrayCount = 2147483647;
    maxChildren = 2147483647;
    maxDepth = 2147483647;
    snapshotKeyHonorModalViews = 0;
    traverseFromParentsToChildren = 1;
}
2026-08-12 13:50:27.596 Df IlliniCover[59812:37903d] [com.apple.dt.xctest:Default] Snapshot attributes 5003, 5004, 5002, 5019, 5058, 2004
2026-08-12 13:50:27.612 Df IlliniCover[59812:37903d] [com.apple.dt.xctest:Default] Got snapshot for <AXUIElementRef 0x113a59e60> {pid=59812} {uid=[ID:1 hash:0x0]}
2026-08-12 13:50:27.612 Df IlliniCover[59812:37903d] [com.apple.dt.xctest:Default] Got app orientation 0
2026-08-12 13:50:27.612 Df IlliniCover[59812:37903d] [com.apple.dt.xctest:Default] Captured accessibility snapshot data in 0.02s
2026-08-12 13:50:27.612 Df IlliniCover[59812:37b977] [com.apple.dt.xctest:Default] Found main window: Window
2026-08-12 13:50:27.613 Df IlliniCover[59812:37b977] [com.apple.dt.xctest:Default] App orientation is 0 (not portrait) and UITextEffectsWindow window Window is not main window
2026-08-12 13:50:27.613 Df IlliniCover[59812:37b977] [com.apple.dt.xctest:Default] Leaving frame unchanged for Window: either already correct or we can't detect it.
2026-08-12 13:50:27.613 Df IlliniCover[59812:37b977] [com.apple.dt.xctest:Default] Query  found matching snapshots: {(
    Application, pid: 59812
)} (error: (null))
2026-08-12 13:50:27.613 Df IlliniCover[59812:37b977] [com.apple.dt.xctest:Default] Replying to query  with results: <XCTElementQueryResults: 0x113fbcbd0> (error: (null))
2026-08-12 13:50:27.888 Df IlliniCover[59812:37b977] [com.apple.dt.xctest:Default] Received request to fetch matches for query:
2026-08-12 13:50:27.888 Df IlliniCover[59812:37b97f] [com.apple.dt.xctest:Default] Evaluating query:
2026-08-12 13:50:27.888 Df IlliniCover[59812:37b97f] [com.apple.dt.xctest:Default] Getting root element snapshot
2026-08-12 13:50:27.888 Df IlliniCover[59812:37b97f] [com.apple.dt.xctest:Default] Getting snapshot for App element pid: 59812 for query
2026-08-12 13:50:27.888 Df IlliniCover[59812:37b97f] [com.apple.dt.xctest:Default] Query requires iOS snapshot attributes .
2026-08-12 13:50:27.888 Df IlliniCover[59812:37b97f] [com.apple.dt.xctest:Default] XCTPerformOnMainRunLoop[not MT]: about to CFRunLoopPerform
2026-08-12 13:50:27.888 Df IlliniCover[59812:37903d] [com.apple.dt.xctest:Default] XCTPerformOnMainRunLoop[MT]: inside CFRunLoopPerform
2026-08-12 13:50:27.888 Df IlliniCover[59812:37b97f] [com.apple.dt.xctest:Default] XCTPerformOnMainRunLoop[not MT]: waiting with 30.00s responsiveness timeout
2026-08-12 13:50:27.889 Df IlliniCover[59812:37903d] [com.apple.dt.xctest:Default] XCTPerformOnMainRunLoop[MT]: MT responded in time (won the race to the busy flag)
2026-08-12 13:50:27.889 Df IlliniCover[59812:37b97f] [com.apple.dt.xctest:Default] XCTPerformOnMainRunLoop[not MT]: waiting 60.00s for work to complete
2026-08-12 13:50:27.889 Df IlliniCover[59812:37903d] [com.apple.dt.xctest:Default] Got main window <AXUIElementRef 0x113a5a910> {pid=59812} {uid=[ID:4 hash:0x108208000]}
2026-08-12 13:50:27.889 Df IlliniCover[59812:37903d] [com.apple.dt.xctest:Default] Capturing hierarchy with attributes XC_kAXXCAttributeElementType, XC_kAXXCAttributeElementBaseType, XC_kAXXCAttributeParent, XC_kAXXCAttributeIdentifier, XC_kAXXCAttributeAutomationType, XC_kAXXCAttributeTraits
2026-08-12 13:50:27.889 Df IlliniCover[59812:37903d] [com.apple.dt.xctest:Default] Capturing hierarchy with parameters {
    attributes =     (
        5003,
        5004,
        5002,
        5019,
        5058,
        2004
    );
    maxArrayCount = 2147483647;
    maxChildren = 2147483647;
    maxDepth = 2147483647;
    snapshotKeyHonorModalViews = 0;
    traverseFromParentsToChildren = 1;
}
2026-08-12 13:50:27.889 Df IlliniCover[59812:37903d] [com.apple.dt.xctest:Default] Snapshot attributes 5003, 5004, 5002, 5019, 5058, 2004
2026-08-12 13:50:27.902 Df IlliniCover[59812:37903d] [com.apple.dt.xctest:Default] Got snapshot for <AXUIElementRef 0x113a5b720> {pid=59812} {uid=[ID:1 hash:0x0]}
2026-08-12 13:50:27.902 Df IlliniCover[59812:37903d] [com.apple.dt.xctest:Default] Got app orientation 0
2026-08-12 13:50:27.902 Df IlliniCover[59812:37903d] [com.apple.dt.xctest:Default] Captured accessibility snapshot data in 0.01s
2026-08-12 13:50:27.902 Df IlliniCover[59812:37b97f] [com.apple.dt.xctest:Default] Found main window: Window
2026-08-12 13:50:27.903 Df IlliniCover[59812:37b97f] [com.apple.dt.xctest:Default] App orientation is 0 (not portrait) and UITextEffectsWindow window Window is not main window
2026-08-12 13:50:27.903 Df IlliniCover[59812:37b97f] [com.apple.dt.xctest:Default] Leaving frame unchanged for Window: either already correct or we can't detect it.
2026-08-12 13:50:27.903 Df IlliniCover[59812:37b97f] [com.apple.dt.xctest:Default] Query  found matching snapshots: {(
    Application, pid: 59812
)} (error: (null))
2026-08-12 13:50:27.903 Df IlliniCover[59812:37b97f] [com.apple.dt.xctest:Default] Replying to query  with results: <XCTElementQueryResults: 0x113fbcde0> (error: (null))
2026-08-12 13:50:28.801 Df IlliniCover[59812:37b97f] [com.apple.xpc:connection] [0x12007c300] invalidated because the client process (pid 60852) either cancelled the connection or exited
2026-08-12 13:50:28.801 Df IlliniCover[59812:37b97f] [com.apple.dt.xctest:Default] Connection from client with pid 60852 was invalidated.
2026-08-12 13:50:28.806 Df IlliniCover[59812:37b977] [com.apple.dt.automationmode:Default] Handling posted change notification (com.apple.dt.automationmode.state-changed)
2026-08-12 13:50:28.806 Df IlliniCover[59812:37b977] [com.apple.dt.automationmode:Default] XAM shared observer connecting to com.apple.dt.automationmode.reader
2026-08-12 13:50:28.806 Df IlliniCover[59812:37b977] [com.apple.xpc:connection] [0x113f07ac0] activating connection: mach=true listener=false peer=false name=com.apple.dt.automationmode.reader
2026-08-12 13:50:28.808 Df IlliniCover[59812:37b977] [com.apple.xpc:connection] [0x113f07ac0] invalidated because the current process cancelled the connection by calling xpc_connection_cancel()
2026-08-12 13:50:28.809 Df IlliniCover[59812:37b977] [com.apple.dt.automationmode:Default] Comparing previous enabled state (1) to current enabled state (0)
2026-08-12 13:50:28.809 Df IlliniCover[59812:37b977] [com.apple.dt.xctest:Default] Automation Mode has been disabled, existing connections will be invalidated.
