Timestamp               Ty Process[PID:TID]
2026-08-12 15:25:56.394 A  IlliniCover[21482:3c6d31] (RunningBoardServices) didChangeInheritances
2026-08-12 15:25:56.559 Df IlliniCover[21482:3c6d48] [com.apple.dt.xctest:Default] Received request to fetch matches for query:
2026-08-12 15:25:56.559 Df IlliniCover[21482:3c6d48] [com.apple.dt.xctest:Default] Evaluating query:
2026-08-12 15:25:56.559 Df IlliniCover[21482:3c6d48] [com.apple.dt.xctest:Default] Getting root element snapshot
2026-08-12 15:25:56.559 Df IlliniCover[21482:3c6d48] [com.apple.dt.xctest:Default] Getting snapshot for App element pid: 21482 for query
2026-08-12 15:25:56.559 Df IlliniCover[21482:3c6d48] [com.apple.dt.xctest:Default] Query requires iOS snapshot attributes .
2026-08-12 15:25:56.559 Df IlliniCover[21482:3c6d48] [com.apple.dt.xctest:Default] XCTPerformOnMainRunLoop[not MT]: about to CFRunLoopPerform
2026-08-12 15:25:56.560 Df IlliniCover[21482:3c6d48] [com.apple.dt.xctest:Default] XCTPerformOnMainRunLoop[not MT]: waiting with 30.00s responsiveness timeout
2026-08-12 15:25:56.560 Df IlliniCover[21482:3c6d29] [com.apple.dt.xctest:Default] XCTPerformOnMainRunLoop[MT]: inside CFRunLoopPerform
2026-08-12 15:25:56.560 Df IlliniCover[21482:3c6d29] [com.apple.dt.xctest:Default] XCTPerformOnMainRunLoop[MT]: MT responded in time (won the race to the busy flag)
2026-08-12 15:25:56.560 Df IlliniCover[21482:3c6d48] [com.apple.dt.xctest:Default] XCTPerformOnMainRunLoop[not MT]: waiting 60.00s for work to complete
2026-08-12 15:25:56.568 Df IlliniCover[21482:3c6d29] [com.apple.dt.xctest:Default] Got main window <AXUIElementRef 0x108feb0c0> {pid=21482} {uid=[ID:4 hash:0x105a10400]}
2026-08-12 15:25:56.572 Df IlliniCover[21482:3c6d29] [com.apple.dt.xctest:Default] Capturing hierarchy with attributes XC_kAXXCAttributeElementType, XC_kAXXCAttributeElementBaseType, XC_kAXXCAttributeParent, XC_kAXXCAttributeIdentifier, XC_kAXXCAttributeAutomationType, XC_kAXXCAttributeTraits
2026-08-12 15:25:56.572 Df IlliniCover[21482:3c6d29] [com.apple.dt.xctest:Default] Capturing hierarchy with parameters {
    attributes =     (
        5003,
        5004,
        5002,
        5019,
        5058,
        2004
    );
    maxArrayCount = 2147483647;
    maxChildren = 2147483647;
    maxDepth = 2147483647;
    snapshotKeyHonorModalViews = 0;
    traverseFromParentsToChildren = 1;
}
2026-08-12 15:25:56.572 Df IlliniCover[21482:3c6d29] [com.apple.dt.xctest:Default] Snapshot attributes 5003, 5004, 5002, 5019, 5058, 2004
2026-08-12 15:25:56.574 Df IlliniCover[21482:3c6d29] (libMobileGestalt.dylib) Property isp[camera-front] found {length = 4, bytes = 0x01000000}
2026-08-12 15:25:56.574 A  IlliniCover[21482:3c6d29] (CoreFoundation) Updating Key-Value Observers Of Preferences
2026-08-12 15:25:56.592 A  IlliniCover[21482:3c6d29] (libsystem_containermanager.dylib) container_system_group_path_for_identifier
2026-08-12 15:25:56.593 Df IlliniCover[21482:3c6d29] [com.apple.containermanager:xpc] Requesting container lookup; class = 13, identifier = (null), group_identifier = systemgroup.com.apple.configurationprofiles, create = 1, temp = 0, euid = 501, uid = 501
2026-08-12 15:25:56.593 A  IlliniCover[21482:3c6d29] (libsystem_containermanager.dylib) container_query_t
2026-08-12 15:25:56.593 Df IlliniCover[21482:3c6d29] [com.apple.containermanager:xpc] Query; euid = 501, uid = 501, class = 13, identifier = [(null)](0), flags = 900000003
2026-08-12 15:25:56.594 Df IlliniCover[21482:3c6d29] [com.apple.containermanager:unspecified] _container_query_get_result_at_index: success
2026-08-12 15:25:56.594 A  IlliniCover[21482:3c6d29] (libsystem_containermanager.dylib) container_copy_object
2026-08-12 15:25:56.594 Df IlliniCover[21482:3c6d29] [com.apple.containermanager:unspecified] container_system_group_path_for_identifier: success
2026-08-12 15:25:56.594 Df IlliniCover[21482:3c6d29] [com.apple.ManagedConfiguration:MC] Got system group container path from MCM for systemgroup.com.apple.configurationprofiles: /Users/lu/Library/Developer/CoreSimulator/Devices/644F64CD-23BA-4D3C-915E-6B2069961477/data/Containers/Shared/SystemGroup/systemgroup.com.apple.configurationprofiles
2026-08-12 15:25:56.604 Df IlliniCover[21482:3c6d29] [com.apple.dt.xctest:Default] Got snapshot for <AXUIElementRef 0x108fea0a0> {pid=21482} {uid=[ID:1 hash:0x0]}
2026-08-12 15:25:56.604 Df IlliniCover[21482:3c6d29] [com.apple.dt.xctest:Default] Got app orientation 0
2026-08-12 15:25:56.604 Df IlliniCover[21482:3c6d29] [com.apple.dt.xctest:Default] Captured accessibility snapshot data in 0.04s
2026-08-12 15:25:56.604 Df IlliniCover[21482:3c6d48] [com.apple.dt.xctest:Default] Found main window: Window
2026-08-12 15:25:56.604 Df IlliniCover[21482:3c6d48] [com.apple.dt.xctest:Default] Query  found matching snapshots: {(
    Application, pid: 21482
)} (error: (null))
2026-08-12 15:25:56.604 Df IlliniCover[21482:3c6d48] [com.apple.dt.xctest:Default] Replying to query  with results: <XCTElementQueryResults: 0x10586fd20> (error: (null))
2026-08-12 15:25:56.850 Df IlliniCover[21482:3c6d48] [com.apple.dt.xctest:Default] Received request to fetch matches for query:
2026-08-12 15:25:56.850 Df IlliniCover[21482:3c6d31] [com.apple.dt.xctest:Default] Evaluating query:
2026-08-12 15:25:56.850 Df IlliniCover[21482:3c6d31] [com.apple.dt.xctest:Default] Getting root element snapshot
2026-08-12 15:25:56.851 Df IlliniCover[21482:3c6d31] [com.apple.dt.xctest:Default] Getting snapshot for App element pid: 21482 for query
2026-08-12 15:25:56.851 Df IlliniCover[21482:3c6d31] [com.apple.dt.xctest:Default] Query requires iOS snapshot attributes .
2026-08-12 15:25:56.851 Df IlliniCover[21482:3c6d31] [com.apple.dt.xctest:Default] XCTPerformOnMainRunLoop[not MT]: about to CFRunLoopPerform
2026-08-12 15:25:56.851 Df IlliniCover[21482:3c6d31] [com.apple.dt.xctest:Default] XCTPerformOnMainRunLoop[not MT]: waiting with 30.00s responsiveness timeout
2026-08-12 15:25:56.851 Df IlliniCover[21482:3c6d29] [com.apple.dt.xctest:Default] XCTPerformOnMainRunLoop[MT]: inside CFRunLoopPerform
2026-08-12 15:25:56.851 Df IlliniCover[21482:3c6d29] [com.apple.dt.xctest:Default] XCTPerformOnMainRunLoop[MT]: MT responded in time (won the race to the busy flag)
2026-08-12 15:25:56.851 Df IlliniCover[21482:3c6d31] [com.apple.dt.xctest:Default] XCTPerformOnMainRunLoop[not MT]: waiting 60.00s for work to complete
2026-08-12 15:25:56.851 Df IlliniCover[21482:3c6d29] [com.apple.dt.xctest:Default] Got main window <AXUIElementRef 0x108c87390> {pid=21482} {uid=[ID:4 hash:0x105a10400]}
2026-08-12 15:25:56.851 Df IlliniCover[21482:3c6d29] [com.apple.dt.xctest:Default] Capturing hierarchy with attributes XC_kAXXCAttributeElementType, XC_kAXXCAttributeElementBaseType, XC_kAXXCAttributeParent, XC_kAXXCAttributeIdentifier, XC_kAXXCAttributeAutomationType, XC_kAXXCAttributeTraits
2026-08-12 15:25:56.851 Df IlliniCover[21482:3c6d29] [com.apple.dt.xctest:Default] Capturing hierarchy with parameters {
    attributes =     (
        5003,
        5004,
        5002,
        5019,
        5058,
        2004
    );
    maxArrayCount = 2147483647;
    maxChildren = 2147483647;
    maxDepth = 2147483647;
    snapshotKeyHonorModalViews = 0;
    traverseFromParentsToChildren = 1;
}
2026-08-12 15:25:56.851 Df IlliniCover[21482:3c6d29] [com.apple.dt.xctest:Default] Snapshot attributes 5003, 5004, 5002, 5019, 5058, 2004
2026-08-12 15:25:56.852 Df IlliniCover[21482:3c6d29] [com.apple.dt.xctest:Default] Got snapshot for <AXUIElementRef 0x108c45530> {pid=21482} {uid=[ID:1 hash:0x0]}
2026-08-12 15:25:56.852 Df IlliniCover[21482:3c6d29] [com.apple.dt.xctest:Default] Got app orientation 0
2026-08-12 15:25:56.853 Df IlliniCover[21482:3c6d29] [com.apple.dt.xctest:Default] Captured accessibility snapshot data in 0.00s
2026-08-12 15:25:56.853 Df IlliniCover[21482:3c6d31] [com.apple.dt.xctest:Default] Found main window: Window
2026-08-12 15:25:56.853 Df IlliniCover[21482:3c6d31] [com.apple.dt.xctest:Default] Query  found matching snapshots: {(
    Application, pid: 21482
)} (error: (null))
2026-08-12 15:25:56.853 Df IlliniCover[21482:3c6d31] [com.apple.dt.xctest:Default] Replying to query  with results: <XCTElementQueryResults: 0x10586f750> (error: (null))
2026-08-12 15:25:56.999 Df IlliniCover[21482:3c6d31] [com.apple.dt.xctest:Default] Received request to fetch matches for query:
2026-08-12 15:25:56.999 Df IlliniCover[21482:3c6d48] [com.apple.dt.xctest:Default] Evaluating query:
2026-08-12 15:25:56.999 Df IlliniCover[21482:3c6d48] [com.apple.dt.xctest:Default] Getting root element snapshot
2026-08-12 15:25:56.999 Df IlliniCover[21482:3c6d48] [com.apple.dt.xctest:Default] Getting snapshot for App element pid: 21482 for query
2026-08-12 15:25:56.999 Df IlliniCover[21482:3c6d48] [com.apple.dt.xctest:Default] Query requires iOS snapshot attributes .
2026-08-12 15:25:56.999 Df IlliniCover[21482:3c6d48] [com.apple.dt.xctest:Default] XCTPerformOnMainRunLoop[not MT]: about to CFRunLoopPerform
2026-08-12 15:25:56.999 Df IlliniCover[21482:3c6d48] [com.apple.dt.xctest:Default] XCTPerformOnMainRunLoop[not MT]: waiting with 30.00s responsiveness timeout
2026-08-12 15:25:56.999 Df IlliniCover[21482:3c6d29] [com.apple.dt.xctest:Default] XCTPerformOnMainRunLoop[MT]: inside CFRunLoopPerform
2026-08-12 15:25:56.999 Df IlliniCover[21482:3c6d29] [com.apple.dt.xctest:Default] XCTPerformOnMainRunLoop[MT]: MT responded in time (won the race to the busy flag)
2026-08-12 15:25:56.999 Df IlliniCover[21482:3c6d48] [com.apple.dt.xctest:Default] XCTPerformOnMainRunLoop[not MT]: waiting 60.00s for work to complete
2026-08-12 15:25:57.000 Df IlliniCover[21482:3c6d29] [com.apple.dt.xctest:Default] Got main window <AXUIElementRef 0x108feae80> {pid=21482} {uid=[ID:4 hash:0x105a10400]}
2026-08-12 15:25:57.000 Df IlliniCover[21482:3c6d29] [com.apple.dt.xctest:Default] Capturing hierarchy with attributes XC_kAXXCAttributeElementType, XC_kAXXCAttributeElementBaseType, XC_kAXXCAttributeParent, XC_kAXXCAttributeIdentifier, XC_kAXXCAttributeAutomationType, XC_kAXXCAttributeTraits
2026-08-12 15:25:57.000 Df IlliniCover[21482:3c6d29] [com.apple.dt.xctest:Default] Capturing hierarchy with parameters {
    attributes =     (
        5003,
        5004,
        5002,
        5019,
        5058,
        2004
    );
    maxArrayCount = 2147483647;
    maxChildren = 2147483647;
    maxDepth = 2147483647;
    snapshotKeyHonorModalViews = 0;
    traverseFromParentsToChildren = 1;
}
2026-08-12 15:25:57.000 Df IlliniCover[21482:3c6d29] [com.apple.dt.xctest:Default] Snapshot attributes 5003, 5004, 5002, 5019, 5058, 2004
2026-08-12 15:25:57.001 Df IlliniCover[21482:3c6d29] [com.apple.dt.xctest:Default] Got snapshot for <AXUIElementRef 0x108feafa0> {pid=21482} {uid=[ID:1 hash:0x0]}
2026-08-12 15:25:57.001 Df IlliniCover[21482:3c6d29] [com.apple.dt.xctest:Default] Got app orientation 0
2026-08-12 15:25:57.001 Df IlliniCover[21482:3c6d29] [com.apple.dt.xctest:Default] Captured accessibility snapshot data in 0.00s
2026-08-12 15:25:57.001 Df IlliniCover[21482:3c6d48] [com.apple.dt.xctest:Default] Found main window: Window
2026-08-12 15:25:57.001 Df IlliniCover[21482:3c6d48] [com.apple.dt.xctest:Default] Query  found matching snapshots: {(
    Application, pid: 21482
)} (error: (null))
2026-08-12 15:25:57.001 Df IlliniCover[21482:3c6d48] [com.apple.dt.xctest:Default] Replying to query  with results: <XCTElementQueryResults: 0x10586cc30> (error: (null))
2026-08-12 15:25:57.157 Df IlliniCover[21482:3c6d48] [com.apple.dt.xctest:Default] Received request to fetch matches for query:
2026-08-12 15:25:57.157 Df IlliniCover[21482:3c6d48] [com.apple.dt.xctest:Default] Evaluating query:
2026-08-12 15:25:57.157 Df IlliniCover[21482:3c6d48] [com.apple.dt.xctest:Default] Getting root element snapshot
2026-08-12 15:25:57.157 Df IlliniCover[21482:3c6d48] [com.apple.dt.xctest:Default] Getting snapshot for App element pid: 21482 for query
2026-08-12 15:25:57.157 Df IlliniCover[21482:3c6d48] [com.apple.dt.xctest:Default] Query requires iOS snapshot attributes .
2026-08-12 15:25:57.157 Df IlliniCover[21482:3c6d48] [com.apple.dt.xctest:Default] XCTPerformOnMainRunLoop[not MT]: about to CFRunLoopPerform
2026-08-12 15:25:57.157 Df IlliniCover[21482:3c6d48] [com.apple.dt.xctest:Default] XCTPerformOnMainRunLoop[not MT]: waiting with 30.00s responsiveness timeout
2026-08-12 15:25:57.157 Df IlliniCover[21482:3c6d29] [com.apple.dt.xctest:Default] XCTPerformOnMainRunLoop[MT]: inside CFRunLoopPerform
2026-08-12 15:25:57.157 Df IlliniCover[21482:3c6d29] [com.apple.dt.xctest:Default] XCTPerformOnMainRunLoop[MT]: MT responded in time (won the race to the busy flag)
2026-08-12 15:25:57.157 Df IlliniCover[21482:3c6d48] [com.apple.dt.xctest:Default] XCTPerformOnMainRunLoop[not MT]: waiting 60.00s for work to complete
2026-08-12 15:25:57.158 Df IlliniCover[21482:3c6d29] [com.apple.dt.xctest:Default] Got main window <AXUIElementRef 0x108c88e70> {pid=21482} {uid=[ID:4 hash:0x105a10400]}
2026-08-12 15:25:57.158 Df IlliniCover[21482:3c6d29] [com.apple.dt.xctest:Default] Capturing hierarchy with attributes XC_kAXXCAttributeElementType, XC_kAXXCAttributeElementBaseType, XC_kAXXCAttributeParent, XC_kAXXCAttributeIdentifier, XC_kAXXCAttributeAutomationType, XC_kAXXCAttributeTraits
2026-08-12 15:25:57.158 Df IlliniCover[21482:3c6d29] [com.apple.dt.xctest:Default] Capturing hierarchy with parameters {
    attributes =     (
        5003,
        5004,
        5002,
        5019,
        5058,
        2004
    );
    maxArrayCount = 2147483647;
    maxChildren = 2147483647;
    maxDepth = 2147483647;
    snapshotKeyHonorModalViews = 0;
    traverseFromParentsToChildren = 1;
}
2026-08-12 15:25:57.158 Df IlliniCover[21482:3c6d29] [com.apple.dt.xctest:Default] Snapshot attributes 5003, 5004, 5002, 5019, 5058, 2004
2026-08-12 15:25:57.159 Df IlliniCover[21482:3c6d29] [com.apple.dt.xctest:Default] Got snapshot for <AXUIElementRef 0x108c12160> {pid=21482} {uid=[ID:1 hash:0x0]}
2026-08-12 15:25:57.159 Df IlliniCover[21482:3c6d29] [com.apple.dt.xctest:Default] Got app orientation 0
2026-08-12 15:25:57.159 Df IlliniCover[21482:3c6d29] [com.apple.dt.xctest:Default] Captured accessibility snapshot data in 0.00s
2026-08-12 15:25:57.159 Df IlliniCover[21482:3c6d48] [com.apple.dt.xctest:Default] Found main window: Window
2026-08-12 15:25:57.160 Df IlliniCover[21482:3c6d48] [com.apple.dt.xctest:Default] Query  found matching snapshots: {(
    Application, pid: 21482
)} (error: (null))
2026-08-12 15:25:57.160 Df IlliniCover[21482:3c6d48] [com.apple.dt.xctest:Default] Replying to query  with results: <XCTElementQueryResults: 0x10586fae0> (error: (null))
2026-08-12 15:25:57.356 Df IlliniCover[21482:3c6d48] [com.apple.dt.xctest:Default] Received request to fetch matches for query:
2026-08-12 15:25:57.356 Df IlliniCover[21482:3c6d48] [com.apple.dt.xctest:Default] Evaluating query:
2026-08-12 15:25:57.356 Df IlliniCover[21482:3c6d48] [com.apple.dt.xctest:Default] Getting root element snapshot
2026-08-12 15:25:57.356 Df IlliniCover[21482:3c6d48] [com.apple.dt.xctest:Default] Getting snapshot for App element pid: 21482 for query
2026-08-12 15:25:57.356 Df IlliniCover[21482:3c6d48] [com.apple.dt.xctest:Default] Query requires iOS snapshot attributes .
2026-08-12 15:25:57.357 Df IlliniCover[21482:3c6d48] [com.apple.dt.xctest:Default] XCTPerformOnMainRunLoop[not MT]: about to CFRunLoopPerform
2026-08-12 15:25:57.357 Df IlliniCover[21482:3c6d48] [com.apple.dt.xctest:Default] XCTPerformOnMainRunLoop[not MT]: waiting with 30.00s responsiveness timeout
2026-08-12 15:25:57.357 Df IlliniCover[21482:3c6d29] [com.apple.dt.xctest:Default] XCTPerformOnMainRunLoop[MT]: inside CFRunLoopPerform
2026-08-12 15:25:57.357 Df IlliniCover[21482:3c6d29] [com.apple.dt.xctest:Default] XCTPerformOnMainRunLoop[MT]: MT responded in time (won the race to the busy flag)
2026-08-12 15:25:57.357 Df IlliniCover[21482:3c6d48] [com.apple.dt.xctest:Default] XCTPerformOnMainRunLoop[not MT]: waiting 60.00s for work to complete
2026-08-12 15:25:57.357 Df IlliniCover[21482:3c6d29] [com.apple.dt.xctest:Default] Got main window <AXUIElementRef 0x108feb4b0> {pid=21482} {uid=[ID:4 hash:0x105a10400]}
2026-08-12 15:25:57.357 Df IlliniCover[21482:3c6d29] [com.apple.dt.xctest:Default] Capturing hierarchy with attributes XC_kAXXCAttributeElementType, XC_kAXXCAttributeElementBaseType, XC_kAXXCAttributeParent, XC_kAXXCAttributeIdentifier, XC_kAXXCAttributeAutomationType, XC_kAXXCAttributeTraits
2026-08-12 15:25:57.357 Df IlliniCover[21482:3c6d29] [com.apple.dt.xctest:Default] Capturing hierarchy with parameters {
    attributes =     (
        5003,
        5004,
        5002,
        5019,
        5058,
        2004
    );
    maxArrayCount = 2147483647;
    maxChildren = 2147483647;
    maxDepth = 2147483647;
    snapshotKeyHonorModalViews = 0;
    traverseFromParentsToChildren = 1;
}
2026-08-12 15:25:57.357 Df IlliniCover[21482:3c6d29] [com.apple.dt.xctest:Default] Snapshot attributes 5003, 5004, 5002, 5019, 5058, 2004
2026-08-12 15:25:57.358 Df IlliniCover[21482:3c6d29] [com.apple.dt.xctest:Default] Got snapshot for <AXUIElementRef 0x105ad08a0> {pid=21482} {uid=[ID:1 hash:0x0]}
2026-08-12 15:25:57.358 Df IlliniCover[21482:3c6d29] [com.apple.dt.xctest:Default] Got app orientation 0
2026-08-12 15:25:57.358 Df IlliniCover[21482:3c6d29] [com.apple.dt.xctest:Default] Captured accessibility snapshot data in 0.00s
2026-08-12 15:25:57.359 Df IlliniCover[21482:3c6d48] [com.apple.dt.xctest:Default] Found main window: Window
2026-08-12 15:25:57.359 Df IlliniCover[21482:3c6d48] [com.apple.dt.xctest:Default] Query  found matching snapshots: {(
    Application, pid: 21482
)} (error: (null))
2026-08-12 15:25:57.359 Df IlliniCover[21482:3c6d48] [com.apple.dt.xctest:Default] Replying to query  with results: <XCTElementQueryResults: 0x10586e9a0> (error: (null))
2026-08-12 15:25:57.539 Df IlliniCover[21482:3c6d48] [com.apple.dt.xctest:Default] Received request to fetch matches for query:
2026-08-12 15:25:57.539 Df IlliniCover[21482:3c6d48] [com.apple.dt.xctest:Default] Evaluating query:
2026-08-12 15:25:57.539 Df IlliniCover[21482:3c6d48] [com.apple.dt.xctest:Default] Getting root element snapshot
2026-08-12 15:25:57.539 Df IlliniCover[21482:3c6d48] [com.apple.dt.xctest:Default] Getting snapshot for App element pid: 21482 for query
2026-08-12 15:25:57.539 Df IlliniCover[21482:3c6d48] [com.apple.dt.xctest:Default] Query requires iOS snapshot attributes .
2026-08-12 15:25:57.539 Df IlliniCover[21482:3c6d48] [com.apple.dt.xctest:Default] XCTPerformOnMainRunLoop[not MT]: about to CFRunLoopPerform
2026-08-12 15:25:57.539 Df IlliniCover[21482:3c6d48] [com.apple.dt.xctest:Default] XCTPerformOnMainRunLoop[not MT]: waiting with 30.00s responsiveness timeout
2026-08-12 15:25:57.539 Df IlliniCover[21482:3c6d29] [com.apple.dt.xctest:Default] XCTPerformOnMainRunLoop[MT]: inside CFRunLoopPerform
2026-08-12 15:25:57.539 Df IlliniCover[21482:3c6d29] [com.apple.dt.xctest:Default] XCTPerformOnMainRunLoop[MT]: MT responded in time (won the race to the busy flag)
2026-08-12 15:25:57.539 Df IlliniCover[21482:3c6d48] [com.apple.dt.xctest:Default] XCTPerformOnMainRunLoop[not MT]: waiting 60.00s for work to complete
2026-08-12 15:25:57.539 Df IlliniCover[21482:3c6d29] [com.apple.dt.xctest:Default] Got main window <AXUIElementRef 0x108c86fa0> {pid=21482} {uid=[ID:4 hash:0x105a10400]}
2026-08-12 15:25:57.539 Df IlliniCover[21482:3c6d29] [com.apple.dt.xctest:Default] Capturing hierarchy with attributes XC_kAXXCAttributeElementType, XC_kAXXCAttributeElementBaseType, XC_kAXXCAttributeParent, XC_kAXXCAttributeIdentifier, XC_kAXXCAttributeAutomationType, XC_kAXXCAttributeTraits
2026-08-12 15:25:57.539 Df IlliniCover[21482:3c6d29] [com.apple.dt.xctest:Default] Capturing hierarchy with parameters {
    attributes =     (
        5003,
        5004,
        5002,
        5019,
        5058,
        2004
    );
    maxArrayCount = 2147483647;
    maxChildren = 2147483647;
    maxDepth = 2147483647;
    snapshotKeyHonorModalViews = 0;
    traverseFromParentsToChildren = 1;
}
2026-08-12 15:25:57.540 Df IlliniCover[21482:3c6d29] [com.apple.dt.xctest:Default] Snapshot attributes 5003, 5004, 5002, 5019, 5058, 2004
2026-08-12 15:25:57.540 Df IlliniCover[21482:3c6d29] [com.apple.dt.xctest:Default] Got snapshot for <AXUIElementRef 0x108c88db0> {pid=21482} {uid=[ID:1 hash:0x0]}
2026-08-12 15:25:57.541 Df IlliniCover[21482:3c6d29] [com.apple.dt.xctest:Default] Got app orientation 0
2026-08-12 15:25:57.541 Df IlliniCover[21482:3c6d29] [com.apple.dt.xctest:Default] Captured accessibility snapshot data in 0.00s
2026-08-12 15:25:57.541 Df IlliniCover[21482:3c6d48] [com.apple.dt.xctest:Default] Found main window: Window
2026-08-12 15:25:57.541 Df IlliniCover[21482:3c6d48] [com.apple.dt.xctest:Default] Query  found matching snapshots: {(
    Application, pid: 21482
)} (error: (null))
2026-08-12 15:25:57.541 Df IlliniCover[21482:3c6d48] [com.apple.dt.xctest:Default] Replying to query  with results: <XCTElementQueryResults: 0x10586d3e0> (error: (null))
2026-08-12 15:25:57.680 Df IlliniCover[21482:3c6d48] [com.apple.dt.xctest:Default] Received request to fetch matches for query:
2026-08-12 15:25:57.680 Df IlliniCover[21482:3c6d31] [com.apple.dt.xctest:Default] Evaluating query:
2026-08-12 15:25:57.680 Df IlliniCover[21482:3c6d31] [com.apple.dt.xctest:Default] Getting root element snapshot
2026-08-12 15:25:57.680 Df IlliniCover[21482:3c6d31] [com.apple.dt.xctest:Default] Getting snapshot for App element pid: 21482 for query
2026-08-12 15:25:57.680 Df IlliniCover[21482:3c6d31] [com.apple.dt.xctest:Default] Query requires iOS snapshot attributes .
2026-08-12 15:25:57.680 Df IlliniCover[21482:3c6d31] [com.apple.dt.xctest:Default] XCTPerformOnMainRunLoop[not MT]: about to CFRunLoopPerform
2026-08-12 15:25:57.680 Df IlliniCover[21482:3c6d31] [com.apple.dt.xctest:Default] XCTPerformOnMainRunLoop[not MT]: waiting with 30.00s responsiveness timeout
2026-08-12 15:25:57.680 Df IlliniCover[21482:3c6d29] [com.apple.dt.xctest:Default] XCTPerformOnMainRunLoop[MT]: inside CFRunLoopPerform
2026-08-12 15:25:57.680 Df IlliniCover[21482:3c6d29] [com.apple.dt.xctest:Default] XCTPerformOnMainRunLoop[MT]: MT responded in time (won the race to the busy flag)
2026-08-12 15:25:57.680 Df IlliniCover[21482:3c6d31] [com.apple.dt.xctest:Default] XCTPerformOnMainRunLoop[not MT]: waiting 60.00s for work to complete
2026-08-12 15:25:57.680 Df IlliniCover[21482:3c6d29] [com.apple.dt.xctest:Default] Got main window <AXUIElementRef 0x108d177b0> {pid=21482} {uid=[ID:4 hash:0x105a10400]}
2026-08-12 15:25:57.680 Df IlliniCover[21482:3c6d29] [com.apple.dt.xctest:Default] Capturing hierarchy with attributes XC_kAXXCAttributeElementType, XC_kAXXCAttributeElementBaseType, XC_kAXXCAttributeParent, XC_kAXXCAttributeIdentifier, XC_kAXXCAttributeAutomationType, XC_kAXXCAttributeTraits
2026-08-12 15:25:57.680 Df IlliniCover[21482:3c6d29] [com.apple.dt.xctest:Default] Capturing hierarchy with parameters {
    attributes =     (
        5003,
        5004,
        5002,
        5019,
        5058,
        2004
    );
    maxArrayCount = 2147483647;
    maxChildren = 2147483647;
    maxDepth = 2147483647;
    snapshotKeyHonorModalViews = 0;
    traverseFromParentsToChildren = 1;
}
2026-08-12 15:25:57.680 Df IlliniCover[21482:3c6d29] [com.apple.dt.xctest:Default] Snapshot attributes 5003, 5004, 5002, 5019, 5058, 2004
2026-08-12 15:25:57.681 Df IlliniCover[21482:3c6d29] [com.apple.dt.xctest:Default] Got snapshot for <AXUIElementRef 0x108d16910> {pid=21482} {uid=[ID:1 hash:0x0]}
2026-08-12 15:25:57.681 Df IlliniCover[21482:3c6d29] [com.apple.dt.xctest:Default] Got app orientation 0
2026-08-12 15:25:57.682 Df IlliniCover[21482:3c6d29] [com.apple.dt.xctest:Default] Captured accessibility snapshot data in 0.00s
2026-08-12 15:25:57.682 Df IlliniCover[21482:3c6d31] [com.apple.dt.xctest:Default] Found main window: Window
2026-08-12 15:25:57.682 Df IlliniCover[21482:3c6d31] [com.apple.dt.xctest:Default] Query  found matching snapshots: {(
    Application, pid: 21482
)} (error: (null))
2026-08-12 15:25:57.682 Df IlliniCover[21482:3c6d31] [com.apple.dt.xctest:Default] Replying to query  with results: <XCTElementQueryResults: 0x10586e460> (error: (null))
2026-08-12 15:25:57.832 Df IlliniCover[21482:3c6d31] [com.apple.dt.xctest:Default] Received request to fetch matches for query:
2026-08-12 15:25:57.833 Df IlliniCover[21482:3c6d48] [com.apple.dt.xctest:Default] Evaluating query:
2026-08-12 15:25:57.833 Df IlliniCover[21482:3c6d48] [com.apple.dt.xctest:Default] Getting root element snapshot
2026-08-12 15:25:57.833 Df IlliniCover[21482:3c6d48] [com.apple.dt.xctest:Default] Getting snapshot for App element pid: 21482 for query
2026-08-12 15:25:57.833 Df IlliniCover[21482:3c6d48] [com.apple.dt.xctest:Default] Query requires iOS snapshot attributes .
2026-08-12 15:25:57.833 Df IlliniCover[21482:3c6d48] [com.apple.dt.xctest:Default] XCTPerformOnMainRunLoop[not MT]: about to CFRunLoopPerform
2026-08-12 15:25:57.833 Df IlliniCover[21482:3c6d48] [com.apple.dt.xctest:Default] XCTPerformOnMainRunLoop[not MT]: waiting with 30.00s responsiveness timeout
2026-08-12 15:25:57.833 Df IlliniCover[21482:3c6d29] [com.apple.dt.xctest:Default] XCTPerformOnMainRunLoop[MT]: inside CFRunLoopPerform
2026-08-12 15:25:57.833 Df IlliniCover[21482:3c6d29] [com.apple.dt.xctest:Default] XCTPerformOnMainRunLoop[MT]: MT responded in time (won the race to the busy flag)
2026-08-12 15:25:57.833 Df IlliniCover[21482:3c6d48] [com.apple.dt.xctest:Default] XCTPerformOnMainRunLoop[not MT]: waiting 60.00s for work to complete
2026-08-12 15:25:57.833 Df IlliniCover[21482:3c6d29] [com.apple.dt.xctest:Default] Got main window <AXUIElementRef 0x108cdbc90> {pid=21482} {uid=[ID:4 hash:0x105a10400]}
2026-08-12 15:25:57.833 Df IlliniCover[21482:3c6d29] [com.apple.dt.xctest:Default] Capturing hierarchy with attributes XC_kAXXCAttributeElementType, XC_kAXXCAttributeElementBaseType, XC_kAXXCAttributeParent, XC_kAXXCAttributeIdentifier, XC_kAXXCAttributeAutomationType, XC_kAXXCAttributeTraits
2026-08-12 15:25:57.833 Df IlliniCover[21482:3c6d29] [com.apple.dt.xctest:Default] Capturing hierarchy with parameters {
    attributes =     (
        5003,
        5004,
        5002,
        5019,
        5058,
        2004
    );
    maxArrayCount = 2147483647;
    maxChildren = 2147483647;
    maxDepth = 2147483647;
    snapshotKeyHonorModalViews = 0;
    traverseFromParentsToChildren = 1;
}
2026-08-12 15:25:57.833 Df IlliniCover[21482:3c6d29] [com.apple.dt.xctest:Default] Snapshot attributes 5003, 5004, 5002, 5019, 5058, 2004
2026-08-12 15:25:57.835 Df IlliniCover[21482:3c6d29] [com.apple.dt.xctest:Default] Got snapshot for <AXUIElementRef 0x108cd8660> {pid=21482} {uid=[ID:1 hash:0x0]}
2026-08-12 15:25:57.835 Df IlliniCover[21482:3c6d29] [com.apple.dt.xctest:Default] Got app orientation 0
2026-08-12 15:25:57.835 Df IlliniCover[21482:3c6d29] [com.apple.dt.xctest:Default] Captured accessibility snapshot data in 0.00s
2026-08-12 15:25:57.835 Df IlliniCover[21482:3c6d48] [com.apple.dt.xctest:Default] Found main window: Window
2026-08-12 15:25:57.835 Df IlliniCover[21482:3c6d48] [com.apple.dt.xctest:Default] Query  found matching snapshots: {(
    Application, pid: 21482
)} (error: (null))
2026-08-12 15:25:57.835 Df IlliniCover[21482:3c6d48] [com.apple.dt.xctest:Default] Replying to query  with results: <XCTElementQueryResults: 0x10586e4f0> (error: (null))
2026-08-12 15:25:58.020 Df IlliniCover[21482:3c6d48] [com.apple.dt.xctest:Default] Received request to fetch matches for query:
2026-08-12 15:25:58.020 Df IlliniCover[21482:3c6d48] [com.apple.dt.xctest:Default] Evaluating query:
2026-08-12 15:25:58.020 Df IlliniCover[21482:3c6d48] [com.apple.dt.xctest:Default] Getting root element snapshot
2026-08-12 15:25:58.020 Df IlliniCover[21482:3c6d48] [com.apple.dt.xctest:Default] Getting snapshot for App element pid: 21482 for query
2026-08-12 15:25:58.020 Df IlliniCover[21482:3c6d48] [com.apple.dt.xctest:Default] Query requires iOS snapshot attributes .
2026-08-12 15:25:58.020 Df IlliniCover[21482:3c6d48] [com.apple.dt.xctest:Default] XCTPerformOnMainRunLoop[not MT]: about to CFRunLoopPerform
2026-08-12 15:25:58.020 Df IlliniCover[21482:3c6d29] [com.apple.dt.xctest:Default] XCTPerformOnMainRunLoop[MT]: inside CFRunLoopPerform
2026-08-12 15:25:58.020 Df IlliniCover[21482:3c6d29] [com.apple.dt.xctest:Default] XCTPerformOnMainRunLoop[MT]: MT responded in time (won the race to the busy flag)
2026-08-12 15:25:58.020 Df IlliniCover[21482:3c6d48] [com.apple.dt.xctest:Default] XCTPerformOnMainRunLoop[not MT]: waiting with 30.00s responsiveness timeout
2026-08-12 15:25:58.020 Df IlliniCover[21482:3c6d48] [com.apple.dt.xctest:Default] XCTPerformOnMainRunLoop[not MT]: waiting 60.00s for work to complete
2026-08-12 15:25:58.021 Df IlliniCover[21482:3c6d29] [com.apple.dt.xctest:Default] Got main window <AXUIElementRef 0x108d17270> {pid=21482} {uid=[ID:4 hash:0x105a10400]}
2026-08-12 15:25:58.021 Df IlliniCover[21482:3c6d29] [com.apple.dt.xctest:Default] Capturing hierarchy with attributes XC_kAXXCAttributeElementType, XC_kAXXCAttributeElementBaseType, XC_kAXXCAttributeParent, XC_kAXXCAttributeIdentifier, XC_kAXXCAttributeAutomationType, XC_kAXXCAttributeTraits
2026-08-12 15:25:58.022 Df IlliniCover[21482:3c6d29] [com.apple.dt.xctest:Default] Capturing hierarchy with parameters {
    attributes =     (
        5003,
        5004,
        5002,
        5019,
        5058,
        2004
    );
    maxArrayCount = 2147483647;
    maxChildren = 2147483647;
    maxDepth = 2147483647;
    snapshotKeyHonorModalViews = 0;
    traverseFromParentsToChildren = 1;
}
2026-08-12 15:25:58.022 Df IlliniCover[21482:3c6d29] [com.apple.dt.xctest:Default] Snapshot attributes 5003, 5004, 5002, 5019, 5058, 2004
2026-08-12 15:25:58.025 Df IlliniCover[21482:3c6d29] [com.apple.dt.xctest:Default] Got snapshot for <AXUIElementRef 0x108d17780> {pid=21482} {uid=[ID:1 hash:0x0]}
2026-08-12 15:25:58.025 Df IlliniCover[21482:3c6d29] [com.apple.dt.xctest:Default] Got app orientation 0
2026-08-12 15:25:58.025 Df IlliniCover[21482:3c6d29] [com.apple.dt.xctest:Default] Captured accessibility snapshot data in 0.00s
2026-08-12 15:25:58.025 Df IlliniCover[21482:3c6d48] [com.apple.dt.xctest:Default] Found main window: Window
2026-08-12 15:25:58.025 Df IlliniCover[21482:3c6d48] [com.apple.dt.xctest:Default] Query  found matching snapshots: {(
    Application, pid: 21482
)} (error: (null))
2026-08-12 15:25:58.025 Df IlliniCover[21482:3c6d48] [com.apple.dt.xctest:Default] Replying to query  with results: <XCTElementQueryResults: 0x10586fe10> (error: (null))
2026-08-12 15:25:58.135 Df IlliniCover[21482:3c6d48] [com.apple.xpc:connection] [0x108df5b80] activating connection: mach=true listener=false peer=false name=com.apple.fontservicesd
2026-08-12 15:25:58.149 Df IlliniCover[21482:3c6d31] [com.apple.dt.xctest:Default] Received request to fetch matches for query:
2026-08-12 15:25:58.149 Df IlliniCover[21482:3c6d48] [com.apple.dt.xctest:Default] Evaluating query:
2026-08-12 15:25:58.149 Df IlliniCover[21482:3c6d48] [com.apple.dt.xctest:Default] Getting root element snapshot
2026-08-12 15:25:58.149 Df IlliniCover[21482:3c6d48] [com.apple.dt.xctest:Default] Getting snapshot for App element pid: 21482 for query
2026-08-12 15:25:58.149 Df IlliniCover[21482:3c6d48] [com.apple.dt.xctest:Default] Query requires iOS snapshot attributes .
2026-08-12 15:25:58.149 Df IlliniCover[21482:3c6d48] [com.apple.dt.xctest:Default] XCTPerformOnMainRunLoop[not MT]: about to CFRunLoopPerform
2026-08-12 15:25:58.149 Df IlliniCover[21482:3c6d48] [com.apple.dt.xctest:Default] XCTPerformOnMainRunLoop[not MT]: waiting with 30.00s responsiveness timeout
2026-08-12 15:25:58.155 Df IlliniCover[21482:3c6d29] [com.apple.dt.xctest:Default] XCTPerformOnMainRunLoop[MT]: inside CFRunLoopPerform
2026-08-12 15:25:58.155 Df IlliniCover[21482:3c6d29] [com.apple.dt.xctest:Default] XCTPerformOnMainRunLoop[MT]: MT responded in time (won the race to the busy flag)
2026-08-12 15:25:58.155 Df IlliniCover[21482:3c6d48] [com.apple.dt.xctest:Default] XCTPerformOnMainRunLoop[not MT]: waiting 60.00s for work to complete
2026-08-12 15:25:58.156 Df IlliniCover[21482:3c6d29] [com.apple.dt.xctest:Default] Got main window <AXUIElementRef 0x116c408d0> {pid=21482} {uid=[ID:4 hash:0x105a10400]}
2026-08-12 15:25:58.156 Df IlliniCover[21482:3c6d29] [com.apple.dt.xctest:Default] Capturing hierarchy with attributes XC_kAXXCAttributeElementType, XC_kAXXCAttributeElementBaseType, XC_kAXXCAttributeParent, XC_kAXXCAttributeIdentifier, XC_kAXXCAttributeAutomationType, XC_kAXXCAttributeTraits
2026-08-12 15:25:58.156 Df IlliniCover[21482:3c6d29] [com.apple.dt.xctest:Default] Capturing hierarchy with parameters {
    attributes =     (
        5003,
        5004,
        5002,
        5019,
        5058,
        2004
    );
    maxArrayCount = 2147483647;
    maxChildren = 2147483647;
    maxDepth = 2147483647;
    snapshotKeyHonorModalViews = 0;
    traverseFromParentsToChildren = 1;
}
2026-08-12 15:25:58.156 Df IlliniCover[21482:3c6d29] [com.apple.dt.xctest:Default] Snapshot attributes 5003, 5004, 5002, 5019, 5058, 2004
2026-08-12 15:25:58.157 Df IlliniCover[21482:3c6d29] [com.apple.dt.xctest:Default] Got snapshot for <AXUIElementRef 0x115b8f4e0> {pid=21482} {uid=[ID:1 hash:0x0]}
2026-08-12 15:25:58.157 Df IlliniCover[21482:3c6d29] [com.apple.dt.xctest:Default] Got app orientation 0
2026-08-12 15:25:58.157 Df IlliniCover[21482:3c6d29] [com.apple.dt.xctest:Default] Captured accessibility snapshot data in 0.00s
2026-08-12 15:25:58.157 Df IlliniCover[21482:3c6d48] [com.apple.dt.xctest:Default] Found main window: Window
2026-08-12 15:25:58.157 Df IlliniCover[21482:3c6d48] [com.apple.dt.xctest:Default] Query  found matching snapshots: {(
    Application, pid: 21482
)} (error: (null))
2026-08-12 15:25:58.157 Df IlliniCover[21482:3c6d48] [com.apple.dt.xctest:Default] Replying to query  with results: <XCTElementQueryResults: 0x10586cc90> (error: (null))
2026-08-12 15:25:58.215 Df IlliniCover[21482:3c6d31] [com.apple.FileURL:default] kExcludedFromBackupXattrName set on path: /Users/lu/Library/Developer/CoreSimulator/Devices/644F64CD-23BA-4D3C-915E-6B2069961477/data/Containers/Data/Application/CF968DD7-918A-4335-BA18-D14F0BECC12E/Library/Application Support/com.illinicover.app/RCTAsyncLocalStorage_V1
2026-08-12 15:25:58.260 Df IlliniCover[21482:3c6d31] [com.apple.dt.xctest:Default] Received request to fetch matches for query:
2026-08-12 15:25:58.260 Df IlliniCover[21482:3c6d48] [com.apple.dt.xctest:Default] Evaluating query:
2026-08-12 15:25:58.260 Df IlliniCover[21482:3c6d48] [com.apple.dt.xctest:Default] Getting root element snapshot
2026-08-12 15:25:58.260 Df IlliniCover[21482:3c6d48] [com.apple.dt.xctest:Default] Getting snapshot for App element pid: 21482 for query
2026-08-12 15:25:58.260 Df IlliniCover[21482:3c6d48] [com.apple.dt.xctest:Default] Query requires iOS snapshot attributes .
2026-08-12 15:25:58.260 Df IlliniCover[21482:3c6d48] [com.apple.dt.xctest:Default] XCTPerformOnMainRunLoop[not MT]: about to CFRunLoopPerform
2026-08-12 15:25:58.260 Df IlliniCover[21482:3c6d48] [com.apple.dt.xctest:Default] XCTPerformOnMainRunLoop[not MT]: waiting with 30.00s responsiveness timeout
2026-08-12 15:25:58.260 Df IlliniCover[21482:3c6d29] [com.apple.dt.xctest:Default] XCTPerformOnMainRunLoop[MT]: inside CFRunLoopPerform
2026-08-12 15:25:58.260 Df IlliniCover[21482:3c6d29] [com.apple.dt.xctest:Default] XCTPerformOnMainRunLoop[MT]: MT responded in time (won the race to the busy flag)
2026-08-12 15:25:58.260 Df IlliniCover[21482:3c6d48] [com.apple.dt.xctest:Default] XCTPerformOnMainRunLoop[not MT]: waiting 60.00s for work to complete
2026-08-12 15:25:58.260 Df IlliniCover[21482:3c6d29] [com.apple.dt.xctest:Default] Got main window <AXUIElementRef 0x118ce4390> {pid=21482} {uid=[ID:4 hash:0x105a10400]}
2026-08-12 15:25:58.260 Df IlliniCover[21482:3c6d29] [com.apple.dt.xctest:Default] Capturing hierarchy with attributes XC_kAXXCAttributeElementType, XC_kAXXCAttributeElementBaseType, XC_kAXXCAttributeParent, XC_kAXXCAttributeIdentifier, XC_kAXXCAttributeAutomationType, XC_kAXXCAttributeTraits
2026-08-12 15:25:58.260 Df IlliniCover[21482:3c6d29] [com.apple.dt.xctest:Default] Capturing hierarchy with parameters {
    attributes =     (
        5003,
        5004,
        5002,
        5019,
        5058,
        2004
    );
    maxArrayCount = 2147483647;
    maxChildren = 2147483647;
    maxDepth = 2147483647;
    snapshotKeyHonorModalViews = 0;
    traverseFromParentsToChildren = 1;
}
2026-08-12 15:25:58.260 Df IlliniCover[21482:3c6d29] [com.apple.dt.xctest:Default] Snapshot attributes 5003, 5004, 5002, 5019, 5058, 2004
2026-08-12 15:25:58.262 Df IlliniCover[21482:3c6d29] [com.apple.dt.xctest:Default] Got snapshot for <AXUIElementRef 0x118ce40c0> {pid=21482} {uid=[ID:1 hash:0x0]}
2026-08-12 15:25:58.262 Df IlliniCover[21482:3c6d29] [com.apple.dt.xctest:Default] Got app orientation 0
2026-08-12 15:25:58.262 Df IlliniCover[21482:3c6d29] [com.apple.dt.xctest:Default] Captured accessibility snapshot data in 0.00s
2026-08-12 15:25:58.262 Df IlliniCover[21482:3c6d48] [com.apple.dt.xctest:Default] Found main window: Window
2026-08-12 15:25:58.262 Df IlliniCover[21482:3c6d48] [com.apple.dt.xctest:Default] Query  found matching snapshots: {(
    Application, pid: 21482
)} (error: (null))
2026-08-12 15:25:58.262 Df IlliniCover[21482:3c6d48] [com.apple.dt.xctest:Default] Replying to query  with results: <XCTElementQueryResults: 0x10586eaf0> (error: (null))
2026-08-12 15:25:58.278 Df IlliniCover[21482:3c6d4b] [com.apple.xpc:connection] [0x108df6a80] activating connection: mach=true listener=false peer=false name=com.apple.lsd.mapdb
2026-08-12 15:25:58.349 Df IlliniCover[21482:3c6d29] [com.apple.xpc:connection] [0x108df5cc0] activating connection: mach=true listener=false peer=false name=com.apple.lsd.advertisingidentifiers
2026-08-12 15:25:58.352 Df IlliniCover[21482:3c6d29] Session replay disabled via configuration
2026-08-12 15:25:58.361 Df IlliniCover[21482:3c6d29] [com.apple.network:path] nw_path_evaluator_start [8262B20D-5896-41AA-A896-D0CFE257DDF9 <NULL> generic, multipath service: handover, attribution: developer]
	path: satisfied (Path is satisfied), interface: en0[802.11], uses wifi, LQM: unknown
2026-08-12 15:25:58.367 Df IlliniCover[21482:3c6d48] [com.apple.CFNetwork:Default] Initializing NSHTTPCookieStorage singleton
2026-08-12 15:25:58.367 Df IlliniCover[21482:3c6d48] [com.apple.CFNetwork:Default] Initializing CFHTTPCookieStorage singleton
2026-08-12 15:25:58.367 Df IlliniCover[21482:3c6d48] [com.apple.CFNetwork:Default] Creating default cookie storage with process/bundle identifier
2026-08-12 15:25:58.368 A  IlliniCover[21482:3c6d48] (libsystem_containermanager.dylib) container_system_group_path_for_identifier
2026-08-12 15:25:58.368 Df IlliniCover[21482:3c6d48] [com.apple.containermanager:xpc] Requesting container lookup; class = 13, identifier = com.apple.nsurlsessiond, group_identifier = systemgroup.com.apple.nsurlstoragedresources, create = 1, temp = 0, euid = 501, uid = 501
2026-08-12 15:25:58.368 A  IlliniCover[21482:3c6d48] (libsystem_containermanager.dylib) container_query_t
2026-08-12 15:25:58.368 Df IlliniCover[21482:3c6d48] [com.apple.containermanager:xpc] Query; euid = 501, uid = 501, class = 13, identifier = [com.apple.nsurlsessiond](1), flags = 900000003
2026-08-12 15:25:58.369 Df IlliniCover[21482:3c6d48] [com.apple.containermanager:unspecified] _container_query_get_result_at_index: success
2026-08-12 15:25:58.369 A  IlliniCover[21482:3c6d48] (libsystem_containermanager.dylib) container_copy_object
2026-08-12 15:25:58.369 Df IlliniCover[21482:3c6d48] [com.apple.containermanager:unspecified] container_system_group_path_for_identifier: success
2026-08-12 15:25:58.371 Df IlliniCover[21482:3c6d32] [com.apple.dt.xctest:Default] Received request to fetch matches for query:
2026-08-12 15:25:58.371 Df IlliniCover[21482:3c6d2e] [com.apple.dt.xctest:Default] Evaluating query:
2026-08-12 15:25:58.371 Df IlliniCover[21482:3c6d2e] [com.apple.dt.xctest:Default] Getting root element snapshot
2026-08-12 15:25:58.371 Df IlliniCover[21482:3c6d2e] [com.apple.dt.xctest:Default] Getting snapshot for App element pid: 21482 for query
2026-08-12 15:25:58.371 Df IlliniCover[21482:3c6d2e] [com.apple.dt.xctest:Default] Query requires iOS snapshot attributes .
2026-08-12 15:25:58.371 Df IlliniCover[21482:3c6d2e] [com.apple.dt.xctest:Default] XCTPerformOnMainRunLoop[not MT]: about to CFRunLoopPerform
2026-08-12 15:25:58.371 Df IlliniCover[21482:3c6d2e] [com.apple.dt.xctest:Default] XCTPerformOnMainRunLoop[not MT]: waiting with 30.00s responsiveness timeout
2026-08-12 15:25:58.393 Df IlliniCover[21482:3c6d31] [com.apple.CFNetwork:Default] Task <749B010D-9D2B-41AF-AAD5-F6ABA0228B22>.<1> resuming, timeouts(15.0, 604800.0) qos(0x15) voucher((null)) activity(00000000-0000-0000-0000-000000000000)
2026-08-12 15:25:58.425 A  IlliniCover[21482:3c6d31] (CoreFoundation) Loading Preferences From User Session CFPrefsD
2026-08-12 15:25:58.426 Df IlliniCover[21482:3c6d48] [com.apple.CFNetwork:Default] Task <8B47FE40-2553-443A-B3AD-C2C8C3490438>.<1> resuming, timeouts(0.0, 604800.0) qos(0x19) voucher((null)) activity(00000000-0000-0000-0000-000000000000)
2026-08-12 15:25:58.428 Df IlliniCover[21482:3c6d35] [com.apple.CFNetwork:Default] Task <F5315C54-8284-4695-9B1B-1DA060CA9DDD>.<1> finished with error [-999] Error Domain=NSURLErrorDomain Code=-999 UserInfo={NSErrorFailingURLStringKey=, NSErrorFailingURLKey=<private>, _NSURLErrorRelatedURLSessionTaskErrorKey=<private>, _NSURLErrorFailingURLSessionTaskErrorKey=<private>, NSLocalizedDescription=<private>}
2026-08-12 15:25:58.429 Df IlliniCover[21482:3c6d35] [com.apple.CFNetwork:Default] Connection 0: creating secure tcp or quic connection
2026-08-12 15:25:58.439 Df IlliniCover[21482:3c6d35] [com.apple.CFNetwork:Default] Connection 1: enabling TLS
2026-08-12 15:25:58.439 Df IlliniCover[21482:3c6d35] [com.apple.CFNetwork:Default] Connection 1: starting, TC(0x0)
2026-08-12 15:25:58.440 Df IlliniCover[21482:3c6d29] [com.apple.dt.xctest:Default] XCTPerformOnMainRunLoop[MT]: inside CFRunLoopPerform
2026-08-12 15:25:58.440 Df IlliniCover[21482:3c6d29] [com.apple.dt.xctest:Default] XCTPerformOnMainRunLoop[MT]: MT responded in time (won the race to the busy flag)
2026-08-12 15:25:58.440 Df IlliniCover[21482:3c6d2e] [com.apple.dt.xctest:Default] XCTPerformOnMainRunLoop[not MT]: waiting 60.00s for work to complete
2026-08-12 15:25:58.440 Df IlliniCover[21482:3c6d35] [com.apple.network:connection] [C1 C87F3EA3-AF84-41F4-9EB2-ACA0A9562532 Hostname#d96f859a:443 quic-connection, url hash: 22499c98, definite, attribution: developer, context: com.apple.CFNetwork.NSURLSession.{21330AA8-5BD1-45ED-91F4-AE2B10AD3659}{(null)}{Y}{3}{0x0} (sensitive), proc: D65E3B26-71A5-3DAD-A8B4-60173E19864C, delegated upid: 0] start
2026-08-12 15:25:58.440 Df IlliniCover[21482:3c6d29] [com.apple.dt.xctest:Default] Got main window <AXUIElementRef 0x116e5f840> {pid=21482} {uid=[ID:4 hash:0x105a10400]}
2026-08-12 15:25:58.440 Df IlliniCover[21482:3c6d35] [com.apple.network:connection] [C1 Hostname#d96f859a:443 initial parent-flow ((null))] event: path:start @0.000s
2026-08-12 15:25:58.440 Df IlliniCover[21482:3c6d29] [com.apple.dt.xctest:Default] Capturing hierarchy with attributes XC_kAXXCAttributeElementType, XC_kAXXCAttributeElementBaseType, XC_kAXXCAttributeParent, XC_kAXXCAttributeIdentifier, XC_kAXXCAttributeAutomationType, XC_kAXXCAttributeTraits
2026-08-12 15:25:58.440 Df IlliniCover[21482:3c6d29] [com.apple.dt.xctest:Default] Capturing hierarchy with parameters {
    attributes =     (
        5003,
        5004,
        5002,
        5019,
        5058,
        2004
    );
    maxArrayCount = 2147483647;
    maxChildren = 2147483647;
    maxDepth = 2147483647;
    snapshotKeyHonorModalViews = 0;
    traverseFromParentsToChildren = 1;
}
2026-08-12 15:25:58.440 Df IlliniCover[21482:3c6d29] [com.apple.dt.xctest:Default] Snapshot attributes 5003, 5004, 5002, 5019, 5058, 2004
2026-08-12 15:25:58.441 Df IlliniCover[21482:3c6d35] [com.apple.network:connection] [C1 Hostname#d96f859a:443 waiting parent-flow (satisfied (Path is satisfied), interface: en0[802.11], uses wifi, LQM: unknown)] event: path:satisfied @0.001s, uuid: E3B035BA-1444-4585-B1C7-7F6DB2547743
2026-08-12 15:25:58.442 Df IlliniCover[21482:3c6d29] [com.apple.dt.xctest:Default] Got snapshot for <AXUIElementRef 0x118ff3210> {pid=21482} {uid=[ID:1 hash:0x0]}
2026-08-12 15:25:58.442 Df IlliniCover[21482:3c6d29] [com.apple.dt.xctest:Default] Got app orientation 0
2026-08-12 15:25:58.442 Df IlliniCover[21482:3c6d29] [com.apple.dt.xctest:Default] Captured accessibility snapshot data in 0.00s
2026-08-12 15:25:58.442 Df IlliniCover[21482:3c6d2e] [com.apple.dt.xctest:Default] Found main window: Window
2026-08-12 15:25:58.442 Df IlliniCover[21482:3c6d2e] [com.apple.dt.xctest:Default] Query  found matching snapshots: {(
    Application, pid: 21482
)} (error: (null))
2026-08-12 15:25:58.442 Df IlliniCover[21482:3c6d2e] [com.apple.dt.xctest:Default] Replying to query  with results: <XCTElementQueryResults: 0x118deb6f0> (error: (null))
2026-08-12 15:25:58.442 Df IlliniCover[21482:3c6d35] [com.apple.network:connection] [C1 Hostname#d96f859a:443 in_progress parent-flow (satisfied (Path is satisfied), interface: en0[802.11], uses wifi, LQM: unknown)] event: flow:start_connect @0.002s
2026-08-12 15:25:58.442 Df IlliniCover[21482:3c6d35] [com.apple.network:connection] nw_connection_report_state_with_handler_on_nw_queue [C1] reporting state preparing
2026-08-12 15:25:58.443 Df IlliniCover[21482:3c6d35] [com.apple.network:connection] [C1 Hostname#d96f859a:443 in_progress parent-flow (satisfied (Path is satisfied), interface: en0[802.11], uses wifi, LQM: unknown)] event: flow:start_child @0.003s
2026-08-12 15:25:58.443 Df IlliniCover[21482:3c6d35] [com.apple.network:connection] [C1.1 Hostname#d96f859a:443 initial path ((null))] event: path:start @0.003s
2026-08-12 15:25:58.443 Df IlliniCover[21482:3c6d35] [com.apple.network:connection] [C1.1 Hostname#d96f859a:443 waiting path (satisfied (Path is satisfied), interface: en0[802.11], uses wifi, LQM: unknown)] event: path:satisfied @0.003s, uuid: E3B035BA-1444-4585-B1C7-7F6DB2547743
2026-08-12 15:25:58.443 Df IlliniCover[21482:3c6d35] [com.apple.network:connection] [C1.1 Hostname#d96f859a:443 in_progress transform (satisfied (Path is satisfied), interface: en0[802.11], uses wifi, LQM: unknown)] event: transform:start @0.003s
2026-08-12 15:25:58.443 Df IlliniCover[21482:3c6d35] [com.apple.network:connection] [C1.1.1 Hostname#d96f859a:443 initial path ((null))] event: path:start @0.003s
2026-08-12 15:25:58.444 Df IlliniCover[21482:3c6d35] [com.apple.network:connection] [C1.1.1 Hostname#d96f859a:443 waiting path (satisfied (Path is satisfied), interface: en0[802.11], uses wifi, LQM: unknown)] event: path:satisfied @0.003s, uuid: 6E840711-502D-4E51-A620-73E1AF8A9394
2026-08-12 15:25:58.444 Df IlliniCover[21482:3c6d35] [com.apple.network:connection] [C1.1.1 Hostname#d96f859a:443 in_progress resolver (satisfied (Path is satisfied), interface: en0[802.11], uses wifi, LQM: unknown)] event: resolver:start_dns @0.003s
2026-08-12 15:25:58.444 Df IlliniCover[21482:3c6d35] [com.apple.CFNetwork:Default] Task <749B010D-9D2B-41AF-AAD5-F6ABA0228B22>.<1> setting up Connection 1
2026-08-12 15:25:58.445 Df IlliniCover[21482:3c6d35] [com.apple.CFNetwork:Default] Initializing AlternativeServices Storage singleton
2026-08-12 15:25:58.445 Df IlliniCover[21482:3c6d35] [com.apple.FileURL:default] kExcludedFromBackupXattrName set on path: /Users/lu/Library/Developer/CoreSimulator/Devices/644F64CD-23BA-4D3C-915E-6B2069961477/data/Containers/Data/Application/CF968DD7-918A-4335-BA18-D14F0BECC12E/Library/HTTPStorages/com.illinicover.app
2026-08-12 15:25:58.451 Df IlliniCover[21482:3c6d2e] [com.apple.CFNetwork:Default] Garbage collection for alternative services
2026-08-12 15:25:58.452 Df IlliniCover[21482:3c6d35] [com.apple.network:connection] nw_endpoint_resolver_update [C1.1.1 Hostname#d96f859a:443 in_progress resolver (satisfied (Path is satisfied), interface: en0[802.11], uses wifi, LQM: unknown)] Adding endpoint handler for IPv6#907645d1.443
2026-08-12 15:25:58.452 Df IlliniCover[21482:3c6d35] [com.apple.network:connection] nw_endpoint_resolver_update [C1.1.1 Hostname#d96f859a:443 in_progress resolver (satisfied (Path is satisfied), interface: en0[802.11], uses wifi, LQM: unknown)] Adding endpoint handler for IPv4#f82f478a:443
2026-08-12 15:25:58.452 Df IlliniCover[21482:3c6d35] [com.apple.network:connection] [C1.1.1 Hostname#d96f859a:443 in_progress resolver (satisfied (Path is satisfied), interface: en0[802.11], uses wifi, LQM: unknown)] event: resolver:receive_dns @0.011s
2026-08-12 15:25:58.452 Df IlliniCover[21482:3c6d35] [com.apple.network:connection] [C1.1.1.1 IPv6#907645d1.443 initial path ((null))] event: path:start @0.012s
2026-08-12 15:25:58.452 Df IlliniCover[21482:3c6d35] [com.apple.network:connection] [C1.1.1.1 IPv6#907645d1.443 waiting path (satisfied (Path is satisfied), interface: en0[802.11], uses wifi, LQM: unknown)] event: path:satisfied @0.012s, uuid: 3FAF794A-9CDD-4B5A-8C70-D40AADCBD9FE
2026-08-12 15:25:58.453 Df IlliniCover[21482:3c6d35] [com.apple.network:connection] [C1.1.1.1 IPv6#907645d1.443 in_progress socket-flow (satisfied (Path is satisfied), interface: en0[802.11], uses wifi, LQM: unknown)] event: flow:start_connect @0.012s
2026-08-12 15:25:58.453 Df IlliniCover[21482:3c6d35] [com.apple.CFNetwork:Default] Connection 0: creating secure tcp or quic connection
2026-08-12 15:25:58.453 Df IlliniCover[21482:3c6d35] [com.apple.CFNetwork:Default] Connection 2: enabling TLS
2026-08-12 15:25:58.453 Df IlliniCover[21482:3c6d35] [com.apple.CFNetwork:Default] Connection 2: starting, TC(0x0)
2026-08-12 15:25:58.453 Df IlliniCover[21482:3c6d35] [com.apple.network:connection] [C2 C1DA1693-3523-49BC-9EAE-8C1F2690CC1C Hostname#02fbb144:443 quic-connection, url: https://us-assets.i.posthog.com/array/phc_VZ4D8mqqeoYLtcjR48FLHuZqn0jo7cPIJFhk4B9JakU/config, definite, attribution: developer, context: com.apple.CFNetwork.NSURLSession.{A67D6317-7172-49E0-8DC2-547FD27F4C31}{(null)}{Y}{2}{0x0} (private), proc: D65E3B26-71A5-3DAD-A8B4-60173E19864C, delegated upid: 0] start
2026-08-12 15:25:58.453 Df IlliniCover[21482:3c6d35] [com.apple.network:connection] [C2 Hostname#02fbb144:443 initial parent-flow ((null))] event: path:start @0.000s
2026-08-12 15:25:58.454 Df IlliniCover[21482:3c6d35] [com.apple.network:connection] [C2 Hostname#02fbb144:443 waiting parent-flow (satisfied (Path is satisfied), interface: en0[802.11], uses wifi, LQM: unknown)] event: path:satisfied @0.000s, uuid: E1D0C8E7-EC8A-4981-B5DB-C36B8349C191
2026-08-12 15:25:58.454 Df IlliniCover[21482:3c6d35] [com.apple.network:connection] [C2 Hostname#02fbb144:443 in_progress parent-flow (satisfied (Path is satisfied), interface: en0[802.11], uses wifi, LQM: unknown)] event: flow:start_connect @0.000s
2026-08-12 15:25:58.454 Df IlliniCover[21482:3c6d35] [com.apple.network:connection] nw_connection_report_state_with_handler_on_nw_queue [C2] reporting state preparing
2026-08-12 15:25:58.455 Df IlliniCover[21482:3c6d35] [com.apple.network:connection] [C2 Hostname#02fbb144:443 in_progress parent-flow (satisfied (Path is satisfied), interface: en0[802.11], uses wifi, LQM: unknown)] event: flow:start_child @0.001s
2026-08-12 15:25:58.455 Df IlliniCover[21482:3c6d35] [com.apple.network:connection] [C2.1 Hostname#02fbb144:443 initial path ((null))] event: path:start @0.001s
2026-08-12 15:25:58.455 Df IlliniCover[21482:3c6d35] [com.apple.network:connection] [C2.1 Hostname#02fbb144:443 waiting path (satisfied (Path is satisfied), interface: en0[802.11], uses wifi, LQM: unknown)] event: path:satisfied @0.001s, uuid: E1D0C8E7-EC8A-4981-B5DB-C36B8349C191
2026-08-12 15:25:58.455 Df IlliniCover[21482:3c6d35] [com.apple.network:connection] [C2.1 Hostname#02fbb144:443 in_progress transform (satisfied (Path is satisfied), interface: en0[802.11], uses wifi, LQM: unknown)] event: transform:start @0.001s
2026-08-12 15:25:58.455 Df IlliniCover[21482:3c6d35] [com.apple.network:connection] [C2.1.1 Hostname#02fbb144:443 initial path ((null))] event: path:start @0.001s
2026-08-12 15:25:58.457 Df IlliniCover[21482:3c6d35] [com.apple.network:connection] [C2.1.1 Hostname#02fbb144:443 waiting path (satisfied (Path is satisfied), interface: en0[802.11], uses wifi, LQM: unknown)] event: path:satisfied @0.003s, uuid: 0F23E854-FD3B-4C73-8081-7572F3616DEF
2026-08-12 15:25:58.457 Df IlliniCover[21482:3c6d35] [com.apple.network:connection] [C2.1.1 Hostname#02fbb144:443 in_progress resolver (satisfied (Path is satisfied), interface: en0[802.11], uses wifi, LQM: unknown)] event: resolver:start_dns @0.003s
2026-08-12 15:25:58.458 Df IlliniCover[21482:3c6d35] [com.apple.CFNetwork:Default] Task <8B47FE40-2553-443A-B3AD-C2C8C3490438>.<1> setting up Connection 2
2026-08-12 15:25:58.458 Df IlliniCover[21482:3c6d35] [com.apple.network:connection] nw_endpoint_resolver_update [C2.1.1 Hostname#02fbb144:443 in_progress resolver (satisfied (Path is satisfied), interface: en0[802.11], uses wifi, LQM: unknown)] Adding endpoint handler for IPv6#5f17a55c.443
2026-08-12 15:25:58.459 Df IlliniCover[21482:3c6d35] [com.apple.network:connection] nw_endpoint_resolver_update [C2.1.1 Hostname#02fbb144:443 in_progress resolver (satisfied (Path is satisfied), interface: en0[802.11], uses wifi, LQM: unknown)] Adding endpoint handler for IPv6#bfb4e81a.443
2026-08-12 15:25:58.459 Df IlliniCover[21482:3c6d35] [com.apple.network:connection] nw_endpoint_resolver_update [C2.1.1 Hostname#02fbb144:443 in_progress resolver (satisfied (Path is satisfied), interface: en0[802.11], uses wifi, LQM: unknown)] Adding endpoint handler for IPv4#5dee8fb9:443
2026-08-12 15:25:58.459 Df IlliniCover[21482:3c6d35] [com.apple.network:connection] nw_endpoint_resolver_update [C2.1.1 Hostname#02fbb144:443 in_progress resolver (satisfied (Path is satisfied), interface: en0[802.11], uses wifi, LQM: unknown)] Adding endpoint handler for IPv4#cc1f7527:443
2026-08-12 15:25:58.459 Df IlliniCover[21482:3c6d35] [com.apple.network:connection] [C2.1.1 Hostname#02fbb144:443 in_progress resolver (satisfied (Path is satisfied), interface: en0[802.11], uses wifi, LQM: unknown)] event: resolver:receive_dns @0.005s
2026-08-12 15:25:58.459 Df IlliniCover[21482:3c6d35] [com.apple.network:connection] [C2.1.1.1 IPv6#5f17a55c.443 initial path ((null))] event: path:start @0.005s
2026-08-12 15:25:58.460 Df IlliniCover[21482:3c6d35] [com.apple.network:connection] [C2.1.1.1 IPv6#5f17a55c.443 waiting path (satisfied (Path is satisfied), interface: en0[802.11], uses wifi, LQM: unknown)] event: path:satisfied @0.006s, uuid: 94030627-848D-4A11-AF2B-0E11A3081ACF
2026-08-12 15:25:58.460 Df IlliniCover[21482:3c6d35] [com.apple.network:connection] [C2.1.1.1 IPv6#5f17a55c.443 in_progress socket-flow (satisfied (Path is satisfied), interface: en0[802.11], uses wifi, LQM: unknown)] event: flow:start_connect @0.006s
2026-08-12 15:25:58.467 A  IlliniCover[21482:3c6d35] (Security) SecItemCopyMatching_ios
2026-08-12 15:25:58.467 Df IlliniCover[21482:3c6d35] [com.apple.securityd:secitemratelimit] Not internal release, disabling SIRL
2026-08-12 15:25:58.468 Df IlliniCover[21482:3c6d2e] [com.apple.network:connection] nw_socket_handle_socket_event [C2.1.1.1:3] Socket received CONNECTED event
2026-08-12 15:25:58.469 Df IlliniCover[21482:3c6d35] [com.apple.securityd:thread-local-client-debug] SecSecurityClientGet new thread!
2026-08-12 15:25:58.469 Df IlliniCover[21482:3c6d2e] [com.apple.network:connection] nw_flow_connected [C2.1.1.1 IPv6#5f17a55c.443 in_progress socket-flow (satisfied (Path is satisfied), interface: en0[802.11], uses wifi, LQM: unknown)] Transport protocol connected (socket)
2026-08-12 15:25:58.469 Df IlliniCover[21482:3c6d2e] [com.apple.network:connection] [C2.1.1.1 IPv6#5f17a55c.443 in_progress socket-flow (satisfied (Path is satisfied), interface: en0[802.11], uses wifi, LQM: unknown)] event: flow:finish_transport @0.015s
2026-08-12 15:25:58.469 Df IlliniCover[21482:3c6d35] [com.apple.securityd:keychain] System Keychain Always Supported set via feature flag to disabled
2026-08-12 15:25:58.469 Df IlliniCover[21482:3c6d35] [com.apple.xpc:connection] [0x108dcd180] activating connection: mach=true listener=false peer=false name=com.apple.securityd
2026-08-12 15:25:58.470 Df IlliniCover[21482:3c6d2e] [com.apple.network:boringssl] boringssl_session_apply_protocol_options_for_transport_block_invoke_2(2367) [C2.1.1.1:2][0x118fe56e0] TLS configured [server(0) min_version(0x0303) max_version(0x0304) name(redacted) tickets(false) false_start(false) enforce_ev(false) enforce_ats(false) ats_non_pfs_ciphersuite_allowed(false) cc_mode_enforced(false) ech(false) pqtls(true), pake(false) skip_ats_trust(false)]
2026-08-12 15:25:58.470 Df IlliniCover[21482:3c6d2e] [com.apple.network:boringssl] boringssl_context_info_handler(2806) [C2.1.1.1:2][0x118fe56e0] Client handshake started
2026-08-12 15:25:58.470 Df IlliniCover[21482:3c6d2e] [com.apple.network:boringssl] boringssl_context_info_handler(2823) [C2.1.1.1:2][0x118fe56e0] Client handshake state: TLS client enter_early_data
2026-08-12 15:25:58.470 Df IlliniCover[21482:3c6d2e] [com.apple.network:boringssl] boringssl_context_info_handler(2823) [C2.1.1.1:2][0x118fe56e0] Client handshake state: TLS client read_server_hello
2026-08-12 15:25:58.472 Df IlliniCover[21482:3c6d2e] [com.apple.network:connection] nw_socket_handle_socket_event [C1.1.1.1:3] Socket received CONNECTED event
2026-08-12 15:25:58.472 Df IlliniCover[21482:3c6d2e] [com.apple.network:connection] nw_flow_connected [C1.1.1.1 IPv6#907645d1.443 in_progress socket-flow (satisfied (Path is satisfied), interface: en0[802.11], uses wifi, LQM: unknown)] Transport protocol connected (socket)
2026-08-12 15:25:58.472 Df IlliniCover[21482:3c6d2e] [com.apple.network:connection] [C1.1.1.1 IPv6#907645d1.443 in_progress socket-flow (satisfied (Path is satisfied), interface: en0[802.11], uses wifi, LQM: unknown)] event: flow:finish_transport @0.032s
2026-08-12 15:25:58.472 Df IlliniCover[21482:3c6d2e] [com.apple.network:boringssl] boringssl_session_apply_protocol_options_for_transport_block_invoke_2(2367) [C1.1.1.1:2][0x118fe51e0] TLS configured [server(0) min_version(0x0303) max_version(0x0304) name(redacted) tickets(false) false_start(false) enforce_ev(false) enforce_ats(false) ats_non_pfs_ciphersuite_allowed(false) cc_mode_enforced(false) ech(false) pqtls(true), pake(false) skip_ats_trust(false)]
2026-08-12 15:25:58.473 Df IlliniCover[21482:3c6d2e] [com.apple.network:boringssl] boringssl_context_info_handler(2806) [C1.1.1.1:2][0x118fe51e0] Client handshake started
2026-08-12 15:25:58.473 Df IlliniCover[21482:3c6d2e] [com.apple.network:boringssl] boringssl_context_info_handler(2823) [C1.1.1.1:2][0x118fe51e0] Client handshake state: TLS client enter_early_data
2026-08-12 15:25:58.473 Df IlliniCover[21482:3c6d2e] [com.apple.network:boringssl] boringssl_context_info_handler(2823) [C1.1.1.1:2][0x118fe51e0] Client handshake state: TLS client read_server_hello
2026-08-12 15:25:58.484 Df IlliniCover[21482:3c6d2e] [com.apple.network:connection] nw_endpoint_resolver_update [C2.1.1 Hostname#02fbb144:443 in_progress resolver (satisfied (Path is satisfied), interface: en0[802.11], uses wifi, LQM: unknown)] Adding endpoint handler for IPv6#bfb4e81a.443
2026-08-12 15:25:58.484 Df IlliniCover[21482:3c6d2e] [com.apple.network:connection] nw_endpoint_resolver_update [C2.1.1 Hostname#02fbb144:443 in_progress resolver (satisfied (Path is satisfied), interface: en0[802.11], uses wifi, LQM: unknown)] Adding endpoint handler for IPv4#5dee8fb9:443
2026-08-12 15:25:58.484 Df IlliniCover[21482:3c6d2e] [com.apple.network:connection] nw_endpoint_resolver_update [C2.1.1 Hostname#02fbb144:443 in_progress resolver (satisfied (Path is satisfied), interface: en0[802.11], uses wifi, LQM: unknown)] Adding endpoint handler for IPv4#cc1f7527:443
2026-08-12 15:25:58.484 Df IlliniCover[21482:3c6d2e] [com.apple.network:connection] [C2.1.1 Hostname#02fbb144:443 in_progress resolver (satisfied (Path is satisfied), interface: en0[802.11], uses wifi, LQM: unknown)] event: resolver:receive_dns @0.030s
2026-08-12 15:25:58.486 Df IlliniCover[21482:3c6d2e] [com.apple.network:boringssl] boringssl_context_info_handler(2823) [C2.1.1.1:2][0x118fe56e0] Client handshake state: TLS 1.3 client read_hello_retry_request
2026-08-12 15:25:58.487 Df IlliniCover[21482:3c6d2e] [com.apple.network:boringssl] boringssl_context_info_handler(2823) [C2.1.1.1:2][0x118fe56e0] Client handshake state: TLS 1.3 client read_server_hello
2026-08-12 15:25:58.487 A  IlliniCover[21482:3c6d29] (UIKitCore) send control actions
2026-08-12 15:25:58.489 Df IlliniCover[21482:3c6d2e] [com.apple.network:boringssl] boringssl_context_info_handler(2823) [C2.1.1.1:2][0x118fe56e0] Client handshake state: TLS 1.3 client read_encrypted_extensions
2026-08-12 15:25:58.489 Df IlliniCover[21482:3c6d2e] [com.apple.network:boringssl] boringssl_context_info_handler(2823) [C2.1.1.1:2][0x118fe56e0] Client handshake state: TLS 1.3 client read_certificate_request
2026-08-12 15:25:58.489 Df IlliniCover[21482:3c6d2e] [com.apple.network:boringssl] boringssl_context_info_handler(2823) [C2.1.1.1:2][0x118fe56e0] Client handshake state: TLS 1.3 client read_server_certificate
2026-08-12 15:25:58.489 Df IlliniCover[21482:3c6d2e] [com.apple.network:boringssl] boringssl_context_info_handler(2823) [C2.1.1.1:2][0x118fe56e0] Client handshake state: TLS 1.3 client read_server_certificate_verify
2026-08-12 15:25:58.489 Df IlliniCover[21482:3c6d2e] [com.apple.network:boringssl] boringssl_context_evaluate_trust_async(2249) [C2.1.1.1:2][0x118fe56e0] Performing external trust evaluation
2026-08-12 15:25:58.489 A  IlliniCover[21482:3c6d2e] (Security) SecKeyCopyPublicBytes
2026-08-12 15:25:58.489 A  IlliniCover[21482:3c6d2e] (Security) SecKeyCopyAttributes
2026-08-12 15:25:58.490 A  IlliniCover[21482:3c6d2e] (Security) SecKeyCopyPublicBytes
2026-08-12 15:25:58.490 Df IlliniCover[21482:3c6d2e] [com.apple.network:boringssl] boringssl_context_evaluate_trust_async_external(2234) [C2.1.1.1:2][0x118fe56e0] Asyncing for external verify block
2026-08-12 15:25:58.490 A  IlliniCover[21482:3c6d35] (Security) SecItemCopyMatching_ios
2026-08-12 15:25:58.490 Df IlliniCover[21482:3c6d2e] [com.apple.CFNetwork:Default] Connection 2: asked to evaluate TLS Trust
2026-08-12 15:25:58.491 Df IlliniCover[21482:3c6d2e] [com.apple.CFNetwork:Default] Task <8B47FE40-2553-443A-B3AD-C2C8C3490438>.<1> auth completion disp=1 cred=0x0
2026-08-12 15:25:58.491 Df IlliniCover[21482:3c6d2e] [com.apple.securityd:trust] (Trust 0x118f1f480) No pending evals, starting
2026-08-12 15:25:58.491 A  IlliniCover[21482:3c6d2e] (Security) SecTrustEvaluateIfNecessaryFastAsync
2026-08-12 15:25:58.491 Df IlliniCover[21482:3c6d29] [PrototypeTools:domain] Not observing PTDefaults on customer install.
2026-08-12 15:25:58.491 Df IlliniCover[21482:3c6d2e] [com.apple.xpc:connection] [0x108dce1c0] activating connection: mach=true listener=false peer=false name=com.apple.trustd
2026-08-12 15:25:58.491 A  IlliniCover[21482:3c6d35] (Security) SecItemCopyMatching_ios
2026-08-12 15:25:58.491 Df IlliniCover[21482:3c6d2e] [com.apple.xpc:connection] [0x108dce440] activating connection: mach=true listener=false peer=false name=com.apple.trustd
2026-08-12 15:25:58.492 Df IlliniCover[21482:3c6d2e] [com.apple.securityd:trust] (Trust 0x118f1f480) Completed async eval kickoff
2026-08-12 15:25:58.493 A  IlliniCover[21482:3c6d35] (Security) SecItemCopyMatching_ios
2026-08-12 15:25:58.495 A  IlliniCover[21482:3c6d35] (Security) SecItemCopyMatching_ios
2026-08-12 15:25:58.496 A  IlliniCover[21482:3c6d35] (Security) SecItemCopyMatching_ios
2026-08-12 15:25:58.496 A  IlliniCover[21482:3c6d35] (Security) SecItemCopyMatching_ios
2026-08-12 15:25:58.497 A  IlliniCover[21482:3c6d35] (Security) SecItemCopyMatching_ios
2026-08-12 15:25:58.498 A  IlliniCover[21482:3c6d35] (Security) SecItemCopyMatching_ios
2026-08-12 15:25:58.500 Df IlliniCover[21482:3c6d2e] [com.apple.network:boringssl] boringssl_context_info_handler(2823) [C1.1.1.1:2][0x118fe51e0] Client handshake state: TLS 1.3 client read_hello_retry_request
2026-08-12 15:25:58.503 Df IlliniCover[21482:3c6d2e] [com.apple.network:boringssl] boringssl_context_info_handler(2823) [C1.1.1.1:2][0x118fe51e0] Client handshake state: TLS 1.3 client read_server_hello
2026-08-12 15:25:58.504 Df IlliniCover[21482:3c6d2e] [com.apple.network:boringssl] boringssl_context_info_handler(2823) [C1.1.1.1:2][0x118fe51e0] Client handshake state: TLS 1.3 client read_encrypted_extensions
2026-08-12 15:25:58.504 Df IlliniCover[21482:3c6d2e] [com.apple.network:boringssl] boringssl_context_info_handler(2823) [C1.1.1.1:2][0x118fe51e0] Client handshake state: TLS 1.3 client read_certificate_request
2026-08-12 15:25:58.504 Df IlliniCover[21482:3c6d2e] [com.apple.network:boringssl] boringssl_context_info_handler(2823) [C1.1.1.1:2][0x118fe51e0] Client handshake state: TLS 1.3 client read_server_certificate
2026-08-12 15:25:58.504 Df IlliniCover[21482:3c6d2e] [com.apple.network:boringssl] boringssl_context_info_handler(2823) [C1.1.1.1:2][0x118fe51e0] Client handshake state: TLS 1.3 client read_server_certificate_verify
2026-08-12 15:25:58.506 Df IlliniCover[21482:3c6d2e] [com.apple.network:boringssl] boringssl_context_evaluate_trust_async(2249) [C1.1.1.1:2][0x118fe51e0] Performing external trust evaluation
2026-08-12 15:25:58.506 A  IlliniCover[21482:3c6d2e] (Security) SecKeyCopyPublicBytes
2026-08-12 15:25:58.506 Df IlliniCover[21482:3c6d2e] [com.apple.network:boringssl] boringssl_context_evaluate_trust_async_external(2234) [C1.1.1.1:2][0x118fe51e0] Asyncing for external verify block
2026-08-12 15:25:58.507 Df IlliniCover[21482:3c6d2e] [com.apple.CFNetwork:Default] Connection 1: asked to evaluate TLS Trust
2026-08-12 15:25:58.507 Df IlliniCover[21482:3c6d2e] [com.apple.securityd:trust] (Trust 0x118f1f480) trustd returned 4
2026-08-12 15:25:58.508 Df IlliniCover[21482:3c6d2e] [com.apple.CFNetwork:Default] System Trust Evaluation yielded status(0)
2026-08-12 15:25:58.508 Df IlliniCover[21482:3c6d2e] [com.apple.securityd:trust] (Trust 0x118f1f300) No pending evals, starting
2026-08-12 15:25:58.508 A  IlliniCover[21482:3c6d2e] (Security) SecTrustEvaluateIfNecessaryFastAsync
2026-08-12 15:25:58.508 Df IlliniCover[21482:3c6d2e] [com.apple.xpc:connection] [0x108dce580] activating connection: mach=true listener=false peer=false name=com.apple.trustd
2026-08-12 15:25:58.511 Df IlliniCover[21482:3c6d2e] [com.apple.securityd:trust] (Trust 0x118f1f300) Completed async eval kickoff
2026-08-12 15:25:58.511 Df IlliniCover[21482:3c6d2e] [com.apple.xpc:connection] [0x108dce440] invalidated because the current process cancelled the connection by calling xpc_connection_cancel()
2026-08-12 15:25:58.511 Df IlliniCover[21482:3c6d48] [com.apple.CFNetwork:Default] Task <749B010D-9D2B-41AF-AAD5-F6ABA0228B22>.<1> auth completion disp=1 cred=0x0
2026-08-12 15:25:58.511 Df IlliniCover[21482:3c6d48] [com.apple.securityd:trust] (Trust 0x118f1f480) No pending evals, starting
2026-08-12 15:25:58.511 A  IlliniCover[21482:3c6d48] (Security) SecTrustEvaluateIfNecessaryFastAsync
2026-08-12 15:25:58.512 Df IlliniCover[21482:3c6d48] [com.apple.xpc:connection] [0x108dce440] activating connection: mach=true listener=false peer=false name=com.apple.trustd
2026-08-12 15:25:58.512 Df IlliniCover[21482:3c6d48] [com.apple.securityd:trust] (Trust 0x118f1f480) Completed async eval kickoff
2026-08-12 15:25:58.521 Df IlliniCover[21482:3c6d35] [com.apple.network:connection] nw_endpoint_resolver_update [C2.1.1 Hostname#02fbb144:443 in_progress resolver (satisfied (Path is satisfied), interface: en0[802.11], uses wifi, LQM: unknown)] Adding endpoint handler for IPv6#bfb4e81a.443
2026-08-12 15:25:58.521 Df IlliniCover[21482:3c6d35] [com.apple.network:connection] nw_endpoint_resolver_update [C2.1.1 Hostname#02fbb144:443 in_progress resolver (satisfied (Path is satisfied), interface: en0[802.11], uses wifi, LQM: unknown)] Adding endpoint handler for IPv4#5dee8fb9:443
2026-08-12 15:25:58.521 Df IlliniCover[21482:3c6d35] [com.apple.network:connection] nw_endpoint_resolver_update [C2.1.1 Hostname#02fbb144:443 in_progress resolver (satisfied (Path is satisfied), interface: en0[802.11], uses wifi, LQM: unknown)] Adding endpoint handler for IPv4#cc1f7527:443
2026-08-12 15:25:58.521 Df IlliniCover[21482:3c6d35] [com.apple.network:connection] [C2.1.1 Hostname#02fbb144:443 in_progress resolver (satisfied (Path is satisfied), interface: en0[802.11], uses wifi, LQM: unknown)] event: resolver:receive_dns @0.067s
2026-08-12 15:25:58.522 Df IlliniCover[21482:3c6d35] [com.apple.securityd:trust] (Trust 0x118f1f300) trustd returned 4
2026-08-12 15:25:58.522 Df IlliniCover[21482:3c6d35] [com.apple.CFNetwork:Default] Connection 2: TLS Trust result 0
2026-08-12 15:25:58.522 Df IlliniCover[21482:3c6d35] [com.apple.network:boringssl] boringssl_context_evaluate_trust_async_external_block_invoke_3(2148) [C2.1.1.1:2][0x118fe56e0] Returning from external verify block with result: true
2026-08-12 15:25:58.523 Df IlliniCover[21482:3c6d35] [com.apple.network:boringssl] boringssl_context_certificate_verify_callback(2430) [C2.1.1.1:2][0x118fe56e0] Certificate verification result: OK
2026-08-12 15:25:58.524 Df IlliniCover[21482:3c6d35] [com.apple.network:boringssl] boringssl_context_info_handler(2823) [C2.1.1.1:2][0x118fe56e0] Client handshake state: TLS 1.3 client read_server_finished
2026-08-12 15:25:58.524 Df IlliniCover[21482:3c6d35] [com.apple.network:boringssl] boringssl_context_info_handler(2823) [C2.1.1.1:2][0x118fe56e0] Client handshake state: TLS 1.3 client send_end_of_early_data
2026-08-12 15:25:58.524 Df IlliniCover[21482:3c6d35] [com.apple.network:boringssl] boringssl_context_info_handler(2823) [C2.1.1.1:2][0x118fe56e0] Client handshake state: TLS 1.3 client send_client_encrypted_extensions
2026-08-12 15:25:58.524 Df IlliniCover[21482:3c6d35] [com.apple.network:boringssl] boringssl_context_info_handler(2823) [C2.1.1.1:2][0x118fe56e0] Client handshake state: TLS 1.3 client send_client_certificate
2026-08-12 15:25:58.524 Df IlliniCover[21482:3c6d35] [com.apple.network:boringssl] boringssl_context_info_handler(2823) [C2.1.1.1:2][0x118fe56e0] Client handshake state: TLS 1.3 client complete_second_flight
2026-08-12 15:25:58.524 Df IlliniCover[21482:3c6d35] [com.apple.network:boringssl] boringssl_context_info_handler(2823) [C2.1.1.1:2][0x118fe56e0] Client handshake state: TLS 1.3 client done
2026-08-12 15:25:58.525 Df IlliniCover[21482:3c6d35] [com.apple.network:boringssl] boringssl_context_info_handler(2823) [C2.1.1.1:2][0x118fe56e0] Client handshake state: TLS client finish_client_handshake
2026-08-12 15:25:58.525 Df IlliniCover[21482:3c6d35] [com.apple.network:boringssl] boringssl_context_info_handler(2823) [C2.1.1.1:2][0x118fe56e0] Client handshake state: TLS client done
2026-08-12 15:25:58.525 Df IlliniCover[21482:3c6d35] [com.apple.network:boringssl] boringssl_context_info_handler(2812) [C2.1.1.1:2][0x118fe56e0] Client handshake done
2026-08-12 15:25:58.525 A  IlliniCover[21482:3c6d35] (Security) SecKeyCopyPublicBytes
2026-08-12 15:25:58.525 A  IlliniCover[21482:3c6d35] (Security) SecKeyCopyAttributes
2026-08-12 15:25:58.525 A  IlliniCover[21482:3c6d35] (Security) SecKeyCopyPublicBytes
2026-08-12 15:25:58.525 Df IlliniCover[21482:3c6d35] [com.apple.network:boringssl] nw_protocol_boringssl_signal_connected(895) [C2.1.1.1:2][0x118fe56e0] TLS connected [server(0) version(0x0304) ciphersuite(TLS_AES_256_GCM_SHA384) group(0x11ec) signature_alg(0x0403) alpn(h2) resumed(0) offered_ticket(0) in_early_data(0) early_data_accepted(0) false_started(0) ocsp_received(0) sct_received(0) connect_time(54ms) flight_time(18ms) rtt(16ms) write_stalls(0) read_stalls(2) pake(0x0000)]
2026-08-12 15:25:58.525 Df IlliniCover[21482:3c6d35] [com.apple.network:connection] nw_flow_connected [C2.1.1.1 IPv6#5f17a55c.443 in_progress socket-flow (satisfied (Path is satisfied), interface: en0[802.11], uses wifi, LQM: unknown)] Output protocol connected (CFNetworkConnection-2263133955)
2026-08-12 15:25:58.525 Df IlliniCover[21482:3c6d35] [com.apple.network:connection] [C2.1.1.1 IPv6#5f17a55c.443 ready socket-flow (satisfied (Path is satisfied), interface: en0[802.11], uses wifi, LQM: unknown)] event: flow:child_finish_connect @0.071s
2026-08-12 15:25:58.525 Df IlliniCover[21482:3c6d35] [com.apple.network:connection] [C2.1.1 Hostname#02fbb144:443 ready resolver (satisfied (Path is satisfied), interface: en0[802.11], uses wifi, LQM: unknown)] event: flow:child_finish_connect @0.071s
2026-08-12 15:25:58.525 Df IlliniCover[21482:3c6d35] [com.apple.network:connection] [C2.1 Hostname#02fbb144:443 ready transform (satisfied (Path is satisfied), interface: en0[802.11], uses wifi, LQM: unknown)] event: flow:child_finish_connect @0.071s
2026-08-12 15:25:58.526 Df IlliniCover[21482:3c6d35] [com.apple.network:connection] nw_flow_connected [C2 IPv6#5f17a55c.443 in_progress parent-flow (satisfied (Path is satisfied), interface: en0[802.11], uses wifi, LQM: unknown)] Output protocol connected (endpoint_flow)
2026-08-12 15:25:58.526 Df IlliniCover[21482:3c6d35] [com.apple.network:connection] [C2 IPv6#5f17a55c.443 ready parent-flow (satisfied (Path is satisfied), interface: en0[802.11], uses wifi, LQM: unknown)] event: flow:finish_connect @0.072s
2026-08-12 15:25:58.526 Df IlliniCover[21482:3c6d35] [com.apple.network:connection] nw_connection_report_state_with_handler_on_nw_queue [C2] reporting state ready
2026-08-12 15:25:58.527 Df IlliniCover[21482:3c6d35] [com.apple.xpc:connection] [0x108dce580] invalidated because the current process cancelled the connection by calling xpc_connection_cancel()
2026-08-12 15:25:58.527 Df IlliniCover[21482:3c6d35] [com.apple.CFNetwork:Default] Connection 2: connected successfully
2026-08-12 15:25:58.527 Df IlliniCover[21482:3c6d35] [com.apple.CFNetwork:Default] Connection 2: TLS handshake complete
2026-08-12 15:25:58.527 Df IlliniCover[21482:3c6d35] [com.apple.CFNetwork:Default] Connection 2: ready C(N) E(N)
2026-08-12 15:25:58.528 Df IlliniCover[21482:3c6d35] [com.apple.network:connection] [C2] event: client:connection_reused @0.074s
2026-08-12 15:25:58.528 Df IlliniCover[21482:3c6d35] [com.apple.network:connection] nw_protocol_socket_notify [C2.1.1.1:3] nw_protocol_notification_type_connection_idle is false
2026-08-12 15:25:58.529 Df IlliniCover[21482:3c6d35] [com.apple.CFNetwork:Default] Task <8B47FE40-2553-443A-B3AD-C2C8C3490438>.<1> now using Connection 2
2026-08-12 15:25:58.529 Df IlliniCover[21482:3c6d35] [com.apple.CFNetwork:Default] Task <8B47FE40-2553-443A-B3AD-C2C8C3490438>.<1> sent request, body N 0
2026-08-12 15:25:58.533 A  IlliniCover[21482:3c6d35] (Security) SecKeyCopyPublicBytes
2026-08-12 15:25:58.533 A  IlliniCover[21482:3c6d35] (Security) SecKeyCopyAttributes
2026-08-12 15:25:58.533 A  IlliniCover[21482:3c6d35] (Security) SecKeyCopyPublicBytes
2026-08-12 15:25:58.533 A  IlliniCover[21482:3c6d35] (Security) SecKeyCopyPublicBytes
2026-08-12 15:25:58.533 A  IlliniCover[21482:3c6d35] (Security) SecKeyCopyAttributes
2026-08-12 15:25:58.533 A  IlliniCover[21482:3c6d35] (Security) SecKeyCopyPublicBytes
2026-08-12 15:25:58.535 Df IlliniCover[21482:3c6d29] [com.apple.UIKit:KeyboardSceneDelegate] Reloading input views for key-window scene responder: <UITextField: 0x105a28500; frame = (0 0; 0 0); hidden = YES; opaque = NO; > force:N
2026-08-12 15:25:58.535 Df IlliniCover[21482:3c6d29] [com.apple.UIKit:KeyboardSceneDelegate] _reloadInputViewsForKeyWindowSceneResponder: 1 force: 0, fromBecomeFirstResponder: 1 (automaticKeyboard: 1, reloadIdentifier: 2EE48558-4E52-4E57-A889-390A6FA09CDD)
2026-08-12 15:25:58.535 Df IlliniCover[21482:3c6d29] [com.apple.UIKit:KeyboardSceneDelegate] _inputViewsForResponder: <UITextField: 0x105a28500; frame = (0 0; 0 0); hidden = YES; opaque = NO; >, automaticKeyboard: 1, force: 0
2026-08-12 15:25:58.535 Df IlliniCover[21482:3c6d29] [com.apple.UIKit:KeyboardSceneDelegate] _inputViewsForResponder, found custom inputView: <(null): 0x0>, customInputViewController: <(null): 0x0>
2026-08-12 15:25:58.535 Df IlliniCover[21482:3c6d29] [com.apple.UIKit:KeyboardSceneDelegate] _inputViewsForResponder, found inputAccessoryView: <(null): 0x0>
2026-08-12 15:25:58.535 Df IlliniCover[21482:3c6d29] [com.apple.UIKit:KeyboardSceneDelegate] _inputViewsForResponder, responderRequiresKeyboard 1 (automaticKeyboardEnabled: 1, activeInstance: <(null): 0x0>, self.isOnScreen: 0, requiresKBWhenFirstResponder: 1)
2026-08-12 15:25:58.535 Df IlliniCover[21482:3c6d29] [com.apple.UIKit:KeyboardSceneDelegate] _inputViewsForResponder, useKeyboard 1 (allowsSystemInputView: 1, !inputView <(null): 0x0>, responderRequiresKeyboard 1)
2026-08-12 15:25:58.540 Df IlliniCover[21482:3c6d2e] [com.apple.securityd:trust] (Trust 0x118f1f480) trustd returned 4
2026-08-12 15:25:58.540 Df IlliniCover[21482:3c6d2e] [com.apple.CFNetwork:Default] System Trust Evaluation yielded status(0)
2026-08-12 15:25:58.540 Df IlliniCover[21482:3c6d2e] [com.apple.securityd:trust] (Trust 0x118f1f600) No pending evals, starting
2026-08-12 15:25:58.540 A  IlliniCover[21482:3c6d2e] (Security) SecTrustEvaluateIfNecessaryFastAsync
2026-08-12 15:25:58.540 Df IlliniCover[21482:3c6d2e] [com.apple.xpc:connection] [0x108dcf840] activating connection: mach=true listener=false peer=false name=com.apple.trustd
2026-08-12 15:25:58.541 Df IlliniCover[21482:3c6d2e] [com.apple.securityd:trust] (Trust 0x118f1f600) Completed async eval kickoff
2026-08-12 15:25:58.541 Df IlliniCover[21482:3c6d2e] [com.apple.xpc:connection] [0x108dce440] invalidated because the current process cancelled the connection by calling xpc_connection_cancel()
2026-08-12 15:25:58.545 Df IlliniCover[21482:3c6d35] [com.apple.securityd:trust] (Trust 0x118f1f600) trustd returned 4
2026-08-12 15:25:58.545 Df IlliniCover[21482:3c6d35] [com.apple.CFNetwork:Default] Connection 1: TLS Trust result 0
2026-08-12 15:25:58.545 Df IlliniCover[21482:3c6d35] [com.apple.network:boringssl] boringssl_context_evaluate_trust_async_external_block_invoke_3(2148) [C1.1.1.1:2][0x118fe51e0] Returning from external verify block with result: true
2026-08-12 15:25:58.545 Df IlliniCover[21482:3c6d35] [com.apple.network:boringssl] boringssl_context_certificate_verify_callback(2430) [C1.1.1.1:2][0x118fe51e0] Certificate verification result: OK
2026-08-12 15:25:58.545 Df IlliniCover[21482:3c6d35] [com.apple.network:boringssl] boringssl_context_info_handler(2823) [C1.1.1.1:2][0x118fe51e0] Client handshake state: TLS 1.3 client read_server_finished
2026-08-12 15:25:58.545 Df IlliniCover[21482:3c6d35] [com.apple.network:boringssl] boringssl_context_info_handler(2823) [C1.1.1.1:2][0x118fe51e0] Client handshake state: TLS 1.3 client send_end_of_early_data
2026-08-12 15:25:58.545 Df IlliniCover[21482:3c6d35] [com.apple.network:boringssl] boringssl_context_info_handler(2823) [C1.1.1.1:2][0x118fe51e0] Client handshake state: TLS 1.3 client send_client_encrypted_extensions
2026-08-12 15:25:58.545 Df IlliniCover[21482:3c6d35] [com.apple.network:boringssl] boringssl_context_info_handler(2823) [C1.1.1.1:2][0x118fe51e0] Client handshake state: TLS 1.3 client send_client_certificate
2026-08-12 15:25:58.545 Df IlliniCover[21482:3c6d35] [com.apple.network:boringssl] boringssl_context_info_handler(2823) [C1.1.1.1:2][0x118fe51e0] Client handshake state: TLS 1.3 client complete_second_flight
2026-08-12 15:25:58.545 Df IlliniCover[21482:3c6d35] [com.apple.network:boringssl] boringssl_context_info_handler(2823) [C1.1.1.1:2][0x118fe51e0] Client handshake state: TLS 1.3 client done
2026-08-12 15:25:58.546 Df IlliniCover[21482:3c6d35] [com.apple.network:boringssl] boringssl_context_info_handler(2823) [C1.1.1.1:2][0x118fe51e0] Client handshake state: TLS client finish_client_handshake
2026-08-12 15:25:58.546 Df IlliniCover[21482:3c6d35] [com.apple.network:boringssl] boringssl_context_info_handler(2823) [C1.1.1.1:2][0x118fe51e0] Client handshake state: TLS client done
2026-08-12 15:25:58.546 Df IlliniCover[21482:3c6d35] [com.apple.network:boringssl] boringssl_context_info_handler(2812) [C1.1.1.1:2][0x118fe51e0] Client handshake done
2026-08-12 15:25:58.546 A  IlliniCover[21482:3c6d35] (Security) SecKeyCopyPublicBytes
2026-08-12 15:25:58.546 Df IlliniCover[21482:3c6d35] [com.apple.network:boringssl] nw_protocol_boringssl_signal_connected(895) [C1.1.1.1:2][0x118fe51e0] TLS connected [server(0) version(0x0304) ciphersuite(TLS_AES_256_GCM_SHA384) group(0x001d) signature_alg(0x0804) alpn(h2) resumed(0) offered_ticket(0) in_early_data(0) early_data_accepted(0) false_started(0) ocsp_received(0) sct_received(0) connect_time(74ms) flight_time(27ms) rtt(27ms) write_stalls(0) read_stalls(2) pake(0x0000)]
2026-08-12 15:25:58.547 Df IlliniCover[21482:3c6d35] [com.apple.network:connection] nw_flow_connected [C1.1.1.1 IPv6#907645d1.443 in_progress socket-flow (satisfied (Path is satisfied), interface: en0[802.11], uses wifi, LQM: unknown)] Output protocol connected (CFNetworkConnection-2263133955)
2026-08-12 15:25:58.547 Df IlliniCover[21482:3c6d35] [com.apple.network:connection] [C1.1.1.1 IPv6#907645d1.443 ready socket-flow (satisfied (Path is satisfied), interface: en0[802.11], uses wifi, LQM: unknown)] event: flow:child_finish_connect @0.106s
2026-08-12 15:25:58.547 Df IlliniCover[21482:3c6d35] [com.apple.network:connection] [C1.1.1 Hostname#d96f859a:443 ready resolver (satisfied (Path is satisfied), interface: en0[802.11], uses wifi, LQM: unknown)] event: flow:child_finish_connect @0.106s
2026-08-12 15:25:58.547 Df IlliniCover[21482:3c6d35] [com.apple.network:connection] [C1.1 Hostname#d96f859a:443 ready transform (satisfied (Path is satisfied), interface: en0[802.11], uses wifi, LQM: unknown)] event: flow:child_finish_connect @0.106s
2026-08-12 15:25:58.547 Df IlliniCover[21482:3c6d35] [com.apple.network:connection] nw_flow_connected [C1 IPv6#907645d1.443 in_progress parent-flow (satisfied (Path is satisfied), interface: en0[802.11], uses wifi, LQM: unknown)] Output protocol connected (endpoint_flow)
2026-08-12 15:25:58.547 Df IlliniCover[21482:3c6d35] [com.apple.network:connection] [C1 IPv6#907645d1.443 ready parent-flow (satisfied (Path is satisfied), interface: en0[802.11], uses wifi, LQM: unknown)] event: flow:finish_connect @0.107s
2026-08-12 15:25:58.548 Df IlliniCover[21482:3c6d35] [com.apple.network:connection] nw_connection_report_state_with_handler_on_nw_queue [C1] reporting state ready
2026-08-12 15:25:58.548 Df IlliniCover[21482:3c6d35] [com.apple.xpc:connection] [0x108dcf840] invalidated because the current process cancelled the connection by calling xpc_connection_cancel()
2026-08-12 15:25:58.548 Df IlliniCover[21482:3c6d35] [com.apple.CFNetwork:Default] Connection 1: connected successfully
2026-08-12 15:25:58.548 Df IlliniCover[21482:3c6d35] [com.apple.CFNetwork:Default] Connection 1: TLS handshake complete
2026-08-12 15:25:58.548 Df IlliniCover[21482:3c6d35] [com.apple.CFNetwork:Default] Connection 1: ready C(N) E(N)
2026-08-12 15:25:58.548 Df IlliniCover[21482:3c6d35] [com.apple.network:connection] [C1] event: client:connection_reused @0.108s
2026-08-12 15:25:58.548 Df IlliniCover[21482:3c6d35] [com.apple.network:connection] nw_protocol_socket_notify [C1.1.1.1:3] nw_protocol_notification_type_connection_idle is false
2026-08-12 15:25:58.549 Df IlliniCover[21482:3c6d35] [com.apple.CFNetwork:Default] Task <749B010D-9D2B-41AF-AAD5-F6ABA0228B22>.<1> now using Connection 1
2026-08-12 15:25:58.550 Df IlliniCover[21482:3c6d35] [com.apple.CFNetwork:Default] Task <749B010D-9D2B-41AF-AAD5-F6ABA0228B22>.<1> sent request, body S 432
2026-08-12 15:25:58.564 A  IlliniCover[21482:3c6d35] (Security) SecKeyCopyPublicBytes
2026-08-12 15:25:58.564 A  IlliniCover[21482:3c6d35] (Security) SecKeyCopyPublicBytes
2026-08-12 15:25:58.581 Df IlliniCover[21482:3c6d35] [com.apple.dt.xctest:Default] Received request to fetch matches for query:
2026-08-12 15:25:58.581 Df IlliniCover[21482:3c6d30] [com.apple.dt.xctest:Default] Evaluating query:
2026-08-12 15:25:58.581 Df IlliniCover[21482:3c6d30] [com.apple.dt.xctest:Default] Getting root element snapshot
2026-08-12 15:25:58.581 Df IlliniCover[21482:3c6d30] [com.apple.dt.xctest:Default] Getting snapshot for App element pid: 21482 for query
2026-08-12 15:25:58.581 Df IlliniCover[21482:3c6d30] [com.apple.dt.xctest:Default] Query requires iOS snapshot attributes .
2026-08-12 15:25:58.581 Df IlliniCover[21482:3c6d30] [com.apple.dt.xctest:Default] XCTPerformOnMainRunLoop[not MT]: about to CFRunLoopPerform
2026-08-12 15:25:58.581 Df IlliniCover[21482:3c6d30] [com.apple.dt.xctest:Default] XCTPerformOnMainRunLoop[not MT]: waiting with 30.00s responsiveness timeout
2026-08-12 15:25:58.593 Df IlliniCover[21482:3c6d35] [com.apple.CFNetwork:Default] Task <749B010D-9D2B-41AF-AAD5-F6ABA0228B22>.<1> received response, status 200 content K
2026-08-12 15:25:58.593 Df IlliniCover[21482:3c6d35] [com.apple.CFNetwork:Default] Task <749B010D-9D2B-41AF-AAD5-F6ABA0228B22>.<1> done using Connection 1
2026-08-12 15:25:58.593 Df IlliniCover[21482:3c6d35] [com.apple.network:connection] [C1] event: client:connection_idle @0.153s
2026-08-12 15:25:58.594 Df IlliniCover[21482:3c6d35] [com.apple.network:connection] nw_protocol_socket_notify [C1.1.1.1:3] nw_protocol_notification_type_connection_idle is true
2026-08-12 15:25:58.594 A  IlliniCover[21482:3c6d35] (Security) SecTrustEvaluateIfNecessary
2026-08-12 15:25:58.594 Df IlliniCover[21482:3c6d35] [com.apple.xpc:connection] [0x1059f26c0] activating connection: mach=true listener=false peer=false name=com.apple.trustd
2026-08-12 15:25:58.596 Df IlliniCover[21482:3c6d35] [com.apple.xpc:connection] [0x1059f26c0] invalidated because the current process cancelled the connection by calling xpc_connection_cancel()
2026-08-12 15:25:58.596 Df IlliniCover[21482:3c6d35] [com.apple.CFNetwork:Default] Task <749B010D-9D2B-41AF-AAD5-F6ABA0228B22>.<1> response ended
2026-08-12 15:25:58.596 Df IlliniCover[21482:3c6d2e] [com.apple.CFNetwork:Summary] Task <749B010D-9D2B-41AF-AAD5-F6ABA0228B22>.<1> summary for task success {transaction_duration_ms=168, response_status=200, connection=1, protocol="h2", domain_lookup_duration_ms=8, connect_duration_ms=95, secure_connection_duration_ms=74, private_relay=false, request_start_ms=121, request_duration_ms=0, response_start_ms=165, response_duration_ms=2, request_bytes=702, request_throughput_kbps=15430, response_bytes=278, response_throughput_kbps=764, cache_hit=false}
2026-08-12 15:25:58.597 Df IlliniCover[21482:3c6d2e] [com.apple.CoreAnalytics:client] No XPC connection in Simulator
2026-08-12 15:25:58.597 Df IlliniCover[21482:3c6d35] [com.apple.CFNetwork:Default] Task <749B010D-9D2B-41AF-AAD5-F6ABA0228B22>.<1> finished successfully
2026-08-12 15:25:58.597 Df IlliniCover[21482:3c6d48] [com.apple.CFNetwork:Default] Garbage collection for alternative services
2026-08-12 15:25:58.649 Df IlliniCover[21482:3c6d48] [com.apple.CFNetwork:Default] Task <8B47FE40-2553-443A-B3AD-C2C8C3490438>.<1> received response, status 200 content U
2026-08-12 15:25:58.649 Df IlliniCover[21482:3c6d48] [com.apple.CFNetwork:Default] Task <8B47FE40-2553-443A-B3AD-C2C8C3490438>.<1> done using Connection 2
2026-08-12 15:25:58.649 Df IlliniCover[21482:3c6d48] [com.apple.network:connection] [C2] event: client:connection_idle @0.195s
2026-08-12 15:25:58.649 Df IlliniCover[21482:3c6d48] [com.apple.network:connection] nw_protocol_socket_notify [C2.1.1.1:3] nw_protocol_notification_type_connection_idle is true
2026-08-12 15:25:58.649 Df IlliniCover[21482:3c6d48] [com.apple.CFNetwork:Default] Task <8B47FE40-2553-443A-B3AD-C2C8C3490438>.<1> response ended
2026-08-12 15:25:58.650 Df IlliniCover[21482:3c6d29] [com.apple.UIKit:KeyboardSceneDelegate] _inputViewsForResponder, found assistantVC: <UISystemInputAssistantViewController: 0x105a28a00; frame = {{0, 0}, {0, 0}}> (should suppress: 0, _dontNeed: 0)
2026-08-12 15:25:58.650 Df IlliniCover[21482:3c6d29] [com.apple.UIKit:KeyboardSceneDelegate] _inputViewsForResponder, configuring _responderWithoutAutomaticAppearanceEnabled: <(null): 0x0> (_automaticAppearEnabled: 1)
2026-08-12 15:25:58.652 Df IlliniCover[21482:3c6d35] [com.apple.CFNetwork:Summary] Task <8B47FE40-2553-443A-B3AD-C2C8C3490438>.<1> summary for task success {transaction_duration_ms=222, response_status=200, connection=2, protocol="h2", domain_lookup_duration_ms=2, connect_duration_ms=66, secure_connection_duration_ms=54, private_relay=false, request_start_ms=99, request_duration_ms=0, response_start_ms=219, response_duration_ms=0, request_bytes=391, request_throughput_kbps=19307, response_bytes=659, response_throughput_kbps=16471, cache_hit=true}
2026-08-12 15:25:58.654 Df IlliniCover[21482:3c6d29] [com.apple.xpc:connection] [0x11d208280] activating connection: mach=true listener=false peer=false name=com.apple.TextInput
2026-08-12 15:25:58.654 Df IlliniCover[21482:3c6d35] [com.apple.CFNetwork:Default] Task <8B47FE40-2553-443A-B3AD-C2C8C3490438>.<1> finished successfully
2026-08-12 15:25:58.664 A  IlliniCover[21482:3c6d29] (CoreFoundation) Updating Key-Value Observers Of Preferences
2026-08-12 15:25:58.665 Df IlliniCover[21482:3c6d29] [com.apple.UIKit:UIKBFeedbackGenerator] <_UIKBFeedbackGenerator: 0x105a4b3c0>: Updating mode. Haptics: unsupported. Haptics: disabled. Ringer: on. Sound: enabled. Mode: audio only
2026-08-12 15:25:58.666 Df IlliniCover[21482:3c6d29] [com.apple.UIKit:KeyboardSceneDelegate] _inputViewsForResponder, useKeyboard ivs: <UIInputViewSet: 0x105a4b480>
2026-08-12 15:25:58.667 Df IlliniCover[21482:3c6d29] [com.apple.UIKit:KeyboardSceneDelegate] _inputViewsForResponder returning: <<UIInputViewSet: 0x105a4b480>; view = <_UIKBCompatInputView: 0x108c16300; frame = (0 0; 0 0); >; assistant = <TUISystemInputAssistantView: 0x108dec900; frame = (0 0; 0 0); hidden = YES; >; usesKeyClicks = NO;  >
2026-08-12 15:25:58.673 Df IlliniCover[21482:3c6d29] [com.apple.UIKit:TrackingElementWindowController] Change from input view set: (null)
2026-08-12 15:25:58.673 Df IlliniCover[21482:3c6d29] [com.apple.UIKit:TrackingElementWindowController] Change to input view set: (null)
2026-08-12 15:25:58.674 Df IlliniCover[21482:3c6d29] [com.apple.UIKit:KeyboardLayoutGuide] _moveGuideOffscreenAtEdge: 4
2026-08-12 15:25:58.674 Df IlliniCover[21482:3c6d29] [com.apple.UIKit:KeyboardLayoutGuide] changeOffsetConstants: offset is changing to {0, 0} [previous offset: {-1, -1}]
2026-08-12 15:25:58.674 Df IlliniCover[21482:3c6d29] [com.apple.UIKit:KeyboardLayoutGuide] changeSizingConstants: size is changing [not transitioning] to {390, 0} [previous size: {1, 0}]
2026-08-12 15:25:58.677 Df IlliniCover[21482:3c6d29] [com.apple.BackBoard:Keyboard] Activating connection to server: (null)
2026-08-12 15:25:58.677 Df IlliniCover[21482:3c6d29] [com.apple.BackBoard:Keyboard] server remote target <BSXPCServiceConnectionProxy<BKSKeyboardServiceClientToServerIPC>: 0x108d33410>
2026-08-12 15:25:58.677 Df IlliniCover[21482:3c6d29] [com.apple.BackBoard:Keyboard] currently observing: YES
2026-08-12 15:25:58.677 Df IlliniCover[21482:3c6d29] [com.apple.BackBoard:Keyboard] currently observing: NO
2026-08-12 15:25:58.677 Df IlliniCover[21482:3c6d29] [com.apple.UIKit:InputSessionChange] -_teardownExistingDelegate:(nil) forSetDelegate:<UITextField: 0x105a28500> force:NO delayEndInputSession:YES
2026-08-12 15:25:58.677 Df IlliniCover[21482:3c6d29] [com.apple.UIKit:InputSessionChange] endInputSession completion is disabled
2026-08-12 15:25:58.678 Df IlliniCover[21482:3c6d29] [com.apple.UIKit:KeyboardSceneDelegate] [Interface Orientation] was:Interface Unknown now:UIInterfaceOrientationPortrait reason:Using key window scene
2026-08-12 15:25:58.680 Df IlliniCover[21482:3c6d29] [com.apple.UIKit:SmartReply] Handling responseContextDidChange - existing: (null), new: (null)
2026-08-12 15:25:58.694 E  IlliniCover[21482:3c6d29] [com.apple.UIKit:UIFocus] UIKeyboardLayoutStar implements focusItemsInRect: - caching for linear focus movement is limited as long as this view is on screen.
2026-08-12 15:25:58.704 Df IlliniCover[21482:3c6d48] [com.apple.CFNetwork:Default] Task <A5D913FE-FE26-4635-866B-A50E61B3B8D6>.<2> resuming, timeouts(15.0, 604800.0) qos(0x15) voucher((null)) activity(00000000-0000-0000-0000-000000000000)
2026-08-12 15:25:58.705 Df IlliniCover[21482:3c6d2e] [com.apple.network:connection] [C1] event: client:connection_reused @0.264s
2026-08-12 15:25:58.705 Df IlliniCover[21482:3c6d2e] [com.apple.network:connection] nw_protocol_socket_notify [C1.1.1.1:3] nw_protocol_notification_type_connection_idle is false
2026-08-12 15:25:58.705 Df IlliniCover[21482:3c6d2e] [com.apple.CFNetwork:Default] Task <A5D913FE-FE26-4635-866B-A50E61B3B8D6>.<2> now using Connection 1
2026-08-12 15:25:58.705 Df IlliniCover[21482:3c6d2e] [com.apple.CFNetwork:Default] Task <A5D913FE-FE26-4635-866B-A50E61B3B8D6>.<2> sent request, body S 433
2026-08-12 15:25:58.737 Df IlliniCover[21482:3c6d29] [com.apple.TextInputUI:DynamicKeyplaneView] <TUIKeyplaneView: 0x11d20c800> changed keyplane size to {390, 216}; docked
2026-08-12 15:25:58.738 Df IlliniCover[21482:3c6d29] [com.apple.TextInputUI:DynamicKeyplaneView] Setting dynamic keyplane: Dynamic-QWERTY-British-Small_Capital-Letters
2026-08-12 15:25:58.745 Df IlliniCover[21482:3c6d35] [com.apple.CFNetwork:Default] Task <A5D913FE-FE26-4635-866B-A50E61B3B8D6>.<2> received response, status 200 content K
2026-08-12 15:25:58.745 Df IlliniCover[21482:3c6d35] [com.apple.CFNetwork:Default] Task <A5D913FE-FE26-4635-866B-A50E61B3B8D6>.<2> done using Connection 1
2026-08-12 15:25:58.746 Df IlliniCover[21482:3c6d35] [com.apple.network:connection] [C1] event: client:connection_idle @0.305s
2026-08-12 15:25:58.746 Df IlliniCover[21482:3c6d35] [com.apple.network:connection] nw_protocol_socket_notify [C1.1.1.1:3] nw_protocol_notification_type_connection_idle is true
2026-08-12 15:25:58.746 Df IlliniCover[21482:3c6d2e] [com.apple.calls.callkit:Default] Call host has no calls
2026-08-12 15:25:58.746 Df IlliniCover[21482:3c6d35] [com.apple.CFNetwork:Default] Task <A5D913FE-FE26-4635-866B-A50E61B3B8D6>.<2> response ended
2026-08-12 15:25:58.746 Df IlliniCover[21482:3c6d2e] [com.apple.CFNetwork:Summary] Task <A5D913FE-FE26-4635-866B-A50E61B3B8D6>.<2> summary for task success {transaction_duration_ms=41, response_status=200, connection=1, reused=1, reused_after_ms=111, request_start_ms=0, request_duration_ms=0, response_start_ms=40, response_duration_ms=0, request_bytes=492, request_throughput_kbps=21622, response_bytes=56, response_throughput_kbps=779, cache_hit=false}
2026-08-12 15:25:58.746 Df IlliniCover[21482:3c6d48] [com.apple.CFNetwork:Default] Task <A5D913FE-FE26-4635-866B-A50E61B3B8D6>.<2> finished successfully
2026-08-12 15:25:58.787 Df IlliniCover[21482:3c6d2e] [com.apple.TextInputUI:CandidateGeneration] -[TUIKeyboardCandidateMultiplexer installGeneratorForSource:]_block_invoke: Multiplexer is installing generator for source: 1
2026-08-12 15:25:58.787 Df IlliniCover[21482:3c6d2e] [com.apple.TextInputUI:CandidateGeneration] -[TUIKeyboardCandidateMultiplexer installGeneratorForSource:]_block_invoke: Multiplexer is installing generator for source: 3
2026-08-12 15:25:58.788 Df IlliniCover[21482:3c6d29] [com.apple.UIKit:KeyboardUI] Creating a new RTI client
2026-08-12 15:25:58.788 Df IlliniCover[21482:3c6d29] [com.apple.BoardServices:XPCErrors] [C:3] Alloc com.apple.inputservice.input-ui-host
2026-08-12 15:25:58.788 Df IlliniCover[21482:3c6d29] [com.apple.xpc:connection] [0x11d313d40] activating connection: mach=false listener=false peer=false name=(anonymous)
2026-08-12 15:25:58.789 Df IlliniCover[21482:3c6d29] [com.apple.UIKit:KeyboardUI] creating new AutofillUI connection
2026-08-12 15:25:58.790 Df IlliniCover[21482:3c6d29] [com.apple.xpc:connection] [0x11d313e80] activating connection: mach=true listener=false peer=false name=com.apple.rti-screencontinuity
2026-08-12 15:25:58.794 Df IlliniCover[21482:3c6d29] [com.apple.xpc:connection] [0x11d313e80] failed to do a bootstrap look-up: xpc_error=[3: No such process]
2026-08-12 15:25:58.794 Df IlliniCover[21482:3c6d29] [com.apple.xpc:connection] [0x11d313e80] invalidated after a failed init
2026-08-12 15:25:58.794 Df IlliniCover[21482:3c6d2e] [com.apple.RemoteTextInput:InputSessionChange] -[RTIInputSystemClient _configureConnection:withMachName:]_block_invoke_2  Client connection to service was invalidated: <NSXPCConnection: 0x11d1d2080> connection to service named com.apple.rti-screencontinuity
2026-08-12 15:25:58.794 Df IlliniCover[21482:3c6d29] [com.apple.RemoteTextInput:InputSessionChange] -[RTIInputSystemClient beginAllowingRemoteTextInput:]  Begin allowing remote text input: F1B2EDE2-5736-4087-B5EC-A4227C94E261
2026-08-12 15:25:58.794 Df IlliniCover[21482:3c6d29] [com.apple.RemoteTextInput:InputSessionChange] -[RTIInputSystemClient _modifyTextEditingAllowedForReason:notify:animated:modifyAllowancesBlock:completion:]  Text editing allowed did change (editingAllowedAfter = YES)
2026-08-12 15:25:58.803 Df IlliniCover[21482:3c6d29] [com.apple.xpc:connection] [0x11d2ef700] activating connection: mach=true listener=false peer=false name=com.apple.pasteboard.pasted
2026-08-12 15:25:58.822 Df IlliniCover[21482:3c6d29] [com.apple.RemoteTextInput:InputSessionChange] -[RTIInputSystemClient _beginSessionWithID:forServices:force:]  Begin text input session. sessionID = F1B2EDE2-5736-4087-B5EC-A4227C94E261, options = <RTISessionOptions: 0x11d32cd20; shouldResign = NO; animated = YES; offscreenDirection = 0; enhancedWindowingModeEnabled = NO
2026-08-12 15:25:58.852 Df IlliniCover[21482:3c6d29] [com.apple.UIKit:KeyboardSceneDelegate] Reloading input views for key-window scene responder: <(null): 0x0; > force:N
2026-08-12 15:25:58.852 Df IlliniCover[21482:3c6d29] [com.apple.UIKit:KeyboardSceneDelegate] _reloadInputViewsForKeyWindowSceneResponder: 0 force: 0, fromBecomeFirstResponder: 0 (automaticKeyboard: 0, reloadIdentifier: CD59D567-B4C3-4D8B-9361-CDC1231C5536)
2026-08-12 15:25:58.852 Df IlliniCover[21482:3c6d29] [com.apple.UIKit:KeyboardSceneDelegate] _inputViewsForResponder: <(null): 0x0; >, automaticKeyboard: 0, force: 0
2026-08-12 15:25:58.852 Df IlliniCover[21482:3c6d29] [com.apple.UIKit:KeyboardSceneDelegate] _inputViewsForResponder, found custom inputView: <(null): 0x0>, customInputViewController: <(null): 0x0>
2026-08-12 15:25:58.852 Df IlliniCover[21482:3c6d29] [com.apple.UIKit:KeyboardSceneDelegate] _inputViewsForResponder, found inputAccessoryView: <(null): 0x0>
2026-08-12 15:25:58.853 Df IlliniCover[21482:3c6d29] [com.apple.UIKit:KeyboardSceneDelegate] _inputViewsForResponder, responderRequiresKeyboard 0 (automaticKeyboardEnabled: 0, activeInstance: <UIKeyboardAutomatic: 0x11d1e6d00; frame = {{0, 0}, {0, 0}}; alpha = 1.000000; isHidden = 0; tAMIC = 0>, self.isOnScreen: 0, requiresKBWhenFirstResponder: 0)
2026-08-12 15:25:58.853 Df IlliniCover[21482:3c6d29] [com.apple.UIKit:KeyboardSceneDelegate] _inputViewsForResponder, useKeyboard 0 (allowsSystemInputView: 1, !inputView <(null): 0x0>, responderRequiresKeyboard 0)
2026-08-12 15:25:58.853 Df IlliniCover[21482:3c6d29] [com.apple.UIKit:KeyboardSceneDelegate] _inputViewsForResponder, configuring _responderWithoutAutomaticAppearanceEnabled: <(null): 0x0> (_automaticAppearEnabled: 1)
2026-08-12 15:25:58.853 Df IlliniCover[21482:3c6d29] [com.apple.UIKit:KeyboardSceneDelegate] _inputViewsForResponder, needsIVPlaceholder: 0, needsIAVPlaceholder: 0, needsInputSetWithPlaceholder: 0
2026-08-12 15:25:58.853 Df IlliniCover[21482:3c6d29] [com.apple.UIKit:KeyboardSceneDelegate] _inputViewsForResponder returning: <<UIInputViewSet: 0x11d2f9140>; (empty)>
2026-08-12 15:25:58.853 Df IlliniCover[21482:3c6d29] [com.apple.BackBoard:Keyboard] currently observing: YES
2026-08-12 15:25:58.853 Df IlliniCover[21482:3c6d29] [com.apple.BackBoard:Keyboard] currently observing: NO
2026-08-12 15:25:58.853 Df IlliniCover[21482:3c6d29] [com.apple.UIKit:InputSessionChange] -_teardownExistingDelegate:<UITextField: 0x105a28500> forSetDelegate:(nil) force:NO delayEndInputSession:NO
2026-08-12 15:25:58.857 Df IlliniCover[21482:3c6d48] [com.apple.network:path] nw_path_evaluator_start [8EE29B06-492F-4FF1-99EB-6B050218258A <NULL> generic, multipath service: handover, attribution: developer]
	path: satisfied (Path is satisfied), interface: en0[802.11], uses wifi, LQM: unknown
2026-08-12 15:25:58.857 Df IlliniCover[21482:3c6d48] [com.apple.xpc:connection] [0x11d355a40] activating connection: mach=true listener=false peer=false name=com.apple.SystemConfiguration.NetworkInformation_sim
2026-08-12 15:25:58.858 Df IlliniCover[21482:3c6d29] [com.apple.RemoteTextInput:InputSessionChange] -[RTIInputSystemClient endRemoteTextInputSessionWithID:options:completion:]  Ending text input session. sessionID = F1B2EDE2-5736-4087-B5EC-A4227C94E261, options = <RTISessionOptions: 0x11d32df20; shouldResign = YES; animated = YES; offscreenDirection = 0; enhancedWindowingModeEnabled = NO
2026-08-12 15:25:58.858 Df IlliniCover[21482:3c6d29] [com.apple.RemoteTextInput:InputSessionChange] -[RTIInputSystemClient _endSessionWithID:forServices:options:completion:]  End input session: F1B2EDE2-5736-4087-B5EC-A4227C94E261
2026-08-12 15:25:58.858 Df IlliniCover[21482:3c6d29] [com.apple.RemoteTextInput:InputSessionChange] -[RTIInputSystemClient endAllowingRemoteTextInput:completion:]  End allowing remote text input: F1B2EDE2-5736-4087-B5EC-A4227C94E261
2026-08-12 15:25:58.858 Df IlliniCover[21482:3c6d29] [com.apple.RemoteTextInput:InputSessionChange] -[RTIInputSystemClient _modifyTextEditingAllowedForReason:notify:animated:modifyAllowancesBlock:completion:]  Text editing allowed did change (editingAllowedAfter = NO)
2026-08-12 15:25:58.859 Df IlliniCover[21482:3c6d48] [com.apple.network:path] nw_path_evaluator_cancel [8EE29B06-492F-4FF1-99EB-6B050218258A] cancel
2026-08-12 15:25:58.859 Df IlliniCover[21482:3c6d29] [com.apple.UIKit:SmartReply] Handling responseContextDidChange - existing: (null), new: (null)
2026-08-12 15:25:58.860 Df IlliniCover[21482:3c6d29] [com.apple.UIKit:UIPeripheralHost] endPlacementForInputViewSet: <<UIInputViewSet: 0x105a4b480>; keyboard = <UIKeyboardAutomatic: 0x11d1e6d00; frame = (0 0; 0 0); opaque = NO; layer = <CALayer: 0x11d1c8a80>>%; assistant = <TUISystemInputAssistantView: 0x108dec900; frame = (0 0; 0 0); hidden = YES; >; usesKeyClicks = NO;  > windowScene: <UIWindowScene: 0x108c67800; role: UIWindowSceneSessionRoleApplication; persistentIdentifier: 2050C5AC-6A26-42BC-8E8F-FBAE5EDC0388; activationState: UISceneActivationStateForegroundActive>
2026-08-12 15:25:58.860 Df IlliniCover[21482:3c6d29] [com.apple.UIKit:UIPeripheralHost] endPlacementForInputViewSet, returning -> <UIInputViewSetPlacementOnScreen>
2026-08-12 15:25:58.861 Df IlliniCover[21482:3c6d29] [com.apple.UIKit:KeyboardArbiterClientLog] -[_UIRemoteKeyboards prepareToMoveKeyboard:withIAV:isIAVRelevant:showing:notifyRemote:forScene:] position: {{0, 0}, {390, 325}} visible: 1; notifyRemote: 1; isMinimized: NO
2026-08-12 15:25:58.861 Df IlliniCover[21482:3c6d29] [com.apple.UIKit:InterfaceStyle] Should send trait collection or coordinate space update, interface style 2 -> 2, <_UIKeyboardWindowScene: 0x11d2e2d00> (BD0803F1-3912-4DD6-90D9-E44920B3CA6F)
2026-08-12 15:25:58.861 Df IlliniCover[21482:3c6d29] [com.apple.UIKit:InterfaceStyle] Should send trait collection or coordinate space update, interface style 2 -> 2, <_UIKeyboardWindowScene: 0x11d2e2d00> (BD0803F1-3912-4DD6-90D9-E44920B3CA6F)
2026-08-12 15:25:58.862 Df IlliniCover[21482:3c6d29] [com.apple.UIKit:HomeAffordanceObservation] Initializing: <_UIHomeAffordanceSceneNotifierProxy: 0x1059e0360>; with scene: <_UIKeyboardWindowScene: 0x11d2e2d00>
2026-08-12 15:25:58.863 Df IlliniCover[21482:3c6d29] [com.apple.UIKit:InputWindowController] Change from input view set: (null)
2026-08-12 15:25:58.863 Df IlliniCover[21482:3c6d29] [com.apple.UIKit:InputWindowController] Change to input view set: (null)
2026-08-12 15:25:58.864 Df IlliniCover[21482:3c6d29] [com.apple.FrontBoard:SceneExtension] Realizing settings extension <_UIApplicationSceneDisplaySettings> on FBSSceneSettings
2026-08-12 15:25:58.865 Df IlliniCover[21482:3c6d29] [com.apple.UIKit:InputWindowController] Change from input view set: (null)
2026-08-12 15:25:58.865 Df IlliniCover[21482:3c6d29] [com.apple.UIKit:InputWindowController] Change to input view set: <<UIInputViewSet: 0x11d2f9380>; (empty)>
2026-08-12 15:25:58.937 Df IlliniCover[21482:3c6d2e] [com.apple.network:path] nw_path_evaluator_start [2AFC305B-06B0-43E2-A11E-944354AA8EC0 <NULL> generic, multipath service: handover, attribution: developer]
	path: satisfied (Path is satisfied), interface: en0[802.11], uses wifi, LQM: unknown
2026-08-12 15:25:58.940 Df IlliniCover[21482:3c6d29] [com.apple.UIKit:InputWindowController] updatePlacementWithPlacement: <UITrackingElementPlacementInitialPosition>
2026-08-12 15:25:58.944 Df IlliniCover[21482:3c6d29] [com.apple.runningboard:connection] Creating side-channel connection to com.apple.runningboard
2026-08-12 15:25:58.944 Df IlliniCover[21482:3c6d29] [com.apple.xpc:connection] [0x11d3f4f00] activating connection: mach=true listener=false peer=false name=com.apple.runningboard
2026-08-12 15:25:58.944 Df IlliniCover[21482:3c6d29] [com.apple.runningboard:process] Hit the server for a process handle f5e5e64000053ea that resolved to: [app<com.illinicover.app((null))>:21482]
2026-08-12 15:25:58.945 Df IlliniCover[21482:3c6d29] [com.apple.KeyboardArbiter:Client] prepareToMoveKeyboard: set currentKeyboard:Y
2026-08-12 15:25:58.945 Df IlliniCover[21482:3c6d29] [com.apple.KeyboardArbiter:Client] TX signalKeyboardChanged
2026-08-12 15:25:58.945 Df IlliniCover[21482:3c6d29] [com.apple.UIKit:KeyboardArbiterClientLog] -[_UIRemoteKeyboards signalToProxyKeyboardChanged:onCompletion:]  Signaling keyboard changed <<<_UIKeyboardChangedInformation: 0x11d3f8600>; appId (null) bundleId (null) animation fence <BKSAnimationFenceHandle:0x11d330760 -> <CAFenceHandle:0x108d232c0 name=2 fence=756000000ec usable=YES>>; position {{0, 519}, {390, 325}}; animated YES; on screen YES; tracking NO; resizing NO; local NO, dock state: Unknown, hasValidNotif: NO>; source canvas com.apple.frontboard.systemappservices/FBSceneManager:sceneID%3Acom.illinicover.app-default; source display Main; source bundle com.illinicover.app; host bundle (null); animation fence <BKSAnimationFenceHandle:0x11d330760 -> <CAFenceHandle:0x108d232c0 name=2 fence=756000000ec usable=YES>>; position {{0, 519}, {390, 325}} (with IAV same); floating 0; on screen YES;  intersectable YES; snapshot YES>
2026-08-12 15:25:58.945 Df IlliniCover[21482:3c6d29] [com.apple.KeyboardArbiter:Client] TX setWindowContextID:3946967289 windowState:Enabled level:0.0
    focusContext:<contextID:3657215218 sceneID:com.illinicover.app-default>
2026-08-12 15:25:58.945 Df IlliniCover[21482:3c6d29] [com.apple.UIKit:UIKeyboardExtended] Requesting scene for autofill UI
2026-08-12 15:25:58.945 Df IlliniCover[21482:3c6d29] [com.apple.UIKit:KeyboardVisualMode] Show keyboard with visual mode windowed (0)
2026-08-12 15:25:58.946 Df IlliniCover[21482:3c6d29] [com.apple.UIKit:InputWindowController] Setting input views: <<UIInputViewSet: 0x11d2f9500>; keyboard = [uninitialized]; assistant = <TUISystemInputAssistantView: 0x108dec900; frame = (0 0; 0 0); hidden = YES; >; usesKeyClicks = NO;  >
2026-08-12 15:25:58.958 Df IlliniCover[21482:3c6d29] [com.apple.UIKit:UIPeripheralHost] endPlacementForInputViewSet: <<UIInputViewSet: 0x11d2f9500>; keyboard = <UIKeyboardAutomatic: 0x11d1e6d00; frame = (0 0; 0 0); opaque = NO; layer = <CALayer: 0x11d1c8a80>>%; assistant = <TUISystemInputAssistantView: 0x108dec900; frame = (0 0; 0 0); hidden = YES; >; usesKeyClicks = NO;  > windowScene: <_UIKeyboardWindowScene: 0x11d2e2d00; role: _UIScreenBasedSceneSession; persistentIdentifier: BD0803F1-3912-4DD6-90D9-E44920B3CA6F; activationState: UISceneActivationStateForegroundActive>
2026-08-12 15:25:58.958 Df IlliniCover[21482:3c6d29] [com.apple.UIKit:UIPeripheralHost] endPlacementForInputViewSet, returning -> <UIInputViewSetPlacementOnScreen>
2026-08-12 15:25:58.958 Df IlliniCover[21482:3c6d29] [com.apple.UIKit:InputWindowController] Moving from placement: <UITrackingElementPlacementInitialPosition> to placement: <UIInputViewSetPlacementOnScreen> (currentPlacement: <UITrackingElementPlacementInitialPosition>)
2026-08-12 15:25:58.958 Df IlliniCover[21482:3c6d29] [com.apple.UIKit:InputWindowController] Change from input view set: <<UIInputViewSet: 0x11d2f9380>; (empty)>
2026-08-12 15:25:58.958 Df IlliniCover[21482:3c6d29] [com.apple.UIKit:InputWindowController] Change to input view set: <<UIInputViewSet: 0x11d2f9500>; keyboard = <UIKeyboardAutomatic: 0x11d1e6d00; frame = (0 0; 0 0); opaque = NO; layer = <CALayer: 0x11d1c8a80>>%; assistant = <TUISystemInputAssistantView: 0x108dec900; frame = (0 0; 0 0); hidden = YES; >; usesKeyClicks = NO;  >
2026-08-12 15:25:58.962 Df IlliniCover[21482:3c6d29] [com.apple.TextInputUI:DynamicKeyplaneView] Setting dynamic keyplane: Dynamic-QWERTY-British-Small_Small-Letters-Small-Display
2026-08-12 15:25:58.981 A  IlliniCover[21482:3c6d2e] (RunningBoardServices) didChangeInheritances
2026-08-12 15:25:59.006 Df IlliniCover[21482:3c6d29] [com.apple.UIKit:UIPeripheralHost] endPlacementForInputViewSet: <<UIInputViewSet: 0x11d2f9500>; keyboard = <UIKeyboardAutomatic: 0x11d1e6d00; frame = (0 0; 0 0); opaque = NO; layer = <CALayer: 0x11d1c8a80>>%; assistant = <TUISystemInputAssistantView: 0x108dec900; frame = (0 0; 0 0); hidden = YES; >; usesKeyClicks = NO;  > windowScene: <_UIKeyboardWindowScene: 0x11d2e2d00; role: _UIScreenBasedSceneSession; persistentIdentifier: BD0803F1-3912-4DD6-90D9-E44920B3CA6F; activationState: UISceneActivationStateForegroundActive>
2026-08-12 15:25:59.006 Df IlliniCover[21482:3c6d29] [com.apple.UIKit:UIPeripheralHost] endPlacementForInputViewSet, returning -> <UIInputViewSetPlacementOnScreen>
2026-08-12 15:25:59.006 Df IlliniCover[21482:3c6d29] [com.apple.UIKit:UIPeripheralHost] endPlacementForInputViewSet: <<UIInputViewSet: 0x11d2f9500>; keyboard = <UIKeyboardAutomatic: 0x11d1e6d00; frame = (0 0; 0 0); opaque = NO; layer = <CALayer: 0x11d1c8a80>>%; assistant = <TUISystemInputAssistantView: 0x108dec900; frame = (0 0; 0 0); hidden = YES; >; usesKeyClicks = NO;  > windowScene: <_UIKeyboardWindowScene: 0x11d2e2d00; role: _UIScreenBasedSceneSession; persistentIdentifier: BD0803F1-3912-4DD6-90D9-E44920B3CA6F; activationState: UISceneActivationStateForegroundActive>
2026-08-12 15:25:59.006 Df IlliniCover[21482:3c6d29] [com.apple.UIKit:UIPeripheralHost] endPlacementForInputViewSet, returning -> <UIInputViewSetPlacementOnScreen>
2026-08-12 15:25:59.007 Df IlliniCover[21482:3c6d29] [com.apple.UIKit:UIPeripheralHost] endPlacementForInputViewSet: <<UIInputViewSet: 0x11d2f9500>; keyboard = <UIKeyboardAutomatic: 0x11d1e6d00; frame = (0 0; 0 0); opaque = NO; layer = <CALayer: 0x11d1c8a80>>%; assistant = <TUISystemInputAssistantView: 0x108dec900; frame = (0 0; 0 0); hidden = YES; >; usesKeyClicks = NO;  > windowScene: <_UIKeyboardWindowScene: 0x11d2e2d00; role: _UIScreenBasedSceneSession; persistentIdentifier: BD0803F1-3912-4DD6-90D9-E44920B3CA6F; activationState: UISceneActivationStateForegroundActive>
2026-08-12 15:25:59.007 Df IlliniCover[21482:3c6d29] [com.apple.UIKit:UIPeripheralHost] endPlacementForInputViewSet, returning -> <UIInputViewSetPlacementOnScreen>
2026-08-12 15:25:59.007 Df IlliniCover[21482:3c6d29] [com.apple.UIKit:UIPeripheralHost] endPlacementForInputViewSet: <<UIInputViewSet: 0x11d2f9500>; keyboard = <UIKeyboardAutomatic: 0x11d1e6d00; frame = (0 0; 0 0); opaque = NO; layer = <CALayer: 0x11d1c8a80>>%; assistant = <TUISystemInputAssistantView: 0x108dec900; frame = (0 0; 0 0); hidden = YES; >; usesKeyClicks = NO;  > windowScene: <_UIKeyboardWindowScene: 0x11d2e2d00; role: _UIScreenBasedSceneSession; persistentIdentifier: BD0803F1-3912-4DD6-90D9-E44920B3CA6F; activationState: UISceneActivationStateForegroundActive>
2026-08-12 15:25:59.007 Df IlliniCover[21482:3c6d29] [com.apple.UIKit:UIPeripheralHost] endPlacementForInputViewSet, returning -> <UIInputViewSetPlacementOnScreen>
2026-08-12 15:25:59.010 Df IlliniCover[21482:3c6d29] [com.apple.UIKit:UIPeripheralHost] endPlacementForInputViewSet: <<UIInputViewSet: 0x11d2f9500>; keyboard = <UIKeyboardAutomatic: 0x11d1e6d00; frame = (0 0; 0 0); opaque = NO; layer = <CALayer: 0x11d1c8a80>>%; assistant = <TUISystemInputAssistantView: 0x108dec900; frame = (0 0; 0 0); hidden = YES; >; usesKeyClicks = NO;  > windowScene: <_UIKeyboardWindowScene: 0x11d2e2d00; role: _UIScreenBasedSceneSession; persistentIdentifier: BD0803F1-3912-4DD6-90D9-E44920B3CA6F; activationState: UISceneActivationStateForegroundActive>
2026-08-12 15:25:59.010 Df IlliniCover[21482:3c6d29] [com.apple.UIKit:UIPeripheralHost] endPlacementForInputViewSet, returning -> <UIInputViewSetPlacementOnScreen>
2026-08-12 15:25:59.010 Df IlliniCover[21482:3c6d29] [com.apple.UIKit:UIPeripheralHost] endPlacementForInputViewSet: <<UIInputViewSet: 0x11d2f9500>; keyboard = <UIKeyboardAutomatic: 0x11d1e6d00; frame = (0 0; 0 0); opaque = NO; layer = <CALayer: 0x11d1c8a80>>%; assistant = <TUISystemInputAssistantView: 0x108dec900; frame = (0 0; 0 0); hidden = YES; >; usesKeyClicks = NO;  > windowScene: <_UIKeyboardWindowScene: 0x11d2e2d00; role: _UIScreenBasedSceneSession; persistentIdentifier: BD0803F1-3912-4DD6-90D9-E44920B3CA6F; activationState: UISceneActivationStateForegroundActive>
2026-08-12 15:25:59.010 Df IlliniCover[21482:3c6d29] [com.apple.UIKit:UIPeripheralHost] endPlacementForInputViewSet, returning -> <UIInputViewSetPlacementOnScreen>
2026-08-12 15:25:59.010 Df IlliniCover[21482:3c6d29] [com.apple.UIKit:UIPeripheralHost] endPlacementForInputViewSet: <<UIInputViewSet: 0x11d2f9500>; keyboard = <UIKeyboardAutomatic: 0x11d1e6d00; frame = (0 0; 0 0); opaque = NO; layer = <CALayer: 0x11d1c8a80>>%; assistant = <TUISystemInputAssistantView: 0x108dec900; frame = (0 0; 0 0); hidden = YES; >; usesKeyClicks = NO;  > windowScene: <_UIKeyboardWindowScene: 0x11d2e2d00; role: _UIScreenBasedSceneSession; persistentIdentifier: BD0803F1-3912-4DD6-90D9-E44920B3CA6F; activationState: UISceneActivationStateForegroundActive>
2026-08-12 15:25:59.010 Df IlliniCover[21482:3c6d29] [com.apple.UIKit:UIPeripheralHost] endPlacementForInputViewSet, returning -> <UIInputViewSetPlacementOnScreen>
2026-08-12 15:25:59.011 Df IlliniCover[21482:3c6d29] [com.apple.UIKit:UIPeripheralHost] endPlacementForInputViewSet: <<UIInputViewSet: 0x11d2f9500>; keyboard = <UIKeyboardAutomatic: 0x11d1e6d00; frame = (0 0; 0 0); opaque = NO; layer = <CALayer: 0x11d1c8a80>>%; assistant = <TUISystemInputAssistantView: 0x108dec900; frame = (0 0; 0 0); hidden = YES; >; usesKeyClicks = NO;  > windowScene: <_UIKeyboardWindowScene: 0x11d2e2d00; role: _UIScreenBasedSceneSession; persistentIdentifier: BD0803F1-3912-4DD6-90D9-E44920B3CA6F; activationState: UISceneActivationStateForegroundActive>
2026-08-12 15:25:59.011 Df IlliniCover[21482:3c6d29] [com.apple.UIKit:UIPeripheralHost] endPlacementForInputViewSet, returning -> <UIInputViewSetPlacementOnScreen>
2026-08-12 15:25:59.023 Df IlliniCover[21482:3c6d29] [com.apple.UIKit:InputWindowController] moveFromPlacement, updated placements from: <UITrackingElementPlacementInitialPosition>, to: <UIInputViewSetPlacementOnScreen>
2026-08-12 15:25:59.024 Df IlliniCover[21482:3c6d29] [com.apple.UIKit:InputWindowController] updatePlacementWithPlacement: <UIInputViewSetPlacementOnScreen>
2026-08-12 15:25:59.024 Df IlliniCover[21482:3c6d29] [com.apple.UIKit:UIPeripheralHost] endPlacementForInputViewSet: <<UIInputViewSet: 0x11d2f9500>; keyboard = <UIKeyboardAutomatic: 0x11d1e6d00; frame = (0 0; 390 233); opaque = NO; layer = <CALayer: 0x11d1c8a80>>%; assistant = <TUISystemInputAssistantView: 0x108dec900; frame = (0 0; 390 0); hidden = YES; >; usesKeyClicks = NO;  > windowScene: <_UIKeyboardWindowScene: 0x11d2e2d00; role: _UIScreenBasedSceneSession; persistentIdentifier: BD0803F1-3912-4DD6-90D9-E44920B3CA6F; activationState: UISceneActivationStateForegroundActive>
2026-08-12 15:25:59.024 Df IlliniCover[21482:3c6d29] [com.apple.UIKit:UIPeripheralHost] endPlacementForInputViewSet, returning -> <UIInputViewSetPlacementOnScreen>
2026-08-12 15:25:59.024 Df IlliniCover[21482:3c6d29] [com.apple.UIKit:UIPeripheralHost] endPlacementForInputViewSet: <<UIInputViewSet: 0x11d2f9500>; keyboard = <UIKeyboardAutomatic: 0x11d1e6d00; frame = (0 0; 390 233); opaque = NO; layer = <CALayer: 0x11d1c8a80>>%; assistant = <TUISystemInputAssistantView: 0x108dec900; frame = (0 0; 390 0); hidden = YES; >; usesKeyClicks = NO;  > windowScene: <_UIKeyboardWindowScene: 0x11d2e2d00; role: _UIScreenBasedSceneSession; persistentIdentifier: BD0803F1-3912-4DD6-90D9-E44920B3CA6F; activationState: UISceneActivationStateForegroundActive>
2026-08-12 15:25:59.024 Df IlliniCover[21482:3c6d29] [com.apple.UIKit:UIPeripheralHost] endPlacementForInputViewSet, returning -> <UIInputViewSetPlacementOnScreen>
2026-08-12 15:25:59.024 Df IlliniCover[21482:3c6d29] [com.apple.UIKit:UIPeripheralHost] endPlacementForInputViewSet: <<UIInputViewSet: 0x11d2f9500>; keyboard = <UIKeyboardAutomatic: 0x11d1e6d00; frame = (0 0; 390 233); opaque = NO; layer = <CALayer: 0x11d1c8a80>>%; assistant = <TUISystemInputAssistantView: 0x108dec900; frame = (0 0; 390 0); hidden = YES; >; usesKeyClicks = NO;  > windowScene: <_UIKeyboardWindowScene: 0x11d2e2d00; role: _UIScreenBasedSceneSession; persistentIdentifier: BD0803F1-3912-4DD6-90D9-E44920B3CA6F; activationState: UISceneActivationStateForegroundActive>
2026-08-12 15:25:59.024 Df IlliniCover[21482:3c6d29] [com.apple.UIKit:UIPeripheralHost] endPlacementForInputViewSet, returning -> <UIInputViewSetPlacementOnScreen>
2026-08-12 15:25:59.024 Df IlliniCover[21482:3c6d29] [com.apple.UIKit:UIPeripheralHost] endPlacementForInputViewSet: <<UIInputViewSet: 0x11d2f9500>; keyboard = <UIKeyboardAutomatic: 0x11d1e6d00; frame = (0 0; 390 233); opaque = NO; layer = <CALayer: 0x11d1c8a80>>%; assistant = <TUISystemInputAssistantView: 0x108dec900; frame = (0 0; 390 0); hidden = YES; >; usesKeyClicks = NO;  > windowScene: <_UIKeyboardWindowScene: 0x11d2e2d00; role: _UIScreenBasedSceneSession; persistentIdentifier: BD0803F1-3912-4DD6-90D9-E44920B3CA6F; activationState: UISceneActivationStateForegroundActive>
2026-08-12 15:25:59.024 Df IlliniCover[21482:3c6d29] [com.apple.UIKit:UIPeripheralHost] endPlacementForInputViewSet, returning -> <UIInputViewSetPlacementOnScreen>
2026-08-12 15:25:59.025 Df IlliniCover[21482:3c6d29] [com.apple.UIKit:KeyboardArbiterClientLog] -[_UIRemoteKeyboards prepareToMoveKeyboard:withIAV:isIAVRelevant:showing:notifyRemote:forScene:] position: {{0, 0}, {390, 308}} visible: 1; notifyRemote: 0; isMinimized: NO
2026-08-12 15:25:59.025 Df IlliniCover[21482:3c6d29] [com.apple.KeyboardArbiter:Client] prepareToMoveKeyboard: set currentKeyboard:Y
2026-08-12 15:25:59.025 Df IlliniCover[21482:3c6d29] [com.apple.KeyboardArbiter:Client] TX signalKeyboardChanged
2026-08-12 15:25:59.025 Df IlliniCover[21482:3c6d29] [com.apple.UIKit:KeyboardArbiterClientLog] -[_UIRemoteKeyboards signalToProxyKeyboardChanged:onCompletion:]  Signaling keyboard changed <<<_UIKeyboardChangedInformation: 0x11d3f8480>; appId (null) bundleId (null) animation fence <BKSAnimationFenceHandle:0x11d331890 -> <CAFenceHandle:0x108d23720 name=4 fence=756000000ec usable=YES>>; position {{0, 536}, {390, 308}}; animated YES; on screen YES; tracking NO; resizing NO; local NO, dock state: Unknown, hasValidNotif: NO>; source canvas com.apple.frontboard.systemappservices/FBSceneManager:sceneID%3Acom.illinicover.app-default; source display Main; source bundle com.illinicover.app; host bundle (null); animation fence <BKSAnimationFenceHandle:0x11d331890 -> <CAFenceHandle:0x108d23720 name=4 fence=756000000ec usable=YES>>; position {{0, 536}, {390, 308}} (with IAV same); floating 0; on screen YES;  intersectable YES; snapshot YES>
2026-08-12 15:25:59.027 Df IlliniCover[21482:3c6d29] [com.apple.UIKit:InputWindowController] Tracking provider: moveFromPlacement: <UITrackingElementPlacementInitialPosition> toPlacement: <UIInputViewSetPlacementOnScreen> update to: {{0, 536}, {390, 308}}
2026-08-12 15:25:59.027 Df IlliniCover[21482:3c6d29] [com.apple.UIKit:KeyboardSceneDelegate] KeyboardTrackingCoordinator: Creating tracking provider for <_UIKeyboardWindowScene: 0x11d2e2d00; role: _UIScreenBasedSceneSession; persistentIdentifier: BD0803F1-3912-4DD6-90D9-E44920B3CA6F; activationState: UISceneActivationStateForegroundActive>
2026-08-12 15:25:59.028 Df IlliniCover[21482:3c6d29] [com.apple.UIKit:KeyboardSceneDelegate] KeyboardTrackingCoordinator: Creating tracking coordinator for <UIWindowScene: 0x108c67800; role: UIWindowSceneSessionRoleApplication; persistentIdentifier: 2050C5AC-6A26-42BC-8E8F-FBAE5EDC0388; activationState: UISceneActivationStateForegroundActive>
2026-08-12 15:25:59.028 Df IlliniCover[21482:3c6d29] [com.apple.TextInputUI:KeyboardTrackingCoordinator] Updating tracking clients for start <TUIKeyboardTrackingCoordinator:0x108df7200 state=<TUIKeyboardState: 0x11d32fc20 State: onscreen with input view; is docked>; frame={{0, 536}, {390, 308}}; animation=<TUIKeyboardAnimationInfo: 0x11e8ee240, duration: 0.38, from local keyboard, is not rotating, should animate, type: 0, notificationInfo: {
    UIKeyboardAnimationCurveUserInfoKey = 7;
    UIKeyboardAnimationDurationUserInfoKey = "0.3833";
    UIKeyboardBoundsUserInfoKey = "NSRect: {{0, 0}, {390, 308}}";
    UIKeyboardCenterBeginUserInfoKey = "NSPoint: {195, 844}";
    UIKeyboardCenterEndUserInfoKey = "NSPoint: {195, 690}";
    UIKeyboardFrameBeginUserInfoKey = "NSRect: {{0, 844}, {390, 0}}";
    UIKeyboardFrameEndUserInfoKey = "NSRect: {{0, 536}, {390, 308}}";
    UIKeyboardIsLocalUserInfoKey = 1;
}notificationsDebug: >>
2026-08-12 15:25:59.028 Df IlliniCover[21482:3c6d29] [com.apple.UIKit:KeyboardLayoutGuide] changeSizingConstants: size is changing [not transitioning] to {390, 308} [previous size: {390, 0}]
2026-08-12 15:25:59.028 Df IlliniCover[21482:3c6d29] [com.apple.UIKit:TrackingElementWindowController] Setting tracking element input views: <<UIInputViewSet: 0x11d2f95c0>; keyboard = [uninitialized]; usesKeyClicks = NO;  >
2026-08-12 15:25:59.029 Df IlliniCover[21482:3c6d29] [com.apple.UIKit:UIPeripheralHost] endPlacementForInputViewSet: <<UIInputViewSet: 0x11d2f95c0>; keyboard = <UIKeyboardAutomatic: 0x11d1e6d00; frame = (0 0; 390 233); opaque = NO; layer = <CALayer: 0x11d1c8a80>>%; usesKeyClicks = NO;  > windowScene: <UIWindowScene: 0x108c67800; role: UIWindowSceneSessionRoleApplication; persistentIdentifier: 2050C5AC-6A26-42BC-8E8F-FBAE5EDC0388; activationState: UISceneActivationStateForegroundActive>
2026-08-12 15:25:59.029 Df IlliniCover[21482:3c6d29] [com.apple.UIKit:UIPeripheralHost] endPlacementForInputViewSet, returning -> <UIInputViewSetPlacementOnScreen>
2026-08-12 15:25:59.029 Df IlliniCover[21482:3c6d29] [com.apple.UIKit:TrackingElementWindowController] Moving from placement: <UITrackingElementPlacementInitialPosition> to placement: <UIInputViewSetPlacementOnScreen> (currentPlacement: <UITrackingElementPlacementInitialPosition>)
2026-08-12 15:25:59.029 Df IlliniCover[21482:3c6d29] [com.apple.UIKit:TrackingElementWindowController] Change from input view set: (null)
2026-08-12 15:25:59.029 Df IlliniCover[21482:3c6d29] [com.apple.UIKit:TrackingElementWindowController] Change to input view set: <<UIInputViewSet: 0x11d2f95c0>; keyboard = <UIKeyboardAutomatic: 0x11d1e6d00; frame = (0 0; 390 233); opaque = NO; layer = <CALayer: 0x11d1c8a80>>%; usesKeyClicks = NO;  >
2026-08-12 15:25:59.029 Df IlliniCover[21482:3c6d29] [com.apple.UIKit:KeyboardArbiterClientLog] -[_UIRemoteKeyboardPlaceholderView refreshPlaceholder]  refreshPlaceholder: size={390, 308} [previous size={390, 0}]
2026-08-12 15:25:59.029 Df IlliniCover[21482:3c6d29] [com.apple.UIKit:UIPeripheralHost] endPlacementForInputViewSet: <<UIInputViewSet: 0x11d2f95c0>; keyboard = <UIKeyboardAutomatic: 0x11d1e6d00; frame = (0 0; 390 233); opaque = NO; layer = <CALayer: 0x11d1c8a80>>%; usesKeyClicks = NO;  > windowScene: <UIWindowScene: 0x108c67800; role: UIWindowSceneSessionRoleApplication; persistentIdentifier: 2050C5AC-6A26-42BC-8E8F-FBAE5EDC0388; activationState: UISceneActivationStateForegroundActive>
2026-08-12 15:25:59.029 Df IlliniCover[21482:3c6d29] [com.apple.UIKit:UIPeripheralHost] endPlacementForInputViewSet, returning -> <UIInputViewSetPlacementOnScreen>
2026-08-12 15:25:59.035 Df IlliniCover[21482:3c6d29] [com.apple.UIKit:TrackingElementWindowController] updatePlacementWithPlacement: <UIInputViewSetPlacementOnScreen>
2026-08-12 15:25:59.035 Df IlliniCover[21482:3c6d29] [com.apple.TextInputUI:KeyboardTrackingCoordinator] Posted notification willShow with {
    UIKeyboardAnimationCurveUserInfoKey = 7;
    UIKeyboardAnimationDurationUserInfoKey = "0.3833";
    UIKeyboardBoundsUserInfoKey = "NSRect: {{0, 0}, {390, 308}}";
    UIKeyboardCenterBeginUserInfoKey = "NSPoint: {195, 844}";
    UIKeyboardCenterEndUserInfoKey = "NSPoint: {195, 690}";
    UIKeyboardFrameBeginUserInfoKey = "NSRect: {{0, 844}, {390, 0}}";
    UIKeyboardFrameEndUserInfoKey = "NSRect: {{0, 536}, {390, 308}}";
    UIKeyboardIsLocalUserInfoKey = 1;
} (null)
2026-08-12 15:25:59.035 Df IlliniCover[21482:3c6d29] [com.apple.UIKit:UIPeripheralHost] endPlacementForInputViewSet: <<UIInputViewSet: 0x11d2f9140>; (empty)> windowScene: <UIWindowScene: 0x108c67800; role: UIWindowSceneSessionRoleApplication; persistentIdentifier: 2050C5AC-6A26-42BC-8E8F-FBAE5EDC0388; activationState: UISceneActivationStateForegroundActive>
2026-08-12 15:25:59.035 Df IlliniCover[21482:3c6d29] [com.apple.UIKit:KeyboardArbiterClientLog] -[_UIRemoteKeyboards prepareToMoveKeyboard:withIAV:isIAVRelevant:showing:notifyRemote:forScene:] position: {{0, 0}, {0, 0}} visible: 0; notifyRemote: 1; isMinimized: NO
2026-08-12 15:25:59.036 Df IlliniCover[21482:3c6d29] [com.apple.KeyboardArbiter:Client] prepareToMoveKeyboard: set currentKeyboard:N
2026-08-12 15:25:59.036 Df IlliniCover[21482:3c6d29] [com.apple.KeyboardArbiter:Client] TX signalKeyboardChanged
2026-08-12 15:25:59.036 Df IlliniCover[21482:3c6d29] [com.apple.UIKit:KeyboardArbiterClientLog] -[_UIRemoteKeyboards signalToProxyKeyboardChanged:onCompletion:]  Signaling keyboard changed <<<_UIKeyboardChangedInformation: 0x11d3f8600>; appId (null) bundleId (null) animation fence <BKSAnimationFenceHandle:0x11d331ab0 -> <CAFenceHandle:0x108d22b50 name=5 fence=756000000ec usable=YES>>; position {{0, 0}, {0, 0}}; animated YES; on screen NO; tracking NO; resizing NO; local NO, dock state: Unknown, hasValidNotif: NO>; source canvas com.apple.frontboard.systemappservices/FBSceneManager:sceneID%3Acom.illinicover.app-default; source display Main; source bundle com.illinicover.app; host bundle (null); animation fence <BKSAnimationFenceHandle:0x11d331ab0 -> <CAFenceHandle:0x108d22b50 name=5 fence=756000000ec usable=YES>>; position {{0, 0}, {0, 0}} (with IAV same); floating 0; on screen NO;  intersectable YES; snapshot YES>
2026-08-12 15:25:59.036 Df IlliniCover[21482:3c6d29] [com.apple.UIKit:KeyboardVisualMode] Show keyboard with visual mode windowed (0)
2026-08-12 15:25:59.036 Df IlliniCover[21482:3c6d29] [com.apple.UIKit:InputWindowController] Setting input views: <<UIInputViewSet: 0x11d2f9f80>; (empty)>
2026-08-12 15:25:59.036 Df IlliniCover[21482:3c6d29] [com.apple.UIKit:UIPeripheralHost] endPlacementForInputViewSet: <<UIInputViewSet: 0x11d2f9500>; keyboard = <UIKeyboardAutomatic: 0x11d1e6d00; frame = (0 0; 390 233); opaque = NO; layer = <CALayer: 0x11d1c8a80>>%; assistant = <TUISystemInputAssistantView: 0x108dec900; frame = (0 0; 390 0); hidden = YES; >; usesKeyClicks = NO;  > windowScene: <_UIKeyboardWindowScene: 0x11d2e2d00; role: _UIScreenBasedSceneSession; persistentIdentifier: BD0803F1-3912-4DD6-90D9-E44920B3CA6F; activationState: UISceneActivationStateForegroundActive>
2026-08-12 15:25:59.036 Df IlliniCover[21482:3c6d29] [com.apple.UIKit:UIPeripheralHost] endPlacementForInputViewSet, returning -> <UIInputViewSetPlacementOnScreen>
2026-08-12 15:25:59.036 Df IlliniCover[21482:3c6d29] [com.apple.UIKit:UIPeripheralHost] endPlacementForInputViewSet: <<UIInputViewSet: 0x11d2f9500>; keyboard = <UIKeyboardAutomatic: 0x11d1e6d00; frame = (0 0; 390 233); opaque = NO; layer = <CALayer: 0x11d1c8a80>>%; assistant = <TUISystemInputAssistantView: 0x108dec900; frame = (0 0; 390 0); hidden = YES; >; usesKeyClicks = NO;  > windowScene: <_UIKeyboardWindowScene: 0x11d2e2d00; role: _UIScreenBasedSceneSession; persistentIdentifier: BD0803F1-3912-4DD6-90D9-E44920B3CA6F; activationState: UISceneActivationStateForegroundActive>
2026-08-12 15:25:59.036 Df IlliniCover[21482:3c6d29] [com.apple.UIKit:UIPeripheralHost] endPlacementForInputViewSet, returning -> <UIInputViewSetPlacementOnScreen>
2026-08-12 15:25:59.036 Df IlliniCover[21482:3c6d29] [com.apple.UIKit:UIPeripheralHost] endPlacementForInputViewSet: <<UIInputViewSet: 0x11d2f9500>; keyboard = <UIKeyboardAutomatic: 0x11d1e6d00; frame = (0 0; 390 233); opaque = NO; layer = <CALayer: 0x11d1c8a80>>%; assistant = <TUISystemInputAssistantView: 0x108dec900; frame = (0 0; 390 0); hidden = YES; >; usesKeyClicks = NO;  > windowScene: <_UIKeyboardWindowScene: 0x11d2e2d00; role: _UIScreenBasedSceneSession; persistentIdentifier: BD0803F1-3912-4DD6-90D9-E44920B3CA6F; activationState: UISceneActivationStateForegroundActive>
2026-08-12 15:25:59.036 Df IlliniCover[21482:3c6d29] [com.apple.UIKit:UIPeripheralHost] endPlacementForInputViewSet, returning -> <UIInputViewSetPlacementOnScreen>
2026-08-12 15:25:59.036 Df IlliniCover[21482:3c6d29] [com.apple.UIKit:UIPeripheralHost] endPlacementForInputViewSet: <<UIInputViewSet: 0x11d2f9500>; keyboard = <UIKeyboardAutomatic: 0x11d1e6d00; frame = (0 0; 390 233); opaque = NO; layer = <CALayer: 0x11d1c8a80>>%; assistant = <TUISystemInputAssistantView: 0x108dec900; frame = (0 0; 390 0); hidden = YES; >; usesKeyClicks = NO;  > windowScene: <_UIKeyboardWindowScene: 0x11d2e2d00; role: _UIScreenBasedSceneSession; persistentIdentifier: BD0803F1-3912-4DD6-90D9-E44920B3CA6F; activationState: UISceneActivationStateForegroundActive>
2026-08-12 15:25:59.036 Df IlliniCover[21482:3c6d29] [com.apple.UIKit:UIPeripheralHost] endPlacementForInputViewSet, returning -> <UIInputViewSetPlacementOnScreen>
2026-08-12 15:25:59.036 Df IlliniCover[21482:3c6d29] [com.apple.UIKit:UIPeripheralHost] endPlacementForInputViewSet: <<UIInputViewSet: 0x11d2f9f80>; (empty)> windowScene: <_UIKeyboardWindowScene: 0x11d2e2d00; role: _UIScreenBasedSceneSession; persistentIdentifier: BD0803F1-3912-4DD6-90D9-E44920B3CA6F; activationState: UISceneActivationStateForegroundActive>
2026-08-12 15:25:59.037 Df IlliniCover[21482:3c6d29] [com.apple.UIKit:InputWindowController] Moving from placement: <UIInputViewSetPlacementOnScreen> to placement: <UIInputViewSetPlacementOffScreenDown> (currentPlacement: <UIInputViewSetPlacementOnScreen>)
2026-08-12 15:25:59.037 Df IlliniCover[21482:3c6d29] [com.apple.UIKit:InputWindowController] Merging transitions: <UIInputViewPlacementTransition: 0x11e80d310> into <UIInputViewPlacementTransition: 0x11e8df390>
2026-08-12 15:25:59.037 Df IlliniCover[21482:3c6d29] [com.apple.UIKit:InputWindowController] Change from input view set: <<UIInputViewSet: 0x11d2f9500>; keyboard = <UIKeyboardAutomatic: 0x11d1e6d00; frame = (0 0; 390 233); opaque = NO; layer = <CALayer: 0x11d1c8a80>>%; assistant = <TUISystemInputAssistantView: 0x108dec900; frame = (0 0; 390 0); hidden = YES; >; usesKeyClicks = NO;  >
2026-08-12 15:25:59.037 Df IlliniCover[21482:3c6d29] [com.apple.UIKit:InputWindowController] Change to input view set: <<UIInputViewSet: 0x11d2f9f80>; (empty)>
2026-08-12 15:25:59.043 Df IlliniCover[21482:3c6d29] [com.apple.UIKit:InputWindowController] Tracking provider: viewDidLayoutSubviews update to {{0, 844}, {390, 0}}
2026-08-12 15:25:59.043 Df IlliniCover[21482:3c6d29] [com.apple.TextInputUI:KeyboardTrackingCoordinator] Updating tracking clients for start <TUIKeyboardTrackingCoordinator:0x108df7200 state=<TUIKeyboardState: 0x11d2cf0c0 State: onscreen with input view; is docked>; frame={{0, 844}, {390, 0}}; animation=<TUIKeyboardAnimationInfo: 0x11e92fb80, duration: 0.38, from local keyboard, is not rotating, should not animate, type: 0, notificationInfo: {
    UIKeyboardAnimationCurveUserInfoKey = 7;
    UIKeyboardAnimationDurationUserInfoKey = 0;
    UIKeyboardBoundsUserInfoKey = "NSRect: {{0, 0}, {390, 0}}";
    UIKeyboardCenterBeginUserInfoKey = "NSPoint: {195, 690}";
    UIKeyboardCenterEndUserInfoKey = "NSPoint: {195, 844}";
    UIKeyboardFrameBeginUserInfoKey = "NSRect: {{0, 536}, {390, 308}}";
    UIKeyboardFrameEndUserInfoKey = "NSRect: {{0, 844}, {390, 0}}";
    UIKeyboardIsLocalUserInfoKey = 1;
}notificationsDebug: >>
2026-08-12 15:25:59.043 Df IlliniCover[21482:3c6d29] [com.apple.UIKit:KeyboardLayoutGuide] changeSizingConstants: size is changing [not transitioning] to {390, 0} [previous size: {390, 308}]
2026-08-12 15:25:59.043 Df IlliniCover[21482:3c6d29] [com.apple.UIKit:InputWindowController] moveFromPlacement, updated placements from: <UITrackingElementPlacementInitialPosition>, to: <UIInputViewSetPlacementOffScreenDown>
2026-08-12 15:25:59.043 Df IlliniCover[21482:3c6d29] [com.apple.UIKit:InputWindowController] chainPlacementsIfNecessaryFrom, from: <UITrackingElementPlacementInitialPosition>, to: <UIInputViewSetPlacementOffScreenDown> transition: <UIInputViewPlacementTransition: 0x11e8df390>
2026-08-12 15:25:59.043 Df IlliniCover[21482:3c6d29] [com.apple.UIKit:InputWindowController] updatePlacementWithPlacement: <UIInputViewSetPlacementOffScreenDown>
2026-08-12 15:25:59.043 Df IlliniCover[21482:3c6d29] [com.apple.UIKit:InputWindowController] Tracking provider: moveFromPlacement: <UITrackingElementPlacementInitialPosition> toPlacement: <UIInputViewSetPlacementOffScreenDown> update to: {{0, 844}, {390, 0}}
2026-08-12 15:25:59.043 Df IlliniCover[21482:3c6d29] [com.apple.TextInputUI:KeyboardTrackingCoordinator] Updating tracking clients for start <TUIKeyboardTrackingCoordinator:0x108df7200 state=<TUIKeyboardState: 0x11d2cdc60 State: offscreen; is docked>; frame={{0, 844}, {390, 0}}; animation=<TUIKeyboardAnimationInfo: 0x11e92fc00, duration: 0.38, from local keyboard, is not rotating, should not animate, type: 0, notificationInfo: {
    UIKeyboardAnimationCurveUserInfoKey = 7;
    UIKeyboardAnimationDurationUserInfoKey = "0.3833";
    UIKeyboardBoundsUserInfoKey = "NSRect: {{0, 0}, {390, 0}}";
    UIKeyboardCenterBeginUserInfoKey = "NSPoint: {195, 690}";
    UIKeyboardCenterEndUserInfoKey = "NSPoint: {195, 844}";
    UIKeyboardFrameBeginUserInfoKey = "NSRect: {{0, 536}, {390, 308}}";
    UIKeyboardFrameEndUserInfoKey = "NSRect: {{0, 844}, {390, 0}}";
    UIKeyboardIsLocalUserInfoKey = 1;
}notificationsDebug: >>
2026-08-12 15:25:59.044 Df IlliniCover[21482:3c6d29] [com.apple.UIKit:Dictation] -[UIDictationController setIgnoreFinalizePhrases:] Setting ignoreFinalizePhrases flag 1
2026-08-12 15:25:59.044 Df IlliniCover[21482:3c6d29] [com.apple.TextInputUI:KeyboardTrackingCoordinator] Posted notification didHide with {
    UIKeyboardAnimationCurveUserInfoKey = 7;
    UIKeyboardAnimationDurationUserInfoKey = "0.3833";
    UIKeyboardBoundsUserInfoKey = "NSRect: {{0, 0}, {390, 0}}";
    UIKeyboardCenterBeginUserInfoKey = "NSPoint: {195, 690}";
    UIKeyboardCenterEndUserInfoKey = "NSPoint: {195, 844}";
    UIKeyboardFrameBeginUserInfoKey = "NSRect: {{0, 536}, {390, 308}}";
    UIKeyboardFrameEndUserInfoKey = "NSRect: {{0, 844}, {390, 0}}";
    UIKeyboardIsLocalUserInfoKey = 1;
} (null)
2026-08-12 15:25:59.045 Df IlliniCover[21482:3c6d29] [com.apple.UIKit:TrackingElementWindowController] Setting tracking element input views: <<UIInputViewSet: 0x11d2fa040>; (empty)>
2026-08-12 15:25:59.045 Df IlliniCover[21482:3c6d29] [com.apple.UIKit:KeyboardArbiterClientLog] -[_UIRemoteKeyboardPlaceholderView refreshPlaceholder]  refreshPlaceholder: size={390, 0} [previous size={390, 308}]
2026-08-12 15:25:59.045 Df IlliniCover[21482:3c6d29] [com.apple.UIKit:TrackingElementWindowController] Placeholder height changed from 308.0 to 0.0
2026-08-12 15:25:59.045 Df IlliniCover[21482:3c6d29] [com.apple.UIKit:UIPeripheralHost] endPlacementForInputViewSet: <<UIInputViewSet: 0x11d2fa040>; (empty)> windowScene: <UIWindowScene: 0x108c67800; role: UIWindowSceneSessionRoleApplication; persistentIdentifier: 2050C5AC-6A26-42BC-8E8F-FBAE5EDC0388; activationState: UISceneActivationStateForegroundActive>
2026-08-12 15:25:59.045 Df IlliniCover[21482:3c6d29] [com.apple.UIKit:TrackingElementWindowController] Moving from placement: <UIInputViewSetPlacementOnScreen> to placement: <UIInputViewSetPlacementOffScreenDown> (currentPlacement: <UIInputViewSetPlacementOnScreen>)
2026-08-12 15:25:59.045 Df IlliniCover[21482:3c6d29] [com.apple.UIKit:TrackingElementWindowController] Merging transitions: <UITrackingElementPlacementTransition: 0x108d23720> into <UITrackingElementPlacementTransition: 0x108d22b50>
2026-08-12 15:25:59.046 Df IlliniCover[21482:3c6d29] [com.apple.TextInputUI:KeyboardTrackingCoordinator] Posted notification didShow with {
    UIKeyboardAnimationCurveUserInfoKey = 7;
    UIKeyboardAnimationDurationUserInfoKey = "0.3833";
    UIKeyboardBoundsUserInfoKey = "NSRect: {{0, 0}, {390, 0}}";
    UIKeyboardCenterBeginUserInfoKey = "NSPoint: {195, 690}";
    UIKeyboardCenterEndUserInfoKey = "NSPoint: {195, 844}";
    UIKeyboardFrameBeginUserInfoKey = "NSRect: {{0, 536}, {390, 308}}";
    UIKeyboardFrameEndUserInfoKey = "NSRect: {{0, 844}, {390, 0}}";
    UIKeyboardIsLocalUserInfoKey = 1;
} (null)
2026-08-12 15:25:59.064 Df IlliniCover[21482:3c6d29] [com.apple.UIKit:TrackingElementWindowController] updatePlacementWithPlacement: <UIInputViewSetPlacementOffScreenDown>
2026-08-12 15:25:59.064 Df IlliniCover[21482:3c6d29] [com.apple.UIKit:TrackingElementWindowController] Tracking provider: moveFromPlacement: <UITrackingElementPlacementInitialPosition> toPlacement: <UIInputViewSetPlacementOffScreenDown> update to {{0, 844}, {390, 0}}
2026-08-12 15:25:59.064 Df IlliniCover[21482:3c6d29] [com.apple.TextInputUI:KeyboardTrackingCoordinator] Updating tracking clients for start <TUIKeyboardTrackingCoordinator:0x108df7200 state=<TUIKeyboardState: 0x11d2ce0c0 State: offscreen; is docked>; frame={{0, 844}, {390, 0}}; animation=<TUIKeyboardAnimationInfo: 0x11e940780, duration: 0.00, from local keyboard, is not rotating, should not animate, type: 0, notificationInfo: {
    UIKeyboardAnimationCurveUserInfoKey = 7;
    UIKeyboardAnimationDurationUserInfoKey = 0;
    UIKeyboardBoundsUserInfoKey = "NSRect: {{0, 0}, {390, 0}}";
    UIKeyboardCenterBeginUserInfoKey = "NSPoint: {195, 998}";
    UIKeyboardCenterEndUserInfoKey = "NSPoint: {195, 844}";
    UIKeyboardFrameBeginUserInfoKey = "NSRect: {{0, 844}, {390, 308}}";
    UIKeyboardFrameEndUserInfoKey = "NSRect: {{0, 844}, {390, 0}}";
    UIKeyboardIsLocalUserInfoKey = 1;
}notificationsDebug: >>
2026-08-12 15:25:59.065 Df IlliniCover[21482:3c6d29] [com.apple.TextInputUI:KeyboardTrackingCoordinator] Posted notification willHide with {
    UIKeyboardAnimationCurveUserInfoKey = 7;
    UIKeyboardAnimationDurationUserInfoKey = 0;
    UIKeyboardBoundsUserInfoKey = "NSRect: {{0, 0}, {390, 0}}";
    UIKeyboardCenterBeginUserInfoKey = "NSPoint: {195, 998}";
    UIKeyboardCenterEndUserInfoKey = "NSPoint: {195, 844}";
    UIKeyboardFrameBeginUserInfoKey = "NSRect: {{0, 844}, {390, 308}}";
    UIKeyboardFrameEndUserInfoKey = "NSRect: {{0, 844}, {390, 0}}";
    UIKeyboardIsLocalUserInfoKey = 1;
} (null)
2026-08-12 15:25:59.065 Df IlliniCover[21482:3c6d29] [com.apple.KeyboardArbiter:Client] TX setWindowContextID:3946967289 windowState:Disabled level:0.0
    focusContext:<contextID:3657215218 sceneID:com.illinicover.app-default>
2026-08-12 15:25:59.065 Df IlliniCover[21482:3c6d29] [com.apple.UIKit:TrackingElementWindowController] Change from input view set: <<UIInputViewSet: 0x11d2f95c0>; keyboard = <UIKeyboardAutomatic: 0x11d1e6d00; frame = (0 0; 390 233); opaque = NO; layer = <CALayer: 0x11d1c8a80>>%; usesKeyClicks = NO;  >
2026-08-12 15:25:59.065 Df IlliniCover[21482:3c6d29] [com.apple.UIKit:TrackingElementWindowController] Change to input view set: <<UIInputViewSet: 0x11d2fa040>; (empty)>
2026-08-12 15:25:59.067 Df IlliniCover[21482:3c6d29] [com.apple.UIKit:UIPeripheralHost] endPlacementForInputViewSet: <<UIInputViewSet: 0x11d2fa040>; (empty)> windowScene: <UIWindowScene: 0x108c67800; role: UIWindowSceneSessionRoleApplication; persistentIdentifier: 2050C5AC-6A26-42BC-8E8F-FBAE5EDC0388; activationState: UISceneActivationStateForegroundActive>
2026-08-12 15:25:59.069 Df IlliniCover[21482:3c6d29] [com.apple.UIKit:Dictation] -[UIDictationController setIgnoreFinalizePhrases:] Setting ignoreFinalizePhrases flag 1
2026-08-12 15:25:59.069 Df IlliniCover[21482:3c6d29] [com.apple.TextInputUI:KeyboardTrackingCoordinator] Posted notification didHide with {
    UIKeyboardAnimationCurveUserInfoKey = 7;
    UIKeyboardAnimationDurationUserInfoKey = 0;
    UIKeyboardBoundsUserInfoKey = "NSRect: {{0, 0}, {390, 0}}";
    UIKeyboardCenterBeginUserInfoKey = "NSPoint: {195, 998}";
    UIKeyboardCenterEndUserInfoKey = "NSPoint: {195, 844}";
    UIKeyboardFrameBeginUserInfoKey = "NSRect: {{0, 844}, {390, 308}}";
    UIKeyboardFrameEndUserInfoKey = "NSRect: {{0, 844}, {390, 0}}";
    UIKeyboardIsLocalUserInfoKey = 1;
} (null)
2026-08-12 15:25:59.069 Df IlliniCover[21482:3c6d29] [com.apple.RemoteTextInput:RTILog] -[RTIInputSystemClient remoteTextInputSessionWithID:textSuggestionsChanged:]  Text input session suggestions changed. sessionID = (null)
2026-08-12 15:25:59.071 A  IlliniCover[21482:3c6d29] (UIKitCore) send control actions
2026-08-12 15:25:59.074 Df IlliniCover[21482:3c6d29] [com.apple.dt.xctest:Default] XCTPerformOnMainRunLoop[MT]: inside CFRunLoopPerform
2026-08-12 15:25:59.074 Df IlliniCover[21482:3c6d29] [com.apple.dt.xctest:Default] XCTPerformOnMainRunLoop[MT]: MT responded in time (won the race to the busy flag)
2026-08-12 15:25:59.074 Df IlliniCover[21482:3c6d30] [com.apple.dt.xctest:Default] XCTPerformOnMainRunLoop[not MT]: waiting 60.00s for work to complete
2026-08-12 15:25:59.074 Df IlliniCover[21482:3c6d29] [com.apple.dt.xctest:Default] Got main window <AXUIElementRef 0x11e948180> {pid=21482} {uid=[ID:4 hash:0x105a10400]}
2026-08-12 15:25:59.074 Df IlliniCover[21482:3c6d29] [com.apple.dt.xctest:Default] Capturing hierarchy with attributes XC_kAXXCAttributeElementType, XC_kAXXCAttributeElementBaseType, XC_kAXXCAttributeParent, XC_kAXXCAttributeIdentifier, XC_kAXXCAttributeAutomationType, XC_kAXXCAttributeTraits
2026-08-12 15:25:59.074 Df IlliniCover[21482:3c6d29] [com.apple.dt.xctest:Default] Capturing hierarchy with parameters {
    attributes =     (
        5003,
        5004,
        5002,
        5019,
        5058,
        2004
    );
    maxArrayCount = 2147483647;
    maxChildren = 2147483647;
    maxDepth = 2147483647;
    snapshotKeyHonorModalViews = 0;
    traverseFromParentsToChildren = 1;
}
2026-08-12 15:25:59.074 Df IlliniCover[21482:3c6d29] [com.apple.dt.xctest:Default] Snapshot attributes 5003, 5004, 5002, 5019, 5058, 2004
2026-08-12 15:25:59.077 Df IlliniCover[21482:3c6d29] [com.apple.dt.xctest:Default] Got snapshot for <AXUIElementRef 0x11c6f6bb0> {pid=21482} {uid=[ID:1 hash:0x0]}
2026-08-12 15:25:59.077 Df IlliniCover[21482:3c6d29] [com.apple.dt.xctest:Default] Got app orientation 0
2026-08-12 15:25:59.077 Df IlliniCover[21482:3c6d29] [com.apple.dt.xctest:Default] Captured accessibility snapshot data in 0.00s
2026-08-12 15:25:59.077 Df IlliniCover[21482:3c6d30] [com.apple.dt.xctest:Default] Found main window: Window
2026-08-12 15:25:59.077 Df IlliniCover[21482:3c6d30] [com.apple.dt.xctest:Default] App orientation is 0 (not portrait) and UITextEffectsWindow window Window is not main window
2026-08-12 15:25:59.077 Df IlliniCover[21482:3c6d30] [com.apple.dt.xctest:Default] Leaving frame unchanged for Window: either already correct or we can't detect it.
2026-08-12 15:25:59.078 Df IlliniCover[21482:3c6d30] [com.apple.dt.xctest:Default] Query  found matching snapshots: {(
    Application, pid: 21482
)} (error: (null))
2026-08-12 15:25:59.078 Df IlliniCover[21482:3c6d30] [com.apple.dt.xctest:Default] Replying to query  with results: <XCTElementQueryResults: 0x11e86be70> (error: (null))
2026-08-12 15:25:59.090 A  IlliniCover[21482:3c6d2e] (RunningBoardServices) didChangeInheritances
2026-08-12 15:25:59.129 Df IlliniCover[21482:3c6d29] [com.apple.xpc:connection] [0x11d2097c0] activating connection: mach=true listener=false peer=false name=com.apple.metal.simulator
2026-08-12 15:25:59.131 Df IlliniCover[21482:3c6d29] [com.apple.xpc:connection] [0x11d208b40] activating connection: mach=true listener=false peer=false name=com.apple.metal.simulator
2026-08-12 15:25:59.131 Df IlliniCover[21482:3c6d29] [com.apple.xpc:connection] [0x11d208c80] activating connection: mach=true listener=false peer=false name=com.apple.metal.simulator
2026-08-12 15:25:59.133 Df IlliniCover[21482:3c6d29] [com.apple.UIKit:KeyboardLayoutGuide] _moveGuideOffscreenAtEdge: 4
2026-08-12 15:25:59.133 Df IlliniCover[21482:3c6d29] [com.apple.UIKit:KeyboardLayoutGuide] changeOffsetConstants: offset is changing to {0, 0} [previous offset: {-1, -1}]
2026-08-12 15:25:59.137 Df IlliniCover[21482:3c6d29] [com.apple.UIKit:KeyboardLayoutGuide] changeSizingConstants: size is changing [not transitioning] to {390, 0} [previous size: {1, 0}]
2026-08-12 15:25:59.157 Df IlliniCover[21482:3c6d29] [com.apple.KeyboardArbiter:Client] RX keyboardArbiterClientHandle:Y
2026-08-12 15:25:59.159 Df IlliniCover[21482:3c6d29] [com.apple.KeyboardArbiter:Client] RX keyboardArbiterClientHandle:Y
2026-08-12 15:25:59.160 Df IlliniCover[21482:3c6d29] [com.apple.xpc:connection] [0x11d208280] invalidated because the current process cancelled the connection by calling xpc_connection_cancel()
2026-08-12 15:25:59.312 A  IlliniCover[21482:3c6d48] (CoreLocation) CL: CLInternalGetAuthorizationStatus
2026-08-12 15:25:59.312 Df IlliniCover[21482:3c6d48] [com.apple.locationd.Core:Client] {"msg":"CLInternalGetAuthorizationStatus", "event":activity}
2026-08-12 15:25:59.314 Df IlliniCover[21482:3c6d48] [com.apple.xpc:connection] [0x11d208280] activating connection: mach=true listener=false peer=false name=com.apple.locationd.synchronous
2026-08-12 15:25:59.323 A  IlliniCover[21482:3c6d48] (CoreLocation) CL: CLLocationManager
2026-08-12 15:25:59.324 Df IlliniCover[21482:3c6d48] [com.apple.locationd.Core:Client] {"msg":"CLLocationManager", "event":activity, "_cmd":initWithEffectiveBundleIdentifier:bundlePath:websiteIdentifier:delegate:silo:, "self":"0x11d330050", "identifier":(null), "bundlePath":(null)}
2026-08-12 15:25:59.325 Df IlliniCover[21482:3c6d48] [com.apple.locationd.Core:Client] {"msg":"client allocated", "client":"0x11cd1af40"}
2026-08-12 15:25:59.325 A  IlliniCover[21482:3c6d48] (CoreLocation) CL: _CLClientCreateConnection
2026-08-12 15:25:59.325 Df IlliniCover[21482:3c6d48] [com.apple.locationd.Core:Client] {"msg":"_CLClientCreateConnection", "event":activity, "client":"0x11cd1af40"}
2026-08-12 15:25:59.325 A  IlliniCover[21482:3c6d30] (LocationSupport) CL: Sending cached messages to daemon
2026-08-12 15:25:59.326 Df IlliniCover[21482:3c6d30] [com.apple.LocationSupport:Connection] {"msg":"Sending cached messages to daemon", "event":activity}
2026-08-12 15:25:59.326 Df IlliniCover[21482:3c6d30] [com.apple.xpc:connection] [0x11d209540] activating connection: mach=true listener=false peer=false name=com.apple.locationd.registration
2026-08-12 15:25:59.326 A  IlliniCover[21482:3c6d48] (LocationSupport) CL: CLConnectionClient::sendMessage(cache)
2026-08-12 15:25:59.326 A  IlliniCover[21482:3c6d30] (LocationSupport) CL: CLConnection::sendMessage
2026-08-12 15:25:59.327 A  IlliniCover[21482:3c6d48] (LocationSupport) CL: CLConnectionClient::sendMessage(cache)
2026-08-12 15:25:59.327 A  IlliniCover[21482:3c6d48] (CoreLocation) CL: CLInternalGetPrecisionPermission
2026-08-12 15:25:59.327 Df IlliniCover[21482:3c6d48] [com.apple.locationd.Core:Client] {"msg":"CLInternalGetPrecisionPermission", "event":activity}
2026-08-12 15:25:59.327 A  IlliniCover[21482:3c6d30] (LocationSupport) CL: CLConnection::sendMessage
2026-08-12 15:25:59.329 A  IlliniCover[21482:3c6d48] (CoreLocation) CL: CLLocationManager
2026-08-12 15:25:59.329 Df IlliniCover[21482:3c6d48] [com.apple.locationd.Core:Client] {"msg":"CLLocationManager", "event":activity, "_cmd":dealloc, "self":"0x11d330050"}
2026-08-12 15:25:59.329 Df IlliniCover[21482:3c6d48] [com.apple.locationd.Core:Client] {"msg":"invalidating client", "client":"0x11cd1af40"}
2026-08-12 15:25:59.331 Df IlliniCover[21482:3c6d48] [com.apple.locationd.Core:Client] {"msg":"invalidating client", "client":"0x11cd1af40"}
2026-08-12 15:25:59.331 Df IlliniCover[21482:3c6d30] [com.apple.xpc:connection] [0x11d209540] invalidated because the current process cancelled the connection by calling xpc_connection_cancel()
2026-08-12 15:25:59.334 Df IlliniCover[21482:3c6d2e] [com.apple.CFNetwork:Default] Task <6929BFDC-3D77-47FF-9D89-C8CE34DD8CCD>.<2> resuming, timeouts(0.0, 604800.0) qos(0x19) voucher((null)) activity(00000000-0000-0000-0000-000000000000)
2026-08-12 15:25:59.336 Df IlliniCover[21482:3c6d48] [com.apple.CFNetwork:Default] Connection 0: creating secure tcp or quic connection
2026-08-12 15:25:59.336 Df IlliniCover[21482:3c6d48] [com.apple.CFNetwork:Default] Connection 3: enabling TLS
2026-08-12 15:25:59.336 Df IlliniCover[21482:3c6d48] [com.apple.CFNetwork:Default] Connection 3: starting, TC(0x0)
2026-08-12 15:25:59.336 Df IlliniCover[21482:3c6d48] [com.apple.network:connection] [C3 14144100-7C04-490E-9DD5-298378712897 Hostname#8d7e6055:443 quic-connection, url: https://kfjwrhviuhsqrcwfxmne.supabase.co/functions/v1/get-deals-feed, definite, attribution: developer, context: com.apple.CFNetwork.NSURLSession.{A67D6317-7172-49E0-8DC2-547FD27F4C31}{(null)}{Y}{2}{0x0} (private), proc: D65E3B26-71A5-3DAD-A8B4-60173E19864C, delegated upid: 0] start
2026-08-12 15:25:59.338 Df IlliniCover[21482:3c6d48] [com.apple.network:connection] [C3 Hostname#8d7e6055:443 initial parent-flow ((null))] event: path:start @0.000s
2026-08-12 15:25:59.342 Df IlliniCover[21482:3c6d48] [com.apple.network:connection] [C3 Hostname#8d7e6055:443 waiting parent-flow (satisfied (Path is satisfied), interface: en0[802.11], uses wifi, LQM: unknown)] event: path:satisfied @0.005s, uuid: 287496F6-2082-41D7-85FF-FA2E72F1D897
2026-08-12 15:25:59.342 Df IlliniCover[21482:3c6d48] [com.apple.network:connection] [C3 Hostname#8d7e6055:443 in_progress parent-flow (satisfied (Path is satisfied), interface: en0[802.11], uses wifi, LQM: unknown)] event: flow:start_connect @0.005s
2026-08-12 15:25:59.342 Df IlliniCover[21482:3c6d48] [com.apple.network:connection] nw_connection_report_state_with_handler_on_nw_queue [C3] reporting state preparing
2026-08-12 15:25:59.347 Df IlliniCover[21482:3c6d2e] [com.apple.locationd.Core:Client] {"msg":"client about to be destroyed", "client":"0x11cd1af40"}
2026-08-12 15:25:59.348 Df IlliniCover[21482:3c6d48] [com.apple.network:connection] [C3 Hostname#8d7e6055:443 in_progress parent-flow (satisfied (Path is satisfied), interface: en0[802.11], uses wifi, LQM: unknown)] event: flow:start_child @0.011s
2026-08-12 15:25:59.348 Df IlliniCover[21482:3c6d48] [com.apple.network:connection] [C3.1 Hostname#8d7e6055:443 initial path ((null))] event: path:start @0.011s
2026-08-12 15:25:59.348 Df IlliniCover[21482:3c6d48] [com.apple.network:connection] [C3.1 Hostname#8d7e6055:443 waiting path (satisfied (Path is satisfied), interface: en0[802.11], uses wifi, LQM: unknown)] event: path:satisfied @0.011s, uuid: 287496F6-2082-41D7-85FF-FA2E72F1D897
2026-08-12 15:25:59.348 Df IlliniCover[21482:3c6d48] [com.apple.network:connection] [C3.1 Hostname#8d7e6055:443 in_progress transform (satisfied (Path is satisfied), interface: en0[802.11], uses wifi, LQM: unknown)] event: transform:start @0.011s
2026-08-12 15:25:59.353 Df IlliniCover[21482:3c6d48] [com.apple.network:connection] [C3.1.1 Hostname#8d7e6055:443 initial path ((null))] event: path:start @0.016s
2026-08-12 15:25:59.356 Df IlliniCover[21482:3c6d48] [com.apple.network:connection] [C3.1.1 Hostname#8d7e6055:443 waiting path (satisfied (Path is satisfied), interface: en0[802.11], uses wifi, LQM: unknown)] event: path:satisfied @0.019s, uuid: C274A175-F52E-4DCD-9BDB-C59CDE05C245
2026-08-12 15:25:59.361 Df IlliniCover[21482:3c6d48] [com.apple.network:connection] [C3.1.1 Hostname#8d7e6055:443 in_progress resolver (satisfied (Path is satisfied), interface: en0[802.11], uses wifi, LQM: unknown)] event: resolver:start_dns @0.023s
2026-08-12 15:25:59.365 Df IlliniCover[21482:3c6d48] [com.apple.CFNetwork:Default] Task <6929BFDC-3D77-47FF-9D89-C8CE34DD8CCD>.<2> setting up Connection 3
2026-08-12 15:25:59.368 Df IlliniCover[21482:3c6d48] [com.apple.network:connection] nw_endpoint_resolver_update [C3.1.1 Hostname#8d7e6055:443 in_progress resolver (satisfied (Path is satisfied), interface: en0[802.11], uses wifi, LQM: unknown)] Adding endpoint handler for IPv4#7332a444:443
2026-08-12 15:25:59.368 Df IlliniCover[21482:3c6d48] [com.apple.network:connection] nw_endpoint_resolver_update [C3.1.1 Hostname#8d7e6055:443 in_progress resolver (satisfied (Path is satisfied), interface: en0[802.11], uses wifi, LQM: unknown)] Adding endpoint handler for IPv4#ef42e563:443
2026-08-12 15:25:59.369 Df IlliniCover[21482:3c6d48] [com.apple.network:connection] [C3.1.1 Hostname#8d7e6055:443 in_progress resolver (satisfied (Path is satisfied), interface: en0[802.11], uses wifi, LQM: unknown)] event: resolver:receive_dns @0.031s
2026-08-12 15:25:59.371 E  IlliniCover[21482:3c6d29] [com.apple.UIKit:UIFocus] RCTScrollViewComponentView implements focusItemsInRect: - caching for linear focus movement is limited as long as this view is on screen.
2026-08-12 15:25:59.378 Df IlliniCover[21482:3c6d48] [com.apple.network:connection] [C3.1.1.1 IPv4#7332a444:443 initial path ((null))] event: path:start @0.040s
2026-08-12 15:25:59.379 Df IlliniCover[21482:3c6d48] [com.apple.network:connection] [C3.1.1.1 IPv4#7332a444:443 waiting path (satisfied (Path is satisfied), interface: en0[802.11], uses wifi, LQM: unknown)] event: path:satisfied @0.042s, uuid: 6321228F-ED86-4EA7-8E11-0EE523523562
2026-08-12 15:25:59.415 Df IlliniCover[21482:3c6d48] [com.apple.network:quic] quic_conn_initialize_inner [C3.1.1.1:2] [-e208a5de61b5f7bc] created QUIC connection (spin bit enabled)
2026-08-12 15:25:59.417 Df IlliniCover[21482:3c6d48] [com.apple.network:connection] [C3.1.1.1 IPv4#7332a444:443 in_progress socket-flow (satisfied (Path is satisfied), interface: en0[802.11], uses wifi, LQM: unknown)] event: flow:start_connect @0.080s
2026-08-12 15:25:59.421 Df IlliniCover[21482:3c6d48] [com.apple.network:quic] quic_crypto_new_flow [C3.1.1.1:2] [-e208a5de61b5f7bc] TLS stream is: [C4]
2026-08-12 15:25:59.421 Df IlliniCover[21482:3c6d48] [com.apple.network:connection] [C4 85BD6D13-7D52-4570-970C-4FB2DA051FE8 IPv4#7332a444:443 quic-connection, url: https://kfjwrhviuhsqrcwfxmne.supabase.co/functions/v1/get-deals-feed, tls, definite, attribution: developer, context: com.apple.CFNetwork.NSURLSession.{A67D6317-7172-49E0-8DC2-547FD27F4C31}{(null)}{Y}{2}{0x0} (private), proc: D65E3B26-71A5-3DAD-A8B4-60173E19864C, delegated upid: 0] start
2026-08-12 15:25:59.422 Df IlliniCover[21482:3c6d48] [com.apple.network:connection] [C4 IPv4#7332a444:443 initial socket-flow (satisfied (Path is satisfied), interface: en0[802.11], uses wifi, LQM: unknown)] event: path:start @0.000s
2026-08-12 15:25:59.422 Df IlliniCover[21482:3c6d48] [com.apple.network:connection] [C4 IPv4#7332a444:443 waiting socket-flow (satisfied (Path is satisfied), interface: en0[802.11], uses wifi, LQM: unknown)] event: path:satisfied @0.000s, uuid: 6321228F-ED86-4EA7-8E11-0EE523523562
2026-08-12 15:25:59.422 Df IlliniCover[21482:3c6d48] [com.apple.network:connection] [C4 IPv4#7332a444:443 in_progress socket-flow (satisfied (Path is satisfied), interface: en0[802.11], uses wifi, LQM: unknown)] event: flow:start_connect @0.000s
2026-08-12 15:25:59.422 Df IlliniCover[21482:3c6d48] [com.apple.network:connection] nw_connection_report_state_with_handler_on_nw_queue [C4] reporting state preparing
2026-08-12 15:25:59.422 Df IlliniCover[21482:3c6d48] [com.apple.network:connection] nw_flow_connected [C4 IPv4#7332a444:443 in_progress socket-flow (satisfied (Path is satisfied), interface: en0[802.11], uses wifi, LQM: unknown)] Transport protocol connected (quic-connection)
2026-08-12 15:25:59.422 Df IlliniCover[21482:3c6d48] [com.apple.network:connection] [C4 IPv4#7332a444:443 in_progress socket-flow (satisfied (Path is satisfied), interface: en0[802.11], uses wifi, LQM: unknown)] event: flow:finish_transport @0.000s
2026-08-12 15:25:59.423 Df IlliniCover[21482:3c6d48] [com.apple.network:boringssl] boringssl_session_apply_protocol_options_for_transport_block_invoke_2(2367) [C4:1][0x11cd35e60] TLS configured [server(0) min_version(0x0304) max_version(0x0304) name(redacted) tickets(false) false_start(false) enforce_ev(false) enforce_ats(false) ats_non_pfs_ciphersuite_allowed(false) cc_mode_enforced(false) ech(false) pqtls(true), pake(false) skip_ats_trust(false)]
2026-08-12 15:25:59.423 Df IlliniCover[21482:3c6d48] [com.apple.network:boringssl] boringssl_context_info_handler(2806) [C4:1][0x11cd35e60] Client handshake started
2026-08-12 15:25:59.423 Df IlliniCover[21482:3c6d48] [com.apple.network:boringssl] boringssl_context_info_handler(2823) [C4:1][0x11cd35e60] Client handshake state: TLS client enter_early_data
2026-08-12 15:25:59.424 Df IlliniCover[21482:3c6d48] [com.apple.network:boringssl] boringssl_context_info_handler(2823) [C4:1][0x11cd35e60] Client handshake state: TLS client read_server_hello
2026-08-12 15:25:59.424 Df IlliniCover[21482:3c6d48] [com.apple.network:connection] nw_socket_handle_socket_event [C3.1.1.1:2] Socket received CONNECTED event
2026-08-12 15:25:59.437 Df IlliniCover[21482:3c6d2e] [com.apple.network:boringssl] boringssl_context_info_handler(2823) [C4:1][0x11cd35e60] Client handshake state: TLS 1.3 client read_hello_retry_request
2026-08-12 15:25:59.437 Df IlliniCover[21482:3c6d2e] [com.apple.network:boringssl] boringssl_context_info_handler(2823) [C4:1][0x11cd35e60] Client handshake state: TLS 1.3 client read_server_hello
2026-08-12 15:25:59.437 Df IlliniCover[21482:3c6d2e] [com.apple.network:boringssl] boringssl_context_info_handler(2823) [C4:1][0x11cd35e60] Client handshake state: TLS 1.3 client read_encrypted_extensions
2026-08-12 15:25:59.438 Df IlliniCover[21482:3c6d2e] [com.apple.network:boringssl] boringssl_context_info_handler(2823) [C4:1][0x11cd35e60] Client handshake state: TLS 1.3 client read_certificate_request
2026-08-12 15:25:59.438 Df IlliniCover[21482:3c6d2e] [com.apple.network:boringssl] boringssl_context_info_handler(2823) [C4:1][0x11cd35e60] Client handshake state: TLS 1.3 client read_server_certificate
2026-08-12 15:25:59.438 Df IlliniCover[21482:3c6d2e] [com.apple.network:boringssl] boringssl_context_info_handler(2823) [C4:1][0x11cd35e60] Client handshake state: TLS 1.3 client read_server_certificate_verify
2026-08-12 15:25:59.438 Df IlliniCover[21482:3c6d2e] [com.apple.network:boringssl] boringssl_context_evaluate_trust_async(2249) [C4:1][0x11cd35e60] Performing external trust evaluation
2026-08-12 15:25:59.438 A  IlliniCover[21482:3c6d2e] (Security) SecKeyCopyPublicBytes
2026-08-12 15:25:59.438 A  IlliniCover[21482:3c6d2e] (Security) SecKeyCopyAttributes
2026-08-12 15:25:59.438 A  IlliniCover[21482:3c6d2e] (Security) SecKeyCopyPublicBytes
2026-08-12 15:25:59.438 Df IlliniCover[21482:3c6d2e] [com.apple.network:boringssl] boringssl_context_evaluate_trust_async_external(2234) [C4:1][0x11cd35e60] Asyncing for external verify block
2026-08-12 15:25:59.439 Df IlliniCover[21482:3c6d2e] [com.apple.CFNetwork:Default] Connection 3: asked to evaluate TLS Trust
2026-08-12 15:25:59.439 Df IlliniCover[21482:3c6d48] [com.apple.CFNetwork:Default] Task <6929BFDC-3D77-47FF-9D89-C8CE34DD8CCD>.<2> auth completion disp=1 cred=0x0
2026-08-12 15:25:59.439 Df IlliniCover[21482:3c6d2e] [com.apple.securityd:trust] (Trust 0x11cc2fa80) No pending evals, starting
2026-08-12 15:25:59.441 A  IlliniCover[21482:3c6d2e] (Security) SecTrustEvaluateIfNecessaryFastAsync
2026-08-12 15:25:59.442 Df IlliniCover[21482:3c6d2e] [com.apple.xpc:connection] [0x11d393ac0] activating connection: mach=true listener=false peer=false name=com.apple.trustd
2026-08-12 15:25:59.442 Df IlliniCover[21482:3c6d2e] [com.apple.securityd:trust] (Trust 0x11cc2fa80) Completed async eval kickoff
2026-08-12 15:25:59.454 Df IlliniCover[21482:3c6d48] [com.apple.securityd:trust] (Trust 0x11cc2fa80) trustd returned 4
2026-08-12 15:25:59.454 Df IlliniCover[21482:3c6d48] [com.apple.CFNetwork:Default] System Trust Evaluation yielded status(0)
2026-08-12 15:25:59.454 Df IlliniCover[21482:3c6d48] [com.apple.securityd:trust] (Trust 0x11cc2f900) No pending evals, starting
2026-08-12 15:25:59.454 A  IlliniCover[21482:3c6d48] (Security) SecTrustEvaluateIfNecessaryFastAsync
2026-08-12 15:25:59.457 Df IlliniCover[21482:3c6d48] [com.apple.xpc:connection] [0x11d393c00] activating connection: mach=true listener=false peer=false name=com.apple.trustd
2026-08-12 15:25:59.458 Df IlliniCover[21482:3c6d48] [com.apple.securityd:trust] (Trust 0x11cc2f900) Completed async eval kickoff
2026-08-12 15:25:59.458 Df IlliniCover[21482:3c6d48] [com.apple.xpc:connection] [0x11d393ac0] invalidated because the current process cancelled the connection by calling xpc_connection_cancel()
2026-08-12 15:25:59.466 Df IlliniCover[21482:3c6d48] [com.apple.network:connection] [C3.1.2 Hostname#8d7e6055:443 initial path ((null))] event: path:start @0.129s
2026-08-12 15:25:59.471 Df IlliniCover[21482:3c6d48] [com.apple.network:connection] [C3.1.2 Hostname#8d7e6055:443 waiting path (satisfied (Path is satisfied), interface: en0[802.11], uses wifi, LQM: unknown)] event: path:satisfied @0.133s, uuid: 692DD457-3DDA-4A9E-A325-376D972D1C66
2026-08-12 15:25:59.472 Df IlliniCover[21482:3c6d48] [com.apple.network:connection] [C3.1.2 Hostname#8d7e6055:443 in_progress resolver (satisfied (Path is satisfied), interface: en0[802.11], uses wifi, LQM: unknown)] event: resolver:start_dns @0.134s
2026-08-12 15:25:59.475 Df IlliniCover[21482:3c6d48] [com.apple.network:connection] nw_endpoint_resolver_update [C3.1.2 Hostname#8d7e6055:443 in_progress resolver (satisfied (Path is satisfied), interface: en0[802.11], uses wifi, LQM: unknown)] Adding endpoint handler for IPv4#7332a444:443
2026-08-12 15:25:59.475 Df IlliniCover[21482:3c6d48] [com.apple.network:connection] nw_endpoint_resolver_update [C3.1.2 Hostname#8d7e6055:443 in_progress resolver (satisfied (Path is satisfied), interface: en0[802.11], uses wifi, LQM: unknown)] Adding endpoint handler for IPv4#ef42e563:443
2026-08-12 15:25:59.475 Df IlliniCover[21482:3c6d48] [com.apple.network:connection] [C3.1.2 Hostname#8d7e6055:443 in_progress resolver (satisfied (Path is satisfied), interface: en0[802.11], uses wifi, LQM: unknown)] event: resolver:receive_dns @0.138s
2026-08-12 15:25:59.475 Df IlliniCover[21482:3c6d48] [com.apple.securityd:trust] (Trust 0x11cc2f900) trustd returned 4
2026-08-12 15:25:59.475 Df IlliniCover[21482:3c6d48] [com.apple.CFNetwork:Default] Connection 3: TLS Trust result 0
2026-08-12 15:25:59.475 Df IlliniCover[21482:3c6d48] [com.apple.network:boringssl] boringssl_context_evaluate_trust_async_external_block_invoke_3(2148) [C4:1][0x11cd35e60] Returning from external verify block with result: true
2026-08-12 15:25:59.476 Df IlliniCover[21482:3c6d48] [com.apple.network:boringssl] boringssl_context_certificate_verify_callback(2430) [C4:1][0x11cd35e60] Certificate verification result: OK
2026-08-12 15:25:59.477 Df IlliniCover[21482:3c6d48] [com.apple.network:boringssl] boringssl_context_info_handler(2823) [C4:1][0x11cd35e60] Client handshake state: TLS 1.3 client read_server_finished
2026-08-12 15:25:59.480 Df IlliniCover[21482:3c6d48] [com.apple.network:boringssl] boringssl_context_info_handler(2823) [C4:1][0x11cd35e60] Client handshake state: TLS 1.3 client send_end_of_early_data
2026-08-12 15:25:59.481 Df IlliniCover[21482:3c6d48] [com.apple.network:boringssl] boringssl_context_info_handler(2823) [C4:1][0x11cd35e60] Client handshake state: TLS 1.3 client send_client_encrypted_extensions
2026-08-12 15:25:59.481 Df IlliniCover[21482:3c6d48] [com.apple.network:boringssl] boringssl_context_info_handler(2823) [C4:1][0x11cd35e60] Client handshake state: TLS 1.3 client send_client_certificate
2026-08-12 15:25:59.481 Df IlliniCover[21482:3c6d48] [com.apple.network:boringssl] boringssl_context_info_handler(2823) [C4:1][0x11cd35e60] Client handshake state: TLS 1.3 client complete_second_flight
2026-08-12 15:25:59.481 A  IlliniCover[21482:3c6d48] (Security) SecKeyCopyPublicBytes
2026-08-12 15:25:59.481 A  IlliniCover[21482:3c6d48] (Security) SecKeyCopyAttributes
2026-08-12 15:25:59.481 A  IlliniCover[21482:3c6d48] (Security) SecKeyCopyPublicBytes
2026-08-12 15:25:59.481 A  IlliniCover[21482:3c6d48] (Security) SecKeyCopyPublicBytes
2026-08-12 15:25:59.481 A  IlliniCover[21482:3c6d48] (Security) SecKeyCopyAttributes
2026-08-12 15:25:59.481 A  IlliniCover[21482:3c6d48] (Security) SecKeyCopyPublicBytes
2026-08-12 15:25:59.481 Df IlliniCover[21482:3c6d48] [com.apple.network:boringssl] boringssl_context_info_handler(2823) [C4:1][0x11cd35e60] Client handshake state: TLS 1.3 client done
2026-08-12 15:25:59.481 Df IlliniCover[21482:3c6d48] [com.apple.network:boringssl] boringssl_context_info_handler(2823) [C4:1][0x11cd35e60] Client handshake state: TLS client finish_client_handshake
2026-08-12 15:25:59.481 Df IlliniCover[21482:3c6d48] [com.apple.network:boringssl] boringssl_context_info_handler(2823) [C4:1][0x11cd35e60] Client handshake state: TLS client done
2026-08-12 15:25:59.481 Df IlliniCover[21482:3c6d48] [com.apple.network:boringssl] boringssl_context_info_handler(2812) [C4:1][0x11cd35e60] Client handshake done
2026-08-12 15:25:59.481 A  IlliniCover[21482:3c6d48] (Security) SecKeyCopyPublicBytes
2026-08-12 15:25:59.481 A  IlliniCover[21482:3c6d48] (Security) SecKeyCopyAttributes
2026-08-12 15:25:59.481 A  IlliniCover[21482:3c6d48] (Security) SecKeyCopyPublicBytes
2026-08-12 15:25:59.482 Df IlliniCover[21482:3c6d48] [com.apple.network:boringssl] nw_protocol_boringssl_signal_connected(895) [C4:1][0x11cd35e60] TLS connected [server(0) version(0x0304) ciphersuite(TLS_AES_256_GCM_SHA384) group(0x11ec) signature_alg(0x0403) alpn(h3) resumed(0) offered_ticket(0) in_early_data(0) early_data_accepted(0) false_started(0) ocsp_received(0) sct_received(0) connect_time(58ms) flight_time(14ms) rtt(14ms) write_stalls(0) read_stalls(5) pake(0x0000)]
2026-08-12 15:25:59.482 Df IlliniCover[21482:3c6d48] [com.apple.network:connection] nw_flow_connected [C4 IPv4#7332a444:443 in_progress socket-flow (satisfied (Path is satisfied), interface: en0[802.11], uses wifi, LQM: unknown)] Output protocol connected (tls)
2026-08-12 15:25:59.482 Df IlliniCover[21482:3c6d48] [com.apple.network:connection] [C4 IPv4#7332a444:443 ready socket-flow (satisfied (Path is satisfied), interface: en0[802.11], uses wifi, LQM: unknown)] event: flow:finish_connect @0.060s
2026-08-12 15:25:59.482 Df IlliniCover[21482:3c6d48] [com.apple.network:connection] nw_connection_report_state_with_handler_on_nw_queue [C4] reporting state ready
2026-08-12 15:25:59.482 Df IlliniCover[21482:3c6d48] [com.apple.xpc:connection] [0x11d393c00] invalidated because the current process cancelled the connection by calling xpc_connection_cancel()
2026-08-12 15:25:59.482 Df IlliniCover[21482:3c6d48] [com.apple.network:connection] [C3.1.2.1 IPv4#7332a444:443 initial path ((null))] event: path:start @0.145s
2026-08-12 15:25:59.483 Df IlliniCover[21482:3c6d48] [com.apple.network:connection] [C3.1.2.1 IPv4#7332a444:443 waiting path (satisfied (Path is satisfied), interface: en0[802.11], uses wifi, LQM: unknown)] event: path:satisfied @0.146s, uuid: 33A9A837-1132-4BDB-A8DD-2B4935256E60
2026-08-12 15:25:59.484 Df IlliniCover[21482:3c6d48] [com.apple.network:connection] [C3.1.2.1 IPv4#7332a444:443 in_progress socket-flow (satisfied (Path is satisfied), interface: en0[802.11], uses wifi, LQM: unknown)] event: flow:start_connect @0.146s
2026-08-12 15:25:59.484 Df IlliniCover[21482:3c6d48] [com.apple.network:quic] quic_pmtud_restart [C3.1.1.1:2] [-01a956973228bdda3ba958946028aac84ec005c2] PMTUD enabled, max PMTU: 1500, header size: 28, current PMTU 1228
2026-08-12 15:25:59.484 Df IlliniCover[21482:3c6d48] [com.apple.network:quic] quic_crypto_tls_ready_inner [C3.1.1.1:2] [-01a956973228bdda3ba958946028aac84ec005c2] QUIC connection established in 64.833 ms, RTT 10.321 ms
2026-08-12 15:25:59.484 Df IlliniCover[21482:3c6d48] [com.apple.network:connection] nw_flow_connected [C3.1.1.1 IPv4#7332a444:443 in_progress socket-flow (satisfied (Path is satisfied), interface: en0[802.11], uses wifi, LQM: unknown)] Transport protocol connected (quic-connection)
2026-08-12 15:25:59.484 Df IlliniCover[21482:3c6d48] [com.apple.network:connection] [C3.1.1.1 IPv4#7332a444:443 in_progress socket-flow (satisfied (Path is satisfied), interface: en0[802.11], uses wifi, LQM: unknown)] event: flow:finish_transport @0.147s
2026-08-12 15:25:59.484 Df IlliniCover[21482:3c6d48] [com.apple.network:connection] nw_flow_connected [C3.1.1.1 IPv4#7332a444:443 in_progress socket-flow (satisfied (Path is satisfied), interface: en0[802.11], uses wifi, LQM: unknown)] Output protocol connected (CFNetworkConnection-2263133955)
2026-08-12 15:25:59.485 Df IlliniCover[21482:3c6d48] [com.apple.network:connection] [C3.1.1.1 IPv4#7332a444:443 ready socket-flow (satisfied (Path is satisfied), interface: en0[802.11], uses wifi, LQM: unknown)] event: flow:child_finish_connect @0.148s
2026-08-12 15:25:59.485 Df IlliniCover[21482:3c6d48] [com.apple.network:connection] [C3.1.1 Hostname#8d7e6055:443 ready resolver (satisfied (Path is satisfied), interface: en0[802.11], uses wifi, LQM: unknown)] event: flow:child_finish_connect @0.148s
2026-08-12 15:25:59.485 Df IlliniCover[21482:3c6d48] [com.apple.network:connection] [C3.1 Hostname#8d7e6055:443 ready transform (satisfied (Path is satisfied), interface: en0[802.11], uses wifi, LQM: unknown)] event: flow:child_finish_connect @0.148s
2026-08-12 15:25:59.486 Df IlliniCover[21482:3c6d48] [com.apple.network:connection] nw_flow_connected [C3 IPv4#7332a444:443 in_progress parent-flow (satisfied (Path is satisfied), interface: en0[802.11], uses wifi, LQM: unknown)] Output protocol connected (endpoint_flow)
2026-08-12 15:25:59.486 Df IlliniCover[21482:3c6d48] [com.apple.network:connection] [C3 IPv4#7332a444:443 ready parent-flow (satisfied (Path is satisfied), interface: en0[802.11], uses wifi, LQM: unknown)] event: flow:finish_connect @0.149s
2026-08-12 15:25:59.486 Df IlliniCover[21482:3c6d48] [com.apple.network:connection] nw_connection_report_state_with_handler_on_nw_queue [C3] reporting state ready
2026-08-12 15:25:59.488 E  IlliniCover[21482:3c6d48] [com.apple.network:] nw_protocol_instance_set_output_handler Not calling remove_input_handler on 0x11ce51e00:socket
2026-08-12 15:25:59.488 Df IlliniCover[21482:3c6d48] [com.apple.network:quic] quic_migration_path_event_block_invoke [C3.1.1.1:2] [-01a956973228bdda3ba958946028aac84ec005c2] path aa856ba65946dbf7 over en0 received event established
2026-08-12 15:25:59.489 Df IlliniCover[21482:3c6d48] [com.apple.network:quic] quic_migration_evaluate_primary [C3.1.1.1:2] [-01a956973228bdda3ba958946028aac84ec005c2] promoted path 0x11ce03640 over en0 to primary
2026-08-12 15:25:59.489 Df IlliniCover[21482:3c6d48] [com.apple.network:] nw_protocol_instance_report_ready [C3.1.1.1:2] Calling notify with interface en0 for flow_registration 74E304FF-EB42-4CE2-9A07-034120F3DF1F
2026-08-12 15:25:59.489 Df IlliniCover[21482:3c6d48] [com.apple.network:connection] [C3.1.1.1 IPv4#7332a444:443 ready socket-flow (satisfied (Path is satisfied), interface: en0[802.11], uses wifi, LQM: unknown)] event: path:migrated @0.152s, uuid: 6321228F-ED86-4EA7-8E11-0EE523523562
2026-08-12 15:25:59.489 Df IlliniCover[21482:3c6d48] [com.apple.network:connection] [C3.1.1 Hostname#8d7e6055:443 ready resolver (satisfied (Path is satisfied), interface: en0[802.11], uses wifi, LQM: unknown)] event: path:migrated @0.152s, uuid: C274A175-F52E-4DCD-9BDB-C59CDE05C245
2026-08-12 15:25:59.489 Df IlliniCover[21482:3c6d48] [com.apple.network:connection] [C3.1 Hostname#8d7e6055:443 ready transform (satisfied (Path is satisfied), interface: en0[802.11], uses wifi, LQM: unknown)] event: path:migrated @0.152s, uuid: 287496F6-2082-41D7-85FF-FA2E72F1D897
2026-08-12 15:25:59.489 Df IlliniCover[21482:3c6d48] [com.apple.network:connection] [C3 IPv4#7332a444:443 ready parent-flow (satisfied (Path is satisfied), interface: en0[802.11], uses wifi, LQM: unknown)] event: path:migrated @0.152s, uuid: 287496F6-2082-41D7-85FF-FA2E72F1D897
2026-08-12 15:25:59.489 Df IlliniCover[21482:3c6d48] [com.apple.network:quic] quic_migration_evaluate [C3.1.1.1:2] [-01a956973228bdda3ba958946028aac84ec005c2] evaluating path migration
2026-08-12 15:25:59.489 Df IlliniCover[21482:3c6d48] [com.apple.network:quic] quic_migration_evaluate_block_invoke [C3.1.1.1:2] [-01a956973228bdda3ba958946028aac84ec005c2] path aa856ba65946dbf7 state validated (0), ifname en0, primary? 1, initial? 1, fallback? 0, preferred? 0 lossy? 0
2026-08-12 15:25:59.489 Df IlliniCover[21482:3c6d48] [com.apple.network:quic] quic_migration_evaluate [C3.1.1.1:2] [-01a956973228bdda3ba958946028aac84ec005c2] current path is usable, no strong fallback or we are probing
2026-08-12 15:25:59.489 Df IlliniCover[21482:3c6d48] [com.apple.CFNetwork:Default] Connection 3: connected successfully
2026-08-12 15:25:59.489 E  IlliniCover[21482:3c6d48] [com.apple.network:connection] nw_connection_copy_connected_local_endpoint_block_invoke [C3] Connection has no local endpoint
2026-08-12 15:25:59.489 Df IlliniCover[21482:3c6d48] [com.apple.CFNetwork:Default] Connection 3: TLS handshake complete
2026-08-12 15:25:59.490 E  IlliniCover[21482:3c6d48] [com.apple.network:connection] nw_connection_copy_connected_local_endpoint_block_invoke [C3] Connection has no local endpoint
2026-08-12 15:25:59.490 Df IlliniCover[21482:3c6d48] [com.apple.CFNetwork:Default] Connection 3: ready C(N) E(N)
2026-08-12 15:25:59.493 Df IlliniCover[21482:3c6d48] [com.apple.network:connection] [C3] event: client:connection_reused @0.156s
2026-08-12 15:25:59.495 Df IlliniCover[21482:3c6d48] [com.apple.CFNetwork:Default] Task <6929BFDC-3D77-47FF-9D89-C8CE34DD8CCD>.<2> now using Connection 3
2026-08-12 15:25:59.498 A  IlliniCover[21482:3c6d48] (Security) SecKeyCopyPublicBytes
2026-08-12 15:25:59.498 A  IlliniCover[21482:3c6d48] (Security) SecKeyCopyAttributes
2026-08-12 15:25:59.498 A  IlliniCover[21482:3c6d48] (Security) SecKeyCopyPublicBytes
2026-08-12 15:25:59.498 Df IlliniCover[21482:3c6d48] [com.apple.network:boringssl] boringssl_context_new_session_handler(1771) [C4:1][0x11cd35e60] Asyncing for session update block
2026-08-12 15:25:59.498 A  IlliniCover[21482:3c6d48] (Security) SecKeyCopyPublicBytes
2026-08-12 15:25:59.498 A  IlliniCover[21482:3c6d48] (Security) SecKeyCopyAttributes
2026-08-12 15:25:59.498 A  IlliniCover[21482:3c6d48] (Security) SecKeyCopyPublicBytes
2026-08-12 15:25:59.498 Df IlliniCover[21482:3c6d48] [com.apple.network:boringssl] boringssl_context_new_session_handler(1771) [C4:1][0x11cd35e60] Asyncing for session update block
2026-08-12 15:25:59.498 Df IlliniCover[21482:3c6d48] [com.apple.network:boringssl] nw_protocol_boringssl_signal_connected(895) [C4:1][0x11cd35e60] TLS connected [server(0) version(0x0304) ciphersuite(TLS_AES_256_GCM_SHA384) group(0x11ec) signature_alg(0x0403) alpn(h3) resumed(0) offered_ticket(0) in_early_data(0) early_data_accepted(0) false_started(0) ocsp_received(0) sct_received(0) connect_time(58ms) flight_time(14ms) rtt(14ms) write_stalls(0) read_stalls(5) pake(0x0000)]
2026-08-12 15:25:59.498 Df IlliniCover[21482:3c6d48] [com.apple.network:connection] nw_flow_connected [C4 IPv4#7332a444:443 ready socket-flow (satisfied (Path is satisfied), interface: en0[802.11], uses wifi, LQM: unknown)] Output protocol connected (tls)
2026-08-12 15:25:59.498 Df IlliniCover[21482:3c6d48] [com.apple.network:quic] quic_stream_create_inbound [C3.1.1.1:2] [-01a956973228bdda3ba958946028aac84ec005c2] creating inbound stream 3
2026-08-12 15:25:59.499 Df IlliniCover[21482:3c6d48] [com.apple.network:quic] quic_stream_create_inbound [C3.1.1.1:2] [-01a956973228bdda3ba958946028aac84ec005c2] creating inbound stream 7
2026-08-12 15:25:59.499 Df IlliniCover[21482:3c6d48] [com.apple.network:quic] quic_stream_create_inbound [C3.1.1.1:2] [-01a956973228bdda3ba958946028aac84ec005c2] creating inbound stream 11
2026-08-12 15:25:59.499 Df IlliniCover[21482:3c6d48] [com.apple.network:quic] quic_stream_create_inbound [C3.1.1.1:2] [-01a956973228bdda3ba958946028aac84ec005c2] creating inbound stream 15
2026-08-12 15:25:59.500 Df IlliniCover[21482:3c6d48] [com.apple.cfnetwork:h3stream] 0x11cec8fd8 ID=0 Task <6929BFDC-3D77-47FF-9D89-C8CE34DD8CCD>.<2> sent request, body N 0
2026-08-12 15:25:59.500 Df IlliniCover[21482:3c6d48] [com.apple.network:boringssl] boringssl_context_new_session_handler_block_invoke(1774) [C4:1][0x11cd35e60] Returning from session update block
2026-08-12 15:25:59.501 Df IlliniCover[21482:3c6d48] [com.apple.network:boringssl] boringssl_context_new_session_handler_block_invoke(1774) [C4:1][0x11cd35e60] Returning from session update block
2026-08-12 15:25:59.530 Df IlliniCover[21482:3c6d48] [com.apple.dt.xctest:Default] Received request to fetch matches for query:
2026-08-12 15:25:59.530 Df IlliniCover[21482:3c6d48] [com.apple.dt.xctest:Default] Evaluating query:
2026-08-12 15:25:59.530 Df IlliniCover[21482:3c6d48] [com.apple.dt.xctest:Default] Getting root element snapshot
2026-08-12 15:25:59.530 Df IlliniCover[21482:3c6d48] [com.apple.dt.xctest:Default] Getting snapshot for App element pid: 21482 for query
2026-08-12 15:25:59.530 Df IlliniCover[21482:3c6d48] [com.apple.dt.xctest:Default] Query requires iOS snapshot attributes .
2026-08-12 15:25:59.530 Df IlliniCover[21482:3c6d48] [com.apple.dt.xctest:Default] XCTPerformOnMainRunLoop[not MT]: about to CFRunLoopPerform
2026-08-12 15:25:59.530 Df IlliniCover[21482:3c6d48] [com.apple.dt.xctest:Default] XCTPerformOnMainRunLoop[not MT]: waiting with 30.00s responsiveness timeout
2026-08-12 15:25:59.537 Df IlliniCover[21482:3c6d29] [com.apple.UIKit:_UIVisualStyleRegistry] Note: no default visual style class registered as fallback for stylable class UIActivityIndicatorView
2026-08-12 15:25:59.537 Df IlliniCover[21482:3c6d29] [com.apple.UIKit:_UIVisualStyleRegistry] Note: no default visual style class registered as fallback for stylable class UIActivityIndicatorView
2026-08-12 15:25:59.759 Df IlliniCover[21482:3c6d29] [com.apple.dt.xctest:Default] XCTPerformOnMainRunLoop[MT]: inside CFRunLoopPerform
2026-08-12 15:25:59.759 Df IlliniCover[21482:3c6d29] [com.apple.dt.xctest:Default] XCTPerformOnMainRunLoop[MT]: MT responded in time (won the race to the busy flag)
2026-08-12 15:25:59.759 Df IlliniCover[21482:3c6d48] [com.apple.dt.xctest:Default] XCTPerformOnMainRunLoop[not MT]: waiting 60.00s for work to complete
2026-08-12 15:25:59.760 Df IlliniCover[21482:3c6d29] [com.apple.dt.xctest:Default] Got main window <AXUIElementRef 0x1208b11d0> {pid=21482} {uid=[ID:4 hash:0x105a10400]}
2026-08-12 15:25:59.760 Df IlliniCover[21482:3c6d29] [com.apple.dt.xctest:Default] Capturing hierarchy with attributes XC_kAXXCAttributeElementType, XC_kAXXCAttributeElementBaseType, XC_kAXXCAttributeParent, XC_kAXXCAttributeIdentifier, XC_kAXXCAttributeAutomationType, XC_kAXXCAttributeTraits
2026-08-12 15:25:59.760 Df IlliniCover[21482:3c6d29] [com.apple.dt.xctest:Default] Capturing hierarchy with parameters {
    attributes =     (
        5003,
        5004,
        5002,
        5019,
        5058,
        2004
    );
    maxArrayCount = 2147483647;
    maxChildren = 2147483647;
    maxDepth = 2147483647;
    snapshotKeyHonorModalViews = 0;
    traverseFromParentsToChildren = 1;
}
2026-08-12 15:25:59.760 Df IlliniCover[21482:3c6d29] [com.apple.dt.xctest:Default] Snapshot attributes 5003, 5004, 5002, 5019, 5058, 2004
2026-08-12 15:25:59.764 Df IlliniCover[21482:3c6d29] [com.apple.dt.xctest:Default] Got snapshot for <AXUIElementRef 0x11cd9a730> {pid=21482} {uid=[ID:1 hash:0x0]}
2026-08-12 15:25:59.764 Df IlliniCover[21482:3c6d29] [com.apple.dt.xctest:Default] Got app orientation 0
2026-08-12 15:25:59.764 Df IlliniCover[21482:3c6d29] [com.apple.dt.xctest:Default] Captured accessibility snapshot data in 0.00s
2026-08-12 15:25:59.764 Df IlliniCover[21482:3c6d48] [com.apple.dt.xctest:Default] Found main window: Window
2026-08-12 15:25:59.764 Df IlliniCover[21482:3c6d48] [com.apple.dt.xctest:Default] App orientation is 0 (not portrait) and UITextEffectsWindow window Window is not main window
2026-08-12 15:25:59.764 Df IlliniCover[21482:3c6d48] [com.apple.dt.xctest:Default] Leaving frame unchanged for Window: either already correct or we can't detect it.
2026-08-12 15:25:59.764 Df IlliniCover[21482:3c6d48] [com.apple.dt.xctest:Default] Query  found matching snapshots: {(
    Application, pid: 21482
)} (error: (null))
2026-08-12 15:25:59.764 Df IlliniCover[21482:3c6d48] [com.apple.dt.xctest:Default] Replying to query  with results: <XCTElementQueryResults: 0x11cfe00c0> (error: (null))
2026-08-12 15:25:59.813 E  IlliniCover[21482:3c6d29] [com.apple.UIKit:Assert] button text attributes only respected for UIControlStateNormal, UIControlStateHighlighted, UIControlStateDisabled and UIControlStateFocused. state = 4 is interpreted as UIControlStateHighlighted.
2026-08-12 15:25:59.814 E  IlliniCover[21482:3c6d29] [com.apple.UIKit:Assert] button text attributes only respected for UIControlStateNormal, UIControlStateHighlighted, UIControlStateDisabled and UIControlStateFocused. state = 4 is interpreted as UIControlStateHighlighted.
2026-08-12 15:25:59.869 E  IlliniCover[21482:3c6d29] [com.apple.UIKit:Assert] button text attributes only respected for UIControlStateNormal, UIControlStateHighlighted, UIControlStateDisabled and UIControlStateFocused. state = 4 is interpreted as UIControlStateHighlighted.
2026-08-12 15:25:59.869 E  IlliniCover[21482:3c6d29] [com.apple.UIKit:Assert] button text attributes only respected for UIControlStateNormal, UIControlStateHighlighted, UIControlStateDisabled and UIControlStateFocused. state = 4 is interpreted as UIControlStateHighlighted.
2026-08-12 15:25:59.902 A  IlliniCover[21482:3c6d29] (CoreFoundation) Updating Key-Value Observers Of Preferences
2026-08-12 15:26:00.266 Df IlliniCover[21482:3c6d2e] [com.apple.cfnetwork:h3stream] 0x11cec8fd8 ID=0 Task <6929BFDC-3D77-47FF-9D89-C8CE34DD8CCD>.<2> received response, status 200 content K
2026-08-12 15:26:00.267 A  IlliniCover[21482:3c6d2e] (Security) SecTrustEvaluateIfNecessary
2026-08-12 15:26:00.267 Df IlliniCover[21482:3c6d2e] [com.apple.xpc:connection] [0x11d257e80] activating connection: mach=true listener=false peer=false name=com.apple.trustd
2026-08-12 15:26:00.269 Df IlliniCover[21482:3c6d2e] [com.apple.xpc:connection] [0x11d257e80] invalidated because the current process cancelled the connection by calling xpc_connection_cancel()
2026-08-12 15:26:00.269 Df IlliniCover[21482:3c6d2e] [com.apple.CFNetwork:Default] Task <6929BFDC-3D77-47FF-9D89-C8CE34DD8CCD>.<2> response ended
2026-08-12 15:26:00.269 Df IlliniCover[21482:3c6d2e] [com.apple.network:connection] [C3] event: client:connection_idle @0.932s
2026-08-12 15:26:00.269 Df IlliniCover[21482:3c6d2e] [com.apple.CFNetwork:Default] Task <6929BFDC-3D77-47FF-9D89-C8CE34DD8CCD>.<2> done using Connection 3
2026-08-12 15:26:00.269 Df IlliniCover[21482:3c6d31] [com.apple.CFNetwork:Summary] Task <6929BFDC-3D77-47FF-9D89-C8CE34DD8CCD>.<2> summary for task success {transaction_duration_ms=934, response_status=200, connection=3, protocol="h3", domain_lookup_duration_ms=8, connect_duration_ms=69, secure_connection_duration_ms=64, private_relay=false, request_start_ms=161, request_duration_ms=4, response_start_ms=932, response_duration_ms=2, request_bytes=392, request_throughput_kbps=669, response_bytes=2233, response_throughput_kbps=6810, cache_hit=true}
2026-08-12 15:26:00.269 Df IlliniCover[21482:3c6d31] [com.apple.CFNetwork:Default] Task <6929BFDC-3D77-47FF-9D89-C8CE34DD8CCD>.<2> finished successfully
2026-08-12 15:26:00.292 E  IlliniCover[21482:3c6d29] [com.apple.UIKit:UIFocus] RCTScrollViewComponentView implements focusItemsInRect: - caching for linear focus movement is limited as long as this view is on screen.
2026-08-12 15:26:01.207 Df IlliniCover[21482:3c6d29] [com.apple.KeyboardArbiter:Client] TX focusApplication (peekAppEvent) stealKB:Y scene:com.illinicover.app-default
2026-08-12 15:26:01.207 Df IlliniCover[21482:3c6d29] [com.apple.UIKit:EventDispatch] Evaluating dispatch of UIEvent: 0x105990e00; type: 0; subtype: 0; backing type: 11; shouldSend: 1; ignoreInteractionEvents: 0, systemGestureStateChange: 0
2026-08-12 15:26:01.207 Df IlliniCover[21482:3c6d29] [com.apple.UIKit:EventDispatch] Sending UIEvent type: 0; subtype: 0; to windows: 1
2026-08-12 15:26:01.207 Df IlliniCover[21482:3c6d29] [com.apple.UIKit:EventDispatch] Sending UIEvent type: 0; subtype: 0; to window: <UIWindow: 0x105a10400>; contextId: 0xD9FCACF2
2026-08-12 15:26:01.211 Df IlliniCover[21482:3c6d29] [com.apple.UIKit:EventDispatch] Evaluating dispatch of UIEvent: 0x105990e00; type: 0; subtype: 0; backing type: 11; shouldSend: 0; ignoreInteractionEvents: 0, systemGestureStateChange: 0
2026-08-12 15:26:01.222 Df IlliniCover[21482:3c6d29] [com.apple.UIKit:EventDispatch] Evaluating dispatch of UIEvent: 0x105990e00; type: 0; subtype: 0; backing type: 11; shouldSend: 0; ignoreInteractionEvents: 0, systemGestureStateChange: 0
2026-08-12 15:26:01.238 Df IlliniCover[21482:3c6d29] [com.apple.UIKit:EventDispatch] Evaluating dispatch of UIEvent: 0x105990e00; type: 0; subtype: 0; backing type: 11; shouldSend: 0; ignoreInteractionEvents: 0, systemGestureStateChange: 0
2026-08-12 15:26:01.255 Df IlliniCover[21482:3c6d29] [com.apple.UIKit:EventDispatch] Evaluating dispatch of UIEvent: 0x105990e00; type: 0; subtype: 0; backing type: 11; shouldSend: 0; ignoreInteractionEvents: 0, systemGestureStateChange: 0
2026-08-12 15:26:01.272 Df IlliniCover[21482:3c6d29] [com.apple.UIKit:EventDispatch] Evaluating dispatch of UIEvent: 0x105990e00; type: 0; subtype: 0; backing type: 11; shouldSend: 0; ignoreInteractionEvents: 0, systemGestureStateChange: 0
2026-08-12 15:26:01.288 Df IlliniCover[21482:3c6d29] [com.apple.UIKit:EventDispatch] Evaluating dispatch of UIEvent: 0x105990e00; type: 0; subtype: 0; backing type: 11; shouldSend: 0; ignoreInteractionEvents: 0, systemGestureStateChange: 0
2026-08-12 15:26:01.288 Df IlliniCover[21482:3c6d29] [com.apple.UIKit:EventDispatch] Evaluating dispatch of UIEvent: 0x105990e00; type: 0; subtype: 0; backing type: 11; shouldSend: 0; ignoreInteractionEvents: 0, systemGestureStateChange: 1
2026-08-12 15:26:01.288 A  IlliniCover[21482:3c6d29] (UIKitCore) send gesture actions
2026-08-12 15:26:01.305 Df IlliniCover[21482:3c6d29] [com.apple.UIKit:EventDispatch] Evaluating dispatch of UIEvent: 0x105990e00; type: 0; subtype: 0; backing type: 11; shouldSend: 0; ignoreInteractionEvents: 0, systemGestureStateChange: 0
2026-08-12 15:26:01.322 Df IlliniCover[21482:3c6d29] [com.apple.UIKit:EventDispatch] Evaluating dispatch of UIEvent: 0x105990e00; type: 0; subtype: 0; backing type: 11; shouldSend: 0; ignoreInteractionEvents: 0, systemGestureStateChange: 0
2026-08-12 15:26:01.322 Df IlliniCover[21482:3c6d29] [com.apple.UIKit:EventDispatch] Evaluating dispatch of UIEvent: 0x105990e00; type: 0; subtype: 0; backing type: 11; shouldSend: 1; ignoreInteractionEvents: 0, systemGestureStateChange: 0
2026-08-12 15:26:01.322 Df IlliniCover[21482:3c6d29] [com.apple.UIKit:EventDispatch] Sending UIEvent type: 0; subtype: 0; to windows: 1
2026-08-12 15:26:01.322 Df IlliniCover[21482:3c6d29] [com.apple.UIKit:EventDispatch] Sending UIEvent type: 0; subtype: 0; to window: <UIWindow: 0x105a10400>; contextId: 0xD9FCACF2
2026-08-12 15:26:01.322 A  IlliniCover[21482:3c6d29] (UIKitCore) send gesture actions
2026-08-12 15:26:01.758 Df IlliniCover[21482:3c6d2e] [com.apple.dt.xctest:Default] Received request to fetch matches for query:
2026-08-12 15:26:01.758 Df IlliniCover[21482:3c6d48] [com.apple.dt.xctest:Default] Evaluating query:
2026-08-12 15:26:01.758 Df IlliniCover[21482:3c6d48] [com.apple.dt.xctest:Default] Getting root element snapshot
2026-08-12 15:26:01.758 Df IlliniCover[21482:3c6d48] [com.apple.dt.xctest:Default] Getting snapshot for App element pid: 21482 for query
2026-08-12 15:26:01.758 Df IlliniCover[21482:3c6d48] [com.apple.dt.xctest:Default] Query requires iOS snapshot attributes .
2026-08-12 15:26:01.758 Df IlliniCover[21482:3c6d48] [com.apple.dt.xctest:Default] XCTPerformOnMainRunLoop[not MT]: about to CFRunLoopPerform
2026-08-12 15:26:01.758 Df IlliniCover[21482:3c6d48] [com.apple.dt.xctest:Default] XCTPerformOnMainRunLoop[not MT]: waiting with 30.00s responsiveness timeout
2026-08-12 15:26:01.758 Df IlliniCover[21482:3c6d29] [com.apple.dt.xctest:Default] XCTPerformOnMainRunLoop[MT]: inside CFRunLoopPerform
2026-08-12 15:26:01.758 Df IlliniCover[21482:3c6d29] [com.apple.dt.xctest:Default] XCTPerformOnMainRunLoop[MT]: MT responded in time (won the race to the busy flag)
2026-08-12 15:26:01.758 Df IlliniCover[21482:3c6d48] [com.apple.dt.xctest:Default] XCTPerformOnMainRunLoop[not MT]: waiting 60.00s for work to complete
2026-08-12 15:26:01.758 Df IlliniCover[21482:3c6d29] [com.apple.dt.xctest:Default] Got main window <AXUIElementRef 0x11c76ad90> {pid=21482} {uid=[ID:4 hash:0x105a10400]}
2026-08-12 15:26:01.758 Df IlliniCover[21482:3c6d29] [com.apple.dt.xctest:Default] Capturing hierarchy with attributes XC_kAXXCAttributeElementType, XC_kAXXCAttributeElementBaseType, XC_kAXXCAttributeParent, XC_kAXXCAttributeIdentifier, XC_kAXXCAttributeAutomationType, XC_kAXXCAttributeTraits
2026-08-12 15:26:01.758 Df IlliniCover[21482:3c6d29] [com.apple.dt.xctest:Default] Capturing hierarchy with parameters {
    attributes =     (
        5003,
        5004,
        5002,
        5019,
        5058,
        2004
    );
    maxArrayCount = 2147483647;
    maxChildren = 2147483647;
    maxDepth = 2147483647;
    snapshotKeyHonorModalViews = 0;
    traverseFromParentsToChildren = 1;
}
2026-08-12 15:26:01.758 Df IlliniCover[21482:3c6d29] [com.apple.dt.xctest:Default] Snapshot attributes 5003, 5004, 5002, 5019, 5058, 2004
2026-08-12 15:26:01.810 Df IlliniCover[21482:3c6d29] [com.apple.dt.xctest:Default] Got snapshot for <AXUIElementRef 0x11cd9ac10> {pid=21482} {uid=[ID:1 hash:0x0]}
2026-08-12 15:26:01.810 Df IlliniCover[21482:3c6d29] [com.apple.dt.xctest:Default] Got app orientation 0
2026-08-12 15:26:01.810 Df IlliniCover[21482:3c6d29] [com.apple.dt.xctest:Default] Captured accessibility snapshot data in 0.05s
2026-08-12 15:26:01.810 Df IlliniCover[21482:3c6d48] [com.apple.dt.xctest:Default] Found main window: Window
2026-08-12 15:26:01.810 Df IlliniCover[21482:3c6d48] [com.apple.dt.xctest:Default] Preferring automation type 48 instead of legacy element type OTHER derived from class/trait: UILabel:UILabel 8590000128
2026-08-12 15:26:01.810 Df IlliniCover[21482:3c6d48] [com.apple.dt.xctest:Default] Other is not actually a child of Other, including at this point anyway (rdar://problem/20738636)
2026-08-12 15:26:01.810 Df IlliniCover[21482:3c6d48] [com.apple.dt.xctest:Default] Other is not actually a child of Other, including at this point anyway (rdar://problem/20738636)
2026-08-12 15:26:01.810 Df IlliniCover[21482:3c6d48] [com.apple.dt.xctest:Default] Other is not actually a child of Other, including at this point anyway (rdar://problem/20738636)
2026-08-12 15:26:01.811 Df IlliniCover[21482:3c6d48] [com.apple.dt.xctest:Default] Other is not actually a child of Other, including at this point anyway (rdar://problem/20738636)
2026-08-12 15:26:01.811 Df IlliniCover[21482:3c6d48] [com.apple.dt.xctest:Default] Other is not actually a child of Other, including at this point anyway (rdar://problem/20738636)
2026-08-12 15:26:01.811 Df IlliniCover[21482:3c6d48] [com.apple.dt.xctest:Default] Other is not actually a child of Other, including at this point anyway (rdar://problem/20738636)
2026-08-12 15:26:01.811 Df IlliniCover[21482:3c6d48] [com.apple.dt.xctest:Default] Other is not actually a child of Other, including at this point anyway (rdar://problem/20738636)
2026-08-12 15:26:01.811 Df IlliniCover[21482:3c6d48] [com.apple.dt.xctest:Default] Other is not actually a child of Other, including at this point anyway (rdar://problem/20738636)
2026-08-12 15:26:01.811 Df IlliniCover[21482:3c6d48] [com.apple.dt.xctest:Default] Other is not actually a child of Other, including at this point anyway (rdar://problem/20738636)
2026-08-12 15:26:01.811 Df IlliniCover[21482:3c6d48] [com.apple.dt.xctest:Default] Other is not actually a child of Other, including at this point anyway (rdar://problem/20738636)
2026-08-12 15:26:01.811 Df IlliniCover[21482:3c6d48] [com.apple.dt.xctest:Default] Other is not actually a child of Other, including at this point anyway (rdar://problem/20738636)
2026-08-12 15:26:01.811 Df IlliniCover[21482:3c6d48] [com.apple.dt.xctest:Default] Other is not actually a child of Other, including at this point anyway (rdar://problem/20738636)
2026-08-12 15:26:01.811 Df IlliniCover[21482:3c6d48] [com.apple.dt.xctest:Default] App orientation is 0 (not portrait) and UITextEffectsWindow window Window is not main window
2026-08-12 15:26:01.811 Df IlliniCover[21482:3c6d48] [com.apple.dt.xctest:Default] Leaving frame unchanged for Window: either already correct or we can't detect it.
2026-08-12 15:26:01.811 Df IlliniCover[21482:3c6d48] [com.apple.dt.xctest:Default] Query  found matching snapshots: {(
    Application, pid: 21482
)} (error: (null))
2026-08-12 15:26:01.812 Df IlliniCover[21482:3c6d48] [com.apple.dt.xctest:Default] Replying to query  with results: <XCTElementQueryResults: 0x11cfe0540> (error: (null))
2026-08-12 15:26:02.723 Df IlliniCover[21482:3c6d29] [com.apple.KeyboardArbiter:Client] TX focusApplication (peekAppEvent) stealKB:Y scene:com.illinicover.app-default
2026-08-12 15:26:02.724 Df IlliniCover[21482:3c6d29] [com.apple.UIKit:EventDispatch] Evaluating dispatch of UIEvent: 0x105990e00; type: 0; subtype: 0; backing type: 11; shouldSend: 1; ignoreInteractionEvents: 0, systemGestureStateChange: 0
2026-08-12 15:26:02.724 Df IlliniCover[21482:3c6d29] [com.apple.UIKit:EventDispatch] Sending UIEvent type: 0; subtype: 0; to windows: 1
2026-08-12 15:26:02.724 Df IlliniCover[21482:3c6d29] [com.apple.UIKit:EventDispatch] Sending UIEvent type: 0; subtype: 0; to window: <UIWindow: 0x105a10400>; contextId: 0xD9FCACF2
2026-08-12 15:26:02.725 Df IlliniCover[21482:3c6d29] [com.apple.UIKit:EventDispatch] Evaluating dispatch of UIEvent: 0x105990e00; type: 0; subtype: 0; backing type: 11; shouldSend: 0; ignoreInteractionEvents: 0, systemGestureStateChange: 0
2026-08-12 15:26:02.738 Df IlliniCover[21482:3c6d29] [com.apple.UIKit:EventDispatch] Evaluating dispatch of UIEvent: 0x105990e00; type: 0; subtype: 0; backing type: 11; shouldSend: 0; ignoreInteractionEvents: 0, systemGestureStateChange: 0
2026-08-12 15:26:02.755 Df IlliniCover[21482:3c6d29] [com.apple.UIKit:EventDispatch] Evaluating dispatch of UIEvent: 0x105990e00; type: 0; subtype: 0; backing type: 11; shouldSend: 0; ignoreInteractionEvents: 0, systemGestureStateChange: 0
2026-08-12 15:26:02.772 Df IlliniCover[21482:3c6d29] [com.apple.UIKit:EventDispatch] Evaluating dispatch of UIEvent: 0x105990e00; type: 0; subtype: 0; backing type: 11; shouldSend: 0; ignoreInteractionEvents: 0, systemGestureStateChange: 0
2026-08-12 15:26:02.788 Df IlliniCover[21482:3c6d29] [com.apple.UIKit:EventDispatch] Evaluating dispatch of UIEvent: 0x105990e00; type: 0; subtype: 0; backing type: 11; shouldSend: 0; ignoreInteractionEvents: 0, systemGestureStateChange: 0
2026-08-12 15:26:02.805 Df IlliniCover[21482:3c6d29] [com.apple.UIKit:EventDispatch] Evaluating dispatch of UIEvent: 0x105990e00; type: 0; subtype: 0; backing type: 11; shouldSend: 0; ignoreInteractionEvents: 0, systemGestureStateChange: 0
2026-08-12 15:26:02.805 Df IlliniCover[21482:3c6d29] [com.apple.UIKit:EventDispatch] Evaluating dispatch of UIEvent: 0x105990e00; type: 0; subtype: 0; backing type: 11; shouldSend: 0; ignoreInteractionEvents: 0, systemGestureStateChange: 1
2026-08-12 15:26:02.805 A  IlliniCover[21482:3c6d29] (UIKitCore) send gesture actions
2026-08-12 15:26:02.822 Df IlliniCover[21482:3c6d29] [com.apple.UIKit:EventDispatch] Evaluating dispatch of UIEvent: 0x105990e00; type: 0; subtype: 0; backing type: 11; shouldSend: 0; ignoreInteractionEvents: 0, systemGestureStateChange: 0
2026-08-12 15:26:02.838 Df IlliniCover[21482:3c6d29] [com.apple.UIKit:EventDispatch] Evaluating dispatch of UIEvent: 0x105990e00; type: 0; subtype: 0; backing type: 11; shouldSend: 0; ignoreInteractionEvents: 0, systemGestureStateChange: 0
2026-08-12 15:26:02.839 Df IlliniCover[21482:3c6d29] [com.apple.UIKit:EventDispatch] Evaluating dispatch of UIEvent: 0x105990e00; type: 0; subtype: 0; backing type: 11; shouldSend: 1; ignoreInteractionEvents: 0, systemGestureStateChange: 0
2026-08-12 15:26:02.839 Df IlliniCover[21482:3c6d29] [com.apple.UIKit:EventDispatch] Sending UIEvent type: 0; subtype: 0; to windows: 1
2026-08-12 15:26:02.839 Df IlliniCover[21482:3c6d29] [com.apple.UIKit:EventDispatch] Sending UIEvent type: 0; subtype: 0; to window: <UIWindow: 0x105a10400>; contextId: 0xD9FCACF2
2026-08-12 15:26:02.839 A  IlliniCover[21482:3c6d29] (UIKitCore) send gesture actions
2026-08-12 15:26:02.882 Df IlliniCover[21482:3c6d2e] [com.apple.CFNetwork:Default] Task <9D9DA14B-F81E-485F-9E8F-314B7C3F93A7>.<3> resuming, timeouts(0.0, 604800.0) qos(0x19) voucher((null)) activity(00000000-0000-0000-0000-000000000000)
2026-08-12 15:26:02.883 Df IlliniCover[21482:3c6d35] [com.apple.network:connection] [C3] event: client:connection_reused @3.546s
2026-08-12 15:26:02.883 Df IlliniCover[21482:3c6d35] [com.apple.CFNetwork:Default] Task <9D9DA14B-F81E-485F-9E8F-314B7C3F93A7>.<3> now using Connection 3
2026-08-12 15:26:02.884 Df IlliniCover[21482:3c6d35] [com.apple.cfnetwork:h3stream] 0x121caa858 ID=4 Task <9D9DA14B-F81E-485F-9E8F-314B7C3F93A7>.<3> sent request, body N 0
2026-08-12 15:26:02.885 E  IlliniCover[21482:3c6d29] [com.apple.UIKit:UIFocus] RCTScrollViewComponentView implements focusItemsInRect: - caching for linear focus movement is limited as long as this view is on screen.
2026-08-12 15:26:02.933 E  IlliniCover[21482:3c6d29] [com.apple.UIKit:Assert] button text attributes only respected for UIControlStateNormal, UIControlStateHighlighted, UIControlStateDisabled and UIControlStateFocused. state = 4 is interpreted as UIControlStateHighlighted.
2026-08-12 15:26:02.933 E  IlliniCover[21482:3c6d29] [com.apple.UIKit:Assert] button text attributes only respected for UIControlStateNormal, UIControlStateHighlighted, UIControlStateDisabled and UIControlStateFocused. state = 4 is interpreted as UIControlStateHighlighted.
2026-08-12 15:26:02.955 E  IlliniCover[21482:3c6d29] [com.apple.UIKit:Assert] button text attributes only respected for UIControlStateNormal, UIControlStateHighlighted, UIControlStateDisabled and UIControlStateFocused. state = 4 is interpreted as UIControlStateHighlighted.
2026-08-12 15:26:02.955 E  IlliniCover[21482:3c6d29] [com.apple.UIKit:Assert] button text attributes only respected for UIControlStateNormal, UIControlStateHighlighted, UIControlStateDisabled and UIControlStateFocused. state = 4 is interpreted as UIControlStateHighlighted.
2026-08-12 15:26:03.903 Df IlliniCover[21482:3c6d32] [com.apple.dt.xctest:Default] Received request to fetch matches for query:
2026-08-12 15:26:03.903 Df IlliniCover[21482:3c6d35] [com.apple.dt.xctest:Default] Evaluating query:
2026-08-12 15:26:03.903 Df IlliniCover[21482:3c6d35] [com.apple.dt.xctest:Default] Getting root element snapshot
2026-08-12 15:26:03.903 Df IlliniCover[21482:3c6d35] [com.apple.dt.xctest:Default] Getting snapshot for App element pid: 21482 for query
2026-08-12 15:26:03.903 Df IlliniCover[21482:3c6d35] [com.apple.dt.xctest:Default] Query requires iOS snapshot attributes .
2026-08-12 15:26:03.903 Df IlliniCover[21482:3c6d35] [com.apple.dt.xctest:Default] XCTPerformOnMainRunLoop[not MT]: about to CFRunLoopPerform
2026-08-12 15:26:03.903 Df IlliniCover[21482:3c6d35] [com.apple.dt.xctest:Default] XCTPerformOnMainRunLoop[not MT]: waiting with 30.00s responsiveness timeout
2026-08-12 15:26:03.903 Df IlliniCover[21482:3c6d29] [com.apple.dt.xctest:Default] XCTPerformOnMainRunLoop[MT]: inside CFRunLoopPerform
2026-08-12 15:26:03.903 Df IlliniCover[21482:3c6d29] [com.apple.dt.xctest:Default] XCTPerformOnMainRunLoop[MT]: MT responded in time (won the race to the busy flag)
2026-08-12 15:26:03.903 Df IlliniCover[21482:3c6d35] [com.apple.dt.xctest:Default] XCTPerformOnMainRunLoop[not MT]: waiting 60.00s for work to complete
2026-08-12 15:26:03.904 Df IlliniCover[21482:3c6d29] [com.apple.dt.xctest:Default] Got main window <AXUIElementRef 0x120c47ea0> {pid=21482} {uid=[ID:4 hash:0x105a10400]}
2026-08-12 15:26:03.904 Df IlliniCover[21482:3c6d29] [com.apple.dt.xctest:Default] Capturing hierarchy with attributes XC_kAXXCAttributeElementType, XC_kAXXCAttributeElementBaseType, XC_kAXXCAttributeParent, XC_kAXXCAttributeIdentifier, XC_kAXXCAttributeAutomationType, XC_kAXXCAttributeTraits
2026-08-12 15:26:03.904 Df IlliniCover[21482:3c6d29] [com.apple.dt.xctest:Default] Capturing hierarchy with parameters {
    attributes =     (
        5003,
        5004,
        5002,
        5019,
        5058,
        2004
    );
    maxArrayCount = 2147483647;
    maxChildren = 2147483647;
    maxDepth = 2147483647;
    snapshotKeyHonorModalViews = 0;
    traverseFromParentsToChildren = 1;
}
2026-08-12 15:26:03.904 Df IlliniCover[21482:3c6d29] [com.apple.dt.xctest:Default] Snapshot attributes 5003, 5004, 5002, 5019, 5058, 2004
2026-08-12 15:26:03.934 Df IlliniCover[21482:3c6d32] [com.apple.cfnetwork:h3stream] 0x121caa858 ID=4 Task <9D9DA14B-F81E-485F-9E8F-314B7C3F93A7>.<3> received response, status 200 content K
2026-08-12 15:26:03.934 Df IlliniCover[21482:3c6d32] [com.apple.CFNetwork:Default] Task <9D9DA14B-F81E-485F-9E8F-314B7C3F93A7>.<3> response ended
2026-08-12 15:26:03.934 Df IlliniCover[21482:3c6d32] [com.apple.network:connection] [C3] event: client:connection_idle @4.597s
2026-08-12 15:26:03.935 Df IlliniCover[21482:3c6d32] [com.apple.CFNetwork:Default] Task <9D9DA14B-F81E-485F-9E8F-314B7C3F93A7>.<3> done using Connection 3
2026-08-12 15:26:03.935 Df IlliniCover[21482:3c6d48] [com.apple.CFNetwork:Summary] Task <9D9DA14B-F81E-485F-9E8F-314B7C3F93A7>.<3> summary for task success {transaction_duration_ms=1052, response_status=200, connection=3, reused=1, reused_after_ms=2614, request_start_ms=0, request_duration_ms=0, response_start_ms=1051, response_duration_ms=0, request_bytes=403, request_throughput_kbps=13322, response_bytes=1879, response_throughput_kbps=28855, cache_hit=true}
2026-08-12 15:26:03.935 Df IlliniCover[21482:3c6d48] [com.apple.CFNetwork:Default] Task <9D9DA14B-F81E-485F-9E8F-314B7C3F93A7>.<3> finished successfully
2026-08-12 15:26:03.977 Df IlliniCover[21482:3c6d29] [com.apple.dt.xctest:Default] Got snapshot for <AXUIElementRef 0x120a2e940> {pid=21482} {uid=[ID:1 hash:0x0]}
2026-08-12 15:26:03.977 Df IlliniCover[21482:3c6d29] [com.apple.dt.xctest:Default] Got app orientation 0
2026-08-12 15:26:03.977 Df IlliniCover[21482:3c6d29] [com.apple.dt.xctest:Default] Captured accessibility snapshot data in 0.07s
2026-08-12 15:26:03.977 Df IlliniCover[21482:3c6d35] [com.apple.dt.xctest:Default] Found main window: Window
2026-08-12 15:26:03.977 Df IlliniCover[21482:3c6d35] [com.apple.dt.xctest:Default] Preferring automation type 48 instead of legacy element type OTHER derived from class/trait: UILabel:UILabel 8590000128
2026-08-12 15:26:03.977 Df IlliniCover[21482:3c6d35] [com.apple.dt.xctest:Default] Other is not actually a child of Other, including at this point anyway (rdar://problem/20738636)
2026-08-12 15:26:03.977 Df IlliniCover[21482:3c6d35] [com.apple.dt.xctest:Default] Other is not actually a child of Other, including at this point anyway (rdar://problem/20738636)
2026-08-12 15:26:03.977 Df IlliniCover[21482:3c6d35] [com.apple.dt.xctest:Default] Other is not actually a child of Other, including at this point anyway (rdar://problem/20738636)
2026-08-12 15:26:03.978 Df IlliniCover[21482:3c6d35] [com.apple.dt.xctest:Default] Other is not actually a child of Other, including at this point anyway (rdar://problem/20738636)
2026-08-12 15:26:03.978 Df IlliniCover[21482:3c6d35] [com.apple.dt.xctest:Default] Other is not actually a child of Other, including at this point anyway (rdar://problem/20738636)
2026-08-12 15:26:03.978 Df IlliniCover[21482:3c6d35] [com.apple.dt.xctest:Default] Other is not actually a child of Other, including at this point anyway (rdar://problem/20738636)
2026-08-12 15:26:03.978 Df IlliniCover[21482:3c6d35] [com.apple.dt.xctest:Default] Other is not actually a child of Other, including at this point anyway (rdar://problem/20738636)
2026-08-12 15:26:03.978 Df IlliniCover[21482:3c6d35] [com.apple.dt.xctest:Default] Other is not actually a child of Other, including at this point anyway (rdar://problem/20738636)
2026-08-12 15:26:03.978 Df IlliniCover[21482:3c6d35] [com.apple.dt.xctest:Default] Other is not actually a child of Other, including at this point anyway (rdar://problem/20738636)
2026-08-12 15:26:03.978 Df IlliniCover[21482:3c6d35] [com.apple.dt.xctest:Default] Other is not actually a child of Other, including at this point anyway (rdar://problem/20738636)
2026-08-12 15:26:03.978 Df IlliniCover[21482:3c6d35] [com.apple.dt.xctest:Default] Other is not actually a child of Other, including at this point anyway (rdar://problem/20738636)
2026-08-12 15:26:03.978 Df IlliniCover[21482:3c6d35] [com.apple.dt.xctest:Default] Other is not actually a child of Other, including at this point anyway (rdar://problem/20738636)
2026-08-12 15:26:03.978 Df IlliniCover[21482:3c6d35] [com.apple.dt.xctest:Default] App orientation is 0 (not portrait) and UITextEffectsWindow window Window is not main window
2026-08-12 15:26:03.978 Df IlliniCover[21482:3c6d35] [com.apple.dt.xctest:Default] Leaving frame unchanged for Window: either already correct or we can't detect it.
2026-08-12 15:26:03.979 Df IlliniCover[21482:3c6d35] [com.apple.dt.xctest:Default] Query  found matching snapshots: {(
    Application, pid: 21482
)} (error: (null))
2026-08-12 15:26:03.979 Df IlliniCover[21482:3c6d35] [com.apple.dt.xctest:Default] Replying to query  with results: <XCTElementQueryResults: 0x11cfe08d0> (error: (null))
2026-08-12 15:26:04.127 Df IlliniCover[21482:3c6d35] [com.apple.dt.xctest:Default] Received request to fetch matches for query:
2026-08-12 15:26:04.127 Df IlliniCover[21482:3c6d30] [com.apple.dt.xctest:Default] Evaluating query:
2026-08-12 15:26:04.127 Df IlliniCover[21482:3c6d30] [com.apple.dt.xctest:Default] Getting root element snapshot
2026-08-12 15:26:04.127 Df IlliniCover[21482:3c6d30] [com.apple.dt.xctest:Default] Getting snapshot for App element pid: 21482 for query
2026-08-12 15:26:04.127 Df IlliniCover[21482:3c6d30] [com.apple.dt.xctest:Default] Query requires iOS snapshot attributes .
2026-08-12 15:26:04.127 Df IlliniCover[21482:3c6d30] [com.apple.dt.xctest:Default] XCTPerformOnMainRunLoop[not MT]: about to CFRunLoopPerform
2026-08-12 15:26:04.127 Df IlliniCover[21482:3c6d30] [com.apple.dt.xctest:Default] XCTPerformOnMainRunLoop[not MT]: waiting with 30.00s responsiveness timeout
2026-08-12 15:26:04.127 Df IlliniCover[21482:3c6d29] [com.apple.dt.xctest:Default] XCTPerformOnMainRunLoop[MT]: inside CFRunLoopPerform
2026-08-12 15:26:04.127 Df IlliniCover[21482:3c6d29] [com.apple.dt.xctest:Default] XCTPerformOnMainRunLoop[MT]: MT responded in time (won the race to the busy flag)
2026-08-12 15:26:04.127 Df IlliniCover[21482:3c6d30] [com.apple.dt.xctest:Default] XCTPerformOnMainRunLoop[not MT]: waiting 60.00s for work to complete
2026-08-12 15:26:04.127 Df IlliniCover[21482:3c6d29] [com.apple.dt.xctest:Default] Got main window <AXUIElementRef 0x11cd9b5d0> {pid=21482} {uid=[ID:4 hash:0x105a10400]}
2026-08-12 15:26:04.127 Df IlliniCover[21482:3c6d29] [com.apple.dt.xctest:Default] Capturing hierarchy with attributes XC_kAXXCAttributeElementType, XC_kAXXCAttributeElementBaseType, XC_kAXXCAttributeParent, XC_kAXXCAttributeIdentifier, XC_kAXXCAttributeAutomationType, XC_kAXXCAttributeTraits
2026-08-12 15:26:04.128 Df IlliniCover[21482:3c6d29] [com.apple.dt.xctest:Default] Capturing hierarchy with parameters {
    attributes =     (
        5003,
        5004,
        5002,
        5019,
        5058,
        2004
    );
    maxArrayCount = 2147483647;
    maxChildren = 2147483647;
    maxDepth = 2147483647;
    snapshotKeyHonorModalViews = 0;
    traverseFromParentsToChildren = 1;
}
2026-08-12 15:26:04.128 Df IlliniCover[21482:3c6d29] [com.apple.dt.xctest:Default] Snapshot attributes 5003, 5004, 5002, 5019, 5058, 2004
2026-08-12 15:26:04.200 Df IlliniCover[21482:3c6d29] [com.apple.dt.xctest:Default] Got snapshot for <AXUIElementRef 0x11e849290> {pid=21482} {uid=[ID:1 hash:0x0]}
2026-08-12 15:26:04.200 Df IlliniCover[21482:3c6d29] [com.apple.dt.xctest:Default] Got app orientation 0
2026-08-12 15:26:04.200 Df IlliniCover[21482:3c6d29] [com.apple.dt.xctest:Default] Captured accessibility snapshot data in 0.07s
2026-08-12 15:26:04.200 Df IlliniCover[21482:3c6d30] [com.apple.dt.xctest:Default] Found main window: Window
2026-08-12 15:26:04.200 Df IlliniCover[21482:3c6d30] [com.apple.dt.xctest:Default] Preferring automation type 48 instead of legacy element type OTHER derived from class/trait: UILabel:UILabel 8590000128
2026-08-12 15:26:04.200 Df IlliniCover[21482:3c6d30] [com.apple.dt.xctest:Default] Other is not actually a child of Other, including at this point anyway (rdar://problem/20738636)
2026-08-12 15:26:04.200 Df IlliniCover[21482:3c6d30] [com.apple.dt.xctest:Default] Other is not actually a child of Other, including at this point anyway (rdar://problem/20738636)
2026-08-12 15:26:04.201 Df IlliniCover[21482:3c6d30] [com.apple.dt.xctest:Default] Other is not actually a child of Other, including at this point anyway (rdar://problem/20738636)
2026-08-12 15:26:04.201 Df IlliniCover[21482:3c6d30] [com.apple.dt.xctest:Default] Other is not actually a child of Other, including at this point anyway (rdar://problem/20738636)
2026-08-12 15:26:04.201 Df IlliniCover[21482:3c6d30] [com.apple.dt.xctest:Default] Other is not actually a child of Other, including at this point anyway (rdar://problem/20738636)
2026-08-12 15:26:04.201 Df IlliniCover[21482:3c6d30] [com.apple.dt.xctest:Default] Other is not actually a child of Other, including at this point anyway (rdar://problem/20738636)
2026-08-12 15:26:04.201 Df IlliniCover[21482:3c6d30] [com.apple.dt.xctest:Default] Other is not actually a child of Other, including at this point anyway (rdar://problem/20738636)
2026-08-12 15:26:04.201 Df IlliniCover[21482:3c6d30] [com.apple.dt.xctest:Default] Other is not actually a child of Other, including at this point anyway (rdar://problem/20738636)
2026-08-12 15:26:04.201 Df IlliniCover[21482:3c6d30] [com.apple.dt.xctest:Default] Other is not actually a child of Other, including at this point anyway (rdar://problem/20738636)
2026-08-12 15:26:04.201 Df IlliniCover[21482:3c6d30] [com.apple.dt.xctest:Default] Other is not actually a child of Other, including at this point anyway (rdar://problem/20738636)
2026-08-12 15:26:04.201 Df IlliniCover[21482:3c6d30] [com.apple.dt.xctest:Default] Other is not actually a child of Other, including at this point anyway (rdar://problem/20738636)
2026-08-12 15:26:04.201 Df IlliniCover[21482:3c6d30] [com.apple.dt.xctest:Default] Other is not actually a child of Other, including at this point anyway (rdar://problem/20738636)
2026-08-12 15:26:04.202 Df IlliniCover[21482:3c6d30] [com.apple.dt.xctest:Default] App orientation is 0 (not portrait) and UITextEffectsWindow window Window is not main window
2026-08-12 15:26:04.202 Df IlliniCover[21482:3c6d30] [com.apple.dt.xctest:Default] Leaving frame unchanged for Window: either already correct or we can't detect it.
2026-08-12 15:26:04.202 Df IlliniCover[21482:3c6d30] [com.apple.dt.xctest:Default] Query  found matching snapshots: {(
    Application, pid: 21482
)} (error: (null))
2026-08-12 15:26:04.203 Df IlliniCover[21482:3c6d30] [com.apple.dt.xctest:Default] Replying to query  with results: <XCTElementQueryResults: 0x11cfe04b0> (error: (null))
2026-08-12 15:26:05.097 Df IlliniCover[21482:3c6d35] [com.apple.xpc:connection] [0x105970600] invalidated because the client process (pid 21443) either cancelled the connection or exited
2026-08-12 15:26:05.097 Df IlliniCover[21482:3c6d35] [com.apple.dt.xctest:Default] Connection from client with pid 21443 was invalidated.
2026-08-12 15:26:05.102 Df IlliniCover[21482:3c6d35] [com.apple.dt.automationmode:Default] Handling posted change notification (com.apple.dt.automationmode.state-changed)
2026-08-12 15:26:05.102 Df IlliniCover[21482:3c6d35] [com.apple.dt.automationmode:Default] XAM shared observer connecting to com.apple.dt.automationmode.reader
2026-08-12 15:26:05.102 Df IlliniCover[21482:3c6d35] [com.apple.xpc:connection] [0x121dbcdc0] activating connection: mach=true listener=false peer=false name=com.apple.dt.automationmode.reader
2026-08-12 15:26:05.106 Df IlliniCover[21482:3c6d35] [com.apple.xpc:connection] [0x121dbcdc0] invalidated because the current process cancelled the connection by calling xpc_connection_cancel()
2026-08-12 15:26:05.107 Df IlliniCover[21482:3c6d35] [com.apple.dt.automationmode:Default] Comparing previous enabled state (1) to current enabled state (0)
2026-08-12 15:26:05.107 Df IlliniCover[21482:3c6d30] [com.apple.dt.xctest:Default] Automation Mode has been disabled, existing connections will be invalidated.
2026-08-12 15:26:05.110 A  IlliniCover[21482:3c6d30] (CoreFoundation) Loading Preferences From User Session CFPrefsD
2026-08-12 15:26:05.943 Df IlliniCover[21482:3c6d30] [com.apple.launchservices:db] NotifyToken::RegisterDispatch(com.apple.LaunchServices.database) fired for session key LSSessionKey(system: 0 uid: 501)
2026-08-12 15:26:12.340 Df IlliniCover[21482:3c6d30] [com.apple.dt.automationmode:Default] Handling posted change notification (com.apple.dt.automationmode.state-changed)
2026-08-12 15:26:12.340 Df IlliniCover[21482:3c6d30] [com.apple.dt.automationmode:Default] XAM shared observer connecting to com.apple.dt.automationmode.reader
2026-08-12 15:26:12.341 Df IlliniCover[21482:3c6d30] [com.apple.xpc:connection] [0x121dbcdc0] activating connection: mach=true listener=false peer=false name=com.apple.dt.automationmode.reader
2026-08-12 15:26:12.345 Df IlliniCover[21482:3c6d30] [com.apple.xpc:connection] [0x121dbcdc0] invalidated because the current process cancelled the connection by calling xpc_connection_cancel()
2026-08-12 15:26:12.345 Df IlliniCover[21482:3c6d30] [com.apple.dt.automationmode:Default] Comparing previous enabled state (0) to current enabled state (1)
2026-08-12 15:26:13.792 Df IlliniCover[21482:3c6d47] [com.apple.dt.xctest:Default] Received request for endpoint.
2026-08-12 15:26:13.792 Df IlliniCover[21482:3c6d47] [com.apple.dt.xctest:Default] Sending anonymous endpoint.
2026-08-12 15:26:13.792 Df IlliniCover[21482:3c6d47] [com.apple.xpc:connection] [0x1059f1680] Connection returned listener port: 0x7b0b
2026-08-12 15:26:13.793 Df IlliniCover[21482:3c6d47] [com.apple.dt.xctest:Default] Received client to target connection.
2026-08-12 15:26:13.793 Df IlliniCover[21482:3c6d47] [com.apple.dt.automationmode:Default] Returning 1 for enabled state
2026-08-12 15:26:13.793 Df IlliniCover[21482:3c6d47] [com.apple.xpc:connection] [0x11e936100] activating connection: mach=false listener=false peer=true name=com.apple.xpc.anonymous.0x1059f1680.peer[21614].0x11e936100
2026-08-12 15:26:13.793 Df IlliniCover[21482:3c6d47] [com.apple.dt.xctest:Default] Received request to exchange capabilities, remote interface capabilities are: <XCTCapabilities: 0x121d98bb0>: {
    "query runtime issue reporting" = 1;
    "query runtime issue reporting/automation type mismatch" = 1;
}
2026-08-12 15:26:13.795 Df IlliniCover[21482:3c6d47] [com.apple.dt.xctest:Default] Received request to fetch matches for query:
2026-08-12 15:26:13.795 Df IlliniCover[21482:3c6d47] [com.apple.dt.xctest:Default] Evaluating query:
2026-08-12 15:26:13.795 Df IlliniCover[21482:3c6d47] [com.apple.dt.xctest:Default] Getting root element snapshot
2026-08-12 15:26:13.795 Df IlliniCover[21482:3c6d47] [com.apple.dt.xctest:Default] Getting snapshot for App element pid: 21482 for query
2026-08-12 15:26:13.795 Df IlliniCover[21482:3c6d47] [com.apple.dt.xctest:Default] Query requires iOS snapshot attributes .
2026-08-12 15:26:13.795 Df IlliniCover[21482:3c6d47] [com.apple.dt.xctest:Default] XCTPerformOnMainRunLoop[not MT]: about to CFRunLoopPerform
2026-08-12 15:26:13.795 Df IlliniCover[21482:3c6d47] [com.apple.dt.xctest:Default] XCTPerformOnMainRunLoop[not MT]: waiting with 30.00s responsiveness timeout
2026-08-12 15:26:13.795 Df IlliniCover[21482:3c6d29] [com.apple.dt.xctest:Default] XCTPerformOnMainRunLoop[MT]: inside CFRunLoopPerform
2026-08-12 15:26:13.795 Df IlliniCover[21482:3c6d29] [com.apple.dt.xctest:Default] XCTPerformOnMainRunLoop[MT]: MT responded in time (won the race to the busy flag)
2026-08-12 15:26:13.795 Df IlliniCover[21482:3c6d47] [com.apple.dt.xctest:Default] XCTPerformOnMainRunLoop[not MT]: waiting 60.00s for work to complete
2026-08-12 15:26:13.795 Df IlliniCover[21482:3c6d29] [com.apple.dt.xctest:Default] Got main window <AXUIElementRef 0x120dcd680> {pid=21482} {uid=[ID:4 hash:0x105a10400]}
2026-08-12 15:26:13.796 Df IlliniCover[21482:3c6d29] [com.apple.dt.xctest:Default] Capturing hierarchy with attributes XC_kAXXCAttributeElementType, XC_kAXXCAttributeElementBaseType, XC_kAXXCAttributeParent, XC_kAXXCAttributeIdentifier, XC_kAXXCAttributeAutomationType, XC_kAXXCAttributeTraits
2026-08-12 15:26:13.796 Df IlliniCover[21482:3c6d29] [com.apple.dt.xctest:Default] Capturing hierarchy with parameters {
    attributes =     (
        5003,
        5004,
        5002,
        5019,
        5058,
        2004
    );
    maxArrayCount = 2147483647;
    maxChildren = 2147483647;
    maxDepth = 2147483647;
    snapshotKeyHonorModalViews = 0;
    traverseFromParentsToChildren = 1;
}
2026-08-12 15:26:13.796 Df IlliniCover[21482:3c6d29] [com.apple.dt.xctest:Default] Snapshot attributes 5003, 5004, 5002, 5019, 5058, 2004
2026-08-12 15:26:13.877 Df IlliniCover[21482:3c6d29] [com.apple.dt.xctest:Default] Got snapshot for <AXUIElementRef 0x120be32d0> {pid=21482} {uid=[ID:1 hash:0x0]}
2026-08-12 15:26:13.877 Df IlliniCover[21482:3c6d29] [com.apple.dt.xctest:Default] Got app orientation 0
2026-08-12 15:26:13.877 Df IlliniCover[21482:3c6d29] [com.apple.dt.xctest:Default] Captured accessibility snapshot data in 0.08s
2026-08-12 15:26:13.877 Df IlliniCover[21482:3c6d47] [com.apple.dt.xctest:Default] Found main window: Window
2026-08-12 15:26:13.877 Df IlliniCover[21482:3c6d47] [com.apple.dt.xctest:Default] Preferring automation type 48 instead of legacy element type OTHER derived from class/trait: UILabel:UILabel 8590000128
2026-08-12 15:26:13.878 Df IlliniCover[21482:3c6d47] [com.apple.dt.xctest:Default] Other is not actually a child of Other, including at this point anyway (rdar://problem/20738636)
2026-08-12 15:26:13.878 Df IlliniCover[21482:3c6d47] [com.apple.dt.xctest:Default] Other is not actually a child of Other, including at this point anyway (rdar://problem/20738636)
2026-08-12 15:26:13.878 Df IlliniCover[21482:3c6d47] [com.apple.dt.xctest:Default] Other is not actually a child of Other, including at this point anyway (rdar://problem/20738636)
2026-08-12 15:26:13.878 Df IlliniCover[21482:3c6d47] [com.apple.dt.xctest:Default] Other is not actually a child of Other, including at this point anyway (rdar://problem/20738636)
2026-08-12 15:26:13.878 Df IlliniCover[21482:3c6d47] [com.apple.dt.xctest:Default] Other is not actually a child of Other, including at this point anyway (rdar://problem/20738636)
2026-08-12 15:26:13.878 Df IlliniCover[21482:3c6d47] [com.apple.dt.xctest:Default] Other is not actually a child of Other, including at this point anyway (rdar://problem/20738636)
2026-08-12 15:26:13.878 Df IlliniCover[21482:3c6d47] [com.apple.dt.xctest:Default] Other is not actually a child of Other, including at this point anyway (rdar://problem/20738636)
2026-08-12 15:26:13.878 Df IlliniCover[21482:3c6d47] [com.apple.dt.xctest:Default] Other is not actually a child of Other, including at this point anyway (rdar://problem/20738636)
2026-08-12 15:26:13.878 Df IlliniCover[21482:3c6d47] [com.apple.dt.xctest:Default] Other is not actually a child of Other, including at this point anyway (rdar://problem/20738636)
2026-08-12 15:26:13.878 Df IlliniCover[21482:3c6d47] [com.apple.dt.xctest:Default] Other is not actually a child of Other, including at this point anyway (rdar://problem/20738636)
2026-08-12 15:26:13.878 Df IlliniCover[21482:3c6d47] [com.apple.dt.xctest:Default] Other is not actually a child of Other, including at this point anyway (rdar://problem/20738636)
2026-08-12 15:26:13.878 Df IlliniCover[21482:3c6d47] [com.apple.dt.xctest:Default] Other is not actually a child of Other, including at this point anyway (rdar://problem/20738636)
2026-08-12 15:26:13.879 Df IlliniCover[21482:3c6d47] [com.apple.dt.xctest:Default] App orientation is 0 (not portrait) and UITextEffectsWindow window Window is not main window
2026-08-12 15:26:13.879 Df IlliniCover[21482:3c6d47] [com.apple.dt.xctest:Default] Leaving frame unchanged for Window: either already correct or we can't detect it.
2026-08-12 15:26:13.879 Df IlliniCover[21482:3c6d47] [com.apple.dt.xctest:Default] Query  found matching snapshots: {(
    Application, pid: 21482
)} (error: (null))
2026-08-12 15:26:13.879 Df IlliniCover[21482:3c6d47] [com.apple.dt.xctest:Default] Replying to query  with results: <XCTElementQueryResults: 0x11cfe3360> (error: (null))
2026-08-12 15:26:14.007 Df IlliniCover[21482:3c6d47] [com.apple.dt.xctest:Default] Received request to fetch matches for query:
2026-08-12 15:26:14.007 Df IlliniCover[21482:3c6d47] [com.apple.dt.xctest:Default] Evaluating query:
2026-08-12 15:26:14.007 Df IlliniCover[21482:3c6d47] [com.apple.dt.xctest:Default] Getting root element snapshot
2026-08-12 15:26:14.007 Df IlliniCover[21482:3c6d47] [com.apple.dt.xctest:Default] Getting snapshot for App element pid: 21482 for query
2026-08-12 15:26:14.007 Df IlliniCover[21482:3c6d47] [com.apple.dt.xctest:Default] Query requires iOS snapshot attributes .
2026-08-12 15:26:14.007 Df IlliniCover[21482:3c6d47] [com.apple.dt.xctest:Default] XCTPerformOnMainRunLoop[not MT]: about to CFRunLoopPerform
2026-08-12 15:26:14.007 Df IlliniCover[21482:3c6d47] [com.apple.dt.xctest:Default] XCTPerformOnMainRunLoop[not MT]: waiting with 30.00s responsiveness timeout
2026-08-12 15:26:14.007 Df IlliniCover[21482:3c6d29] [com.apple.dt.xctest:Default] XCTPerformOnMainRunLoop[MT]: inside CFRunLoopPerform
2026-08-12 15:26:14.007 Df IlliniCover[21482:3c6d29] [com.apple.dt.xctest:Default] XCTPerformOnMainRunLoop[MT]: MT responded in time (won the race to the busy flag)
2026-08-12 15:26:14.007 Df IlliniCover[21482:3c6d47] [com.apple.dt.xctest:Default] XCTPerformOnMainRunLoop[not MT]: waiting 60.00s for work to complete
2026-08-12 15:26:14.008 Df IlliniCover[21482:3c6d29] [com.apple.dt.xctest:Default] Got main window <AXUIElementRef 0x120d508a0> {pid=21482} {uid=[ID:4 hash:0x105a10400]}
2026-08-12 15:26:14.008 Df IlliniCover[21482:3c6d29] [com.apple.dt.xctest:Default] Capturing hierarchy with attributes XC_kAXXCAttributeElementType, XC_kAXXCAttributeElementBaseType, XC_kAXXCAttributeParent, XC_kAXXCAttributeIdentifier, XC_kAXXCAttributeAutomationType, XC_kAXXCAttributeTraits
2026-08-12 15:26:14.008 Df IlliniCover[21482:3c6d29] [com.apple.dt.xctest:Default] Capturing hierarchy with parameters {
    attributes =     (
        5003,
        5004,
        5002,
        5019,
        5058,
        2004
    );
    maxArrayCount = 2147483647;
    maxChildren = 2147483647;
    maxDepth = 2147483647;
    snapshotKeyHonorModalViews = 0;
    traverseFromParentsToChildren = 1;
}
2026-08-12 15:26:14.008 Df IlliniCover[21482:3c6d29] [com.apple.dt.xctest:Default] Snapshot attributes 5003, 5004, 5002, 5019, 5058, 2004
2026-08-12 15:26:14.083 Df IlliniCover[21482:3c6d29] [com.apple.dt.xctest:Default] Got snapshot for <AXUIElementRef 0x120a8f210> {pid=21482} {uid=[ID:1 hash:0x0]}
2026-08-12 15:26:14.083 Df IlliniCover[21482:3c6d29] [com.apple.dt.xctest:Default] Got app orientation 0
2026-08-12 15:26:14.083 Df IlliniCover[21482:3c6d29] [com.apple.dt.xctest:Default] Captured accessibility snapshot data in 0.08s
2026-08-12 15:26:14.083 Df IlliniCover[21482:3c6d47] [com.apple.dt.xctest:Default] Found main window: Window
2026-08-12 15:26:14.083 Df IlliniCover[21482:3c6d47] [com.apple.dt.xctest:Default] Preferring automation type 48 instead of legacy element type OTHER derived from class/trait: UILabel:UILabel 8590000128
2026-08-12 15:26:14.083 Df IlliniCover[21482:3c6d47] [com.apple.dt.xctest:Default] Other is not actually a child of Other, including at this point anyway (rdar://problem/20738636)
2026-08-12 15:26:14.083 Df IlliniCover[21482:3c6d47] [com.apple.dt.xctest:Default] Other is not actually a child of Other, including at this point anyway (rdar://problem/20738636)
2026-08-12 15:26:14.083 Df IlliniCover[21482:3c6d47] [com.apple.dt.xctest:Default] Other is not actually a child of Other, including at this point anyway (rdar://problem/20738636)
2026-08-12 15:26:14.083 Df IlliniCover[21482:3c6d47] [com.apple.dt.xctest:Default] Other is not actually a child of Other, including at this point anyway (rdar://problem/20738636)
2026-08-12 15:26:14.083 Df IlliniCover[21482:3c6d47] [com.apple.dt.xctest:Default] Other is not actually a child of Other, including at this point anyway (rdar://problem/20738636)
2026-08-12 15:26:14.083 Df IlliniCover[21482:3c6d47] [com.apple.dt.xctest:Default] Other is not actually a child of Other, including at this point anyway (rdar://problem/20738636)
2026-08-12 15:26:14.084 Df IlliniCover[21482:3c6d47] [com.apple.dt.xctest:Default] Other is not actually a child of Other, including at this point anyway (rdar://problem/20738636)
2026-08-12 15:26:14.084 Df IlliniCover[21482:3c6d47] [com.apple.dt.xctest:Default] Other is not actually a child of Other, including at this point anyway (rdar://problem/20738636)
2026-08-12 15:26:14.084 Df IlliniCover[21482:3c6d47] [com.apple.dt.xctest:Default] Other is not actually a child of Other, including at this point anyway (rdar://problem/20738636)
2026-08-12 15:26:14.084 Df IlliniCover[21482:3c6d47] [com.apple.dt.xctest:Default] Other is not actually a child of Other, including at this point anyway (rdar://problem/20738636)
2026-08-12 15:26:14.084 Df IlliniCover[21482:3c6d47] [com.apple.dt.xctest:Default] Other is not actually a child of Other, including at this point anyway (rdar://problem/20738636)
2026-08-12 15:26:14.084 Df IlliniCover[21482:3c6d47] [com.apple.dt.xctest:Default] Other is not actually a child of Other, including at this point anyway (rdar://problem/20738636)
2026-08-12 15:26:14.084 Df IlliniCover[21482:3c6d47] [com.apple.dt.xctest:Default] App orientation is 0 (not portrait) and UITextEffectsWindow window Window is not main window
2026-08-12 15:26:14.084 Df IlliniCover[21482:3c6d47] [com.apple.dt.xctest:Default] Leaving frame unchanged for Window: either already correct or we can't detect it.
2026-08-12 15:26:14.084 Df IlliniCover[21482:3c6d47] [com.apple.dt.xctest:Default] Query  found matching snapshots: {(
    Application, pid: 21482
)} (error: (null))
2026-08-12 15:26:14.084 Df IlliniCover[21482:3c6d47] [com.apple.dt.xctest:Default] Replying to query  with results: <XCTElementQueryResults: 0x11cfe28e0> (error: (null))
