Timestamp               Ty Process[PID:TID]
2026-08-12 16:03:29.667 Df IlliniCover[40187:3e9b08] [com.apple.dt.xctest:Default] Received request for endpoint.
2026-08-12 16:03:29.667 Df IlliniCover[40187:3e9b08] [com.apple.dt.xctest:Default] Sending anonymous endpoint.
2026-08-12 16:03:29.667 Df IlliniCover[40187:3e9b08] [com.apple.xpc:connection] [0x105de9400] Connection returned listener port: 0x6207
2026-08-12 16:03:29.668 Df IlliniCover[40187:3e9b08] [com.apple.dt.xctest:Default] Received client to target connection.
2026-08-12 16:03:29.668 Df IlliniCover[40187:3e9b08] [com.apple.dt.automationmode:Default] Returning 1 for enabled state
2026-08-12 16:03:29.670 Df IlliniCover[40187:3e9b08] [com.apple.xpc:connection] [0x11e547000] activating connection: mach=false listener=false peer=true name=com.apple.xpc.anonymous.0x105de9400.peer[40756].0x11e547000
2026-08-12 16:03:29.670 Df IlliniCover[40187:3e9b08] [com.apple.dt.xctest:Default] Received request to exchange capabilities, remote interface capabilities are: <XCTCapabilities: 0x1216438f0>: {
    "query runtime issue reporting" = 1;
    "query runtime issue reporting/automation type mismatch" = 1;
}
2026-08-12 16:03:29.671 Df IlliniCover[40187:3e9b08] [com.apple.dt.xctest:Default] Received request to fetch matches for query:
2026-08-12 16:03:29.671 Df IlliniCover[40187:3e9b09] [com.apple.dt.xctest:Default] Evaluating query:
2026-08-12 16:03:29.671 Df IlliniCover[40187:3e9b09] [com.apple.dt.xctest:Default] Getting root element snapshot
2026-08-12 16:03:29.671 Df IlliniCover[40187:3e9b09] [com.apple.dt.xctest:Default] Getting snapshot for App element pid: 40187 for query
2026-08-12 16:03:29.672 Df IlliniCover[40187:3e9b09] [com.apple.dt.xctest:Default] Query requires iOS snapshot attributes .
2026-08-12 16:03:29.672 Df IlliniCover[40187:3e9b09] [com.apple.dt.xctest:Default] XCTPerformOnMainRunLoop[not MT]: about to CFRunLoopPerform
2026-08-12 16:03:29.672 Df IlliniCover[40187:3e9b09] [com.apple.dt.xctest:Default] XCTPerformOnMainRunLoop[not MT]: waiting with 30.00s responsiveness timeout
2026-08-12 16:03:29.672 Df IlliniCover[40187:3e946e] [com.apple.dt.xctest:Default] XCTPerformOnMainRunLoop[MT]: inside CFRunLoopPerform
2026-08-12 16:03:29.672 Df IlliniCover[40187:3e946e] [com.apple.dt.xctest:Default] XCTPerformOnMainRunLoop[MT]: MT responded in time (won the race to the busy flag)
2026-08-12 16:03:29.672 Df IlliniCover[40187:3e9b09] [com.apple.dt.xctest:Default] XCTPerformOnMainRunLoop[not MT]: waiting 60.00s for work to complete
2026-08-12 16:03:29.672 Df IlliniCover[40187:3e946e] [com.apple.dt.xctest:Default] Got main window <AXUIElementRef 0x121b74990> {pid=40187} {uid=[ID:4 hash:0x105e04400]}
2026-08-12 16:03:29.672 Df IlliniCover[40187:3e946e] [com.apple.dt.xctest:Default] Capturing hierarchy with attributes XC_kAXXCAttributeElementType, XC_kAXXCAttributeElementBaseType, XC_kAXXCAttributeParent, XC_kAXXCAttributeIdentifier, XC_kAXXCAttributeAutomationType, XC_kAXXCAttributeTraits
2026-08-12 16:03:29.672 Df IlliniCover[40187:3e946e] [com.apple.dt.xctest:Default] Capturing hierarchy with parameters {
    attributes =     (
        5003,
        5004,
        5002,
        5019,
        5058,
        2004
    );
    maxArrayCount = 2147483647;
    maxChildren = 2147483647;
    maxDepth = 2147483647;
    snapshotKeyHonorModalViews = 0;
    traverseFromParentsToChildren = 1;
}
2026-08-12 16:03:29.672 Df IlliniCover[40187:3e946e] [com.apple.dt.xctest:Default] Snapshot attributes 5003, 5004, 5002, 5019, 5058, 2004
2026-08-12 16:03:29.737 Df IlliniCover[40187:3e946e] [com.apple.dt.xctest:Default] Got snapshot for <AXUIElementRef 0x1206f13b0> {pid=40187} {uid=[ID:1 hash:0x0]}
2026-08-12 16:03:29.738 Df IlliniCover[40187:3e946e] [com.apple.dt.xctest:Default] Got app orientation 0
2026-08-12 16:03:29.738 Df IlliniCover[40187:3e946e] [com.apple.dt.xctest:Default] Captured accessibility snapshot data in 0.07s
2026-08-12 16:03:29.738 Df IlliniCover[40187:3e9b09] [com.apple.dt.xctest:Default] Found main window: Window
2026-08-12 16:03:29.738 Df IlliniCover[40187:3e9b09] [com.apple.dt.xctest:Default] Preferring automation type 48 instead of legacy element type OTHER derived from class/trait: UILabel:UILabel 8590000128
2026-08-12 16:03:29.739 Df IlliniCover[40187:3e9b09] [com.apple.dt.xctest:Default] App orientation is 0 (not portrait) and UITextEffectsWindow window Window is not main window
2026-08-12 16:03:29.739 Df IlliniCover[40187:3e9b09] [com.apple.dt.xctest:Default] Leaving frame unchanged for Window: either already correct or we can't detect it.
2026-08-12 16:03:29.739 Df IlliniCover[40187:3e9b09] [com.apple.dt.xctest:Default] Query  found matching snapshots: {(
    Application, pid: 40187
)} (error: (null))
2026-08-12 16:03:29.739 Df IlliniCover[40187:3e9b09] [com.apple.dt.xctest:Default] Replying to query  with results: <XCTElementQueryResults: 0x1215802d0> (error: (null))
2026-08-12 16:03:32.301 Df IlliniCover[40795:3ea921] (libMobileGestalt.dylib) No persisted cache on this platform.
2026-08-12 16:03:32.302 Df IlliniCover[40795:3ea92b] [com.apple.xpc:connection] [0x108c1d810] activating connection: mach=true listener=false peer=false name=com.apple.cfprefsd.daemon
2026-08-12 16:03:32.302 Df IlliniCover[40795:3ea92d] [com.apple.BoardServices:XPCErrors] [C:1] Alloc com.apple.frontboard.systemappservices
2026-08-12 16:03:32.302 Df IlliniCover[40795:3ea92d] [com.apple.xpc:connection] [0x108c206b0] activating connection: mach=false listener=false peer=false name=(anonymous)
2026-08-12 16:03:32.303 Df IlliniCover[40795:3ea92b] [com.apple.UIKit:BackgroundTask] Creating new assertion because there is no existing background assertion.
2026-08-12 16:03:32.304 Df IlliniCover[40795:3ea92b] [com.apple.UIKit:BackgroundTask] Creating new background assertion
2026-08-12 16:03:32.304 Df IlliniCover[40795:3ea92b] [com.apple.UIKit:BackgroundTask] Created new background assertion <BKSProcessAssertion: 0x108c1f9d0>
2026-08-12 16:03:32.304 Df IlliniCover[40795:3ea92b] [com.apple.runningboard:connection] Initializing connection
2026-08-12 16:03:32.304 Df IlliniCover[40795:3ea92b] [com.apple.runningboard:process] Removing all cached process handles
2026-08-12 16:03:32.304 Df IlliniCover[40795:3ea931] [com.apple.runningboard:connection] Sending handshake request attempt #1 to server
2026-08-12 16:03:32.304 Df IlliniCover[40795:3ea931] [com.apple.runningboard:connection] Creating connection to com.apple.runningboard
2026-08-12 16:03:32.304 Df IlliniCover[40795:3ea931] [com.apple.xpc:connection] [0x1095e0280] activating connection: mach=true listener=false peer=false name=com.apple.runningboard
2026-08-12 16:03:32.304 Df IlliniCover[40795:3ea921] [com.apple.UIKit:Application] Deactivation reason added: 10; deactivation reasons: 0 -> 1024; animating application lifecycle event: 0
2026-08-12 16:03:32.305 Df IlliniCover[40795:3ea921] [com.apple.BoardServices:Injection] activating monitor for service com.apple.frontboard.open
2026-08-12 16:03:32.305 Df IlliniCover[40795:3ea921] [com.apple.BoardServices:Injection] activating monitor for service com.apple.frontboard.workspace-service
2026-08-12 16:03:32.305 A  IlliniCover[40795:3ea92d] (RunningBoardServices) didChangeInheritances
2026-08-12 16:03:32.305 Df IlliniCover[40795:3ea921] [com.apple.FrontBoard:Common] FBSWorkspace registering source: com.apple.frontboard.systemappservices
2026-08-12 16:03:32.305 Df IlliniCover[40795:3ea931] [com.apple.runningboard:connection] Handshake succeeded
2026-08-12 16:03:32.305 Df IlliniCover[40795:3ea931] [com.apple.runningboard:connection] Identity resolved as app<com.illinicover.app((null))>
2026-08-12 16:03:32.305 Df IlliniCover[40795:3ea92b] [com.apple.UIKit:BackgroundTask] Incrementing reference count for background assertion <BKSProcessAssertion: 0x108c1f9d0>
2026-08-12 16:03:32.305 Df IlliniCover[40795:3ea92b] [com.apple.UIKit:BackgroundTask] Created background task <_UIBackgroundTaskInfo: 0x109470ac0>: taskID = 1, taskName = Launch Background Task for Coalescing, creationTime = 82631 (elapsed = 0).
2026-08-12 16:03:32.305 Df IlliniCover[40795:3ea92b] [com.apple.FrontBoard:SceneExtension] Realizing settings extension _UIApplicationSceneKeyboardSettings on FBSSceneSettings
2026-08-12 16:03:32.306 A  IlliniCover[40795:3ea92c] (CoreFoundation) Loading Preferences From User Session CFPrefsD
2026-08-12 16:03:32.306 Df IlliniCover[40795:3ea921] [com.apple.FrontBoard:Common] FBSWorkspace connected to endpoint : <BSServiceConnectionEndpoint: 0x1095a8600; target: com.apple.frontboard.systemappservices; service: com.apple.frontboard.workspace-service>
2026-08-12 16:03:32.306 Df IlliniCover[40795:3ea921] [com.apple.FrontBoard:Common] <FBSWorkspaceScenesClient:0x1095846e0 com.apple.frontboard.systemappservices> attempting immediate handshake from activate
2026-08-12 16:03:32.306 Df IlliniCover[40795:3ea921] [com.apple.FrontBoard:Common] <FBSWorkspaceScenesClient:0x1095846e0 com.apple.frontboard.systemappservices> sent handshake
2026-08-12 16:03:32.307 Df IlliniCover[40795:3ea921] [com.apple.runningboard:general] Added observer for process assertions expiration warning: <_RBSExpirationWarningClient: 0x1095a8c80>
2026-08-12 16:03:32.308 Df IlliniCover[40795:3ea92b] [com.apple.FrontBoard:SceneExtension] Realizing settings extension <_UISceneOcclusionSettings> on FBSSceneSettings
2026-08-12 16:03:32.308 Df IlliniCover[40795:3ea92b] [com.apple.FrontBoard:SceneExtension] Realizing settings extension <_UISceneInterfaceProtectionSettings> on FBSSceneSettings
2026-08-12 16:03:32.308 Df IlliniCover[40795:3ea92b] [com.apple.FrontBoard:SceneExtension] Realizing settings extension _UISceneLayoutPreferencesHostSettingsExtension on FBSSceneSettings
2026-08-12 16:03:32.308 Df IlliniCover[40795:3ea92b] [com.apple.FrontBoard:SceneExtension] Realizing settings extension _UISceneSafeAreaSettingsExtension on FBSSceneSettings
2026-08-12 16:03:32.308 Df IlliniCover[40795:3ea92b] [com.apple.FrontBoard:SceneExtension] Realizing settings extension _UISceneLayoutPreferenceClientSettingsExtension on FBSSceneClientSettings
2026-08-12 16:03:32.309 Df IlliniCover[40795:3ea92b] [com.apple.FrontBoard:SceneExtension] Realizing settings extension <_UIHomeAffordanceHostSceneSettings> on FBSSceneSettings
2026-08-12 16:03:32.309 Df IlliniCover[40795:3ea92b] [com.apple.FrontBoard:SceneExtension] Realizing settings extension _UISystemShellSceneHostingEnvironmentSettings on FBSSceneSettings
2026-08-12 16:03:32.309 Df IlliniCover[40795:3ea92b] [com.apple.FrontBoard:SceneExtension] Realizing settings extension _UISceneRenderingEnvironmentSettings on FBSSceneSettings
2026-08-12 16:03:32.309 Df IlliniCover[40795:3ea92b] [com.apple.FrontBoard:SceneExtension] Realizing settings extension <_UISceneRenderingEnvironmentClientSettings> on FBSSceneClientSettings
2026-08-12 16:03:32.310 Df IlliniCover[40795:3ea92b] [com.apple.FrontBoard:SceneExtension] Realizing settings extension <_UISceneTransitioningHostSettings> on FBSSceneSettings
2026-08-12 16:03:32.310 Df IlliniCover[40795:3ea92b] [com.apple.FrontBoard:SceneExtension] Realizing settings extension <_UISceneFocusSystemSettings> on FBSSceneSettings
2026-08-12 16:03:32.310 Df IlliniCover[40795:3ea92b] [com.apple.FrontBoard:SceneExtension] Realizing settings extension _UISceneOrientationSettingsExtension on FBSSceneSettings
2026-08-12 16:03:32.310 Df IlliniCover[40795:3ea92b] [com.apple.FrontBoard:SceneExtension] Realizing settings extension _UISceneOrientationClientSettingsExtension on FBSSceneClientSettings
2026-08-12 16:03:32.310 Df IlliniCover[40795:3ea92b] [com.apple.FrontBoard:SceneExtension] Realizing settings extension _UISceneWindowingControlClientSettings on FBSSceneClientSettings
2026-08-12 16:03:32.311 Df IlliniCover[40795:3ea92b] [com.apple.FrontBoard:SceneExtension] Realizing settings extension <_UISceneHostingContentSizePreferenceClientSettings> on FBSSceneClientSettings
2026-08-12 16:03:32.311 Df IlliniCover[40795:3ea92b] [com.apple.FrontBoard:SceneExtension] Realizing settings extension _UISceneHostingTraitCollectionPropagationSettings on FBSSceneSettings
2026-08-12 16:03:32.311 Df IlliniCover[40795:3ea921] [com.apple.UIKit:UIScreen] Evaluated capturing state as 0 on <UIScreen: 0x1095e0500> for initial
2026-08-12 16:03:32.311 Df IlliniCover[40795:3ea92b] [com.apple.FrontBoard:SceneExtension] Realizing settings extension <_UISceneHostingSheetPresentationSettings> on FBSSceneSettings
2026-08-12 16:03:32.311 Df IlliniCover[40795:3ea921] [com.apple.UIKit:UIScreen] Evaluated capturing state as 0 on <UIScreen: 0x1095e0500> for CADisplay KVO
2026-08-12 16:03:32.311 Df IlliniCover[40795:3ea92b] [com.apple.FrontBoard:SceneExtension] Realizing settings extension <_UISceneHostingSheetPresentationClientSettings> on FBSSceneClientSettings
2026-08-12 16:03:32.312 Df IlliniCover[40795:3ea92b] [com.apple.FrontBoard:SceneExtension] Realizing settings extension <_UISceneHostingEventDeferringSettings> on FBSSceneSettings
2026-08-12 16:03:32.312 Df IlliniCover[40795:3ea92b] [com.apple.FrontBoard:SceneExtension] Realizing settings extension <UIKit__UITypedKeyValueSceneSettings> on FBSSceneSettings
2026-08-12 16:03:32.312 Df IlliniCover[40795:3ea92b] [com.apple.FrontBoard:SceneExtension] Realizing settings extension <UIKit__UITypedKeyValueSceneSettings> on FBSSceneClientSettings
2026-08-12 16:03:32.312 Df IlliniCover[40795:3ea92b] [com.apple.FrontBoard:SceneExtension] Realizing settings extension <_UISceneHostingViewControllerPreferencePropagationClientSettings> on FBSSceneClientSettings
2026-08-12 16:03:32.312 Df IlliniCover[40795:3ea92b] [com.apple.FrontBoard:SceneExtension] Realizing settings extension <_UISceneZoomTransitionSettings> on FBSSceneSettings
2026-08-12 16:03:32.312 Df IlliniCover[40795:3ea930] [com.apple.FrontBoard:SceneExtension] Realizing settings extension FBSSceneSettingsCore on FBSSceneSettings
2026-08-12 16:03:32.313 Df IlliniCover[40795:3ea921] [com.apple.Accessibility:AXSupportCommon] Read CategoryName: per-app = 1, category name = (null)
2026-08-12 16:03:32.313 Df IlliniCover[40795:3ea930] [com.apple.FrontBoard:SceneExtension] Realizing settings extension FBSSceneClientSettingsCore on FBSSceneClientSettings
2026-08-12 16:03:32.313 Df IlliniCover[40795:3ea921] [com.apple.Accessibility:AXSupportCommon] Read CategoryName: per-app = 0, category name = (null)
2026-08-12 16:03:32.320 Df IlliniCover[40795:3ea930] [com.apple.FrontBoard:SceneExtension] UIMutableApplicationSceneSettings setting counterpart class: UIApplicationSceneSettings
2026-08-12 16:03:32.320 Df IlliniCover[40795:3ea930] [com.apple.FrontBoard:SceneExtension] UIMutableApplicationSceneClientSettings setting counterpart class: UIApplicationSceneClientSettings
2026-08-12 16:03:32.320 Df IlliniCover[40795:3ea930] [com.apple.FrontBoard:SceneExtension] Realizing settings extension FBSSceneTransitionContextCore on FBSSceneTransitionContext
2026-08-12 16:03:32.421 A  IlliniCover[40795:3ea930] (CoreFoundation) Updating Key-Value Observers Of Preferences
2026-08-12 16:03:32.429 Df IlliniCover[40795:3ea921] [com.apple.dt.xctest:Default] Registering for test daemon availability notify post.
2026-08-12 16:03:32.429 Df IlliniCover[40795:3ea921] [com.apple.dt.xctest:Default] notify_get_state check indicated test daemon not ready.
2026-08-12 16:03:32.429 Df IlliniCover[40795:3ea921] [com.apple.dt.xctest:Default] Test daemon availability confirmed via notify_get_state.
2026-08-12 16:03:32.429 Df IlliniCover[40795:3ea921] [com.apple.dt.xctest:Default] notify_get_state check indicated test daemon not ready.
2026-08-12 16:03:32.429 Df IlliniCover[40795:3ea930] [com.apple.xpc:connection] [0x1095e0a00] activating connection: mach=true listener=false peer=false name=com.apple.dt.xctestd.target
2026-08-12 16:03:32.430 Df IlliniCover[40795:3ea921] [com.apple.UIKit:UpdateScheduler] Selected display: name=LCD (PurpleMain), id=1
2026-08-12 16:03:32.430 Df IlliniCover[40795:3ea930] [com.apple.dt.xctest:Default] Received request for endpoint.
2026-08-12 16:03:32.430 Df IlliniCover[40795:3ea930] [com.apple.dt.xctest:Default] Attempting to load /Library/Developer/CoreSimulator/Volumes/iOS_23F73/Library/Developer/CoreSimulator/Profiles/Runtimes/iOS 26.5.simruntime/Contents/Resources/RuntimeRoot/Developer/Library/PrivateFrameworks/XCTAutomationSupport.framework.
2026-08-12 16:03:32.431 Df IlliniCover[40795:3ea921] [com.apple.app_launch_measurement:ApplicationLaunch] alm_acquire_pageins_recording_assertion: acquired pageins recording assertion!
2026-08-12 16:03:32.432 Df IlliniCover[40795:3ea921] [com.apple.UIKit:Application] Deactivation reason added: 5; deactivation reasons: 1024 -> 1056; animating application lifecycle event: 1
2026-08-12 16:03:32.433 Df IlliniCover[40795:3ea921] [com.apple.UIKit:InterfaceStyle] Not push traits update to screen for new style 2, <UIWindowScene: 0x10c8ad200> (2050C5AC-6A26-42BC-8E8F-FBAE5EDC0388)
2026-08-12 16:03:32.433 Df IlliniCover[40795:3ea921] [com.apple.UIKit:InterfaceStyle] Should send trait collection or coordinate space update, interface style 2 -> 2, <UIWindowScene: 0x10c8ad200> (2050C5AC-6A26-42BC-8E8F-FBAE5EDC0388)
2026-08-12 16:03:32.433 Df IlliniCover[40795:3ea921] [com.apple.UIKit:InterfaceStyle] Not push traits update to screen for new style 2, <UIWindowScene: 0x10c8ad200> (2050C5AC-6A26-42BC-8E8F-FBAE5EDC0388)
2026-08-12 16:03:32.469 Df IlliniCover[40795:3ea921] [com.apple.UIKit:HomeAffordanceObservation] Initializing: <_UIHomeAffordanceSceneNotifier: 0x10c88ec30>; with scene: <UIWindowScene: 0x10c8ad200>
2026-08-12 16:03:32.469 Df IlliniCover[40795:3ea921] [com.apple.BacklightServices:scenes] 0x109649ec0 setDelegate:<0x10964a790 _UIBacklightEnvironment> hasDelegate:YES for environment:sceneID:com.illinicover.app-default
2026-08-12 16:03:32.470 Df IlliniCover[40795:3ea921] [com.apple.UIKit:InterfaceStyle] Not push traits update to screen for new style 2, <UIWindowScene: 0x10c8ad200> (2050C5AC-6A26-42BC-8E8F-FBAE5EDC0388)
2026-08-12 16:03:32.477 Df IlliniCover[40795:3ea921] [com.apple.UIKit:EventDeferring] [0x10c951960] Initialized with scene: <UIWindowScene: 0x10c8ad200>; behavior: <_UIEventDeferringBehavior_iOS: 0x10c895280>; availableForProcess: 1, systemShellManagesKeyboardFocus: 1
2026-08-12 16:03:32.479 Df IlliniCover[40795:3ea921] [com.apple.BoardServices:XPCErrors] [C:2] Alloc com.apple.backboard.hid-services.xpc
2026-08-12 16:03:32.479 Df IlliniCover[40795:3ea921] [com.apple.xpc:connection] [0x1095e0dc0] activating connection: mach=false listener=false peer=false name=(anonymous)
2026-08-12 16:03:32.479 Df IlliniCover[40795:3ea930] [com.apple.dt.automationmode:Default] XAM shared observer connecting to com.apple.dt.automationmode.reader
2026-08-12 16:03:32.479 Df IlliniCover[40795:3ea930] [com.apple.xpc:connection] [0x1095e1180] activating connection: mach=true listener=false peer=false name=com.apple.dt.automationmode.reader
2026-08-12 16:03:32.480 Df IlliniCover[40795:3ea92d] [com.apple.BackBoard:EventDelivery] BKSHIDEventObserver - connection activation
2026-08-12 16:03:32.480 Df IlliniCover[40795:3ea921] [com.apple.BackBoard:EventDelivery] policyStatus:<BKSHIDEventDeliveryPolicyObserver: 0x1094a5320; process scope; status: target> was:none
2026-08-12 16:03:32.480 Df IlliniCover[40795:3ea921] [com.apple.UIKit:KeyWindow] Setting default evaluation strategy for UIUserInterfaceIdiomPhone to LastOneWins
2026-08-12 16:03:32.480 Df IlliniCover[40795:3ea921] [com.apple.UIKit:KeyWindow] Scene target of keyboard event deferring environment did change: 1; scene: UIWindowScene: 0x10c8ad200; scene identity: com.apple.frontboard.systemappservices/FBSceneManager:sceneID%3Acom.illinicover.app-default
2026-08-12 16:03:32.480 Df IlliniCover[40795:3ea921] [com.apple.UIKit:EventDeferring] [0x10c951960] Scene target of event deferring environments did update: scene: 0x10c8ad200; current systemShellManagesKeyboardFocus: 1; systemShellManagesKeyboardFocusForScene: 1; eligibleForRecordRemoval: 1;
2026-08-12 16:03:32.480 Df IlliniCover[40795:3ea921] [com.apple.UIKit:KeyWindow] Scene became target of keyboard event deferring environment: UIWindowScene: 0x10c8ad200; scene identity: com.apple.frontboard.systemappservices/FBSceneManager:sceneID%3Acom.illinicover.app-default
2026-08-12 16:03:32.480 Df IlliniCover[40795:3ea921] [com.apple.UIKit:KeyWindow] Stack[KeyWindow] 0x10c949020: Taking no further action for migration from LastOneWins -> SystemShellManaged as there are no scenes
2026-08-12 16:03:32.480 Df IlliniCover[40795:3ea921] [com.apple.UIKit:KeyWindow] Setting default evaluation strategy for UIUserInterfaceIdiomPhone to SystemShellManaged
2026-08-12 16:03:32.480 Df IlliniCover[40795:3ea921] [com.apple.UIKit:KeyWindow] Key window needs update: 0; currentKeyWindowScene: 0x0; evaluatedKeyWindowScene: 0x10c8ad200; currentApplicationKeyWindow: 0x0; evaluatedApplicationKeyWindow: 0x0; reason: UIWindowScene: 0x10c8ad200: Window scene became target of keyboard environment
2026-08-12 16:03:32.480 Df IlliniCover[40795:3ea930] [com.apple.xpc:connection] [0x1095e1180] invalidated because the current process cancelled the connection by calling xpc_connection_cancel()
2026-08-12 16:03:32.481 Df IlliniCover[40795:3ea921] [com.apple.UIKit:InterfaceStyle] Not push traits update to screen for new style 2, <UIWindowScene: 0x10c8ad200> (2050C5AC-6A26-42BC-8E8F-FBAE5EDC0388)
2026-08-12 16:03:32.481 Df IlliniCover[40795:3ea930] [com.apple.dt.xctest:Default] Sending anonymous endpoint.
2026-08-12 16:03:32.481 Df IlliniCover[40795:3ea930] [com.apple.dt.xctest:Default] Setting up target listener.
2026-08-12 16:03:32.481 Df IlliniCover[40795:3ea930] [com.apple.xpc:connection] [0x1095e1400] activating connection: mach=false listener=true peer=false name=(anonymous)
2026-08-12 16:03:32.481 Df IlliniCover[40795:3ea930] [com.apple.xpc:connection] [0x1095e1400] Connection returned listener port: 0x7823
2026-08-12 16:03:32.481 Df IlliniCover[40795:3ea921] [com.apple.UIKit:InterfaceStyle] Not push traits update to screen for new style 2, <UIWindowScene: 0x10c8ad200> (2050C5AC-6A26-42BC-8E8F-FBAE5EDC0388)
2026-08-12 16:03:32.481 Df IlliniCover[40795:3ea930] [com.apple.dt.xctest:Default] Received client to target connection.
2026-08-12 16:03:32.481 Df IlliniCover[40795:3ea930] [com.apple.dt.automationmode:Default] Returning 1 for enabled state
2026-08-12 16:03:32.481 Df IlliniCover[40795:3ea930] [com.apple.xpc:connection] [0x109570780] activating connection: mach=false listener=false peer=true name=com.apple.xpc.anonymous.0x1095e1400.peer[40756].0x109570780
2026-08-12 16:03:32.482 Df IlliniCover[40795:3ea921] [com.apple.UIKit:InterfaceStyle] Not push traits update to screen for new style 2, <UIWindowScene: 0x10c8ad200> (2050C5AC-6A26-42BC-8E8F-FBAE5EDC0388)
2026-08-12 16:03:32.482 Df IlliniCover[40795:3ea92d] [com.apple.dt.xctest:Default] Received request to exchange capabilities, remote interface capabilities are: <XCTCapabilities: 0x109671180>: {
    "query runtime issue reporting" = 1;
    "query runtime issue reporting/automation type mismatch" = 1;
}
2026-08-12 16:03:32.482 F  IlliniCover[40795:3ea921] [com.apple.runtime-issues:UIKit App Config] `UIScene` lifecycle will soon be required. Failure to adopt will result in an assert in the future.
2026-08-12 16:03:32.482 A  IlliniCover[40795:3ea921] (libsystem_trace.dylib) Activity for state dumps
2026-08-12 16:03:32.482 Df IlliniCover[40795:3ea921] [com.apple.UIKit:InterfaceStyle] Not push traits update to screen for new style 2, <UIWindowScene: 0x10c8ad200> (2050C5AC-6A26-42BC-8E8F-FBAE5EDC0388)
2026-08-12 16:03:32.482 Df IlliniCover[40795:3ea921] [com.apple.UIKit:AppLifecycle] sceneOfRecord: sceneID: sceneID:com.illinicover.app-default  persistentID: 2050C5AC-6A26-42BC-8E8F-FBAE5EDC0388
2026-08-12 16:03:32.482 Df IlliniCover[40795:3ea921] [com.apple.UIKit:Application] Ignoring already applied deactivation reason: 5; deactivation reasons: 1056
2026-08-12 16:03:32.483 Df IlliniCover[40795:3ea921] [com.apple.UIKit:Application] Deactivation reason added: 11; deactivation reasons: 1056 -> 3104; animating application lifecycle event: 1
2026-08-12 16:03:32.483 Df IlliniCover[40795:3ea930] [com.apple.dt.xctest:Default] Received request to fetch matches for query:
2026-08-12 16:03:32.483 Df IlliniCover[40795:3ea930] [com.apple.dt.xctest:Default] Evaluating query:
2026-08-12 16:03:32.483 Df IlliniCover[40795:3ea930] [com.apple.dt.xctest:Default] Getting root element snapshot
2026-08-12 16:03:32.483 Df IlliniCover[40795:3ea930] [com.apple.dt.xctest:Default] Getting snapshot for App element pid: 40795 for query
2026-08-12 16:03:32.483 Df IlliniCover[40795:3ea930] [com.apple.dt.xctest:Default] Query requires iOS snapshot attributes .
2026-08-12 16:03:32.483 Df IlliniCover[40795:3ea930] [com.apple.dt.xctest:Default] XCTPerformOnMainRunLoop[not MT]: about to CFRunLoopPerform
2026-08-12 16:03:32.483 Df IlliniCover[40795:3ea930] [com.apple.dt.xctest:Default] XCTPerformOnMainRunLoop[not MT]: waiting with 30.00s responsiveness timeout
2026-08-12 16:03:32.483 Df IlliniCover[40795:3ea921] [com.apple.KeyboardArbiter:Client] startConnection
2026-08-12 16:03:32.484 Df IlliniCover[40795:3ea921] [com.apple.xpc:connection] [0x1095e1900] activating connection: mach=true listener=false peer=false name=com.apple.UIKit.KeyboardManagement.hosted
2026-08-12 16:03:32.484 Df IlliniCover[40795:3ea921] (UIKitCore) You've implemented -[<UIApplicationDelegate> application:performFetchWithCompletionHandler:], but you still need to add "fetch" to the list of your supported UIBackgroundModes in your Info.plist.
2026-08-12 16:03:32.484 Df IlliniCover[40795:3ea921] (UIKitCore) You've implemented -[<UIApplicationDelegate> application:didReceiveRemoteNotification:fetchCompletionHandler:], but you still need to add "remote-notification" to the list of your supported UIBackgroundModes in your Info.plist.
2026-08-12 16:03:32.484 Df IlliniCover[40795:3ea921] (React) _setUpFeatureFlags called with release level 2
2026-08-12 16:03:32.494 Df IlliniCover[40795:3ea921] [com.apple.network:] networkd_settings_read_from_file_locked initialized networkd settings by reading plist directly
2026-08-12 16:03:32.494 Df IlliniCover[40795:3ea921] [com.apple.network:] networkd_settings_read_from_file_locked initialized networkd settings by reading plist directly
2026-08-12 16:03:32.535 Df IlliniCover[40795:3ea921] [com.apple.UIKit:Orientation] <UIWindowScene: 0x10c8ad200> (2050C5AC-6A26-42BC-8E8F-FBAE5EDC0388) Scene updated orientation preferences: none -> ( Pu )
2026-08-12 16:03:32.545 Df IlliniCover[40795:3ea921] [com.apple.UIKit:KeyWindow] Key window API is scene-level: YES
2026-08-12 16:03:32.545 Df IlliniCover[40795:3ea921] [com.apple.UIKit:KeyWindow] UIWindowScene: 0x10c8ad200: Window became key in scene: UIWindow: 0x109610400; contextId: 0xFBFAB7F: reason: UIWindowScene: 0x10c8ad200: Window requested to become key in scene: 0x109610400
2026-08-12 16:03:32.545 Df IlliniCover[40795:3ea921] [com.apple.UIKit:KeyWindow] Key window needs update: 1; currentKeyWindowScene: 0x0; evaluatedKeyWindowScene: 0x10c8ad200; currentApplicationKeyWindow: 0x0; evaluatedApplicationKeyWindow: 0x109610400; reason: UIWindowScene: 0x10c8ad200: Window requested to become key in scene: 0x109610400
2026-08-12 16:03:32.545 Df IlliniCover[40795:3ea921] [com.apple.UIKit:KeyWindow] Window did become application key: UIWindow: 0x109610400; contextId: 0xFBFAB7F; scene identity: com.apple.frontboard.systemappservices/FBSceneManager:sceneID%3Acom.illinicover.app-default
2026-08-12 16:03:32.545 Df IlliniCover[40795:3ea921] [com.apple.UIKit:EventDeferring] [0x10c951960] Begin local event deferring requested for token: 0x1094a4420; environments: 1; reason: UIWindowScene: 0x10c8ad200: Begin event deferring in keyboardFocus for window: 0x109610400
2026-08-12 16:03:32.546 Df IlliniCover[40795:3ea92b] [com.apple.BackBoard:EventDelivery] BKSHIDEventDeliveryManager - connection activation
2026-08-12 16:03:32.548 Df IlliniCover[40795:3ea92b] [com.apple.BackBoard:EventDelivery] policyStatus:<BKSHIDEventDeliveryPolicyObserver: 0x1094a5320; token: com.apple.frontboard.systemappservices/FBSceneManager:sceneID%3Acom.illinicover.app-default; status: ancestor> was:target
2026-08-12 16:03:32.549 Df IlliniCover[40795:3ea921] [com.apple.UIKit:Application] Deactivation reason removed: 10; deactivation reasons: 3104 -> 2080; animating application lifecycle event: 1
2026-08-12 16:03:32.550 Df IlliniCover[40795:3ea921] [com.apple.UIKit:Application] Deactivation reason added: 12; deactivation reasons: 2080 -> 6176; animating application lifecycle event: 1
2026-08-12 16:03:32.550 Df IlliniCover[40795:3ea921] [com.apple.UIKit:Application] Deactivation reason removed: 11; deactivation reasons: 6176 -> 4128; animating application lifecycle event: 1
2026-08-12 16:03:32.550 Df IlliniCover[40795:3ea921] [com.apple.FrontBoard:SceneExtension] Realizing settings extension <_UISceneIntelligenceSupportSettings> on FBSSceneSettings
2026-08-12 16:03:32.552 Df IlliniCover[40795:3ea92e] [com.apple.UIIntelligenceSupport:xpc] establishing connection to agent
2026-08-12 16:03:32.553 Df IlliniCover[40795:3ea921] [com.apple.UIKit:InterfaceStyle] Not push traits update to screen for new style 2, <UIWindowScene: 0x10c8ad200> (2050C5AC-6A26-42BC-8E8F-FBAE5EDC0388)
2026-08-12 16:03:32.553 Df IlliniCover[40795:3ea92e] [com.apple.xpc:session] [0x10976af30] Session created.
2026-08-12 16:03:32.553 Df IlliniCover[40795:3ea92e] [com.apple.xpc:session] [0x10976af30] Session created from connection [0x10ca00b40]
2026-08-12 16:03:32.553 Df IlliniCover[40795:3ea92e] [com.apple.xpc:connection] [0x10ca00b40] activating connection: mach=true listener=false peer=false name=com.apple.uiintelligencesupport.agent
2026-08-12 16:03:32.554 Df IlliniCover[40795:3ea92e] [com.apple.xpc:session] [0x10976af30] Session activated
2026-08-12 16:03:32.554 Df IlliniCover[40795:3ea921] [com.apple.dt.xctest:Default] XCTPerformOnMainRunLoop[MT]: inside CFRunLoopPerform
2026-08-12 16:03:32.554 Df IlliniCover[40795:3ea921] [com.apple.dt.xctest:Default] XCTPerformOnMainRunLoop[MT]: MT responded in time (won the race to the busy flag)
2026-08-12 16:03:32.554 Df IlliniCover[40795:3ea930] [com.apple.dt.xctest:Default] XCTPerformOnMainRunLoop[not MT]: waiting 60.00s for work to complete
2026-08-12 16:03:32.554 E  IlliniCover[40795:3ea921] [com.apple.dt.xctest:Default] XCTAS Error: XCTAutomationSupportErrorUnknownElement: Error getting main window Unknown kAXError value -25218
2026-08-12 16:03:32.554 E  IlliniCover[40795:3ea921] [com.apple.dt.xctest:Default] XCTAS Error: Error Domain=com.apple.dt.xctest.automation-support.error Code=8 "Error getting main window Unknown kAXError value -25218" UserInfo={NSLocalizedDescription=Error getting main window Unknown kAXError value -25218}
2026-08-12 16:03:32.554 E  IlliniCover[40795:3ea930] [com.apple.dt.xctest:Default] XCTAS Error: Error Domain=com.apple.dt.xctest.automation-support.error Code=8 "Error getting main window Unknown kAXError value -25218" UserInfo={NSLocalizedDescription=Error getting main window Unknown kAXError value -25218}
2026-08-12 16:03:32.554 Df IlliniCover[40795:3ea930] [com.apple.dt.xctest:Default] Query  found matching snapshots: (null) (error: Error Domain=com.apple.dt.xctest.automation-support.error Code=8 "Error getting main window Unknown kAXError value -25218" UserInfo={NSLocalizedDescription=Error getting main window Unknown kAXError value -25218})
2026-08-12 16:03:32.554 Df IlliniCover[40795:3ea930] [com.apple.dt.xctest:Default] Replying to query  with results: (null) (error: Error Domain=com.apple.dt.xctest.automation-support.error Code=8 "Error getting main window Unknown kAXError value -25218" UserInfo={NSLocalizedDescription=Error getting main window Unknown kAXError value -25218})
2026-08-12 16:03:32.556 Df IlliniCover[40795:3ea921] [com.apple.xpc:connection] [0x10ca012c0] activating connection: mach=true listener=false peer=false name=com.apple.IOSurface.Remote
2026-08-12 16:03:32.561 Df IlliniCover[40795:3ea921] [com.apple.network:activity] Create activity from XPC object <nw_activity 50:1 [38FB0250-6EA1-4550-ACA0-A1CE5C3E496F] (reporting strategy default)>
2026-08-12 16:03:32.561 Df IlliniCover[40795:3ea921] [com.apple.network:activity] Create activity from XPC object <nw_activity 50:2 [9DD55B4E-6C16-42F0-82F8-B993F676B5D2] (reporting strategy default)>
2026-08-12 16:03:32.561 Df IlliniCover[40795:3ea921] [com.apple.network:activity] Set activity <nw_activity 50:1 [38FB0250-6EA1-4550-ACA0-A1CE5C3E496F] (reporting strategy default)> as the global parent
2026-08-12 16:03:32.561 Df IlliniCover[40795:3ea921] [com.apple.UIKit:BackgroundTask] Ending background task with UIBackgroundTaskIdentifier: 1
2026-08-12 16:03:32.561 Df IlliniCover[40795:3ea921] [com.apple.UIKit:BackgroundTask] Ending task with identifier 1 and description: <_UIBackgroundTaskInfo: 0x109470ac0>: taskID = 1, taskName = Launch Background Task for Coalescing, creationTime = 82631 (elapsed = 0), _expireHandler: (null)
2026-08-12 16:03:32.561 Df IlliniCover[40795:3ea921] [com.apple.UIKit:BackgroundTask] Decrementing reference count for assertion <BKSProcessAssertion: 0x108c1f9d0> (used by background task with identifier 1: <_UIBackgroundTaskInfo: 0x109470ac0>: taskID = 1, taskName = Launch Background Task for Coalescing, creationTime = 82631 (elapsed = 0))
2026-08-12 16:03:32.561 Df IlliniCover[40795:3ea921] [com.apple.UIKit:BackgroundTask] Will invalidate assertion: <BKSProcessAssertion: 0x108c1f9d0> for task identifier: 1
2026-08-12 16:03:32.561 Df IlliniCover[40795:3ea921] [com.apple.UIKit:EventBus] Event Timing Profile for Touch: not found, path="/System/Library/EventTimingProfiles/Sim.Touch.plist"
2026-08-12 16:03:32.561 Df IlliniCover[40795:3ea921] [com.apple.UIKit:EventBus] Event Timing Profile for Pencil: not found, path="/System/Library/EventTimingProfiles/Sim.Pencil.plist"
2026-08-12 16:03:32.561 Df IlliniCover[40795:3ea921] [com.apple.UIKit:UpdateScheduler] Target list changed: <CADisplay:LCD PurpleMain>
2026-08-12 16:03:32.562 Df IlliniCover[40795:3ea921] [com.apple.UIKit:AppLifecycle] sceneOfRecord: sceneID: sceneID:com.illinicover.app-default  persistentID: 2050C5AC-6A26-42BC-8E8F-FBAE5EDC0388
2026-08-12 16:03:32.562 Df IlliniCover[40795:3ea921] [com.apple.UIKit:InterfaceStyle] Not push traits update to screen for new style 2, <UIWindowScene: 0x10c8ad200> (2050C5AC-6A26-42BC-8E8F-FBAE5EDC0388)
2026-08-12 16:03:32.563 A  IlliniCover[40795:3ea930] (RunningBoardServices) didChangeInheritances
2026-08-12 16:03:32.570 A  IlliniCover[40795:3ea92e] (RunningBoardServices) didChangeInheritances
2026-08-12 16:03:32.647 Df IlliniCover[40795:3ea921] [com.apple.UIKit:EventDeferring] [0x10c951960] Scene target of event deferring environments did update: scene: 0x10c8ad200; current systemShellManagesKeyboardFocus: 1; systemShellManagesKeyboardFocusForScene: 1; eligibleForRecordRemoval: 1;
2026-08-12 16:03:32.647 Sd IlliniCover[40795:0] (21AB2359-DEEC-3444-94FE-B7257E43BE34) IOHIDManager State
{
    DispatchQueue = 0;
    RunLoop = 1;
    createOptions = 0;
    isOpen = 0;
    openOptions = 0;
}
2026-08-12 16:03:32.647 Df IlliniCover[40795:3ea921] [com.apple.UIKit:KeyWindow] Scene became target of keyboard event deferring environment: UIWindowScene: 0x10c8ad200; scene identity: com.apple.frontboard.systemappservices/FBSceneManager:sceneID%3Acom.illinicover.app-default
2026-08-12 16:03:32.648 Df IlliniCover[40795:3ea921] [com.apple.BackBoard:Display] [FBSDisplaySource 1-1] silently connecting raw configuration: <FBSDisplayConfiguration: 0x109598300; Main; mode: "390x844@3x 60Hz p3 SDR">
2026-08-12 16:03:32.649 Df IlliniCover[40795:3ea921] [com.apple.FrontBoard:SceneExtension] Realizing settings extension SBUISecureRenderingSettingsExtension on FBSSceneSettings
2026-08-12 16:03:32.650 Df IlliniCover[40795:3ea921] [com.apple.UIKit:InterfaceStyle] Not push traits update to screen for new style 2, <UIWindowScene: 0x10c8ad200> (2050C5AC-6A26-42BC-8E8F-FBAE5EDC0388)
2026-08-12 16:03:32.651 Df IlliniCover[40795:3ea921] [com.apple.UIKit:InterfaceStyle] Not push traits update to screen for new style 2, <UIWindowScene: 0x10c8ad200> (2050C5AC-6A26-42BC-8E8F-FBAE5EDC0388)
2026-08-12 16:03:32.651 Df IlliniCover[40795:3ea921] [com.apple.UIKit:AppLifecycle] sceneOfRecord: sceneID: sceneID:com.illinicover.app-default  persistentID: 2050C5AC-6A26-42BC-8E8F-FBAE5EDC0388
2026-08-12 16:03:32.651 Df IlliniCover[40795:3ea921] [com.apple.UIKit:Application] Deactivation reason removed: 12; deactivation reasons: 4128 -> 32; animating application lifecycle event: 1
2026-08-12 16:03:32.651 Df IlliniCover[40795:3ea921] [com.apple.KeyboardArbiter:Client] Send setDeactivating: N (-DeactivationReason:SuspendedEventsOnly)
2026-08-12 16:03:32.652 Df IlliniCover[40795:3ea921] [com.apple.UIKit:Application] Deactivation reason removed: 5; deactivation reasons: 32 -> 0; animating application lifecycle event: 0
2026-08-12 16:03:32.661 Df IlliniCover[40795:3ea921] [com.apple.KeyboardArbiter:Client] startConnection
2026-08-12 16:03:32.662 Df IlliniCover[40795:3ea921] [com.apple.KeyboardArbiter:Client] handleKeyboardChange: set currentKeyboard:N (wasKeyboard:N)
2026-08-12 16:03:32.670 A  IlliniCover[40795:3ea92e] (RunningBoardServices) didChangeInheritances
2026-08-12 16:03:32.672 Df IlliniCover[40795:3ea921] [com.apple.UIKit:KeyboardSceneDelegate] forceReloadInputViews
2026-08-12 16:03:32.672 Df IlliniCover[40795:3ea921] [com.apple.UIKit:KeyboardSceneDelegate] Reloading input views for key-window scene responder: <(null): 0x0; > force:Y
2026-08-12 16:03:32.673 Df IlliniCover[40795:3ea921] [com.apple.UIKit:KeyboardArbiterClientLog] isWritingToolsHandlingKeyboardTracking:Y (WT ready:Y, Arbiter ready:Y)
2026-08-12 16:03:32.718 Df IlliniCover[40795:3ea921] [com.apple.network:activity] <nw_activity 50:1 [38FB0250-6EA1-4550-ACA0-A1CE5C3E496F] (global parent) (reporting strategy default) complete (reason success)> complete with reason 2 (success), duration 1094ms
2026-08-12 16:03:32.718 Df IlliniCover[40795:3ea921] [com.apple.network:activity] <nw_activity 50:2 [9DD55B4E-6C16-42F0-82F8-B993F676B5D2] (reporting strategy default) complete (reason success)> complete with reason 2 (success), duration 1094ms
2026-08-12 16:03:32.718 Df IlliniCover[40795:3ea921] [com.apple.network:activity] Unsetting the global parent activity <nw_activity 50:1 [38FB0250-6EA1-4550-ACA0-A1CE5C3E496F] (global parent) (reporting strategy default) complete (reason success)>
2026-08-12 16:03:32.718 Df IlliniCover[40795:3ea921] [com.apple.network:activity] Unset the global parent activity
2026-08-12 16:03:32.718 Df IlliniCover[40795:3ea921] [com.apple.app_launch_measurement:ApplicationLaunch] alm_release_pageins_recording_assertion: releasing pageins recording assertion
2026-08-12 16:03:32.823 Df IlliniCover[40795:3ea921] [com.apple.Accessibility:AXCommon] Read Per-App on Init: Smart invert = (null)
2026-08-12 16:03:33.463 A  IlliniCover[40795:3ea92c] (RunningBoardServices) didChangeInheritances
2026-08-12 16:03:33.565 Df IlliniCover[40795:3ea92c] [com.apple.dt.xctest:Default] Received request to fetch matches for query:
2026-08-12 16:03:33.565 Df IlliniCover[40795:3ea930] [com.apple.dt.xctest:Default] Evaluating query:
2026-08-12 16:03:33.565 Df IlliniCover[40795:3ea930] [com.apple.dt.xctest:Default] Getting root element snapshot
2026-08-12 16:03:33.565 Df IlliniCover[40795:3ea930] [com.apple.dt.xctest:Default] Getting snapshot for App element pid: 40795 for query
2026-08-12 16:03:33.565 Df IlliniCover[40795:3ea930] [com.apple.dt.xctest:Default] Query requires iOS snapshot attributes .
2026-08-12 16:03:33.565 Df IlliniCover[40795:3ea930] [com.apple.dt.xctest:Default] XCTPerformOnMainRunLoop[not MT]: about to CFRunLoopPerform
2026-08-12 16:03:33.565 Df IlliniCover[40795:3ea930] [com.apple.dt.xctest:Default] XCTPerformOnMainRunLoop[not MT]: waiting with 30.00s responsiveness timeout
2026-08-12 16:03:33.565 Df IlliniCover[40795:3ea921] [com.apple.dt.xctest:Default] XCTPerformOnMainRunLoop[MT]: inside CFRunLoopPerform
2026-08-12 16:03:33.565 Df IlliniCover[40795:3ea921] [com.apple.dt.xctest:Default] XCTPerformOnMainRunLoop[MT]: MT responded in time (won the race to the busy flag)
2026-08-12 16:03:33.565 Df IlliniCover[40795:3ea930] [com.apple.dt.xctest:Default] XCTPerformOnMainRunLoop[not MT]: waiting 60.00s for work to complete
2026-08-12 16:03:33.574 Df IlliniCover[40795:3ea921] [com.apple.dt.xctest:Default] Got main window <AXUIElementRef 0x10c91ae80> {pid=40795} {uid=[ID:4 hash:0x109610400]}
2026-08-12 16:03:33.578 Df IlliniCover[40795:3ea921] [com.apple.dt.xctest:Default] Capturing hierarchy with attributes XC_kAXXCAttributeElementType, XC_kAXXCAttributeElementBaseType, XC_kAXXCAttributeParent, XC_kAXXCAttributeIdentifier, XC_kAXXCAttributeAutomationType, XC_kAXXCAttributeTraits
2026-08-12 16:03:33.578 Df IlliniCover[40795:3ea921] [com.apple.dt.xctest:Default] Capturing hierarchy with parameters {
    attributes =     (
        5003,
        5004,
        5002,
        5019,
        5058,
        2004
    );
    maxArrayCount = 2147483647;
    maxChildren = 2147483647;
    maxDepth = 2147483647;
    snapshotKeyHonorModalViews = 0;
    traverseFromParentsToChildren = 1;
}
2026-08-12 16:03:33.578 Df IlliniCover[40795:3ea921] [com.apple.dt.xctest:Default] Snapshot attributes 5003, 5004, 5002, 5019, 5058, 2004
2026-08-12 16:03:33.580 Df IlliniCover[40795:3ea921] (libMobileGestalt.dylib) Property isp[camera-front] found {length = 4, bytes = 0x01000000}
2026-08-12 16:03:33.580 A  IlliniCover[40795:3ea921] (CoreFoundation) Updating Key-Value Observers Of Preferences
2026-08-12 16:03:33.590 A  IlliniCover[40795:3ea921] (libsystem_containermanager.dylib) container_system_group_path_for_identifier
2026-08-12 16:03:33.590 Df IlliniCover[40795:3ea921] [com.apple.containermanager:xpc] Requesting container lookup; class = 13, identifier = (null), group_identifier = systemgroup.com.apple.configurationprofiles, create = 1, temp = 0, euid = 501, uid = 501
2026-08-12 16:03:33.590 A  IlliniCover[40795:3ea921] (libsystem_containermanager.dylib) container_query_t
2026-08-12 16:03:33.590 Df IlliniCover[40795:3ea921] [com.apple.containermanager:xpc] Query; euid = 501, uid = 501, class = 13, identifier = [(null)](0), flags = 900000003
2026-08-12 16:03:33.591 Df IlliniCover[40795:3ea921] [com.apple.containermanager:unspecified] _container_query_get_result_at_index: success
2026-08-12 16:03:33.591 A  IlliniCover[40795:3ea921] (libsystem_containermanager.dylib) container_copy_object
2026-08-12 16:03:33.591 Df IlliniCover[40795:3ea921] [com.apple.containermanager:unspecified] container_system_group_path_for_identifier: success
2026-08-12 16:03:33.591 Df IlliniCover[40795:3ea921] [com.apple.ManagedConfiguration:MC] Got system group container path from MCM for systemgroup.com.apple.configurationprofiles: /Users/lu/Library/Developer/CoreSimulator/Devices/644F64CD-23BA-4D3C-915E-6B2069961477/data/Containers/Shared/SystemGroup/systemgroup.com.apple.configurationprofiles
2026-08-12 16:03:33.598 Df IlliniCover[40795:3ea921] [com.apple.dt.xctest:Default] Got snapshot for <AXUIElementRef 0x1094a8960> {pid=40795} {uid=[ID:1 hash:0x0]}
2026-08-12 16:03:33.598 Df IlliniCover[40795:3ea921] [com.apple.dt.xctest:Default] Got app orientation 0
2026-08-12 16:03:33.598 Df IlliniCover[40795:3ea921] [com.apple.dt.xctest:Default] Captured accessibility snapshot data in 0.03s
2026-08-12 16:03:33.598 Df IlliniCover[40795:3ea930] [com.apple.dt.xctest:Default] Found main window: Window
2026-08-12 16:03:33.599 Df IlliniCover[40795:3ea930] [com.apple.dt.xctest:Default] Query  found matching snapshots: {(
    Application, pid: 40795
)} (error: (null))
2026-08-12 16:03:33.599 Df IlliniCover[40795:3ea930] [com.apple.dt.xctest:Default] Replying to query  with results: <XCTElementQueryResults: 0x1096491a0> (error: (null))
2026-08-12 16:03:33.798 Df IlliniCover[40795:3ea930] [com.apple.dt.xctest:Default] Received request to fetch matches for query:
2026-08-12 16:03:33.798 Df IlliniCover[40795:3ea930] [com.apple.dt.xctest:Default] Evaluating query:
2026-08-12 16:03:33.798 Df IlliniCover[40795:3ea930] [com.apple.dt.xctest:Default] Getting root element snapshot
2026-08-12 16:03:33.798 Df IlliniCover[40795:3ea930] [com.apple.dt.xctest:Default] Getting snapshot for App element pid: 40795 for query
2026-08-12 16:03:33.798 Df IlliniCover[40795:3ea930] [com.apple.dt.xctest:Default] Query requires iOS snapshot attributes .
2026-08-12 16:03:33.798 Df IlliniCover[40795:3ea930] [com.apple.dt.xctest:Default] XCTPerformOnMainRunLoop[not MT]: about to CFRunLoopPerform
2026-08-12 16:03:33.798 Df IlliniCover[40795:3ea930] [com.apple.dt.xctest:Default] XCTPerformOnMainRunLoop[not MT]: waiting with 30.00s responsiveness timeout
2026-08-12 16:03:33.798 Df IlliniCover[40795:3ea921] [com.apple.dt.xctest:Default] XCTPerformOnMainRunLoop[MT]: inside CFRunLoopPerform
2026-08-12 16:03:33.798 Df IlliniCover[40795:3ea921] [com.apple.dt.xctest:Default] XCTPerformOnMainRunLoop[MT]: MT responded in time (won the race to the busy flag)
2026-08-12 16:03:33.798 Df IlliniCover[40795:3ea930] [com.apple.dt.xctest:Default] XCTPerformOnMainRunLoop[not MT]: waiting 60.00s for work to complete
2026-08-12 16:03:33.799 Df IlliniCover[40795:3ea921] [com.apple.dt.xctest:Default] Got main window <AXUIElementRef 0x10cb9bcf0> {pid=40795} {uid=[ID:4 hash:0x109610400]}
2026-08-12 16:03:33.799 Df IlliniCover[40795:3ea921] [com.apple.dt.xctest:Default] Capturing hierarchy with attributes XC_kAXXCAttributeElementType, XC_kAXXCAttributeElementBaseType, XC_kAXXCAttributeParent, XC_kAXXCAttributeIdentifier, XC_kAXXCAttributeAutomationType, XC_kAXXCAttributeTraits
2026-08-12 16:03:33.799 Df IlliniCover[40795:3ea921] [com.apple.dt.xctest:Default] Capturing hierarchy with parameters {
    attributes =     (
        5003,
        5004,
        5002,
        5019,
        5058,
        2004
    );
    maxArrayCount = 2147483647;
    maxChildren = 2147483647;
    maxDepth = 2147483647;
    snapshotKeyHonorModalViews = 0;
    traverseFromParentsToChildren = 1;
}
2026-08-12 16:03:33.799 Df IlliniCover[40795:3ea921] [com.apple.dt.xctest:Default] Snapshot attributes 5003, 5004, 5002, 5019, 5058, 2004
2026-08-12 16:03:33.800 Df IlliniCover[40795:3ea921] [com.apple.dt.xctest:Default] Got snapshot for <AXUIElementRef 0x10cb8d530> {pid=40795} {uid=[ID:1 hash:0x0]}
2026-08-12 16:03:33.800 Df IlliniCover[40795:3ea921] [com.apple.dt.xctest:Default] Got app orientation 0
2026-08-12 16:03:33.800 Df IlliniCover[40795:3ea921] [com.apple.dt.xctest:Default] Captured accessibility snapshot data in 0.00s
2026-08-12 16:03:33.800 Df IlliniCover[40795:3ea930] [com.apple.dt.xctest:Default] Found main window: Window
2026-08-12 16:03:33.800 Df IlliniCover[40795:3ea930] [com.apple.dt.xctest:Default] Query  found matching snapshots: {(
    Application, pid: 40795
)} (error: (null))
2026-08-12 16:03:33.800 Df IlliniCover[40795:3ea930] [com.apple.dt.xctest:Default] Replying to query  with results: <XCTElementQueryResults: 0x10964a430> (error: (null))
2026-08-12 16:03:33.921 Df IlliniCover[40795:3ea930] [com.apple.dt.xctest:Default] Received request to fetch matches for query:
2026-08-12 16:03:33.921 Df IlliniCover[40795:3ea92c] [com.apple.dt.xctest:Default] Evaluating query:
2026-08-12 16:03:33.921 Df IlliniCover[40795:3ea92c] [com.apple.dt.xctest:Default] Getting root element snapshot
2026-08-12 16:03:33.921 Df IlliniCover[40795:3ea92c] [com.apple.dt.xctest:Default] Getting snapshot for App element pid: 40795 for query
2026-08-12 16:03:33.921 Df IlliniCover[40795:3ea92c] [com.apple.dt.xctest:Default] Query requires iOS snapshot attributes .
2026-08-12 16:03:33.921 Df IlliniCover[40795:3ea92c] [com.apple.dt.xctest:Default] XCTPerformOnMainRunLoop[not MT]: about to CFRunLoopPerform
2026-08-12 16:03:33.921 Df IlliniCover[40795:3ea92c] [com.apple.dt.xctest:Default] XCTPerformOnMainRunLoop[not MT]: waiting with 30.00s responsiveness timeout
2026-08-12 16:03:33.921 Df IlliniCover[40795:3ea921] [com.apple.dt.xctest:Default] XCTPerformOnMainRunLoop[MT]: inside CFRunLoopPerform
2026-08-12 16:03:33.921 Df IlliniCover[40795:3ea921] [com.apple.dt.xctest:Default] XCTPerformOnMainRunLoop[MT]: MT responded in time (won the race to the busy flag)
2026-08-12 16:03:33.921 Df IlliniCover[40795:3ea92c] [com.apple.dt.xctest:Default] XCTPerformOnMainRunLoop[not MT]: waiting 60.00s for work to complete
2026-08-12 16:03:33.922 Df IlliniCover[40795:3ea921] [com.apple.dt.xctest:Default] Got main window <AXUIElementRef 0x10c918960> {pid=40795} {uid=[ID:4 hash:0x109610400]}
2026-08-12 16:03:33.922 Df IlliniCover[40795:3ea921] [com.apple.dt.xctest:Default] Capturing hierarchy with attributes XC_kAXXCAttributeElementType, XC_kAXXCAttributeElementBaseType, XC_kAXXCAttributeParent, XC_kAXXCAttributeIdentifier, XC_kAXXCAttributeAutomationType, XC_kAXXCAttributeTraits
2026-08-12 16:03:33.922 Df IlliniCover[40795:3ea921] [com.apple.dt.xctest:Default] Capturing hierarchy with parameters {
    attributes =     (
        5003,
        5004,
        5002,
        5019,
        5058,
        2004
    );
    maxArrayCount = 2147483647;
    maxChildren = 2147483647;
    maxDepth = 2147483647;
    snapshotKeyHonorModalViews = 0;
    traverseFromParentsToChildren = 1;
}
2026-08-12 16:03:33.922 Df IlliniCover[40795:3ea921] [com.apple.dt.xctest:Default] Snapshot attributes 5003, 5004, 5002, 5019, 5058, 2004
2026-08-12 16:03:33.923 Df IlliniCover[40795:3ea921] [com.apple.dt.xctest:Default] Got snapshot for <AXUIElementRef 0x10c8dafd0> {pid=40795} {uid=[ID:1 hash:0x0]}
2026-08-12 16:03:33.923 Df IlliniCover[40795:3ea921] [com.apple.dt.xctest:Default] Got app orientation 0
2026-08-12 16:03:33.923 Df IlliniCover[40795:3ea921] [com.apple.dt.xctest:Default] Captured accessibility snapshot data in 0.00s
2026-08-12 16:03:33.923 Df IlliniCover[40795:3ea92c] [com.apple.dt.xctest:Default] Found main window: Window
2026-08-12 16:03:33.923 Df IlliniCover[40795:3ea92c] [com.apple.dt.xctest:Default] Query  found matching snapshots: {(
    Application, pid: 40795
)} (error: (null))
2026-08-12 16:03:33.923 Df IlliniCover[40795:3ea92c] [com.apple.dt.xctest:Default] Replying to query  with results: <XCTElementQueryResults: 0x1096499e0> (error: (null))
2026-08-12 16:03:34.047 Df IlliniCover[40795:3ea92c] [com.apple.dt.xctest:Default] Received request to fetch matches for query:
2026-08-12 16:03:34.047 Df IlliniCover[40795:3ea92c] [com.apple.dt.xctest:Default] Evaluating query:
2026-08-12 16:03:34.047 Df IlliniCover[40795:3ea92c] [com.apple.dt.xctest:Default] Getting root element snapshot
2026-08-12 16:03:34.047 Df IlliniCover[40795:3ea92c] [com.apple.dt.xctest:Default] Getting snapshot for App element pid: 40795 for query
2026-08-12 16:03:34.047 Df IlliniCover[40795:3ea92c] [com.apple.dt.xctest:Default] Query requires iOS snapshot attributes .
2026-08-12 16:03:34.047 Df IlliniCover[40795:3ea92c] [com.apple.dt.xctest:Default] XCTPerformOnMainRunLoop[not MT]: about to CFRunLoopPerform
2026-08-12 16:03:34.047 Df IlliniCover[40795:3ea92c] [com.apple.dt.xctest:Default] XCTPerformOnMainRunLoop[not MT]: waiting with 30.00s responsiveness timeout
2026-08-12 16:03:34.047 Df IlliniCover[40795:3ea921] [com.apple.dt.xctest:Default] XCTPerformOnMainRunLoop[MT]: inside CFRunLoopPerform
2026-08-12 16:03:34.047 Df IlliniCover[40795:3ea921] [com.apple.dt.xctest:Default] XCTPerformOnMainRunLoop[MT]: MT responded in time (won the race to the busy flag)
2026-08-12 16:03:34.047 Df IlliniCover[40795:3ea92c] [com.apple.dt.xctest:Default] XCTPerformOnMainRunLoop[not MT]: waiting 60.00s for work to complete
2026-08-12 16:03:34.048 Df IlliniCover[40795:3ea921] [com.apple.dt.xctest:Default] Got main window <AXUIElementRef 0x10c919860> {pid=40795} {uid=[ID:4 hash:0x109610400]}
2026-08-12 16:03:34.048 Df IlliniCover[40795:3ea921] [com.apple.dt.xctest:Default] Capturing hierarchy with attributes XC_kAXXCAttributeElementType, XC_kAXXCAttributeElementBaseType, XC_kAXXCAttributeParent, XC_kAXXCAttributeIdentifier, XC_kAXXCAttributeAutomationType, XC_kAXXCAttributeTraits
2026-08-12 16:03:34.048 Df IlliniCover[40795:3ea921] [com.apple.dt.xctest:Default] Capturing hierarchy with parameters {
    attributes =     (
        5003,
        5004,
        5002,
        5019,
        5058,
        2004
    );
    maxArrayCount = 2147483647;
    maxChildren = 2147483647;
    maxDepth = 2147483647;
    snapshotKeyHonorModalViews = 0;
    traverseFromParentsToChildren = 1;
}
2026-08-12 16:03:34.048 Df IlliniCover[40795:3ea921] [com.apple.dt.xctest:Default] Snapshot attributes 5003, 5004, 5002, 5019, 5058, 2004
2026-08-12 16:03:34.049 Df IlliniCover[40795:3ea921] [com.apple.dt.xctest:Default] Got snapshot for <AXUIElementRef 0x10c8d9f50> {pid=40795} {uid=[ID:1 hash:0x0]}
2026-08-12 16:03:34.049 Df IlliniCover[40795:3ea921] [com.apple.dt.xctest:Default] Got app orientation 0
2026-08-12 16:03:34.049 Df IlliniCover[40795:3ea921] [com.apple.dt.xctest:Default] Captured accessibility snapshot data in 0.00s
2026-08-12 16:03:34.049 Df IlliniCover[40795:3ea92c] [com.apple.dt.xctest:Default] Found main window: Window
2026-08-12 16:03:34.049 Df IlliniCover[40795:3ea92c] [com.apple.dt.xctest:Default] Query  found matching snapshots: {(
    Application, pid: 40795
)} (error: (null))
2026-08-12 16:03:34.049 Df IlliniCover[40795:3ea92c] [com.apple.dt.xctest:Default] Replying to query  with results: <XCTElementQueryResults: 0x10964a1c0> (error: (null))
2026-08-12 16:03:34.175 Df IlliniCover[40795:3ea92c] [com.apple.dt.xctest:Default] Received request to fetch matches for query:
2026-08-12 16:03:34.176 Df IlliniCover[40795:3ea930] [com.apple.dt.xctest:Default] Evaluating query:
2026-08-12 16:03:34.176 Df IlliniCover[40795:3ea930] [com.apple.dt.xctest:Default] Getting root element snapshot
2026-08-12 16:03:34.176 Df IlliniCover[40795:3ea930] [com.apple.dt.xctest:Default] Getting snapshot for App element pid: 40795 for query
2026-08-12 16:03:34.176 Df IlliniCover[40795:3ea930] [com.apple.dt.xctest:Default] Query requires iOS snapshot attributes .
2026-08-12 16:03:34.176 Df IlliniCover[40795:3ea930] [com.apple.dt.xctest:Default] XCTPerformOnMainRunLoop[not MT]: about to CFRunLoopPerform
2026-08-12 16:03:34.176 Df IlliniCover[40795:3ea930] [com.apple.dt.xctest:Default] XCTPerformOnMainRunLoop[not MT]: waiting with 30.00s responsiveness timeout
2026-08-12 16:03:34.176 Df IlliniCover[40795:3ea921] [com.apple.dt.xctest:Default] XCTPerformOnMainRunLoop[MT]: inside CFRunLoopPerform
2026-08-12 16:03:34.176 Df IlliniCover[40795:3ea921] [com.apple.dt.xctest:Default] XCTPerformOnMainRunLoop[MT]: MT responded in time (won the race to the busy flag)
2026-08-12 16:03:34.176 Df IlliniCover[40795:3ea930] [com.apple.dt.xctest:Default] XCTPerformOnMainRunLoop[not MT]: waiting 60.00s for work to complete
2026-08-12 16:03:34.176 Df IlliniCover[40795:3ea921] [com.apple.dt.xctest:Default] Got main window <AXUIElementRef 0x10cbcaa60> {pid=40795} {uid=[ID:4 hash:0x109610400]}
2026-08-12 16:03:34.176 Df IlliniCover[40795:3ea921] [com.apple.dt.xctest:Default] Capturing hierarchy with attributes XC_kAXXCAttributeElementType, XC_kAXXCAttributeElementBaseType, XC_kAXXCAttributeParent, XC_kAXXCAttributeIdentifier, XC_kAXXCAttributeAutomationType, XC_kAXXCAttributeTraits
2026-08-12 16:03:34.176 Df IlliniCover[40795:3ea921] [com.apple.dt.xctest:Default] Capturing hierarchy with parameters {
    attributes =     (
        5003,
        5004,
        5002,
        5019,
        5058,
        2004
    );
    maxArrayCount = 2147483647;
    maxChildren = 2147483647;
    maxDepth = 2147483647;
    snapshotKeyHonorModalViews = 0;
    traverseFromParentsToChildren = 1;
}
2026-08-12 16:03:34.176 Df IlliniCover[40795:3ea921] [com.apple.dt.xctest:Default] Snapshot attributes 5003, 5004, 5002, 5019, 5058, 2004
2026-08-12 16:03:34.177 Df IlliniCover[40795:3ea921] [com.apple.dt.xctest:Default] Got snapshot for <AXUIElementRef 0x10c8db180> {pid=40795} {uid=[ID:1 hash:0x0]}
2026-08-12 16:03:34.177 Df IlliniCover[40795:3ea921] [com.apple.dt.xctest:Default] Got app orientation 0
2026-08-12 16:03:34.177 Df IlliniCover[40795:3ea921] [com.apple.dt.xctest:Default] Captured accessibility snapshot data in 0.00s
2026-08-12 16:03:34.177 Df IlliniCover[40795:3ea930] [com.apple.dt.xctest:Default] Found main window: Window
2026-08-12 16:03:34.177 Df IlliniCover[40795:3ea930] [com.apple.dt.xctest:Default] Query  found matching snapshots: {(
    Application, pid: 40795
)} (error: (null))
2026-08-12 16:03:34.177 Df IlliniCover[40795:3ea930] [com.apple.dt.xctest:Default] Replying to query  with results: <XCTElementQueryResults: 0x109648810> (error: (null))
2026-08-12 16:03:34.300 Df IlliniCover[40795:3ea930] [com.apple.dt.xctest:Default] Received request to fetch matches for query:
2026-08-12 16:03:34.301 Df IlliniCover[40795:3ea92c] [com.apple.dt.xctest:Default] Evaluating query:
2026-08-12 16:03:34.301 Df IlliniCover[40795:3ea92c] [com.apple.dt.xctest:Default] Getting root element snapshot
2026-08-12 16:03:34.301 Df IlliniCover[40795:3ea92c] [com.apple.dt.xctest:Default] Getting snapshot for App element pid: 40795 for query
2026-08-12 16:03:34.301 Df IlliniCover[40795:3ea92c] [com.apple.dt.xctest:Default] Query requires iOS snapshot attributes .
2026-08-12 16:03:34.301 Df IlliniCover[40795:3ea92c] [com.apple.dt.xctest:Default] XCTPerformOnMainRunLoop[not MT]: about to CFRunLoopPerform
2026-08-12 16:03:34.301 Df IlliniCover[40795:3ea92c] [com.apple.dt.xctest:Default] XCTPerformOnMainRunLoop[not MT]: waiting with 30.00s responsiveness timeout
2026-08-12 16:03:34.301 Df IlliniCover[40795:3ea921] [com.apple.dt.xctest:Default] XCTPerformOnMainRunLoop[MT]: inside CFRunLoopPerform
2026-08-12 16:03:34.301 Df IlliniCover[40795:3ea921] [com.apple.dt.xctest:Default] XCTPerformOnMainRunLoop[MT]: MT responded in time (won the race to the busy flag)
2026-08-12 16:03:34.301 Df IlliniCover[40795:3ea92c] [com.apple.dt.xctest:Default] XCTPerformOnMainRunLoop[not MT]: waiting 60.00s for work to complete
2026-08-12 16:03:34.301 Df IlliniCover[40795:3ea921] [com.apple.dt.xctest:Default] Got main window <AXUIElementRef 0x10cbc8150> {pid=40795} {uid=[ID:4 hash:0x109610400]}
2026-08-12 16:03:34.301 Df IlliniCover[40795:3ea921] [com.apple.dt.xctest:Default] Capturing hierarchy with attributes XC_kAXXCAttributeElementType, XC_kAXXCAttributeElementBaseType, XC_kAXXCAttributeParent, XC_kAXXCAttributeIdentifier, XC_kAXXCAttributeAutomationType, XC_kAXXCAttributeTraits
2026-08-12 16:03:34.301 Df IlliniCover[40795:3ea921] [com.apple.dt.xctest:Default] Capturing hierarchy with parameters {
    attributes =     (
        5003,
        5004,
        5002,
        5019,
        5058,
        2004
    );
    maxArrayCount = 2147483647;
    maxChildren = 2147483647;
    maxDepth = 2147483647;
    snapshotKeyHonorModalViews = 0;
    traverseFromParentsToChildren = 1;
}
2026-08-12 16:03:34.301 Df IlliniCover[40795:3ea921] [com.apple.dt.xctest:Default] Snapshot attributes 5003, 5004, 5002, 5019, 5058, 2004
2026-08-12 16:03:34.302 Df IlliniCover[40795:3ea921] [com.apple.dt.xctest:Default] Got snapshot for <AXUIElementRef 0x10c8d8f00> {pid=40795} {uid=[ID:1 hash:0x0]}
2026-08-12 16:03:34.302 Df IlliniCover[40795:3ea921] [com.apple.dt.xctest:Default] Got app orientation 0
2026-08-12 16:03:34.302 Df IlliniCover[40795:3ea921] [com.apple.dt.xctest:Default] Captured accessibility snapshot data in 0.00s
2026-08-12 16:03:34.302 Df IlliniCover[40795:3ea92c] [com.apple.dt.xctest:Default] Found main window: Window
2026-08-12 16:03:34.302 Df IlliniCover[40795:3ea92c] [com.apple.dt.xctest:Default] Query  found matching snapshots: {(
    Application, pid: 40795
)} (error: (null))
2026-08-12 16:03:34.302 Df IlliniCover[40795:3ea92c] [com.apple.dt.xctest:Default] Replying to query  with results: <XCTElementQueryResults: 0x10964a730> (error: (null))
2026-08-12 16:03:34.424 Df IlliniCover[40795:3ea92c] [com.apple.dt.xctest:Default] Received request to fetch matches for query:
2026-08-12 16:03:34.424 Df IlliniCover[40795:3ea92c] [com.apple.dt.xctest:Default] Evaluating query:
2026-08-12 16:03:34.424 Df IlliniCover[40795:3ea92c] [com.apple.dt.xctest:Default] Getting root element snapshot
2026-08-12 16:03:34.424 Df IlliniCover[40795:3ea92c] [com.apple.dt.xctest:Default] Getting snapshot for App element pid: 40795 for query
2026-08-12 16:03:34.424 Df IlliniCover[40795:3ea92c] [com.apple.dt.xctest:Default] Query requires iOS snapshot attributes .
2026-08-12 16:03:34.424 Df IlliniCover[40795:3ea92c] [com.apple.dt.xctest:Default] XCTPerformOnMainRunLoop[not MT]: about to CFRunLoopPerform
2026-08-12 16:03:34.424 Df IlliniCover[40795:3ea92c] [com.apple.dt.xctest:Default] XCTPerformOnMainRunLoop[not MT]: waiting with 30.00s responsiveness timeout
2026-08-12 16:03:34.424 Df IlliniCover[40795:3ea921] [com.apple.dt.xctest:Default] XCTPerformOnMainRunLoop[MT]: inside CFRunLoopPerform
2026-08-12 16:03:34.424 Df IlliniCover[40795:3ea921] [com.apple.dt.xctest:Default] XCTPerformOnMainRunLoop[MT]: MT responded in time (won the race to the busy flag)
2026-08-12 16:03:34.424 Df IlliniCover[40795:3ea92c] [com.apple.dt.xctest:Default] XCTPerformOnMainRunLoop[not MT]: waiting 60.00s for work to complete
2026-08-12 16:03:34.425 Df IlliniCover[40795:3ea921] [com.apple.dt.xctest:Default] Got main window <AXUIElementRef 0x10c9198c0> {pid=40795} {uid=[ID:4 hash:0x109610400]}
2026-08-12 16:03:34.425 Df IlliniCover[40795:3ea921] [com.apple.dt.xctest:Default] Capturing hierarchy with attributes XC_kAXXCAttributeElementType, XC_kAXXCAttributeElementBaseType, XC_kAXXCAttributeParent, XC_kAXXCAttributeIdentifier, XC_kAXXCAttributeAutomationType, XC_kAXXCAttributeTraits
2026-08-12 16:03:34.425 Df IlliniCover[40795:3ea921] [com.apple.dt.xctest:Default] Capturing hierarchy with parameters {
    attributes =     (
        5003,
        5004,
        5002,
        5019,
        5058,
        2004
    );
    maxArrayCount = 2147483647;
    maxChildren = 2147483647;
    maxDepth = 2147483647;
    snapshotKeyHonorModalViews = 0;
    traverseFromParentsToChildren = 1;
}
2026-08-12 16:03:34.425 Df IlliniCover[40795:3ea921] [com.apple.dt.xctest:Default] Snapshot attributes 5003, 5004, 5002, 5019, 5058, 2004
2026-08-12 16:03:34.426 Df IlliniCover[40795:3ea921] [com.apple.dt.xctest:Default] Got snapshot for <AXUIElementRef 0x10c8da8b0> {pid=40795} {uid=[ID:1 hash:0x0]}
2026-08-12 16:03:34.426 Df IlliniCover[40795:3ea921] [com.apple.dt.xctest:Default] Got app orientation 0
2026-08-12 16:03:34.426 Df IlliniCover[40795:3ea921] [com.apple.dt.xctest:Default] Captured accessibility snapshot data in 0.00s
2026-08-12 16:03:34.426 Df IlliniCover[40795:3ea92c] [com.apple.dt.xctest:Default] Found main window: Window
2026-08-12 16:03:34.426 Df IlliniCover[40795:3ea92c] [com.apple.dt.xctest:Default] Query  found matching snapshots: {(
    Application, pid: 40795
)} (error: (null))
2026-08-12 16:03:34.426 Df IlliniCover[40795:3ea92c] [com.apple.dt.xctest:Default] Replying to query  with results: <XCTElementQueryResults: 0x109648030> (error: (null))
2026-08-12 16:03:34.550 Df IlliniCover[40795:3ea92c] [com.apple.dt.xctest:Default] Received request to fetch matches for query:
2026-08-12 16:03:34.550 Df IlliniCover[40795:3ea930] [com.apple.dt.xctest:Default] Evaluating query:
2026-08-12 16:03:34.550 Df IlliniCover[40795:3ea930] [com.apple.dt.xctest:Default] Getting root element snapshot
2026-08-12 16:03:34.550 Df IlliniCover[40795:3ea930] [com.apple.dt.xctest:Default] Getting snapshot for App element pid: 40795 for query
2026-08-12 16:03:34.550 Df IlliniCover[40795:3ea930] [com.apple.dt.xctest:Default] Query requires iOS snapshot attributes .
2026-08-12 16:03:34.550 Df IlliniCover[40795:3ea930] [com.apple.dt.xctest:Default] XCTPerformOnMainRunLoop[not MT]: about to CFRunLoopPerform
2026-08-12 16:03:34.550 Df IlliniCover[40795:3ea930] [com.apple.dt.xctest:Default] XCTPerformOnMainRunLoop[not MT]: waiting with 30.00s responsiveness timeout
2026-08-12 16:03:34.550 Df IlliniCover[40795:3ea921] [com.apple.dt.xctest:Default] XCTPerformOnMainRunLoop[MT]: inside CFRunLoopPerform
2026-08-12 16:03:34.550 Df IlliniCover[40795:3ea921] [com.apple.dt.xctest:Default] XCTPerformOnMainRunLoop[MT]: MT responded in time (won the race to the busy flag)
2026-08-12 16:03:34.550 Df IlliniCover[40795:3ea930] [com.apple.dt.xctest:Default] XCTPerformOnMainRunLoop[not MT]: waiting 60.00s for work to complete
2026-08-12 16:03:34.550 Df IlliniCover[40795:3ea921] [com.apple.dt.xctest:Default] Got main window <AXUIElementRef 0x10cbf3480> {pid=40795} {uid=[ID:4 hash:0x109610400]}
2026-08-12 16:03:34.550 Df IlliniCover[40795:3ea921] [com.apple.dt.xctest:Default] Capturing hierarchy with attributes XC_kAXXCAttributeElementType, XC_kAXXCAttributeElementBaseType, XC_kAXXCAttributeParent, XC_kAXXCAttributeIdentifier, XC_kAXXCAttributeAutomationType, XC_kAXXCAttributeTraits
2026-08-12 16:03:34.550 Df IlliniCover[40795:3ea921] [com.apple.dt.xctest:Default] Capturing hierarchy with parameters {
    attributes =     (
        5003,
        5004,
        5002,
        5019,
        5058,
        2004
    );
    maxArrayCount = 2147483647;
    maxChildren = 2147483647;
    maxDepth = 2147483647;
    snapshotKeyHonorModalViews = 0;
    traverseFromParentsToChildren = 1;
}
2026-08-12 16:03:34.550 Df IlliniCover[40795:3ea921] [com.apple.dt.xctest:Default] Snapshot attributes 5003, 5004, 5002, 5019, 5058, 2004
2026-08-12 16:03:34.551 Df IlliniCover[40795:3ea921] [com.apple.dt.xctest:Default] Got snapshot for <AXUIElementRef 0x10c8db210> {pid=40795} {uid=[ID:1 hash:0x0]}
2026-08-12 16:03:34.551 Df IlliniCover[40795:3ea921] [com.apple.dt.xctest:Default] Got app orientation 0
2026-08-12 16:03:34.551 Df IlliniCover[40795:3ea921] [com.apple.dt.xctest:Default] Captured accessibility snapshot data in 0.00s
2026-08-12 16:03:34.551 Df IlliniCover[40795:3ea930] [com.apple.dt.xctest:Default] Found main window: Window
2026-08-12 16:03:34.552 Df IlliniCover[40795:3ea930] [com.apple.dt.xctest:Default] Query  found matching snapshots: {(
    Application, pid: 40795
)} (error: (null))
2026-08-12 16:03:34.552 Df IlliniCover[40795:3ea930] [com.apple.dt.xctest:Default] Replying to query  with results: <XCTElementQueryResults: 0x10964bc30> (error: (null))
2026-08-12 16:03:34.691 Df IlliniCover[40795:3ea930] [com.apple.dt.xctest:Default] Received request to fetch matches for query:
2026-08-12 16:03:34.691 Df IlliniCover[40795:3ea92c] [com.apple.dt.xctest:Default] Evaluating query:
2026-08-12 16:03:34.691 Df IlliniCover[40795:3ea92c] [com.apple.dt.xctest:Default] Getting root element snapshot
2026-08-12 16:03:34.691 Df IlliniCover[40795:3ea92c] [com.apple.dt.xctest:Default] Getting snapshot for App element pid: 40795 for query
2026-08-12 16:03:34.691 Df IlliniCover[40795:3ea92c] [com.apple.dt.xctest:Default] Query requires iOS snapshot attributes .
2026-08-12 16:03:34.691 Df IlliniCover[40795:3ea92c] [com.apple.dt.xctest:Default] XCTPerformOnMainRunLoop[not MT]: about to CFRunLoopPerform
2026-08-12 16:03:34.691 Df IlliniCover[40795:3ea92c] [com.apple.dt.xctest:Default] XCTPerformOnMainRunLoop[not MT]: waiting with 30.00s responsiveness timeout
2026-08-12 16:03:34.691 Df IlliniCover[40795:3ea921] [com.apple.dt.xctest:Default] XCTPerformOnMainRunLoop[MT]: inside CFRunLoopPerform
2026-08-12 16:03:34.691 Df IlliniCover[40795:3ea921] [com.apple.dt.xctest:Default] XCTPerformOnMainRunLoop[MT]: MT responded in time (won the race to the busy flag)
2026-08-12 16:03:34.691 Df IlliniCover[40795:3ea92c] [com.apple.dt.xctest:Default] XCTPerformOnMainRunLoop[not MT]: waiting 60.00s for work to complete
2026-08-12 16:03:34.691 Df IlliniCover[40795:3ea921] [com.apple.dt.xctest:Default] Got main window <AXUIElementRef 0x1095ffa80> {pid=40795} {uid=[ID:4 hash:0x109610400]}
2026-08-12 16:03:34.691 Df IlliniCover[40795:3ea921] [com.apple.dt.xctest:Default] Capturing hierarchy with attributes XC_kAXXCAttributeElementType, XC_kAXXCAttributeElementBaseType, XC_kAXXCAttributeParent, XC_kAXXCAttributeIdentifier, XC_kAXXCAttributeAutomationType, XC_kAXXCAttributeTraits
2026-08-12 16:03:34.691 Df IlliniCover[40795:3ea921] [com.apple.dt.xctest:Default] Capturing hierarchy with parameters {
    attributes =     (
        5003,
        5004,
        5002,
        5019,
        5058,
        2004
    );
    maxArrayCount = 2147483647;
    maxChildren = 2147483647;
    maxDepth = 2147483647;
    snapshotKeyHonorModalViews = 0;
    traverseFromParentsToChildren = 1;
}
2026-08-12 16:03:34.691 Df IlliniCover[40795:3ea921] [com.apple.dt.xctest:Default] Snapshot attributes 5003, 5004, 5002, 5019, 5058, 2004
2026-08-12 16:03:34.693 Df IlliniCover[40795:3ea921] [com.apple.dt.xctest:Default] Got snapshot for <AXUIElementRef 0x10c8daa90> {pid=40795} {uid=[ID:1 hash:0x0]}
2026-08-12 16:03:34.693 Df IlliniCover[40795:3ea921] [com.apple.dt.xctest:Default] Got app orientation 0
2026-08-12 16:03:34.693 Df IlliniCover[40795:3ea921] [com.apple.dt.xctest:Default] Captured accessibility snapshot data in 0.00s
2026-08-12 16:03:34.693 Df IlliniCover[40795:3ea92c] [com.apple.dt.xctest:Default] Found main window: Window
2026-08-12 16:03:34.693 Df IlliniCover[40795:3ea92c] [com.apple.dt.xctest:Default] Query  found matching snapshots: {(
    Application, pid: 40795
)} (error: (null))
2026-08-12 16:03:34.693 Df IlliniCover[40795:3ea92c] [com.apple.dt.xctest:Default] Replying to query  with results: <XCTElementQueryResults: 0x109649e90> (error: (null))
2026-08-12 16:03:34.814 Df IlliniCover[40795:3ea92c] [com.apple.dt.xctest:Default] Received request to fetch matches for query:
2026-08-12 16:03:34.814 Df IlliniCover[40795:3ea930] [com.apple.dt.xctest:Default] Evaluating query:
2026-08-12 16:03:34.814 Df IlliniCover[40795:3ea930] [com.apple.dt.xctest:Default] Getting root element snapshot
2026-08-12 16:03:34.814 Df IlliniCover[40795:3ea930] [com.apple.dt.xctest:Default] Getting snapshot for App element pid: 40795 for query
2026-08-12 16:03:34.814 Df IlliniCover[40795:3ea930] [com.apple.dt.xctest:Default] Query requires iOS snapshot attributes .
2026-08-12 16:03:34.814 Df IlliniCover[40795:3ea930] [com.apple.dt.xctest:Default] XCTPerformOnMainRunLoop[not MT]: about to CFRunLoopPerform
2026-08-12 16:03:34.814 Df IlliniCover[40795:3ea930] [com.apple.dt.xctest:Default] XCTPerformOnMainRunLoop[not MT]: waiting with 30.00s responsiveness timeout
2026-08-12 16:03:34.814 Df IlliniCover[40795:3ea921] [com.apple.dt.xctest:Default] XCTPerformOnMainRunLoop[MT]: inside CFRunLoopPerform
2026-08-12 16:03:34.814 Df IlliniCover[40795:3ea921] [com.apple.dt.xctest:Default] XCTPerformOnMainRunLoop[MT]: MT responded in time (won the race to the busy flag)
2026-08-12 16:03:34.814 Df IlliniCover[40795:3ea930] [com.apple.dt.xctest:Default] XCTPerformOnMainRunLoop[not MT]: waiting 60.00s for work to complete
2026-08-12 16:03:34.814 Df IlliniCover[40795:3ea921] [com.apple.dt.xctest:Default] Got main window <AXUIElementRef 0x10c919a10> {pid=40795} {uid=[ID:4 hash:0x109610400]}
2026-08-12 16:03:34.814 Df IlliniCover[40795:3ea921] [com.apple.dt.xctest:Default] Capturing hierarchy with attributes XC_kAXXCAttributeElementType, XC_kAXXCAttributeElementBaseType, XC_kAXXCAttributeParent, XC_kAXXCAttributeIdentifier, XC_kAXXCAttributeAutomationType, XC_kAXXCAttributeTraits
2026-08-12 16:03:34.814 Df IlliniCover[40795:3ea921] [com.apple.dt.xctest:Default] Capturing hierarchy with parameters {
    attributes =     (
        5003,
        5004,
        5002,
        5019,
        5058,
        2004
    );
    maxArrayCount = 2147483647;
    maxChildren = 2147483647;
    maxDepth = 2147483647;
    snapshotKeyHonorModalViews = 0;
    traverseFromParentsToChildren = 1;
}
2026-08-12 16:03:34.814 Df IlliniCover[40795:3ea921] [com.apple.dt.xctest:Default] Snapshot attributes 5003, 5004, 5002, 5019, 5058, 2004
2026-08-12 16:03:34.816 Df IlliniCover[40795:3ea921] [com.apple.dt.xctest:Default] Got snapshot for <AXUIElementRef 0x10c8d81e0> {pid=40795} {uid=[ID:1 hash:0x0]}
2026-08-12 16:03:34.816 Df IlliniCover[40795:3ea921] [com.apple.dt.xctest:Default] Got app orientation 0
2026-08-12 16:03:34.816 Df IlliniCover[40795:3ea921] [com.apple.dt.xctest:Default] Captured accessibility snapshot data in 0.00s
2026-08-12 16:03:34.816 Df IlliniCover[40795:3ea930] [com.apple.dt.xctest:Default] Found main window: Window
2026-08-12 16:03:34.816 Df IlliniCover[40795:3ea930] [com.apple.dt.xctest:Default] Query  found matching snapshots: {(
    Application, pid: 40795
)} (error: (null))
2026-08-12 16:03:34.816 Df IlliniCover[40795:3ea930] [com.apple.dt.xctest:Default] Replying to query  with results: <XCTElementQueryResults: 0x10964b5d0> (error: (null))
2026-08-12 16:03:34.932 Df IlliniCover[40795:3ea930] [com.apple.dt.xctest:Default] Received request to fetch matches for query:
2026-08-12 16:03:34.932 Df IlliniCover[40795:3ea930] [com.apple.dt.xctest:Default] Evaluating query:
2026-08-12 16:03:34.932 Df IlliniCover[40795:3ea930] [com.apple.dt.xctest:Default] Getting root element snapshot
2026-08-12 16:03:34.932 Df IlliniCover[40795:3ea930] [com.apple.dt.xctest:Default] Getting snapshot for App element pid: 40795 for query
2026-08-12 16:03:34.932 Df IlliniCover[40795:3ea930] [com.apple.dt.xctest:Default] Query requires iOS snapshot attributes .
2026-08-12 16:03:34.932 Df IlliniCover[40795:3ea930] [com.apple.dt.xctest:Default] XCTPerformOnMainRunLoop[not MT]: about to CFRunLoopPerform
2026-08-12 16:03:34.932 Df IlliniCover[40795:3ea930] [com.apple.dt.xctest:Default] XCTPerformOnMainRunLoop[not MT]: waiting with 30.00s responsiveness timeout
2026-08-12 16:03:34.934 Df IlliniCover[40795:3ea92c] [com.apple.xpc:connection] [0x10ca02440] activating connection: mach=true listener=false peer=false name=com.apple.fontservicesd
2026-08-12 16:03:34.959 Df IlliniCover[40795:3ea921] [com.apple.dt.xctest:Default] XCTPerformOnMainRunLoop[MT]: inside CFRunLoopPerform
2026-08-12 16:03:34.959 Df IlliniCover[40795:3ea921] [com.apple.dt.xctest:Default] XCTPerformOnMainRunLoop[MT]: MT responded in time (won the race to the busy flag)
2026-08-12 16:03:34.960 Df IlliniCover[40795:3ea930] [com.apple.dt.xctest:Default] XCTPerformOnMainRunLoop[not MT]: waiting 60.00s for work to complete
2026-08-12 16:03:34.960 Df IlliniCover[40795:3ea921] [com.apple.dt.xctest:Default] Got main window <AXUIElementRef 0x11a80b2a0> {pid=40795} {uid=[ID:4 hash:0x109610400]}
2026-08-12 16:03:34.960 Df IlliniCover[40795:3ea921] [com.apple.dt.xctest:Default] Capturing hierarchy with attributes XC_kAXXCAttributeElementType, XC_kAXXCAttributeElementBaseType, XC_kAXXCAttributeParent, XC_kAXXCAttributeIdentifier, XC_kAXXCAttributeAutomationType, XC_kAXXCAttributeTraits
2026-08-12 16:03:34.960 Df IlliniCover[40795:3ea921] [com.apple.dt.xctest:Default] Capturing hierarchy with parameters {
    attributes =     (
        5003,
        5004,
        5002,
        5019,
        5058,
        2004
    );
    maxArrayCount = 2147483647;
    maxChildren = 2147483647;
    maxDepth = 2147483647;
    snapshotKeyHonorModalViews = 0;
    traverseFromParentsToChildren = 1;
}
2026-08-12 16:03:34.960 Df IlliniCover[40795:3ea921] [com.apple.dt.xctest:Default] Snapshot attributes 5003, 5004, 5002, 5019, 5058, 2004
2026-08-12 16:03:34.961 Df IlliniCover[40795:3ea921] [com.apple.dt.xctest:Default] Got snapshot for <AXUIElementRef 0x11978eb20> {pid=40795} {uid=[ID:1 hash:0x0]}
2026-08-12 16:03:34.961 Df IlliniCover[40795:3ea921] [com.apple.dt.xctest:Default] Got app orientation 0
2026-08-12 16:03:34.961 Df IlliniCover[40795:3ea921] [com.apple.dt.xctest:Default] Captured accessibility snapshot data in 0.00s
2026-08-12 16:03:34.961 Df IlliniCover[40795:3ea930] [com.apple.dt.xctest:Default] Found main window: Window
2026-08-12 16:03:34.961 Df IlliniCover[40795:3ea930] [com.apple.dt.xctest:Default] Query  found matching snapshots: {(
    Application, pid: 40795
)} (error: (null))
2026-08-12 16:03:34.961 Df IlliniCover[40795:3ea930] [com.apple.dt.xctest:Default] Replying to query  with results: <XCTElementQueryResults: 0x1096490b0> (error: (null))
2026-08-12 16:03:35.028 Df IlliniCover[40795:3ea930] [com.apple.FileURL:default] kExcludedFromBackupXattrName set on path: /Users/lu/Library/Developer/CoreSimulator/Devices/644F64CD-23BA-4D3C-915E-6B2069961477/data/Containers/Data/Application/CF968DD7-918A-4335-BA18-D14F0BECC12E/Library/Application Support/com.illinicover.app/RCTAsyncLocalStorage_V1
2026-08-12 16:03:35.084 Df IlliniCover[40795:3ea930] [com.apple.dt.xctest:Default] Received request to fetch matches for query:
2026-08-12 16:03:35.084 Df IlliniCover[40795:3ea92d] [com.apple.dt.xctest:Default] Evaluating query:
2026-08-12 16:03:35.084 Df IlliniCover[40795:3ea92d] [com.apple.dt.xctest:Default] Getting root element snapshot
2026-08-12 16:03:35.084 Df IlliniCover[40795:3ea92d] [com.apple.dt.xctest:Default] Getting snapshot for App element pid: 40795 for query
2026-08-12 16:03:35.084 Df IlliniCover[40795:3ea92d] [com.apple.dt.xctest:Default] Query requires iOS snapshot attributes .
2026-08-12 16:03:35.084 Df IlliniCover[40795:3ea92d] [com.apple.dt.xctest:Default] XCTPerformOnMainRunLoop[not MT]: about to CFRunLoopPerform
2026-08-12 16:03:35.084 Df IlliniCover[40795:3ea92d] [com.apple.dt.xctest:Default] XCTPerformOnMainRunLoop[not MT]: waiting with 30.00s responsiveness timeout
2026-08-12 16:03:35.084 Df IlliniCover[40795:3ea921] [com.apple.dt.xctest:Default] XCTPerformOnMainRunLoop[MT]: inside CFRunLoopPerform
2026-08-12 16:03:35.084 Df IlliniCover[40795:3ea921] [com.apple.dt.xctest:Default] XCTPerformOnMainRunLoop[MT]: MT responded in time (won the race to the busy flag)
2026-08-12 16:03:35.084 Df IlliniCover[40795:3ea92d] [com.apple.dt.xctest:Default] XCTPerformOnMainRunLoop[not MT]: waiting 60.00s for work to complete
2026-08-12 16:03:35.085 Df IlliniCover[40795:3ea921] [com.apple.dt.xctest:Default] Got main window <AXUIElementRef 0x11a848c30> {pid=40795} {uid=[ID:4 hash:0x109610400]}
2026-08-12 16:03:35.085 Df IlliniCover[40795:3ea921] [com.apple.dt.xctest:Default] Capturing hierarchy with attributes XC_kAXXCAttributeElementType, XC_kAXXCAttributeElementBaseType, XC_kAXXCAttributeParent, XC_kAXXCAttributeIdentifier, XC_kAXXCAttributeAutomationType, XC_kAXXCAttributeTraits
2026-08-12 16:03:35.085 Df IlliniCover[40795:3ea921] [com.apple.dt.xctest:Default] Capturing hierarchy with parameters {
    attributes =     (
        5003,
        5004,
        5002,
        5019,
        5058,
        2004
    );
    maxArrayCount = 2147483647;
    maxChildren = 2147483647;
    maxDepth = 2147483647;
    snapshotKeyHonorModalViews = 0;
    traverseFromParentsToChildren = 1;
}
2026-08-12 16:03:35.085 Df IlliniCover[40795:3ea921] [com.apple.dt.xctest:Default] Snapshot attributes 5003, 5004, 5002, 5019, 5058, 2004
2026-08-12 16:03:35.086 Df IlliniCover[40795:3ea921] [com.apple.dt.xctest:Default] Got snapshot for <AXUIElementRef 0x11aa7a430> {pid=40795} {uid=[ID:1 hash:0x0]}
2026-08-12 16:03:35.086 Df IlliniCover[40795:3ea921] [com.apple.dt.xctest:Default] Got app orientation 0
2026-08-12 16:03:35.086 Df IlliniCover[40795:3ea921] [com.apple.dt.xctest:Default] Captured accessibility snapshot data in 0.00s
2026-08-12 16:03:35.086 Df IlliniCover[40795:3ea92d] [com.apple.dt.xctest:Default] Found main window: Window
2026-08-12 16:03:35.086 Df IlliniCover[40795:3ea92d] [com.apple.dt.xctest:Default] Query  found matching snapshots: {(
    Application, pid: 40795
)} (error: (null))
2026-08-12 16:03:35.086 Df IlliniCover[40795:3ea92d] [com.apple.dt.xctest:Default] Replying to query  with results: <XCTElementQueryResults: 0x10964b390> (error: (null))
2026-08-12 16:03:35.100 Df IlliniCover[40795:3ea938] [com.apple.xpc:connection] [0x10ca02a80] activating connection: mach=true listener=false peer=false name=com.apple.lsd.mapdb
2026-08-12 16:03:35.168 Df IlliniCover[40795:3ea921] [com.apple.xpc:connection] [0x10ca01b80] activating connection: mach=true listener=false peer=false name=com.apple.lsd.advertisingidentifiers
2026-08-12 16:03:35.170 Df IlliniCover[40795:3ea921] Session replay disabled via configuration
2026-08-12 16:03:35.179 Df IlliniCover[40795:3ea921] [com.apple.network:path] nw_path_evaluator_start [99EE8945-D525-4051-9B9B-3EBE040E2B3C <NULL> generic, multipath service: handover, attribution: developer]
	path: satisfied (Path is satisfied), interface: en0[802.11], uses wifi, LQM: unknown
2026-08-12 16:03:35.185 Df IlliniCover[40795:3ea92d] [com.apple.CFNetwork:Default] Initializing NSHTTPCookieStorage singleton
2026-08-12 16:03:35.185 Df IlliniCover[40795:3ea92d] [com.apple.CFNetwork:Default] Initializing CFHTTPCookieStorage singleton
2026-08-12 16:03:35.185 Df IlliniCover[40795:3ea92d] [com.apple.CFNetwork:Default] Creating default cookie storage with process/bundle identifier
2026-08-12 16:03:35.186 A  IlliniCover[40795:3ea92d] (libsystem_containermanager.dylib) container_system_group_path_for_identifier
2026-08-12 16:03:35.186 Df IlliniCover[40795:3ea92d] [com.apple.containermanager:xpc] Requesting container lookup; class = 13, identifier = com.apple.nsurlsessiond, group_identifier = systemgroup.com.apple.nsurlstoragedresources, create = 1, temp = 0, euid = 501, uid = 501
2026-08-12 16:03:35.186 A  IlliniCover[40795:3ea92d] (libsystem_containermanager.dylib) container_query_t
2026-08-12 16:03:35.186 Df IlliniCover[40795:3ea92d] [com.apple.containermanager:xpc] Query; euid = 501, uid = 501, class = 13, identifier = [com.apple.nsurlsessiond](1), flags = 900000003
2026-08-12 16:03:35.187 Df IlliniCover[40795:3ea92d] [com.apple.containermanager:unspecified] _container_query_get_result_at_index: success
2026-08-12 16:03:35.195 Df IlliniCover[40795:3ea92b] [com.apple.dt.xctest:Default] Received request to fetch matches for query:
2026-08-12 16:03:35.195 Df IlliniCover[40795:3ea92e] [com.apple.dt.xctest:Default] Evaluating query:
2026-08-12 16:03:35.196 Df IlliniCover[40795:3ea92e] [com.apple.dt.xctest:Default] Getting root element snapshot
2026-08-12 16:03:35.196 Df IlliniCover[40795:3ea92e] [com.apple.dt.xctest:Default] Getting snapshot for App element pid: 40795 for query
2026-08-12 16:03:35.196 Df IlliniCover[40795:3ea92e] [com.apple.dt.xctest:Default] Query requires iOS snapshot attributes .
2026-08-12 16:03:35.196 Df IlliniCover[40795:3ea92e] [com.apple.dt.xctest:Default] XCTPerformOnMainRunLoop[not MT]: about to CFRunLoopPerform
2026-08-12 16:03:35.196 Df IlliniCover[40795:3ea92e] [com.apple.dt.xctest:Default] XCTPerformOnMainRunLoop[not MT]: waiting with 30.00s responsiveness timeout
2026-08-12 16:03:35.212 Df IlliniCover[40795:3ea930] [com.apple.CFNetwork:Default] Task <AE02EA6A-692E-452B-BC8C-BD458BB7F3C4>.<1> resuming, timeouts(15.0, 604800.0) qos(0x15) voucher((null)) activity(00000000-0000-0000-0000-000000000000)
2026-08-12 16:03:35.244 A  IlliniCover[40795:3ea92d] (libsystem_containermanager.dylib) container_copy_object
2026-08-12 16:03:35.244 Df IlliniCover[40795:3ea92d] [com.apple.containermanager:unspecified] container_system_group_path_for_identifier: success
2026-08-12 16:03:35.244 A  IlliniCover[40795:3ea930] (CoreFoundation) Loading Preferences From User Session CFPrefsD
2026-08-12 16:03:35.246 Df IlliniCover[40795:3ea92d] [com.apple.CFNetwork:Default] Task <E41929E8-42C0-4C00-9611-8532AEBC7521>.<1> resuming, timeouts(0.0, 604800.0) qos(0x19) voucher((null)) activity(00000000-0000-0000-0000-000000000000)
2026-08-12 16:03:35.247 Df IlliniCover[40795:3ea92c] [com.apple.CFNetwork:Default] Connection 0: creating secure tcp or quic connection
2026-08-12 16:03:35.248 Df IlliniCover[40795:3ea932] [com.apple.CFNetwork:Default] Task <DB27B664-3C38-486C-9031-E366559AFD1B>.<1> finished with error [-999] Error Domain=NSURLErrorDomain Code=-999 UserInfo={NSErrorFailingURLStringKey=, NSErrorFailingURLKey=<private>, _NSURLErrorRelatedURLSessionTaskErrorKey=<private>, _NSURLErrorFailingURLSessionTaskErrorKey=<private>, NSLocalizedDescription=<private>}
2026-08-12 16:03:35.253 Df IlliniCover[40795:3ea92c] [com.apple.CFNetwork:Default] Connection 1: enabling TLS
2026-08-12 16:03:35.253 Df IlliniCover[40795:3ea92c] [com.apple.CFNetwork:Default] Connection 1: starting, TC(0x0)
2026-08-12 16:03:35.254 Df IlliniCover[40795:3ea92c] [com.apple.network:connection] [C1 08C556F4-A589-4FE2-97FE-DAD1445FECE6 Hostname#b35a5e92:443 quic-connection, url hash: 4bad367d, definite, attribution: developer, context: com.apple.CFNetwork.NSURLSession.{9D1E5AF4-4C8E-4A10-8305-CDA4ACA1A270}{(null)}{Y}{3}{0x0} (sensitive), proc: D65E3B26-71A5-3DAD-A8B4-60173E19864C, delegated upid: 0] start
2026-08-12 16:03:35.254 Df IlliniCover[40795:3ea92c] [com.apple.network:connection] [C1 Hostname#b35a5e92:443 initial parent-flow ((null))] event: path:start @0.000s
2026-08-12 16:03:35.255 Df IlliniCover[40795:3ea92c] [com.apple.network:connection] [C1 Hostname#b35a5e92:443 waiting parent-flow (satisfied (Path is satisfied), interface: en0[802.11], uses wifi, LQM: unknown)] event: path:satisfied @0.001s, uuid: 874FC682-720E-4573-A9F6-EF5B954130CF
2026-08-12 16:03:35.256 Df IlliniCover[40795:3ea92c] [com.apple.network:connection] [C1 Hostname#b35a5e92:443 in_progress parent-flow (satisfied (Path is satisfied), interface: en0[802.11], uses wifi, LQM: unknown)] event: flow:start_connect @0.002s
2026-08-12 16:03:35.256 Df IlliniCover[40795:3ea92c] [com.apple.network:connection] nw_connection_report_state_with_handler_on_nw_queue [C1] reporting state preparing
2026-08-12 16:03:35.256 Df IlliniCover[40795:3ea92c] [com.apple.network:connection] [C1 Hostname#b35a5e92:443 in_progress parent-flow (satisfied (Path is satisfied), interface: en0[802.11], uses wifi, LQM: unknown)] event: flow:start_child @0.002s
2026-08-12 16:03:35.256 Df IlliniCover[40795:3ea92c] [com.apple.network:connection] [C1.1 Hostname#b35a5e92:443 initial path ((null))] event: path:start @0.002s
2026-08-12 16:03:35.256 Df IlliniCover[40795:3ea92c] [com.apple.network:connection] [C1.1 Hostname#b35a5e92:443 waiting path (satisfied (Path is satisfied), interface: en0[802.11], uses wifi, LQM: unknown)] event: path:satisfied @0.002s, uuid: 874FC682-720E-4573-A9F6-EF5B954130CF
2026-08-12 16:03:35.257 Df IlliniCover[40795:3ea92c] [com.apple.network:connection] [C1.1 Hostname#b35a5e92:443 in_progress transform (satisfied (Path is satisfied), interface: en0[802.11], uses wifi, LQM: unknown)] event: transform:start @0.002s
2026-08-12 16:03:35.257 Df IlliniCover[40795:3ea92c] [com.apple.network:connection] [C1.1.1 Hostname#b35a5e92:443 initial path ((null))] event: path:start @0.002s
2026-08-12 16:03:35.257 Df IlliniCover[40795:3ea92c] [com.apple.network:connection] [C1.1.1 Hostname#b35a5e92:443 waiting path (satisfied (Path is satisfied), interface: en0[802.11], uses wifi, LQM: unknown)] event: path:satisfied @0.003s, uuid: E4ABC1F7-7D1B-4479-9C46-4F744060C738
2026-08-12 16:03:35.257 Df IlliniCover[40795:3ea921] [com.apple.dt.xctest:Default] XCTPerformOnMainRunLoop[MT]: inside CFRunLoopPerform
2026-08-12 16:03:35.257 Df IlliniCover[40795:3ea921] [com.apple.dt.xctest:Default] XCTPerformOnMainRunLoop[MT]: MT responded in time (won the race to the busy flag)
2026-08-12 16:03:35.257 Df IlliniCover[40795:3ea92e] [com.apple.dt.xctest:Default] XCTPerformOnMainRunLoop[not MT]: waiting 60.00s for work to complete
2026-08-12 16:03:35.257 Df IlliniCover[40795:3ea92c] [com.apple.network:connection] [C1.1.1 Hostname#b35a5e92:443 in_progress resolver (satisfied (Path is satisfied), interface: en0[802.11], uses wifi, LQM: unknown)] event: resolver:start_dns @0.003s
2026-08-12 16:03:35.257 Df IlliniCover[40795:3ea921] [com.apple.dt.xctest:Default] Got main window <AXUIElementRef 0x11a849bf0> {pid=40795} {uid=[ID:4 hash:0x109610400]}
2026-08-12 16:03:35.257 Df IlliniCover[40795:3ea921] [com.apple.dt.xctest:Default] Capturing hierarchy with attributes XC_kAXXCAttributeElementType, XC_kAXXCAttributeElementBaseType, XC_kAXXCAttributeParent, XC_kAXXCAttributeIdentifier, XC_kAXXCAttributeAutomationType, XC_kAXXCAttributeTraits
2026-08-12 16:03:35.257 Df IlliniCover[40795:3ea921] [com.apple.dt.xctest:Default] Capturing hierarchy with parameters {
    attributes =     (
        5003,
        5004,
        5002,
        5019,
        5058,
        2004
    );
    maxArrayCount = 2147483647;
    maxChildren = 2147483647;
    maxDepth = 2147483647;
    snapshotKeyHonorModalViews = 0;
    traverseFromParentsToChildren = 1;
}
2026-08-12 16:03:35.257 Df IlliniCover[40795:3ea921] [com.apple.dt.xctest:Default] Snapshot attributes 5003, 5004, 5002, 5019, 5058, 2004
2026-08-12 16:03:35.258 Df IlliniCover[40795:3ea92c] [com.apple.CFNetwork:Default] Task <AE02EA6A-692E-452B-BC8C-BD458BB7F3C4>.<1> setting up Connection 1
2026-08-12 16:03:35.258 Df IlliniCover[40795:3ea92c] [com.apple.network:connection] nw_endpoint_resolver_update [C1.1.1 Hostname#b35a5e92:443 in_progress resolver (satisfied (Path is satisfied), interface: en0[802.11], uses wifi, LQM: unknown)] Adding endpoint handler for IPv6#c901b220.443
2026-08-12 16:03:35.258 Df IlliniCover[40795:3ea92c] [com.apple.network:connection] nw_endpoint_resolver_update [C1.1.1 Hostname#b35a5e92:443 in_progress resolver (satisfied (Path is satisfied), interface: en0[802.11], uses wifi, LQM: unknown)] Adding endpoint handler for IPv4#a5a66ec2:443
2026-08-12 16:03:35.258 Df IlliniCover[40795:3ea930] [com.apple.CFNetwork:Summary] Task <E41929E8-42C0-4C00-9611-8532AEBC7521>.<1> summary for task success {transaction_duration_ms=10, response_status=200, cache_hit=true}
2026-08-12 16:03:35.258 Df IlliniCover[40795:3ea92c] [com.apple.network:connection] [C1.1.1 Hostname#b35a5e92:443 in_progress resolver (satisfied (Path is satisfied), interface: en0[802.11], uses wifi, LQM: unknown)] event: resolver:receive_dns @0.004s
2026-08-12 16:03:35.258 Df IlliniCover[40795:3ea92c] [com.apple.network:connection] [C1.1.1.1 IPv6#c901b220.443 initial path ((null))] event: path:start @0.004s
2026-08-12 16:03:35.259 Df IlliniCover[40795:3ea930] [com.apple.CoreAnalytics:client] No XPC connection in Simulator
2026-08-12 16:03:35.259 Df IlliniCover[40795:3ea92c] [com.apple.network:connection] [C1.1.1.1 IPv6#c901b220.443 waiting path (satisfied (Path is satisfied), interface: en0[802.11], uses wifi, LQM: unknown)] event: path:satisfied @0.004s, uuid: CBF7BD35-7B8E-4A5B-925E-673190C787D8
2026-08-12 16:03:35.259 Df IlliniCover[40795:3ea921] [com.apple.dt.xctest:Default] Got snapshot for <AXUIElementRef 0x11ca0f240> {pid=40795} {uid=[ID:1 hash:0x0]}
2026-08-12 16:03:35.259 Df IlliniCover[40795:3ea92c] [com.apple.network:connection] [C1.1.1.1 IPv6#c901b220.443 in_progress socket-flow (satisfied (Path is satisfied), interface: en0[802.11], uses wifi, LQM: unknown)] event: flow:start_connect @0.005s
2026-08-12 16:03:35.259 Df IlliniCover[40795:3ea921] [com.apple.dt.xctest:Default] Got app orientation 0
2026-08-12 16:03:35.259 Df IlliniCover[40795:3ea921] [com.apple.dt.xctest:Default] Captured accessibility snapshot data in 0.00s
2026-08-12 16:03:35.260 Df IlliniCover[40795:3ea92e] [com.apple.dt.xctest:Default] Found main window: Window
2026-08-12 16:03:35.260 Df IlliniCover[40795:3ea92e] [com.apple.dt.xctest:Default] Query  found matching snapshots: {(
    Application, pid: 40795
)} (error: (null))
2026-08-12 16:03:35.260 Df IlliniCover[40795:3ea92e] [com.apple.dt.xctest:Default] Replying to query  with results: <XCTElementQueryResults: 0x11ca10e70> (error: (null))
2026-08-12 16:03:35.261 Df IlliniCover[40795:3ea930] [com.apple.CFNetwork:Default] Task <E41929E8-42C0-4C00-9611-8532AEBC7521>.<1> finished successfully
2026-08-12 16:03:35.277 Df IlliniCover[40795:3ea92d] [com.apple.network:connection] nw_socket_handle_socket_event [C1.1.1.1:3] Socket received CONNECTED event
2026-08-12 16:03:35.278 Df IlliniCover[40795:3ea92d] [com.apple.network:connection] nw_flow_connected [C1.1.1.1 IPv6#c901b220.443 in_progress socket-flow (satisfied (Path is satisfied), interface: en0[802.11], uses wifi, LQM: unknown)] Transport protocol connected (socket)
2026-08-12 16:03:35.278 Df IlliniCover[40795:3ea92d] [com.apple.network:connection] [C1.1.1.1 IPv6#c901b220.443 in_progress socket-flow (satisfied (Path is satisfied), interface: en0[802.11], uses wifi, LQM: unknown)] event: flow:finish_transport @0.024s
2026-08-12 16:03:35.278 Df IlliniCover[40795:3ea92d] [com.apple.network:boringssl] boringssl_session_apply_protocol_options_for_transport_block_invoke_2(2367) [C1.1.1.1:2][0x11cb8eae0] TLS configured [server(0) min_version(0x0303) max_version(0x0304) name(redacted) tickets(false) false_start(false) enforce_ev(false) enforce_ats(false) ats_non_pfs_ciphersuite_allowed(false) cc_mode_enforced(false) ech(false) pqtls(true), pake(false) skip_ats_trust(false)]
2026-08-12 16:03:35.279 Df IlliniCover[40795:3ea92d] [com.apple.network:boringssl] boringssl_context_info_handler(2806) [C1.1.1.1:2][0x11cb8eae0] Client handshake started
2026-08-12 16:03:35.279 Df IlliniCover[40795:3ea92d] [com.apple.network:boringssl] boringssl_context_info_handler(2823) [C1.1.1.1:2][0x11cb8eae0] Client handshake state: TLS client enter_early_data
2026-08-12 16:03:35.279 Df IlliniCover[40795:3ea92d] [com.apple.network:boringssl] boringssl_context_info_handler(2823) [C1.1.1.1:2][0x11cb8eae0] Client handshake state: TLS client read_server_hello
2026-08-12 16:03:35.289 A  IlliniCover[40795:3ea92d] (Security) SecItemCopyMatching_ios
2026-08-12 16:03:35.289 Df IlliniCover[40795:3ea92d] [com.apple.securityd:secitemratelimit] Not internal release, disabling SIRL
2026-08-12 16:03:35.291 Df IlliniCover[40795:3ea92d] [com.apple.securityd:thread-local-client-debug] SecSecurityClientGet new thread!
2026-08-12 16:03:35.291 Df IlliniCover[40795:3ea92d] [com.apple.securityd:keychain] System Keychain Always Supported set via feature flag to disabled
2026-08-12 16:03:35.291 Df IlliniCover[40795:3ea92d] [com.apple.xpc:connection] [0x10ca03700] activating connection: mach=true listener=false peer=false name=com.apple.securityd
2026-08-12 16:03:35.305 Df IlliniCover[40795:3ea92c] [com.apple.network:boringssl] boringssl_context_info_handler(2823) [C1.1.1.1:2][0x11cb8eae0] Client handshake state: TLS 1.3 client read_hello_retry_request
2026-08-12 16:03:35.305 Df IlliniCover[40795:3ea92c] [com.apple.network:boringssl] boringssl_context_info_handler(2823) [C1.1.1.1:2][0x11cb8eae0] Client handshake state: TLS 1.3 client read_server_hello
2026-08-12 16:03:35.305 Df IlliniCover[40795:3ea92c] [com.apple.network:boringssl] boringssl_context_info_handler(2823) [C1.1.1.1:2][0x11cb8eae0] Client handshake state: TLS 1.3 client read_encrypted_extensions
2026-08-12 16:03:35.305 Df IlliniCover[40795:3ea92c] [com.apple.network:boringssl] boringssl_context_info_handler(2823) [C1.1.1.1:2][0x11cb8eae0] Client handshake state: TLS 1.3 client read_certificate_request
2026-08-12 16:03:35.305 Df IlliniCover[40795:3ea92c] [com.apple.network:boringssl] boringssl_context_info_handler(2823) [C1.1.1.1:2][0x11cb8eae0] Client handshake state: TLS 1.3 client read_server_certificate
2026-08-12 16:03:35.305 Df IlliniCover[40795:3ea92c] [com.apple.network:boringssl] boringssl_context_info_handler(2823) [C1.1.1.1:2][0x11cb8eae0] Client handshake state: TLS 1.3 client read_server_certificate_verify
2026-08-12 16:03:35.306 Df IlliniCover[40795:3ea92c] [com.apple.network:boringssl] boringssl_context_evaluate_trust_async(2249) [C1.1.1.1:2][0x11cb8eae0] Performing external trust evaluation
2026-08-12 16:03:35.306 A  IlliniCover[40795:3ea92c] (Security) SecKeyCopyPublicBytes
2026-08-12 16:03:35.306 A  IlliniCover[40795:3ea921] (UIKitCore) send control actions
2026-08-12 16:03:35.306 Df IlliniCover[40795:3ea92c] [com.apple.network:boringssl] boringssl_context_evaluate_trust_async_external(2234) [C1.1.1.1:2][0x11cb8eae0] Asyncing for external verify block
2026-08-12 16:03:35.306 Df IlliniCover[40795:3ea92c] [com.apple.CFNetwork:Default] Connection 1: asked to evaluate TLS Trust
2026-08-12 16:03:35.308 Df IlliniCover[40795:3ea92c] [com.apple.CFNetwork:Default] Task <AE02EA6A-692E-452B-BC8C-BD458BB7F3C4>.<1> auth completion disp=1 cred=0x0
2026-08-12 16:03:35.309 Df IlliniCover[40795:3ea92c] [com.apple.securityd:trust] (Trust 0x11cb6e400) No pending evals, starting
2026-08-12 16:03:35.309 A  IlliniCover[40795:3ea92c] (Security) SecTrustEvaluateIfNecessaryFastAsync
2026-08-12 16:03:35.309 Df IlliniCover[40795:3ea92c] [com.apple.xpc:connection] [0x10c9dd7c0] activating connection: mach=true listener=false peer=false name=com.apple.trustd
2026-08-12 16:03:35.309 A  IlliniCover[40795:3ea92d] (Security) SecItemCopyMatching_ios
2026-08-12 16:03:35.309 A  IlliniCover[40795:3ea92d] (Security) SecItemCopyMatching_ios
2026-08-12 16:03:35.309 Df IlliniCover[40795:3ea921] [PrototypeTools:domain] Not observing PTDefaults on customer install.
2026-08-12 16:03:35.310 Df IlliniCover[40795:3ea92c] [com.apple.xpc:connection] [0x10c9ddb80] activating connection: mach=true listener=false peer=false name=com.apple.trustd
2026-08-12 16:03:35.310 A  IlliniCover[40795:3ea92d] (Security) SecItemCopyMatching_ios
2026-08-12 16:03:35.310 Df IlliniCover[40795:3ea92c] [com.apple.securityd:trust] (Trust 0x11cb6e400) Completed async eval kickoff
2026-08-12 16:03:35.310 A  IlliniCover[40795:3ea92d] (Security) SecItemCopyMatching_ios
2026-08-12 16:03:35.310 A  IlliniCover[40795:3ea92d] (Security) SecItemCopyMatching_ios
2026-08-12 16:03:35.311 A  IlliniCover[40795:3ea92d] (Security) SecItemCopyMatching_ios
2026-08-12 16:03:35.311 A  IlliniCover[40795:3ea92d] (Security) SecItemCopyMatching_ios
2026-08-12 16:03:35.311 A  IlliniCover[40795:3ea92d] (Security) SecItemCopyMatching_ios
2026-08-12 16:03:35.324 Df IlliniCover[40795:3ea92c] [com.apple.securityd:trust] (Trust 0x11cb6e400) trustd returned 4
2026-08-12 16:03:35.324 Df IlliniCover[40795:3ea92c] [com.apple.CFNetwork:Default] System Trust Evaluation yielded status(0)
2026-08-12 16:03:35.324 Df IlliniCover[40795:3ea92c] [com.apple.securityd:trust] (Trust 0x11cb6e280) No pending evals, starting
2026-08-12 16:03:35.324 A  IlliniCover[40795:3ea92c] (Security) SecTrustEvaluateIfNecessaryFastAsync
2026-08-12 16:03:35.324 Df IlliniCover[40795:3ea92c] [com.apple.xpc:connection] [0x10c9dde00] activating connection: mach=true listener=false peer=false name=com.apple.trustd
2026-08-12 16:03:35.325 Df IlliniCover[40795:3ea92c] [com.apple.securityd:trust] (Trust 0x11cb6e280) Completed async eval kickoff
2026-08-12 16:03:35.325 Df IlliniCover[40795:3ea92c] [com.apple.xpc:connection] [0x10c9ddb80] invalidated because the current process cancelled the connection by calling xpc_connection_cancel()
2026-08-12 16:03:35.327 Df IlliniCover[40795:3ea92d] [com.apple.securityd:trust] (Trust 0x11cb6e280) trustd returned 4
2026-08-12 16:03:35.327 Df IlliniCover[40795:3ea92d] [com.apple.CFNetwork:Default] Connection 1: TLS Trust result 0
2026-08-12 16:03:35.327 Df IlliniCover[40795:3ea92d] [com.apple.network:boringssl] boringssl_context_evaluate_trust_async_external_block_invoke_3(2148) [C1.1.1.1:2][0x11cb8eae0] Returning from external verify block with result: true
2026-08-12 16:03:35.327 Df IlliniCover[40795:3ea92d] [com.apple.network:boringssl] boringssl_context_certificate_verify_callback(2430) [C1.1.1.1:2][0x11cb8eae0] Certificate verification result: OK
2026-08-12 16:03:35.327 Df IlliniCover[40795:3ea92d] [com.apple.network:boringssl] boringssl_context_info_handler(2823) [C1.1.1.1:2][0x11cb8eae0] Client handshake state: TLS 1.3 client read_server_finished
2026-08-12 16:03:35.327 Df IlliniCover[40795:3ea92d] [com.apple.network:boringssl] boringssl_context_info_handler(2823) [C1.1.1.1:2][0x11cb8eae0] Client handshake state: TLS 1.3 client send_end_of_early_data
2026-08-12 16:03:35.327 Df IlliniCover[40795:3ea92d] [com.apple.network:boringssl] boringssl_context_info_handler(2823) [C1.1.1.1:2][0x11cb8eae0] Client handshake state: TLS 1.3 client send_client_encrypted_extensions
2026-08-12 16:03:35.327 Df IlliniCover[40795:3ea92d] [com.apple.network:boringssl] boringssl_context_info_handler(2823) [C1.1.1.1:2][0x11cb8eae0] Client handshake state: TLS 1.3 client send_client_certificate
2026-08-12 16:03:35.327 Df IlliniCover[40795:3ea92d] [com.apple.network:boringssl] boringssl_context_info_handler(2823) [C1.1.1.1:2][0x11cb8eae0] Client handshake state: TLS 1.3 client complete_second_flight
2026-08-12 16:03:35.327 Df IlliniCover[40795:3ea92d] [com.apple.network:boringssl] boringssl_context_info_handler(2823) [C1.1.1.1:2][0x11cb8eae0] Client handshake state: TLS 1.3 client done
2026-08-12 16:03:35.327 Df IlliniCover[40795:3ea92d] [com.apple.network:boringssl] boringssl_context_info_handler(2823) [C1.1.1.1:2][0x11cb8eae0] Client handshake state: TLS client finish_client_handshake
2026-08-12 16:03:35.327 Df IlliniCover[40795:3ea92d] [com.apple.network:boringssl] boringssl_context_info_handler(2823) [C1.1.1.1:2][0x11cb8eae0] Client handshake state: TLS client done
2026-08-12 16:03:35.327 Df IlliniCover[40795:3ea92d] [com.apple.network:boringssl] boringssl_context_info_handler(2812) [C1.1.1.1:2][0x11cb8eae0] Client handshake done
2026-08-12 16:03:35.328 A  IlliniCover[40795:3ea92d] (Security) SecKeyCopyPublicBytes
2026-08-12 16:03:35.328 Df IlliniCover[40795:3ea92d] [com.apple.network:boringssl] nw_protocol_boringssl_signal_connected(895) [C1.1.1.1:2][0x11cb8eae0] TLS connected [server(0) version(0x0304) ciphersuite(TLS_AES_256_GCM_SHA384) group(0x001d) signature_alg(0x0804) alpn(h2) resumed(0) offered_ticket(0) in_early_data(0) early_data_accepted(0) false_started(0) ocsp_received(0) sct_received(0) connect_time(49ms) flight_time(27ms) rtt(26ms) write_stalls(0) read_stalls(2) pake(0x0000)]
2026-08-12 16:03:35.328 Df IlliniCover[40795:3ea92d] [com.apple.network:connection] nw_flow_connected [C1.1.1.1 IPv6#c901b220.443 in_progress socket-flow (satisfied (Path is satisfied), interface: en0[802.11], uses wifi, LQM: unknown)] Output protocol connected (CFNetworkConnection-2164537938)
2026-08-12 16:03:35.328 Df IlliniCover[40795:3ea92d] [com.apple.network:connection] [C1.1.1.1 IPv6#c901b220.443 ready socket-flow (satisfied (Path is satisfied), interface: en0[802.11], uses wifi, LQM: unknown)] event: flow:child_finish_connect @0.074s
2026-08-12 16:03:35.328 Df IlliniCover[40795:3ea92d] [com.apple.network:connection] [C1.1.1 Hostname#b35a5e92:443 ready resolver (satisfied (Path is satisfied), interface: en0[802.11], uses wifi, LQM: unknown)] event: flow:child_finish_connect @0.074s
2026-08-12 16:03:35.331 Df IlliniCover[40795:3ea92d] [com.apple.network:connection] [C1.1 Hostname#b35a5e92:443 ready transform (satisfied (Path is satisfied), interface: en0[802.11], uses wifi, LQM: unknown)] event: flow:child_finish_connect @0.077s
2026-08-12 16:03:35.331 Df IlliniCover[40795:3ea92d] [com.apple.network:connection] nw_flow_connected [C1 IPv6#c901b220.443 in_progress parent-flow (satisfied (Path is satisfied), interface: en0[802.11], uses wifi, LQM: unknown)] Output protocol connected (endpoint_flow)
2026-08-12 16:03:35.332 Df IlliniCover[40795:3ea92d] [com.apple.network:connection] [C1 IPv6#c901b220.443 ready parent-flow (satisfied (Path is satisfied), interface: en0[802.11], uses wifi, LQM: unknown)] event: flow:finish_connect @0.077s
2026-08-12 16:03:35.332 Df IlliniCover[40795:3ea92d] [com.apple.network:connection] nw_connection_report_state_with_handler_on_nw_queue [C1] reporting state ready
2026-08-12 16:03:35.332 Df IlliniCover[40795:3ea92d] [com.apple.xpc:connection] [0x10c9dde00] invalidated because the current process cancelled the connection by calling xpc_connection_cancel()
2026-08-12 16:03:35.332 Df IlliniCover[40795:3ea92d] [com.apple.CFNetwork:Default] Connection 1: connected successfully
2026-08-12 16:03:35.332 Df IlliniCover[40795:3ea92d] [com.apple.CFNetwork:Default] Connection 1: TLS handshake complete
2026-08-12 16:03:35.332 Df IlliniCover[40795:3ea92d] [com.apple.CFNetwork:Default] Connection 1: ready C(N) E(N)
2026-08-12 16:03:35.332 Df IlliniCover[40795:3ea92d] [com.apple.network:connection] [C1] event: client:connection_reused @0.078s
2026-08-12 16:03:35.332 Df IlliniCover[40795:3ea92d] [com.apple.network:connection] nw_protocol_socket_notify [C1.1.1.1:3] nw_protocol_notification_type_connection_idle is false
2026-08-12 16:03:35.333 Df IlliniCover[40795:3ea92d] [com.apple.CFNetwork:Default] Task <AE02EA6A-692E-452B-BC8C-BD458BB7F3C4>.<1> now using Connection 1
2026-08-12 16:03:35.333 Df IlliniCover[40795:3ea92d] [com.apple.CFNetwork:Default] Task <AE02EA6A-692E-452B-BC8C-BD458BB7F3C4>.<1> sent request, body S 432
2026-08-12 16:03:35.343 Df IlliniCover[40795:3ea921] [com.apple.UIKit:KeyboardSceneDelegate] Reloading input views for key-window scene responder: <UITextField: 0x109618000; frame = (0 0; 0 0); hidden = YES; opaque = NO; > force:N
2026-08-12 16:03:35.343 Df IlliniCover[40795:3ea921] [com.apple.UIKit:KeyboardSceneDelegate] _reloadInputViewsForKeyWindowSceneResponder: 1 force: 0, fromBecomeFirstResponder: 1 (automaticKeyboard: 1, reloadIdentifier: 4A0F3CCE-9C1B-4B52-AEBE-67689EF3A37C)
2026-08-12 16:03:35.343 Df IlliniCover[40795:3ea921] [com.apple.UIKit:KeyboardSceneDelegate] _inputViewsForResponder: <UITextField: 0x109618000; frame = (0 0; 0 0); hidden = YES; opaque = NO; >, automaticKeyboard: 1, force: 0
2026-08-12 16:03:35.343 Df IlliniCover[40795:3ea921] [com.apple.UIKit:KeyboardSceneDelegate] _inputViewsForResponder, found custom inputView: <(null): 0x0>, customInputViewController: <(null): 0x0>
2026-08-12 16:03:35.343 Df IlliniCover[40795:3ea921] [com.apple.UIKit:KeyboardSceneDelegate] _inputViewsForResponder, found inputAccessoryView: <(null): 0x0>
2026-08-12 16:03:35.343 Df IlliniCover[40795:3ea921] [com.apple.UIKit:KeyboardSceneDelegate] _inputViewsForResponder, responderRequiresKeyboard 1 (automaticKeyboardEnabled: 1, activeInstance: <(null): 0x0>, self.isOnScreen: 0, requiresKBWhenFirstResponder: 1)
2026-08-12 16:03:35.343 Df IlliniCover[40795:3ea921] [com.apple.UIKit:KeyboardSceneDelegate] _inputViewsForResponder, useKeyboard 1 (allowsSystemInputView: 1, !inputView <(null): 0x0>, responderRequiresKeyboard 1)
2026-08-12 16:03:35.345 A  IlliniCover[40795:3ea930] (Security) SecKeyCopyPublicBytes
2026-08-12 16:03:35.345 A  IlliniCover[40795:3ea930] (Security) SecKeyCopyPublicBytes
2026-08-12 16:03:35.369 Df IlliniCover[40795:3ea930] [com.apple.dt.xctest:Default] Received request to fetch matches for query:
2026-08-12 16:03:35.369 Df IlliniCover[40795:3ea92d] [com.apple.dt.xctest:Default] Evaluating query:
2026-08-12 16:03:35.369 Df IlliniCover[40795:3ea92d] [com.apple.dt.xctest:Default] Getting root element snapshot
2026-08-12 16:03:35.369 Df IlliniCover[40795:3ea92d] [com.apple.dt.xctest:Default] Getting snapshot for App element pid: 40795 for query
2026-08-12 16:03:35.369 Df IlliniCover[40795:3ea92d] [com.apple.dt.xctest:Default] Query requires iOS snapshot attributes .
2026-08-12 16:03:35.369 Df IlliniCover[40795:3ea92d] [com.apple.dt.xctest:Default] XCTPerformOnMainRunLoop[not MT]: about to CFRunLoopPerform
2026-08-12 16:03:35.369 Df IlliniCover[40795:3ea92d] [com.apple.dt.xctest:Default] XCTPerformOnMainRunLoop[not MT]: waiting with 30.00s responsiveness timeout
2026-08-12 16:03:35.370 Df IlliniCover[40795:3ea930] [com.apple.CFNetwork:Default] Task <AE02EA6A-692E-452B-BC8C-BD458BB7F3C4>.<1> received response, status 200 content K
2026-08-12 16:03:35.370 Df IlliniCover[40795:3ea930] [com.apple.CFNetwork:Default] Task <AE02EA6A-692E-452B-BC8C-BD458BB7F3C4>.<1> done using Connection 1
2026-08-12 16:03:35.370 Df IlliniCover[40795:3ea930] [com.apple.network:connection] [C1] event: client:connection_idle @0.116s
2026-08-12 16:03:35.370 Df IlliniCover[40795:3ea930] [com.apple.network:connection] nw_protocol_socket_notify [C1.1.1.1:3] nw_protocol_notification_type_connection_idle is true
2026-08-12 16:03:35.370 A  IlliniCover[40795:3ea930] (Security) SecTrustEvaluateIfNecessary
2026-08-12 16:03:35.370 Df IlliniCover[40795:3ea930] [com.apple.xpc:connection] [0x1095e3c00] activating connection: mach=true listener=false peer=false name=com.apple.trustd
2026-08-12 16:03:35.371 Df IlliniCover[40795:3ea930] [com.apple.xpc:connection] [0x1095e3c00] invalidated because the current process cancelled the connection by calling xpc_connection_cancel()
2026-08-12 16:03:35.372 Df IlliniCover[40795:3ea930] [com.apple.CFNetwork:Default] Task <AE02EA6A-692E-452B-BC8C-BD458BB7F3C4>.<1> response ended
2026-08-12 16:03:35.372 Df IlliniCover[40795:3ea930] [com.apple.CFNetwork:Summary] Task <AE02EA6A-692E-452B-BC8C-BD458BB7F3C4>.<1> summary for task success {transaction_duration_ms=125, response_status=200, connection=1, protocol="h2", domain_lookup_duration_ms=1, connect_duration_ms=72, secure_connection_duration_ms=49, private_relay=false, request_start_ms=86, request_duration_ms=0, response_start_ms=123, response_duration_ms=1, request_bytes=702, request_throughput_kbps=16717, response_bytes=278, response_throughput_kbps=1120, cache_hit=false}
2026-08-12 16:03:35.372 Df IlliniCover[40795:3ea92c] [com.apple.CFNetwork:Default] Task <AE02EA6A-692E-452B-BC8C-BD458BB7F3C4>.<1> finished successfully
2026-08-12 16:03:35.372 Df IlliniCover[40795:3ea92b] [com.apple.CFNetwork:Default] Garbage collection for alternative services
2026-08-12 16:03:35.448 Df IlliniCover[40795:3ea921] [com.apple.UIKit:KeyboardSceneDelegate] _inputViewsForResponder, found assistantVC: <UISystemInputAssistantViewController: 0x109618f00; frame = {{0, 0}, {0, 0}}> (should suppress: 0, _dontNeed: 0)
2026-08-12 16:03:35.448 Df IlliniCover[40795:3ea921] [com.apple.UIKit:KeyboardSceneDelegate] _inputViewsForResponder, configuring _responderWithoutAutomaticAppearanceEnabled: <(null): 0x0> (_automaticAppearEnabled: 1)
2026-08-12 16:03:35.451 Df IlliniCover[40795:3ea921] [com.apple.xpc:connection] [0x1095e3e80] activating connection: mach=true listener=false peer=false name=com.apple.TextInput
2026-08-12 16:03:35.461 A  IlliniCover[40795:3ea921] (CoreFoundation) Updating Key-Value Observers Of Preferences
2026-08-12 16:03:35.462 Df IlliniCover[40795:3ea921] [com.apple.UIKit:UIKBFeedbackGenerator] <_UIKBFeedbackGenerator: 0x10963ef40>: Updating mode. Haptics: unsupported. Haptics: disabled. Ringer: on. Sound: enabled. Mode: audio only
2026-08-12 16:03:35.463 Df IlliniCover[40795:3ea921] [com.apple.UIKit:KeyboardSceneDelegate] _inputViewsForResponder, useKeyboard ivs: <UIInputViewSet: 0x10963f000>
2026-08-12 16:03:35.465 Df IlliniCover[40795:3ea921] [com.apple.UIKit:KeyboardSceneDelegate] _inputViewsForResponder returning: <<UIInputViewSet: 0x10963f000>; view = <_UIKBCompatInputView: 0x10c8141c0; frame = (0 0; 0 0); >; assistant = <TUISystemInputAssistantView: 0x10c9f4900; frame = (0 0; 0 0); hidden = YES; >; usesKeyClicks = NO;  >
2026-08-12 16:03:35.470 Df IlliniCover[40795:3ea921] [com.apple.UIKit:TrackingElementWindowController] Change from input view set: (null)
2026-08-12 16:03:35.470 Df IlliniCover[40795:3ea921] [com.apple.UIKit:TrackingElementWindowController] Change to input view set: (null)
2026-08-12 16:03:35.471 Df IlliniCover[40795:3ea921] [com.apple.UIKit:KeyboardLayoutGuide] _moveGuideOffscreenAtEdge: 4
2026-08-12 16:03:35.471 Df IlliniCover[40795:3ea921] [com.apple.UIKit:KeyboardLayoutGuide] changeOffsetConstants: offset is changing to {0, 0} [previous offset: {-1, -1}]
2026-08-12 16:03:35.471 Df IlliniCover[40795:3ea921] [com.apple.UIKit:KeyboardLayoutGuide] changeSizingConstants: size is changing [not transitioning] to {390, 0} [previous size: {1, 0}]
2026-08-12 16:03:35.473 Df IlliniCover[40795:3ea921] [com.apple.BackBoard:Keyboard] Activating connection to server: (null)
2026-08-12 16:03:35.474 Df IlliniCover[40795:3ea921] [com.apple.BackBoard:Keyboard] server remote target <BSXPCServiceConnectionProxy<BKSKeyboardServiceClientToServerIPC>: 0x10c92f020>
2026-08-12 16:03:35.474 Df IlliniCover[40795:3ea921] [com.apple.BackBoard:Keyboard] currently observing: YES
2026-08-12 16:03:35.474 Df IlliniCover[40795:3ea921] [com.apple.BackBoard:Keyboard] currently observing: NO
2026-08-12 16:03:35.474 Df IlliniCover[40795:3ea921] [com.apple.UIKit:InputSessionChange] -_teardownExistingDelegate:(nil) forSetDelegate:<UITextField: 0x109618000> force:NO delayEndInputSession:YES
2026-08-12 16:03:35.474 Df IlliniCover[40795:3ea921] [com.apple.UIKit:InputSessionChange] endInputSession completion is disabled
2026-08-12 16:03:35.475 Df IlliniCover[40795:3ea92c] [com.apple.CFNetwork:Default] Task <1E8B5290-8DFD-4B54-9F6C-CEA2A7697250>.<2> resuming, timeouts(15.0, 604800.0) qos(0x15) voucher((null)) activity(00000000-0000-0000-0000-000000000000)
2026-08-12 16:03:35.475 Df IlliniCover[40795:3ea921] [com.apple.UIKit:KeyboardSceneDelegate] [Interface Orientation] was:Interface Unknown now:UIInterfaceOrientationPortrait reason:Using key window scene
2026-08-12 16:03:35.475 Df IlliniCover[40795:3ea92c] [com.apple.network:connection] [C1] event: client:connection_reused @0.221s
2026-08-12 16:03:35.475 Df IlliniCover[40795:3ea92c] [com.apple.network:connection] nw_protocol_socket_notify [C1.1.1.1:3] nw_protocol_notification_type_connection_idle is false
2026-08-12 16:03:35.475 Df IlliniCover[40795:3ea92c] [com.apple.CFNetwork:Default] Task <1E8B5290-8DFD-4B54-9F6C-CEA2A7697250>.<2> now using Connection 1
2026-08-12 16:03:35.476 Df IlliniCover[40795:3ea92c] [com.apple.CFNetwork:Default] Task <1E8B5290-8DFD-4B54-9F6C-CEA2A7697250>.<2> sent request, body S 434
2026-08-12 16:03:35.477 Df IlliniCover[40795:3ea921] [com.apple.UIKit:SmartReply] Handling responseContextDidChange - existing: (null), new: (null)
2026-08-12 16:03:35.485 E  IlliniCover[40795:3ea921] [com.apple.UIKit:UIFocus] UIKeyboardLayoutStar implements focusItemsInRect: - caching for linear focus movement is limited as long as this view is on screen.
2026-08-12 16:03:35.516 Df IlliniCover[40795:3ea92c] [com.apple.CFNetwork:Default] Task <1E8B5290-8DFD-4B54-9F6C-CEA2A7697250>.<2> received response, status 200 content K
2026-08-12 16:03:35.516 Df IlliniCover[40795:3ea92c] [com.apple.CFNetwork:Default] Task <1E8B5290-8DFD-4B54-9F6C-CEA2A7697250>.<2> done using Connection 1
2026-08-12 16:03:35.516 Df IlliniCover[40795:3ea92c] [com.apple.network:connection] [C1] event: client:connection_idle @0.261s
2026-08-12 16:03:35.516 Df IlliniCover[40795:3ea92c] [com.apple.network:connection] nw_protocol_socket_notify [C1.1.1.1:3] nw_protocol_notification_type_connection_idle is true
2026-08-12 16:03:35.516 Df IlliniCover[40795:3ea92c] [com.apple.CFNetwork:Default] Task <1E8B5290-8DFD-4B54-9F6C-CEA2A7697250>.<2> response ended
2026-08-12 16:03:35.516 Df IlliniCover[40795:3ea92c] [com.apple.CFNetwork:Summary] Task <1E8B5290-8DFD-4B54-9F6C-CEA2A7697250>.<2> summary for task success {transaction_duration_ms=40, response_status=200, connection=1, reused=1, reused_after_ms=105, request_start_ms=0, request_duration_ms=0, response_start_ms=40, response_duration_ms=0, request_bytes=493, request_throughput_kbps=20014, response_bytes=56, response_throughput_kbps=1170, cache_hit=false}
2026-08-12 16:03:35.516 Df IlliniCover[40795:3ea930] [com.apple.CFNetwork:Default] Task <1E8B5290-8DFD-4B54-9F6C-CEA2A7697250>.<2> finished successfully
2026-08-12 16:03:35.525 Df IlliniCover[40795:3ea921] [com.apple.TextInputUI:DynamicKeyplaneView] <TUIKeyplaneView: 0x120e34800> changed keyplane size to {390, 216}; docked
2026-08-12 16:03:35.526 Df IlliniCover[40795:3ea921] [com.apple.TextInputUI:DynamicKeyplaneView] Setting dynamic keyplane: Dynamic-QWERTY-British-Small_Capital-Letters
2026-08-12 16:03:35.530 Df IlliniCover[40795:3ea92b] [com.apple.calls.callkit:Default] Call host has no calls
2026-08-12 16:03:35.561 Df IlliniCover[40795:3ea930] [com.apple.TextInputUI:CandidateGeneration] -[TUIKeyboardCandidateMultiplexer installGeneratorForSource:]_block_invoke: Multiplexer is installing generator for source: 1
2026-08-12 16:03:35.561 Df IlliniCover[40795:3ea930] [com.apple.TextInputUI:CandidateGeneration] -[TUIKeyboardCandidateMultiplexer installGeneratorForSource:]_block_invoke: Multiplexer is installing generator for source: 3
2026-08-12 16:03:35.561 Df IlliniCover[40795:3ea921] [com.apple.UIKit:KeyboardUI] Creating a new RTI client
2026-08-12 16:03:35.562 Df IlliniCover[40795:3ea921] [com.apple.BoardServices:XPCErrors] [C:3] Alloc com.apple.inputservice.input-ui-host
2026-08-12 16:03:35.562 Df IlliniCover[40795:3ea921] [com.apple.xpc:connection] [0x120f27840] activating connection: mach=false listener=false peer=false name=(anonymous)
2026-08-12 16:03:35.562 Df IlliniCover[40795:3ea921] [com.apple.UIKit:KeyboardUI] creating new AutofillUI connection
2026-08-12 16:03:35.562 Df IlliniCover[40795:3ea921] [com.apple.xpc:connection] [0x120f27980] activating connection: mach=true listener=false peer=false name=com.apple.rti-screencontinuity
2026-08-12 16:03:35.564 Df IlliniCover[40795:3ea921] [com.apple.xpc:connection] [0x120f27980] failed to do a bootstrap look-up: xpc_error=[3: No such process]
2026-08-12 16:03:35.564 Df IlliniCover[40795:3ea921] [com.apple.xpc:connection] [0x120f27980] invalidated after a failed init
2026-08-12 16:03:35.564 Df IlliniCover[40795:3ea92b] [com.apple.RemoteTextInput:InputSessionChange] -[RTIInputSystemClient _configureConnection:withMachName:]_block_invoke_2  Client connection to service was invalidated: <NSXPCConnection: 0x120e119a0> connection to service named com.apple.rti-screencontinuity
2026-08-12 16:03:35.564 Df IlliniCover[40795:3ea921] [com.apple.RemoteTextInput:InputSessionChange] -[RTIInputSystemClient beginAllowingRemoteTextInput:]  Begin allowing remote text input: B9423086-32E4-4FAF-BD7B-3F430B82DDF5
2026-08-12 16:03:35.565 Df IlliniCover[40795:3ea921] [com.apple.RemoteTextInput:InputSessionChange] -[RTIInputSystemClient _modifyTextEditingAllowedForReason:notify:animated:modifyAllowancesBlock:completion:]  Text editing allowed did change (editingAllowedAfter = YES)
2026-08-12 16:03:35.573 Df IlliniCover[40795:3ea921] [com.apple.xpc:connection] [0x120f27c00] activating connection: mach=true listener=false peer=false name=com.apple.pasteboard.pasted
2026-08-12 16:03:35.592 Df IlliniCover[40795:3ea921] [com.apple.RemoteTextInput:InputSessionChange] -[RTIInputSystemClient _beginSessionWithID:forServices:force:]  Begin text input session. sessionID = B9423086-32E4-4FAF-BD7B-3F430B82DDF5, options = <RTISessionOptions: 0x120f3c860; shouldResign = NO; animated = YES; offscreenDirection = 0; enhancedWindowingModeEnabled = NO
2026-08-12 16:03:35.618 Df IlliniCover[40795:3ea921] [com.apple.UIKit:KeyboardSceneDelegate] Reloading input views for key-window scene responder: <(null): 0x0; > force:N
2026-08-12 16:03:35.618 Df IlliniCover[40795:3ea921] [com.apple.UIKit:KeyboardSceneDelegate] _reloadInputViewsForKeyWindowSceneResponder: 0 force: 0, fromBecomeFirstResponder: 0 (automaticKeyboard: 0, reloadIdentifier: 3C9640E3-CC2F-4FB6-8AB1-3CF903545DA9)
2026-08-12 16:03:35.618 Df IlliniCover[40795:3ea921] [com.apple.UIKit:KeyboardSceneDelegate] _inputViewsForResponder: <(null): 0x0; >, automaticKeyboard: 0, force: 0
2026-08-12 16:03:35.618 Df IlliniCover[40795:3ea921] [com.apple.UIKit:KeyboardSceneDelegate] _inputViewsForResponder, found custom inputView: <(null): 0x0>, customInputViewController: <(null): 0x0>
2026-08-12 16:03:35.618 Df IlliniCover[40795:3ea921] [com.apple.UIKit:KeyboardSceneDelegate] _inputViewsForResponder, found inputAccessoryView: <(null): 0x0>
2026-08-12 16:03:35.618 Df IlliniCover[40795:3ea921] [com.apple.UIKit:KeyboardSceneDelegate] _inputViewsForResponder, responderRequiresKeyboard 0 (automaticKeyboardEnabled: 0, activeInstance: <UIKeyboardAutomatic: 0x120df2d00; frame = {{0, 0}, {0, 0}}; alpha = 1.000000; isHidden = 0; tAMIC = 0>, self.isOnScreen: 0, requiresKBWhenFirstResponder: 0)
2026-08-12 16:03:35.618 Df IlliniCover[40795:3ea921] [com.apple.UIKit:KeyboardSceneDelegate] _inputViewsForResponder, useKeyboard 0 (allowsSystemInputView: 1, !inputView <(null): 0x0>, responderRequiresKeyboard 0)
2026-08-12 16:03:35.618 Df IlliniCover[40795:3ea921] [com.apple.UIKit:KeyboardSceneDelegate] _inputViewsForResponder, configuring _responderWithoutAutomaticAppearanceEnabled: <(null): 0x0> (_automaticAppearEnabled: 1)
2026-08-12 16:03:35.618 Df IlliniCover[40795:3ea921] [com.apple.UIKit:KeyboardSceneDelegate] _inputViewsForResponder, needsIVPlaceholder: 0, needsIAVPlaceholder: 0, needsInputSetWithPlaceholder: 0
2026-08-12 16:03:35.618 Df IlliniCover[40795:3ea921] [com.apple.UIKit:KeyboardSceneDelegate] _inputViewsForResponder returning: <<UIInputViewSet: 0x120f10f00>; (empty)>
2026-08-12 16:03:35.618 Df IlliniCover[40795:3ea921] [com.apple.BackBoard:Keyboard] currently observing: YES
2026-08-12 16:03:35.619 Df IlliniCover[40795:3ea921] [com.apple.BackBoard:Keyboard] currently observing: NO
2026-08-12 16:03:35.619 Df IlliniCover[40795:3ea921] [com.apple.UIKit:InputSessionChange] -_teardownExistingDelegate:<UITextField: 0x109618000> forSetDelegate:(nil) force:NO delayEndInputSession:NO
2026-08-12 16:03:35.622 Df IlliniCover[40795:3ea930] [com.apple.network:path] nw_path_evaluator_start [EE1D2C32-3957-472B-BC0E-34341C405213 <NULL> generic, multipath service: handover, attribution: developer]
	path: satisfied (Path is satisfied), interface: en0[802.11], uses wifi, LQM: unknown
2026-08-12 16:03:35.622 Df IlliniCover[40795:3ea930] [com.apple.xpc:connection] [0x120f55540] activating connection: mach=true listener=false peer=false name=com.apple.SystemConfiguration.NetworkInformation_sim
2026-08-12 16:03:35.623 Df IlliniCover[40795:3ea930] [com.apple.network:path] nw_path_evaluator_cancel [EE1D2C32-3957-472B-BC0E-34341C405213] cancel
2026-08-12 16:03:35.623 Df IlliniCover[40795:3ea921] [com.apple.RemoteTextInput:InputSessionChange] -[RTIInputSystemClient endRemoteTextInputSessionWithID:options:completion:]  Ending text input session. sessionID = B9423086-32E4-4FAF-BD7B-3F430B82DDF5, options = <RTISessionOptions: 0x120f3da60; shouldResign = YES; animated = YES; offscreenDirection = 0; enhancedWindowingModeEnabled = NO
2026-08-12 16:03:35.623 Df IlliniCover[40795:3ea921] [com.apple.RemoteTextInput:InputSessionChange] -[RTIInputSystemClient _endSessionWithID:forServices:options:completion:]  End input session: B9423086-32E4-4FAF-BD7B-3F430B82DDF5
2026-08-12 16:03:35.624 Df IlliniCover[40795:3ea921] [com.apple.RemoteTextInput:InputSessionChange] -[RTIInputSystemClient endAllowingRemoteTextInput:completion:]  End allowing remote text input: B9423086-32E4-4FAF-BD7B-3F430B82DDF5
2026-08-12 16:03:35.624 Df IlliniCover[40795:3ea921] [com.apple.RemoteTextInput:InputSessionChange] -[RTIInputSystemClient _modifyTextEditingAllowedForReason:notify:animated:modifyAllowancesBlock:completion:]  Text editing allowed did change (editingAllowedAfter = NO)
2026-08-12 16:03:35.625 Df IlliniCover[40795:3ea921] [com.apple.UIKit:SmartReply] Handling responseContextDidChange - existing: (null), new: (null)
2026-08-12 16:03:35.626 Df IlliniCover[40795:3ea921] [com.apple.UIKit:UIPeripheralHost] endPlacementForInputViewSet: <<UIInputViewSet: 0x10963f000>; keyboard = <UIKeyboardAutomatic: 0x120df2d00; frame = (0 0; 0 0); opaque = NO; layer = <CALayer: 0x120e202a0>>%; assistant = <TUISystemInputAssistantView: 0x10c9f4900; frame = (0 0; 0 0); hidden = YES; >; usesKeyClicks = NO;  > windowScene: <UIWindowScene: 0x10c8ad200; role: UIWindowSceneSessionRoleApplication; persistentIdentifier: 2050C5AC-6A26-42BC-8E8F-FBAE5EDC0388; activationState: UISceneActivationStateForegroundActive>
2026-08-12 16:03:35.626 Df IlliniCover[40795:3ea921] [com.apple.UIKit:UIPeripheralHost] endPlacementForInputViewSet, returning -> <UIInputViewSetPlacementOnScreen>
2026-08-12 16:03:35.627 Df IlliniCover[40795:3ea921] [com.apple.UIKit:KeyboardArbiterClientLog] -[_UIRemoteKeyboards prepareToMoveKeyboard:withIAV:isIAVRelevant:showing:notifyRemote:forScene:] position: {{0, 0}, {390, 325}} visible: 1; notifyRemote: 1; isMinimized: NO
2026-08-12 16:03:35.627 Df IlliniCover[40795:3ea921] [com.apple.UIKit:InterfaceStyle] Should send trait collection or coordinate space update, interface style 2 -> 2, <_UIKeyboardWindowScene: 0x120efad00> (7843B50B-E344-4B90-9274-A23CA5C4958E)
2026-08-12 16:03:35.627 Df IlliniCover[40795:3ea921] [com.apple.UIKit:InterfaceStyle] Should send trait collection or coordinate space update, interface style 2 -> 2, <_UIKeyboardWindowScene: 0x120efad00> (7843B50B-E344-4B90-9274-A23CA5C4958E)
2026-08-12 16:03:35.627 Df IlliniCover[40795:3ea921] [com.apple.UIKit:HomeAffordanceObservation] Initializing: <_UIHomeAffordanceSceneNotifierProxy: 0x120233de0>; with scene: <_UIKeyboardWindowScene: 0x120efad00>
2026-08-12 16:03:35.629 Df IlliniCover[40795:3ea921] [com.apple.UIKit:InputWindowController] Change from input view set: (null)
2026-08-12 16:03:35.629 Df IlliniCover[40795:3ea921] [com.apple.UIKit:InputWindowController] Change to input view set: (null)
2026-08-12 16:03:35.629 Df IlliniCover[40795:3ea921] [com.apple.FrontBoard:SceneExtension] Realizing settings extension <_UIApplicationSceneDisplaySettings> on FBSSceneSettings
2026-08-12 16:03:35.630 Df IlliniCover[40795:3ea921] [com.apple.UIKit:InputWindowController] Change from input view set: (null)
2026-08-12 16:03:35.630 Df IlliniCover[40795:3ea921] [com.apple.UIKit:InputWindowController] Change to input view set: <<UIInputViewSet: 0x120f11140>; (empty)>
2026-08-12 16:03:35.689 Df IlliniCover[40795:3ea930] [com.apple.network:path] nw_path_evaluator_start [35BB3FA0-4E80-4E65-96FB-0B2BAE65932D <NULL> generic, multipath service: handover, attribution: developer]
	path: satisfied (Path is satisfied), interface: en0[802.11], uses wifi, LQM: unknown
2026-08-12 16:03:35.693 Df IlliniCover[40795:3ea921] [com.apple.UIKit:InputWindowController] updatePlacementWithPlacement: <UITrackingElementPlacementInitialPosition>
2026-08-12 16:03:35.697 Df IlliniCover[40795:3ea921] [com.apple.runningboard:connection] Creating side-channel connection to com.apple.runningboard
2026-08-12 16:03:35.697 Df IlliniCover[40795:3ea921] [com.apple.xpc:connection] [0x120fe0640] activating connection: mach=true listener=false peer=false name=com.apple.runningboard
2026-08-12 16:03:35.697 Df IlliniCover[40795:3ea921] [com.apple.runningboard:process] Hit the server for a process handle 170c798200009f5b that resolved to: [app<com.illinicover.app((null))>:40795]
2026-08-12 16:03:35.698 Df IlliniCover[40795:3ea921] [com.apple.KeyboardArbiter:Client] prepareToMoveKeyboard: set currentKeyboard:Y
2026-08-12 16:03:35.698 Df IlliniCover[40795:3ea921] [com.apple.KeyboardArbiter:Client] TX signalKeyboardChanged
2026-08-12 16:03:35.698 Df IlliniCover[40795:3ea921] [com.apple.UIKit:KeyboardArbiterClientLog] -[_UIRemoteKeyboards signalToProxyKeyboardChanged:onCompletion:]  Signaling keyboard changed <<<_UIKeyboardChangedInformation: 0x10976de00>; appId (null) bundleId (null) animation fence <BKSAnimationFenceHandle:0x120f64550 -> <CAFenceHandle:0x10c92c4d0 name=2 fence=75600000164 usable=YES>>; position {{0, 519}, {390, 325}}; animated YES; on screen YES; tracking NO; resizing NO; local NO, dock state: Unknown, hasValidNotif: NO>; source canvas com.apple.frontboard.systemappservices/FBSceneManager:sceneID%3Acom.illinicover.app-default; source display Main; source bundle com.illinicover.app; host bundle (null); animation fence <BKSAnimationFenceHandle:0x120f64550 -> <CAFenceHandle:0x10c92c4d0 name=2 fence=75600000164 usable=YES>>; position {{0, 519}, {390, 325}} (with IAV same); floating 0; on screen YES;  intersectable YES; snapshot YES>
2026-08-12 16:03:35.698 Df IlliniCover[40795:3ea921] [com.apple.KeyboardArbiter:Client] TX setWindowContextID:3672809800 windowState:Enabled level:0.0
    focusContext:<contextID:264219519 sceneID:com.illinicover.app-default>
2026-08-12 16:03:35.698 Df IlliniCover[40795:3ea921] [com.apple.UIKit:UIKeyboardExtended] Requesting scene for autofill UI
2026-08-12 16:03:35.698 Df IlliniCover[40795:3ea921] [com.apple.UIKit:KeyboardVisualMode] Show keyboard with visual mode windowed (0)
2026-08-12 16:03:35.699 Df IlliniCover[40795:3ea921] [com.apple.UIKit:InputWindowController] Setting input views: <<UIInputViewSet: 0x120f112c0>; keyboard = [uninitialized]; assistant = <TUISystemInputAssistantView: 0x10c9f4900; frame = (0 0; 0 0); hidden = YES; >; usesKeyClicks = NO;  >
2026-08-12 16:03:35.706 Df IlliniCover[40795:3ea921] [com.apple.UIKit:UIPeripheralHost] endPlacementForInputViewSet: <<UIInputViewSet: 0x120f112c0>; keyboard = <UIKeyboardAutomatic: 0x120df2d00; frame = (0 0; 0 0); opaque = NO; layer = <CALayer: 0x120e202a0>>%; assistant = <TUISystemInputAssistantView: 0x10c9f4900; frame = (0 0; 0 0); hidden = YES; >; usesKeyClicks = NO;  > windowScene: <_UIKeyboardWindowScene: 0x120efad00; role: _UIScreenBasedSceneSession; persistentIdentifier: 7843B50B-E344-4B90-9274-A23CA5C4958E; activationState: UISceneActivationStateForegroundActive>
2026-08-12 16:03:35.706 Df IlliniCover[40795:3ea921] [com.apple.UIKit:UIPeripheralHost] endPlacementForInputViewSet, returning -> <UIInputViewSetPlacementOnScreen>
2026-08-12 16:03:35.706 Df IlliniCover[40795:3ea921] [com.apple.UIKit:InputWindowController] Moving from placement: <UITrackingElementPlacementInitialPosition> to placement: <UIInputViewSetPlacementOnScreen> (currentPlacement: <UITrackingElementPlacementInitialPosition>)
2026-08-12 16:03:35.706 Df IlliniCover[40795:3ea921] [com.apple.UIKit:InputWindowController] Change from input view set: <<UIInputViewSet: 0x120f11140>; (empty)>
2026-08-12 16:03:35.706 Df IlliniCover[40795:3ea921] [com.apple.UIKit:InputWindowController] Change to input view set: <<UIInputViewSet: 0x120f112c0>; keyboard = <UIKeyboardAutomatic: 0x120df2d00; frame = (0 0; 0 0); opaque = NO; layer = <CALayer: 0x120e202a0>>%; assistant = <TUISystemInputAssistantView: 0x10c9f4900; frame = (0 0; 0 0); hidden = YES; >; usesKeyClicks = NO;  >
2026-08-12 16:03:35.710 Df IlliniCover[40795:3ea921] [com.apple.TextInputUI:DynamicKeyplaneView] Setting dynamic keyplane: Dynamic-QWERTY-British-Small_Small-Letters-Small-Display
2026-08-12 16:03:35.745 A  IlliniCover[40795:3ea930] (RunningBoardServices) didChangeInheritances
2026-08-12 16:03:35.753 Df IlliniCover[40795:3ea921] [com.apple.UIKit:UIPeripheralHost] endPlacementForInputViewSet: <<UIInputViewSet: 0x120f112c0>; keyboard = <UIKeyboardAutomatic: 0x120df2d00; frame = (0 0; 0 0); opaque = NO; layer = <CALayer: 0x120e202a0>>%; assistant = <TUISystemInputAssistantView: 0x10c9f4900; frame = (0 0; 0 0); hidden = YES; >; usesKeyClicks = NO;  > windowScene: <_UIKeyboardWindowScene: 0x120efad00; role: _UIScreenBasedSceneSession; persistentIdentifier: 7843B50B-E344-4B90-9274-A23CA5C4958E; activationState: UISceneActivationStateForegroundActive>
2026-08-12 16:03:35.753 Df IlliniCover[40795:3ea921] [com.apple.UIKit:UIPeripheralHost] endPlacementForInputViewSet, returning -> <UIInputViewSetPlacementOnScreen>
2026-08-12 16:03:35.753 Df IlliniCover[40795:3ea921] [com.apple.UIKit:UIPeripheralHost] endPlacementForInputViewSet: <<UIInputViewSet: 0x120f112c0>; keyboard = <UIKeyboardAutomatic: 0x120df2d00; frame = (0 0; 0 0); opaque = NO; layer = <CALayer: 0x120e202a0>>%; assistant = <TUISystemInputAssistantView: 0x10c9f4900; frame = (0 0; 0 0); hidden = YES; >; usesKeyClicks = NO;  > windowScene: <_UIKeyboardWindowScene: 0x120efad00; role: _UIScreenBasedSceneSession; persistentIdentifier: 7843B50B-E344-4B90-9274-A23CA5C4958E; activationState: UISceneActivationStateForegroundActive>
2026-08-12 16:03:35.753 Df IlliniCover[40795:3ea921] [com.apple.UIKit:UIPeripheralHost] endPlacementForInputViewSet, returning -> <UIInputViewSetPlacementOnScreen>
2026-08-12 16:03:35.754 Df IlliniCover[40795:3ea921] [com.apple.UIKit:UIPeripheralHost] endPlacementForInputViewSet: <<UIInputViewSet: 0x120f112c0>; keyboard = <UIKeyboardAutomatic: 0x120df2d00; frame = (0 0; 0 0); opaque = NO; layer = <CALayer: 0x120e202a0>>%; assistant = <TUISystemInputAssistantView: 0x10c9f4900; frame = (0 0; 0 0); hidden = YES; >; usesKeyClicks = NO;  > windowScene: <_UIKeyboardWindowScene: 0x120efad00; role: _UIScreenBasedSceneSession; persistentIdentifier: 7843B50B-E344-4B90-9274-A23CA5C4958E; activationState: UISceneActivationStateForegroundActive>
2026-08-12 16:03:35.754 Df IlliniCover[40795:3ea921] [com.apple.UIKit:UIPeripheralHost] endPlacementForInputViewSet, returning -> <UIInputViewSetPlacementOnScreen>
2026-08-12 16:03:35.754 Df IlliniCover[40795:3ea921] [com.apple.UIKit:UIPeripheralHost] endPlacementForInputViewSet: <<UIInputViewSet: 0x120f112c0>; keyboard = <UIKeyboardAutomatic: 0x120df2d00; frame = (0 0; 0 0); opaque = NO; layer = <CALayer: 0x120e202a0>>%; assistant = <TUISystemInputAssistantView: 0x10c9f4900; frame = (0 0; 0 0); hidden = YES; >; usesKeyClicks = NO;  > windowScene: <_UIKeyboardWindowScene: 0x120efad00; role: _UIScreenBasedSceneSession; persistentIdentifier: 7843B50B-E344-4B90-9274-A23CA5C4958E; activationState: UISceneActivationStateForegroundActive>
2026-08-12 16:03:35.754 Df IlliniCover[40795:3ea921] [com.apple.UIKit:UIPeripheralHost] endPlacementForInputViewSet, returning -> <UIInputViewSetPlacementOnScreen>
2026-08-12 16:03:35.756 Df IlliniCover[40795:3ea921] [com.apple.UIKit:UIPeripheralHost] endPlacementForInputViewSet: <<UIInputViewSet: 0x120f112c0>; keyboard = <UIKeyboardAutomatic: 0x120df2d00; frame = (0 0; 0 0); opaque = NO; layer = <CALayer: 0x120e202a0>>%; assistant = <TUISystemInputAssistantView: 0x10c9f4900; frame = (0 0; 0 0); hidden = YES; >; usesKeyClicks = NO;  > windowScene: <_UIKeyboardWindowScene: 0x120efad00; role: _UIScreenBasedSceneSession; persistentIdentifier: 7843B50B-E344-4B90-9274-A23CA5C4958E; activationState: UISceneActivationStateForegroundActive>
2026-08-12 16:03:35.757 Df IlliniCover[40795:3ea921] [com.apple.UIKit:UIPeripheralHost] endPlacementForInputViewSet, returning -> <UIInputViewSetPlacementOnScreen>
2026-08-12 16:03:35.757 Df IlliniCover[40795:3ea921] [com.apple.UIKit:UIPeripheralHost] endPlacementForInputViewSet: <<UIInputViewSet: 0x120f112c0>; keyboard = <UIKeyboardAutomatic: 0x120df2d00; frame = (0 0; 0 0); opaque = NO; layer = <CALayer: 0x120e202a0>>%; assistant = <TUISystemInputAssistantView: 0x10c9f4900; frame = (0 0; 0 0); hidden = YES; >; usesKeyClicks = NO;  > windowScene: <_UIKeyboardWindowScene: 0x120efad00; role: _UIScreenBasedSceneSession; persistentIdentifier: 7843B50B-E344-4B90-9274-A23CA5C4958E; activationState: UISceneActivationStateForegroundActive>
2026-08-12 16:03:35.757 Df IlliniCover[40795:3ea921] [com.apple.UIKit:UIPeripheralHost] endPlacementForInputViewSet, returning -> <UIInputViewSetPlacementOnScreen>
2026-08-12 16:03:35.757 Df IlliniCover[40795:3ea921] [com.apple.UIKit:UIPeripheralHost] endPlacementForInputViewSet: <<UIInputViewSet: 0x120f112c0>; keyboard = <UIKeyboardAutomatic: 0x120df2d00; frame = (0 0; 0 0); opaque = NO; layer = <CALayer: 0x120e202a0>>%; assistant = <TUISystemInputAssistantView: 0x10c9f4900; frame = (0 0; 0 0); hidden = YES; >; usesKeyClicks = NO;  > windowScene: <_UIKeyboardWindowScene: 0x120efad00; role: _UIScreenBasedSceneSession; persistentIdentifier: 7843B50B-E344-4B90-9274-A23CA5C4958E; activationState: UISceneActivationStateForegroundActive>
2026-08-12 16:03:35.757 Df IlliniCover[40795:3ea921] [com.apple.UIKit:UIPeripheralHost] endPlacementForInputViewSet, returning -> <UIInputViewSetPlacementOnScreen>
2026-08-12 16:03:35.757 Df IlliniCover[40795:3ea921] [com.apple.UIKit:UIPeripheralHost] endPlacementForInputViewSet: <<UIInputViewSet: 0x120f112c0>; keyboard = <UIKeyboardAutomatic: 0x120df2d00; frame = (0 0; 0 0); opaque = NO; layer = <CALayer: 0x120e202a0>>%; assistant = <TUISystemInputAssistantView: 0x10c9f4900; frame = (0 0; 0 0); hidden = YES; >; usesKeyClicks = NO;  > windowScene: <_UIKeyboardWindowScene: 0x120efad00; role: _UIScreenBasedSceneSession; persistentIdentifier: 7843B50B-E344-4B90-9274-A23CA5C4958E; activationState: UISceneActivationStateForegroundActive>
2026-08-12 16:03:35.757 Df IlliniCover[40795:3ea921] [com.apple.UIKit:UIPeripheralHost] endPlacementForInputViewSet, returning -> <UIInputViewSetPlacementOnScreen>
2026-08-12 16:03:35.761 Df IlliniCover[40795:3ea921] [com.apple.UIKit:InputWindowController] moveFromPlacement, updated placements from: <UITrackingElementPlacementInitialPosition>, to: <UIInputViewSetPlacementOnScreen>
2026-08-12 16:03:35.765 Df IlliniCover[40795:3ea921] [com.apple.UIKit:InputWindowController] updatePlacementWithPlacement: <UIInputViewSetPlacementOnScreen>
2026-08-12 16:03:35.765 Df IlliniCover[40795:3ea921] [com.apple.UIKit:UIPeripheralHost] endPlacementForInputViewSet: <<UIInputViewSet: 0x120f112c0>; keyboard = <UIKeyboardAutomatic: 0x120df2d00; frame = (0 0; 390 233); opaque = NO; layer = <CALayer: 0x120e202a0>>%; assistant = <TUISystemInputAssistantView: 0x10c9f4900; frame = (0 0; 390 0); hidden = YES; >; usesKeyClicks = NO;  > windowScene: <_UIKeyboardWindowScene: 0x120efad00; role: _UIScreenBasedSceneSession; persistentIdentifier: 7843B50B-E344-4B90-9274-A23CA5C4958E; activationState: UISceneActivationStateForegroundActive>
2026-08-12 16:03:35.765 Df IlliniCover[40795:3ea921] [com.apple.UIKit:UIPeripheralHost] endPlacementForInputViewSet, returning -> <UIInputViewSetPlacementOnScreen>
2026-08-12 16:03:35.766 Df IlliniCover[40795:3ea921] [com.apple.UIKit:UIPeripheralHost] endPlacementForInputViewSet: <<UIInputViewSet: 0x120f112c0>; keyboard = <UIKeyboardAutomatic: 0x120df2d00; frame = (0 0; 390 233); opaque = NO; layer = <CALayer: 0x120e202a0>>%; assistant = <TUISystemInputAssistantView: 0x10c9f4900; frame = (0 0; 390 0); hidden = YES; >; usesKeyClicks = NO;  > windowScene: <_UIKeyboardWindowScene: 0x120efad00; role: _UIScreenBasedSceneSession; persistentIdentifier: 7843B50B-E344-4B90-9274-A23CA5C4958E; activationState: UISceneActivationStateForegroundActive>
2026-08-12 16:03:35.766 Df IlliniCover[40795:3ea921] [com.apple.UIKit:UIPeripheralHost] endPlacementForInputViewSet, returning -> <UIInputViewSetPlacementOnScreen>
2026-08-12 16:03:35.766 Df IlliniCover[40795:3ea921] [com.apple.UIKit:UIPeripheralHost] endPlacementForInputViewSet: <<UIInputViewSet: 0x120f112c0>; keyboard = <UIKeyboardAutomatic: 0x120df2d00; frame = (0 0; 390 233); opaque = NO; layer = <CALayer: 0x120e202a0>>%; assistant = <TUISystemInputAssistantView: 0x10c9f4900; frame = (0 0; 390 0); hidden = YES; >; usesKeyClicks = NO;  > windowScene: <_UIKeyboardWindowScene: 0x120efad00; role: _UIScreenBasedSceneSession; persistentIdentifier: 7843B50B-E344-4B90-9274-A23CA5C4958E; activationState: UISceneActivationStateForegroundActive>
2026-08-12 16:03:35.766 Df IlliniCover[40795:3ea921] [com.apple.UIKit:UIPeripheralHost] endPlacementForInputViewSet, returning -> <UIInputViewSetPlacementOnScreen>
2026-08-12 16:03:35.766 Df IlliniCover[40795:3ea921] [com.apple.UIKit:UIPeripheralHost] endPlacementForInputViewSet: <<UIInputViewSet: 0x120f112c0>; keyboard = <UIKeyboardAutomatic: 0x120df2d00; frame = (0 0; 390 233); opaque = NO; layer = <CALayer: 0x120e202a0>>%; assistant = <TUISystemInputAssistantView: 0x10c9f4900; frame = (0 0; 390 0); hidden = YES; >; usesKeyClicks = NO;  > windowScene: <_UIKeyboardWindowScene: 0x120efad00; role: _UIScreenBasedSceneSession; persistentIdentifier: 7843B50B-E344-4B90-9274-A23CA5C4958E; activationState: UISceneActivationStateForegroundActive>
2026-08-12 16:03:35.766 Df IlliniCover[40795:3ea921] [com.apple.UIKit:UIPeripheralHost] endPlacementForInputViewSet, returning -> <UIInputViewSetPlacementOnScreen>
2026-08-12 16:03:35.766 Df IlliniCover[40795:3ea921] [com.apple.UIKit:KeyboardArbiterClientLog] -[_UIRemoteKeyboards prepareToMoveKeyboard:withIAV:isIAVRelevant:showing:notifyRemote:forScene:] position: {{0, 0}, {390, 308}} visible: 1; notifyRemote: 0; isMinimized: NO
2026-08-12 16:03:35.767 Df IlliniCover[40795:3ea921] [com.apple.KeyboardArbiter:Client] prepareToMoveKeyboard: set currentKeyboard:Y
2026-08-12 16:03:35.767 Df IlliniCover[40795:3ea921] [com.apple.KeyboardArbiter:Client] TX signalKeyboardChanged
2026-08-12 16:03:35.767 Df IlliniCover[40795:3ea921] [com.apple.UIKit:KeyboardArbiterClientLog] -[_UIRemoteKeyboards signalToProxyKeyboardChanged:onCompletion:]  Signaling keyboard changed <<<_UIKeyboardChangedInformation: 0x10976dc80>; appId (null) bundleId (null) animation fence <BKSAnimationFenceHandle:0x120f658a0 -> <CAFenceHandle:0x10c92c4d0 name=4 fence=75600000164 usable=YES>>; position {{0, 536}, {390, 308}}; animated YES; on screen YES; tracking NO; resizing NO; local NO, dock state: Unknown, hasValidNotif: NO>; source canvas com.apple.frontboard.systemappservices/FBSceneManager:sceneID%3Acom.illinicover.app-default; source display Main; source bundle com.illinicover.app; host bundle (null); animation fence <BKSAnimationFenceHandle:0x120f658a0 -> <CAFenceHandle:0x10c92c4d0 name=4 fence=75600000164 usable=YES>>; position {{0, 536}, {390, 308}} (with IAV same); floating 0; on screen YES;  intersectable YES; snapshot YES>
2026-08-12 16:03:35.768 Df IlliniCover[40795:3ea921] [com.apple.UIKit:InputWindowController] Tracking provider: moveFromPlacement: <UITrackingElementPlacementInitialPosition> toPlacement: <UIInputViewSetPlacementOnScreen> update to: {{0, 536}, {390, 308}}
2026-08-12 16:03:35.768 Df IlliniCover[40795:3ea921] [com.apple.UIKit:KeyboardSceneDelegate] KeyboardTrackingCoordinator: Creating tracking provider for <_UIKeyboardWindowScene: 0x120efad00; role: _UIScreenBasedSceneSession; persistentIdentifier: 7843B50B-E344-4B90-9274-A23CA5C4958E; activationState: UISceneActivationStateForegroundActive>
2026-08-12 16:03:35.768 Df IlliniCover[40795:3ea921] [com.apple.UIKit:KeyboardSceneDelegate] KeyboardTrackingCoordinator: Creating tracking coordinator for <UIWindowScene: 0x10c8ad200; role: UIWindowSceneSessionRoleApplication; persistentIdentifier: 2050C5AC-6A26-42BC-8E8F-FBAE5EDC0388; activationState: UISceneActivationStateForegroundActive>
2026-08-12 16:03:35.768 Df IlliniCover[40795:3ea921] [com.apple.TextInputUI:KeyboardTrackingCoordinator] Updating tracking clients for start <TUIKeyboardTrackingCoordinator:0x1220e9680 state=<TUIKeyboardState: 0x120f3f860 State: onscreen with input view; is docked>; frame={{0, 536}, {390, 308}}; animation=<TUIKeyboardAnimationInfo: 0x1220ca040, duration: 0.38, from local keyboard, is not rotating, should animate, type: 0, notificationInfo: {
    UIKeyboardAnimationCurveUserInfoKey = 7;
    UIKeyboardAnimationDurationUserInfoKey = "0.3833";
    UIKeyboardBoundsUserInfoKey = "NSRect: {{0, 0}, {390, 308}}";
    UIKeyboardCenterBeginUserInfoKey = "NSPoint: {195, 844}";
    UIKeyboardCenterEndUserInfoKey = "NSPoint: {195, 690}";
    UIKeyboardFrameBeginUserInfoKey = "NSRect: {{0, 844}, {390, 0}}";
    UIKeyboardFrameEndUserInfoKey = "NSRect: {{0, 536}, {390, 308}}";
    UIKeyboardIsLocalUserInfoKey = 1;
}notificationsDebug: >>
2026-08-12 16:03:35.768 Df IlliniCover[40795:3ea921] [com.apple.UIKit:KeyboardLayoutGuide] changeSizingConstants: size is changing [not transitioning] to {390, 308} [previous size: {390, 0}]
2026-08-12 16:03:35.769 Df IlliniCover[40795:3ea921] [com.apple.UIKit:TrackingElementWindowController] Setting tracking element input views: <<UIInputViewSet: 0x120f11380>; keyboard = [uninitialized]; usesKeyClicks = NO;  >
2026-08-12 16:03:35.769 Df IlliniCover[40795:3ea921] [com.apple.UIKit:UIPeripheralHost] endPlacementForInputViewSet: <<UIInputViewSet: 0x120f11380>; keyboard = <UIKeyboardAutomatic: 0x120df2d00; frame = (0 0; 390 233); opaque = NO; layer = <CALayer: 0x120e202a0>>%; usesKeyClicks = NO;  > windowScene: <UIWindowScene: 0x10c8ad200; role: UIWindowSceneSessionRoleApplication; persistentIdentifier: 2050C5AC-6A26-42BC-8E8F-FBAE5EDC0388; activationState: UISceneActivationStateForegroundActive>
2026-08-12 16:03:35.769 Df IlliniCover[40795:3ea921] [com.apple.UIKit:UIPeripheralHost] endPlacementForInputViewSet, returning -> <UIInputViewSetPlacementOnScreen>
2026-08-12 16:03:35.769 Df IlliniCover[40795:3ea921] [com.apple.UIKit:TrackingElementWindowController] Moving from placement: <UITrackingElementPlacementInitialPosition> to placement: <UIInputViewSetPlacementOnScreen> (currentPlacement: <UITrackingElementPlacementInitialPosition>)
2026-08-12 16:03:35.769 Df IlliniCover[40795:3ea921] [com.apple.UIKit:TrackingElementWindowController] Change from input view set: (null)
2026-08-12 16:03:35.769 Df IlliniCover[40795:3ea921] [com.apple.UIKit:TrackingElementWindowController] Change to input view set: <<UIInputViewSet: 0x120f11380>; keyboard = <UIKeyboardAutomatic: 0x120df2d00; frame = (0 0; 390 233); opaque = NO; layer = <CALayer: 0x120e202a0>>%; usesKeyClicks = NO;  >
2026-08-12 16:03:35.769 Df IlliniCover[40795:3ea921] [com.apple.UIKit:KeyboardArbiterClientLog] -[_UIRemoteKeyboardPlaceholderView refreshPlaceholder]  refreshPlaceholder: size={390, 308} [previous size={390, 0}]
2026-08-12 16:03:35.770 Df IlliniCover[40795:3ea921] [com.apple.UIKit:UIPeripheralHost] endPlacementForInputViewSet: <<UIInputViewSet: 0x120f11380>; keyboard = <UIKeyboardAutomatic: 0x120df2d00; frame = (0 0; 390 233); opaque = NO; layer = <CALayer: 0x120e202a0>>%; usesKeyClicks = NO;  > windowScene: <UIWindowScene: 0x10c8ad200; role: UIWindowSceneSessionRoleApplication; persistentIdentifier: 2050C5AC-6A26-42BC-8E8F-FBAE5EDC0388; activationState: UISceneActivationStateForegroundActive>
2026-08-12 16:03:35.770 Df IlliniCover[40795:3ea921] [com.apple.UIKit:UIPeripheralHost] endPlacementForInputViewSet, returning -> <UIInputViewSetPlacementOnScreen>
2026-08-12 16:03:35.777 Df IlliniCover[40795:3ea921] [com.apple.UIKit:TrackingElementWindowController] updatePlacementWithPlacement: <UIInputViewSetPlacementOnScreen>
2026-08-12 16:03:35.778 Df IlliniCover[40795:3ea921] [com.apple.TextInputUI:KeyboardTrackingCoordinator] Posted notification willShow with {
    UIKeyboardAnimationCurveUserInfoKey = 7;
    UIKeyboardAnimationDurationUserInfoKey = "0.3833";
    UIKeyboardBoundsUserInfoKey = "NSRect: {{0, 0}, {390, 308}}";
    UIKeyboardCenterBeginUserInfoKey = "NSPoint: {195, 844}";
    UIKeyboardCenterEndUserInfoKey = "NSPoint: {195, 690}";
    UIKeyboardFrameBeginUserInfoKey = "NSRect: {{0, 844}, {390, 0}}";
    UIKeyboardFrameEndUserInfoKey = "NSRect: {{0, 536}, {390, 308}}";
    UIKeyboardIsLocalUserInfoKey = 1;
} (null)
2026-08-12 16:03:35.778 Df IlliniCover[40795:3ea921] [com.apple.UIKit:UIPeripheralHost] endPlacementForInputViewSet: <<UIInputViewSet: 0x120f10f00>; (empty)> windowScene: <UIWindowScene: 0x10c8ad200; role: UIWindowSceneSessionRoleApplication; persistentIdentifier: 2050C5AC-6A26-42BC-8E8F-FBAE5EDC0388; activationState: UISceneActivationStateForegroundActive>
2026-08-12 16:03:35.778 Df IlliniCover[40795:3ea921] [com.apple.UIKit:KeyboardArbiterClientLog] -[_UIRemoteKeyboards prepareToMoveKeyboard:withIAV:isIAVRelevant:showing:notifyRemote:forScene:] position: {{0, 0}, {0, 0}} visible: 0; notifyRemote: 1; isMinimized: NO
2026-08-12 16:03:35.778 Df IlliniCover[40795:3ea921] [com.apple.KeyboardArbiter:Client] prepareToMoveKeyboard: set currentKeyboard:N
2026-08-12 16:03:35.778 Df IlliniCover[40795:3ea921] [com.apple.KeyboardArbiter:Client] TX signalKeyboardChanged
2026-08-12 16:03:35.778 Df IlliniCover[40795:3ea921] [com.apple.UIKit:KeyboardArbiterClientLog] -[_UIRemoteKeyboards signalToProxyKeyboardChanged:onCompletion:]  Signaling keyboard changed <<<_UIKeyboardChangedInformation: 0x10976de00>; appId (null) bundleId (null) animation fence <BKSAnimationFenceHandle:0x120f65a80 -> <CAFenceHandle:0x10c923b80 name=5 fence=75600000164 usable=YES>>; position {{0, 0}, {0, 0}}; animated YES; on screen NO; tracking NO; resizing NO; local NO, dock state: Unknown, hasValidNotif: NO>; source canvas com.apple.frontboard.systemappservices/FBSceneManager:sceneID%3Acom.illinicover.app-default; source display Main; source bundle com.illinicover.app; host bundle (null); animation fence <BKSAnimationFenceHandle:0x120f65a80 -> <CAFenceHandle:0x10c923b80 name=5 fence=75600000164 usable=YES>>; position {{0, 0}, {0, 0}} (with IAV same); floating 0; on screen NO;  intersectable YES; snapshot YES>
2026-08-12 16:03:35.778 Df IlliniCover[40795:3ea921] [com.apple.UIKit:KeyboardVisualMode] Show keyboard with visual mode windowed (0)
2026-08-12 16:03:35.778 Df IlliniCover[40795:3ea921] [com.apple.UIKit:InputWindowController] Setting input views: <<UIInputViewSet: 0x120f121c0>; (empty)>
2026-08-12 16:03:35.778 Df IlliniCover[40795:3ea921] [com.apple.UIKit:UIPeripheralHost] endPlacementForInputViewSet: <<UIInputViewSet: 0x120f112c0>; keyboard = <UIKeyboardAutomatic: 0x120df2d00; frame = (0 0; 390 233); opaque = NO; layer = <CALayer: 0x120e202a0>>%; assistant = <TUISystemInputAssistantView: 0x10c9f4900; frame = (0 0; 390 0); hidden = YES; >; usesKeyClicks = NO;  > windowScene: <_UIKeyboardWindowScene: 0x120efad00; role: _UIScreenBasedSceneSession; persistentIdentifier: 7843B50B-E344-4B90-9274-A23CA5C4958E; activationState: UISceneActivationStateForegroundActive>
2026-08-12 16:03:35.778 Df IlliniCover[40795:3ea921] [com.apple.UIKit:UIPeripheralHost] endPlacementForInputViewSet, returning -> <UIInputViewSetPlacementOnScreen>
2026-08-12 16:03:35.778 Df IlliniCover[40795:3ea921] [com.apple.UIKit:UIPeripheralHost] endPlacementForInputViewSet: <<UIInputViewSet: 0x120f112c0>; keyboard = <UIKeyboardAutomatic: 0x120df2d00; frame = (0 0; 390 233); opaque = NO; layer = <CALayer: 0x120e202a0>>%; assistant = <TUISystemInputAssistantView: 0x10c9f4900; frame = (0 0; 390 0); hidden = YES; >; usesKeyClicks = NO;  > windowScene: <_UIKeyboardWindowScene: 0x120efad00; role: _UIScreenBasedSceneSession; persistentIdentifier: 7843B50B-E344-4B90-9274-A23CA5C4958E; activationState: UISceneActivationStateForegroundActive>
2026-08-12 16:03:35.779 Df IlliniCover[40795:3ea921] [com.apple.UIKit:UIPeripheralHost] endPlacementForInputViewSet, returning -> <UIInputViewSetPlacementOnScreen>
2026-08-12 16:03:35.779 Df IlliniCover[40795:3ea921] [com.apple.UIKit:UIPeripheralHost] endPlacementForInputViewSet: <<UIInputViewSet: 0x120f112c0>; keyboard = <UIKeyboardAutomatic: 0x120df2d00; frame = (0 0; 390 233); opaque = NO; layer = <CALayer: 0x120e202a0>>%; assistant = <TUISystemInputAssistantView: 0x10c9f4900; frame = (0 0; 390 0); hidden = YES; >; usesKeyClicks = NO;  > windowScene: <_UIKeyboardWindowScene: 0x120efad00; role: _UIScreenBasedSceneSession; persistentIdentifier: 7843B50B-E344-4B90-9274-A23CA5C4958E; activationState: UISceneActivationStateForegroundActive>
2026-08-12 16:03:35.779 Df IlliniCover[40795:3ea921] [com.apple.UIKit:UIPeripheralHost] endPlacementForInputViewSet, returning -> <UIInputViewSetPlacementOnScreen>
2026-08-12 16:03:35.779 Df IlliniCover[40795:3ea921] [com.apple.UIKit:UIPeripheralHost] endPlacementForInputViewSet: <<UIInputViewSet: 0x120f112c0>; keyboard = <UIKeyboardAutomatic: 0x120df2d00; frame = (0 0; 390 233); opaque = NO; layer = <CALayer: 0x120e202a0>>%; assistant = <TUISystemInputAssistantView: 0x10c9f4900; frame = (0 0; 390 0); hidden = YES; >; usesKeyClicks = NO;  > windowScene: <_UIKeyboardWindowScene: 0x120efad00; role: _UIScreenBasedSceneSession; persistentIdentifier: 7843B50B-E344-4B90-9274-A23CA5C4958E; activationState: UISceneActivationStateForegroundActive>
2026-08-12 16:03:35.779 Df IlliniCover[40795:3ea921] [com.apple.UIKit:UIPeripheralHost] endPlacementForInputViewSet, returning -> <UIInputViewSetPlacementOnScreen>
2026-08-12 16:03:35.779 Df IlliniCover[40795:3ea921] [com.apple.UIKit:UIPeripheralHost] endPlacementForInputViewSet: <<UIInputViewSet: 0x120f121c0>; (empty)> windowScene: <_UIKeyboardWindowScene: 0x120efad00; role: _UIScreenBasedSceneSession; persistentIdentifier: 7843B50B-E344-4B90-9274-A23CA5C4958E; activationState: UISceneActivationStateForegroundActive>
2026-08-12 16:03:35.779 Df IlliniCover[40795:3ea921] [com.apple.UIKit:InputWindowController] Moving from placement: <UIInputViewSetPlacementOnScreen> to placement: <UIInputViewSetPlacementOffScreenDown> (currentPlacement: <UIInputViewSetPlacementOnScreen>)
2026-08-12 16:03:35.779 Df IlliniCover[40795:3ea921] [com.apple.UIKit:InputWindowController] Merging transitions: <UIInputViewPlacementTransition: 0x120ff9310> into <UIInputViewPlacementTransition: 0x1220c71b0>
2026-08-12 16:03:35.780 Df IlliniCover[40795:3ea921] [com.apple.UIKit:InputWindowController] Change from input view set: <<UIInputViewSet: 0x120f112c0>; keyboard = <UIKeyboardAutomatic: 0x120df2d00; frame = (0 0; 390 233); opaque = NO; layer = <CALayer: 0x120e202a0>>%; assistant = <TUISystemInputAssistantView: 0x10c9f4900; frame = (0 0; 390 0); hidden = YES; >; usesKeyClicks = NO;  >
2026-08-12 16:03:35.780 Df IlliniCover[40795:3ea921] [com.apple.UIKit:InputWindowController] Change to input view set: <<UIInputViewSet: 0x120f121c0>; (empty)>
2026-08-12 16:03:35.785 Df IlliniCover[40795:3ea921] [com.apple.UIKit:InputWindowController] Tracking provider: viewDidLayoutSubviews update to {{0, 844}, {390, 0}}
2026-08-12 16:03:35.785 Df IlliniCover[40795:3ea921] [com.apple.TextInputUI:KeyboardTrackingCoordinator] Updating tracking clients for start <TUIKeyboardTrackingCoordinator:0x1220e9680 state=<TUIKeyboardState: 0x1221103e0 State: onscreen with input view; is docked>; frame={{0, 844}, {390, 0}}; animation=<TUIKeyboardAnimationInfo: 0x122127980, duration: 0.38, from local keyboard, is not rotating, should not animate, type: 0, notificationInfo: {
    UIKeyboardAnimationCurveUserInfoKey = 7;
    UIKeyboardAnimationDurationUserInfoKey = 0;
    UIKeyboardBoundsUserInfoKey = "NSRect: {{0, 0}, {390, 0}}";
    UIKeyboardCenterBeginUserInfoKey = "NSPoint: {195, 690}";
    UIKeyboardCenterEndUserInfoKey = "NSPoint: {195, 844}";
    UIKeyboardFrameBeginUserInfoKey = "NSRect: {{0, 536}, {390, 308}}";
    UIKeyboardFrameEndUserInfoKey = "NSRect: {{0, 844}, {390, 0}}";
    UIKeyboardIsLocalUserInfoKey = 1;
}notificationsDebug: >>
2026-08-12 16:03:35.786 Df IlliniCover[40795:3ea921] [com.apple.UIKit:KeyboardLayoutGuide] changeSizingConstants: size is changing [not transitioning] to {390, 0} [previous size: {390, 308}]
2026-08-12 16:03:35.786 Df IlliniCover[40795:3ea921] [com.apple.UIKit:InputWindowController] moveFromPlacement, updated placements from: <UITrackingElementPlacementInitialPosition>, to: <UIInputViewSetPlacementOffScreenDown>
2026-08-12 16:03:35.786 Df IlliniCover[40795:3ea921] [com.apple.UIKit:InputWindowController] chainPlacementsIfNecessaryFrom, from: <UITrackingElementPlacementInitialPosition>, to: <UIInputViewSetPlacementOffScreenDown> transition: <UIInputViewPlacementTransition: 0x1220c71b0>
2026-08-12 16:03:35.786 Df IlliniCover[40795:3ea921] [com.apple.UIKit:InputWindowController] updatePlacementWithPlacement: <UIInputViewSetPlacementOffScreenDown>
2026-08-12 16:03:35.786 Df IlliniCover[40795:3ea921] [com.apple.UIKit:InputWindowController] Tracking provider: moveFromPlacement: <UITrackingElementPlacementInitialPosition> toPlacement: <UIInputViewSetPlacementOffScreenDown> update to: {{0, 844}, {390, 0}}
2026-08-12 16:03:35.786 Df IlliniCover[40795:3ea921] [com.apple.TextInputUI:KeyboardTrackingCoordinator] Updating tracking clients for start <TUIKeyboardTrackingCoordinator:0x1220e9680 state=<TUIKeyboardState: 0x122110420 State: offscreen; is docked>; frame={{0, 844}, {390, 0}}; animation=<TUIKeyboardAnimationInfo: 0x122127a00, duration: 0.38, from local keyboard, is not rotating, should not animate, type: 0, notificationInfo: {
    UIKeyboardAnimationCurveUserInfoKey = 7;
    UIKeyboardAnimationDurationUserInfoKey = "0.3833";
    UIKeyboardBoundsUserInfoKey = "NSRect: {{0, 0}, {390, 0}}";
    UIKeyboardCenterBeginUserInfoKey = "NSPoint: {195, 690}";
    UIKeyboardCenterEndUserInfoKey = "NSPoint: {195, 844}";
    UIKeyboardFrameBeginUserInfoKey = "NSRect: {{0, 536}, {390, 308}}";
    UIKeyboardFrameEndUserInfoKey = "NSRect: {{0, 844}, {390, 0}}";
    UIKeyboardIsLocalUserInfoKey = 1;
}notificationsDebug: >>
2026-08-12 16:03:35.787 Df IlliniCover[40795:3ea921] [com.apple.UIKit:Dictation] -[UIDictationController setIgnoreFinalizePhrases:] Setting ignoreFinalizePhrases flag 1
2026-08-12 16:03:35.787 Df IlliniCover[40795:3ea921] [com.apple.TextInputUI:KeyboardTrackingCoordinator] Posted notification didHide with {
    UIKeyboardAnimationCurveUserInfoKey = 7;
    UIKeyboardAnimationDurationUserInfoKey = "0.3833";
    UIKeyboardBoundsUserInfoKey = "NSRect: {{0, 0}, {390, 0}}";
    UIKeyboardCenterBeginUserInfoKey = "NSPoint: {195, 690}";
    UIKeyboardCenterEndUserInfoKey = "NSPoint: {195, 844}";
    UIKeyboardFrameBeginUserInfoKey = "NSRect: {{0, 536}, {390, 308}}";
    UIKeyboardFrameEndUserInfoKey = "NSRect: {{0, 844}, {390, 0}}";
    UIKeyboardIsLocalUserInfoKey = 1;
} (null)
2026-08-12 16:03:35.787 Df IlliniCover[40795:3ea921] [com.apple.UIKit:TrackingElementWindowController] Setting tracking element input views: <<UIInputViewSet: 0x120f12280>; (empty)>
2026-08-12 16:03:35.787 Df IlliniCover[40795:3ea921] [com.apple.UIKit:KeyboardArbiterClientLog] -[_UIRemoteKeyboardPlaceholderView refreshPlaceholder]  refreshPlaceholder: size={390, 0} [previous size={390, 308}]
2026-08-12 16:03:35.787 Df IlliniCover[40795:3ea921] [com.apple.UIKit:TrackingElementWindowController] Placeholder height changed from 308.0 to 0.0
2026-08-12 16:03:35.787 Df IlliniCover[40795:3ea921] [com.apple.UIKit:UIPeripheralHost] endPlacementForInputViewSet: <<UIInputViewSet: 0x120f12280>; (empty)> windowScene: <UIWindowScene: 0x10c8ad200; role: UIWindowSceneSessionRoleApplication; persistentIdentifier: 2050C5AC-6A26-42BC-8E8F-FBAE5EDC0388; activationState: UISceneActivationStateForegroundActive>
2026-08-12 16:03:35.787 Df IlliniCover[40795:3ea921] [com.apple.UIKit:TrackingElementWindowController] Moving from placement: <UIInputViewSetPlacementOnScreen> to placement: <UIInputViewSetPlacementOffScreenDown> (currentPlacement: <UIInputViewSetPlacementOnScreen>)
2026-08-12 16:03:35.787 Df IlliniCover[40795:3ea921] [com.apple.UIKit:TrackingElementWindowController] Merging transitions: <UITrackingElementPlacementTransition: 0x10c92c4d0> into <UITrackingElementPlacementTransition: 0x10c923b80>
2026-08-12 16:03:35.788 Df IlliniCover[40795:3ea921] [com.apple.TextInputUI:KeyboardTrackingCoordinator] Posted notification didShow with {
    UIKeyboardAnimationCurveUserInfoKey = 7;
    UIKeyboardAnimationDurationUserInfoKey = "0.3833";
    UIKeyboardBoundsUserInfoKey = "NSRect: {{0, 0}, {390, 0}}";
    UIKeyboardCenterBeginUserInfoKey = "NSPoint: {195, 690}";
    UIKeyboardCenterEndUserInfoKey = "NSPoint: {195, 844}";
    UIKeyboardFrameBeginUserInfoKey = "NSRect: {{0, 536}, {390, 308}}";
    UIKeyboardFrameEndUserInfoKey = "NSRect: {{0, 844}, {390, 0}}";
    UIKeyboardIsLocalUserInfoKey = 1;
} (null)
2026-08-12 16:03:35.804 Df IlliniCover[40795:3ea921] [com.apple.UIKit:TrackingElementWindowController] updatePlacementWithPlacement: <UIInputViewSetPlacementOffScreenDown>
2026-08-12 16:03:35.804 Df IlliniCover[40795:3ea921] [com.apple.UIKit:TrackingElementWindowController] Tracking provider: moveFromPlacement: <UITrackingElementPlacementInitialPosition> toPlacement: <UIInputViewSetPlacementOffScreenDown> update to {{0, 844}, {390, 0}}
2026-08-12 16:03:35.805 Df IlliniCover[40795:3ea921] [com.apple.TextInputUI:KeyboardTrackingCoordinator] Updating tracking clients for start <TUIKeyboardTrackingCoordinator:0x1220e9680 state=<TUIKeyboardState: 0x122110820 State: offscreen; is docked>; frame={{0, 844}, {390, 0}}; animation=<TUIKeyboardAnimationInfo: 0x122150580, duration: 0.00, from local keyboard, is not rotating, should not animate, type: 0, notificationInfo: {
    UIKeyboardAnimationCurveUserInfoKey = 7;
    UIKeyboardAnimationDurationUserInfoKey = 0;
    UIKeyboardBoundsUserInfoKey = "NSRect: {{0, 0}, {390, 0}}";
    UIKeyboardCenterBeginUserInfoKey = "NSPoint: {195, 998}";
    UIKeyboardCenterEndUserInfoKey = "NSPoint: {195, 844}";
    UIKeyboardFrameBeginUserInfoKey = "NSRect: {{0, 844}, {390, 308}}";
    UIKeyboardFrameEndUserInfoKey = "NSRect: {{0, 844}, {390, 0}}";
    UIKeyboardIsLocalUserInfoKey = 1;
}notificationsDebug: >>
2026-08-12 16:03:35.805 Df IlliniCover[40795:3ea921] [com.apple.TextInputUI:KeyboardTrackingCoordinator] Posted notification willHide with {
    UIKeyboardAnimationCurveUserInfoKey = 7;
    UIKeyboardAnimationDurationUserInfoKey = 0;
    UIKeyboardBoundsUserInfoKey = "NSRect: {{0, 0}, {390, 0}}";
    UIKeyboardCenterBeginUserInfoKey = "NSPoint: {195, 998}";
    UIKeyboardCenterEndUserInfoKey = "NSPoint: {195, 844}";
    UIKeyboardFrameBeginUserInfoKey = "NSRect: {{0, 844}, {390, 308}}";
    UIKeyboardFrameEndUserInfoKey = "NSRect: {{0, 844}, {390, 0}}";
    UIKeyboardIsLocalUserInfoKey = 1;
} (null)
2026-08-12 16:03:35.805 Df IlliniCover[40795:3ea921] [com.apple.KeyboardArbiter:Client] TX setWindowContextID:3672809800 windowState:Disabled level:0.0
    focusContext:<contextID:264219519 sceneID:com.illinicover.app-default>
2026-08-12 16:03:35.805 Df IlliniCover[40795:3ea921] [com.apple.UIKit:TrackingElementWindowController] Change from input view set: <<UIInputViewSet: 0x120f11380>; keyboard = <UIKeyboardAutomatic: 0x120df2d00; frame = (0 0; 390 233); opaque = NO; layer = <CALayer: 0x120e202a0>>%; usesKeyClicks = NO;  >
2026-08-12 16:03:35.805 Df IlliniCover[40795:3ea921] [com.apple.UIKit:TrackingElementWindowController] Change to input view set: <<UIInputViewSet: 0x120f12280>; (empty)>
2026-08-12 16:03:35.807 Df IlliniCover[40795:3ea921] [com.apple.UIKit:UIPeripheralHost] endPlacementForInputViewSet: <<UIInputViewSet: 0x120f12280>; (empty)> windowScene: <UIWindowScene: 0x10c8ad200; role: UIWindowSceneSessionRoleApplication; persistentIdentifier: 2050C5AC-6A26-42BC-8E8F-FBAE5EDC0388; activationState: UISceneActivationStateForegroundActive>
2026-08-12 16:03:35.808 Df IlliniCover[40795:3ea921] [com.apple.UIKit:Dictation] -[UIDictationController setIgnoreFinalizePhrases:] Setting ignoreFinalizePhrases flag 1
2026-08-12 16:03:35.808 Df IlliniCover[40795:3ea921] [com.apple.TextInputUI:KeyboardTrackingCoordinator] Posted notification didHide with {
    UIKeyboardAnimationCurveUserInfoKey = 7;
    UIKeyboardAnimationDurationUserInfoKey = 0;
    UIKeyboardBoundsUserInfoKey = "NSRect: {{0, 0}, {390, 0}}";
    UIKeyboardCenterBeginUserInfoKey = "NSPoint: {195, 998}";
    UIKeyboardCenterEndUserInfoKey = "NSPoint: {195, 844}";
    UIKeyboardFrameBeginUserInfoKey = "NSRect: {{0, 844}, {390, 308}}";
    UIKeyboardFrameEndUserInfoKey = "NSRect: {{0, 844}, {390, 0}}";
    UIKeyboardIsLocalUserInfoKey = 1;
} (null)
2026-08-12 16:03:35.808 Df IlliniCover[40795:3ea921] [com.apple.RemoteTextInput:RTILog] -[RTIInputSystemClient remoteTextInputSessionWithID:textSuggestionsChanged:]  Text input session suggestions changed. sessionID = (null)
2026-08-12 16:03:35.811 A  IlliniCover[40795:3ea921] (UIKitCore) send control actions
2026-08-12 16:03:35.813 Df IlliniCover[40795:3ea921] [com.apple.dt.xctest:Default] XCTPerformOnMainRunLoop[MT]: inside CFRunLoopPerform
2026-08-12 16:03:35.813 Df IlliniCover[40795:3ea921] [com.apple.dt.xctest:Default] XCTPerformOnMainRunLoop[MT]: MT responded in time (won the race to the busy flag)
2026-08-12 16:03:35.813 Df IlliniCover[40795:3ea92d] [com.apple.dt.xctest:Default] XCTPerformOnMainRunLoop[not MT]: waiting 60.00s for work to complete
2026-08-12 16:03:35.813 Df IlliniCover[40795:3ea921] [com.apple.dt.xctest:Default] Got main window <AXUIElementRef 0x1221384b0> {pid=40795} {uid=[ID:4 hash:0x109610400]}
2026-08-12 16:03:35.813 Df IlliniCover[40795:3ea921] [com.apple.dt.xctest:Default] Capturing hierarchy with attributes XC_kAXXCAttributeElementType, XC_kAXXCAttributeElementBaseType, XC_kAXXCAttributeParent, XC_kAXXCAttributeIdentifier, XC_kAXXCAttributeAutomationType, XC_kAXXCAttributeTraits
2026-08-12 16:03:35.813 Df IlliniCover[40795:3ea921] [com.apple.dt.xctest:Default] Capturing hierarchy with parameters {
    attributes =     (
        5003,
        5004,
        5002,
        5019,
        5058,
        2004
    );
    maxArrayCount = 2147483647;
    maxChildren = 2147483647;
    maxDepth = 2147483647;
    snapshotKeyHonorModalViews = 0;
    traverseFromParentsToChildren = 1;
}
2026-08-12 16:03:35.813 Df IlliniCover[40795:3ea921] [com.apple.dt.xctest:Default] Snapshot attributes 5003, 5004, 5002, 5019, 5058, 2004
2026-08-12 16:03:35.816 Df IlliniCover[40795:3ea921] [com.apple.dt.xctest:Default] Got snapshot for <AXUIElementRef 0x1203fb1b0> {pid=40795} {uid=[ID:1 hash:0x0]}
2026-08-12 16:03:35.816 Df IlliniCover[40795:3ea921] [com.apple.dt.xctest:Default] Got app orientation 0
2026-08-12 16:03:35.816 Df IlliniCover[40795:3ea921] [com.apple.dt.xctest:Default] Captured accessibility snapshot data in 0.00s
2026-08-12 16:03:35.816 Df IlliniCover[40795:3ea92d] [com.apple.dt.xctest:Default] Found main window: Window
2026-08-12 16:03:35.816 Df IlliniCover[40795:3ea92d] [com.apple.dt.xctest:Default] App orientation is 0 (not portrait) and UITextEffectsWindow window Window is not main window
2026-08-12 16:03:35.816 Df IlliniCover[40795:3ea92d] [com.apple.dt.xctest:Default] Leaving frame unchanged for Window: either already correct or we can't detect it.
2026-08-12 16:03:35.816 Df IlliniCover[40795:3ea92d] [com.apple.dt.xctest:Default] Query  found matching snapshots: {(
    Application, pid: 40795
)} (error: (null))
2026-08-12 16:03:35.816 Df IlliniCover[40795:3ea92d] [com.apple.dt.xctest:Default] Replying to query  with results: <XCTElementQueryResults: 0x1220ccb10> (error: (null))
2026-08-12 16:03:35.832 A  IlliniCover[40795:3ea92b] (RunningBoardServices) didChangeInheritances
2026-08-12 16:03:35.867 Df IlliniCover[40795:3ea921] [com.apple.xpc:connection] [0x12210d400] activating connection: mach=true listener=false peer=false name=com.apple.metal.simulator
2026-08-12 16:03:35.869 Df IlliniCover[40795:3ea921] [com.apple.xpc:connection] [0x12210ed00] activating connection: mach=true listener=false peer=false name=com.apple.metal.simulator
2026-08-12 16:03:35.869 Df IlliniCover[40795:3ea921] [com.apple.xpc:connection] [0x12210f980] activating connection: mach=true listener=false peer=false name=com.apple.metal.simulator
2026-08-12 16:03:35.871 Df IlliniCover[40795:3ea921] [com.apple.UIKit:KeyboardLayoutGuide] _moveGuideOffscreenAtEdge: 4
2026-08-12 16:03:35.871 Df IlliniCover[40795:3ea921] [com.apple.UIKit:KeyboardLayoutGuide] changeOffsetConstants: offset is changing to {0, 0} [previous offset: {-1, -1}]
2026-08-12 16:03:35.875 Df IlliniCover[40795:3ea921] [com.apple.UIKit:KeyboardLayoutGuide] changeSizingConstants: size is changing [not transitioning] to {390, 0} [previous size: {1, 0}]
2026-08-12 16:03:35.893 Df IlliniCover[40795:3ea921] [com.apple.KeyboardArbiter:Client] RX keyboardArbiterClientHandle:Y
2026-08-12 16:03:35.895 Df IlliniCover[40795:3ea921] [com.apple.KeyboardArbiter:Client] RX keyboardArbiterClientHandle:Y
2026-08-12 16:03:35.896 Df IlliniCover[40795:3ea921] [com.apple.xpc:connection] [0x1095e3e80] invalidated because the current process cancelled the connection by calling xpc_connection_cancel()
2026-08-12 16:03:36.038 Df IlliniCover[40795:3ea92b] [com.apple.dt.xctest:Default] Received request to fetch matches for query:
2026-08-12 16:03:36.038 Df IlliniCover[40795:3ea92b] [com.apple.dt.xctest:Default] Evaluating query:
2026-08-12 16:03:36.038 Df IlliniCover[40795:3ea92b] [com.apple.dt.xctest:Default] Getting root element snapshot
2026-08-12 16:03:36.038 Df IlliniCover[40795:3ea92b] [com.apple.dt.xctest:Default] Getting snapshot for App element pid: 40795 for query
2026-08-12 16:03:36.038 Df IlliniCover[40795:3ea92b] [com.apple.dt.xctest:Default] Query requires iOS snapshot attributes .
2026-08-12 16:03:36.038 Df IlliniCover[40795:3ea92b] [com.apple.dt.xctest:Default] XCTPerformOnMainRunLoop[not MT]: about to CFRunLoopPerform
2026-08-12 16:03:36.038 Df IlliniCover[40795:3ea92b] [com.apple.dt.xctest:Default] XCTPerformOnMainRunLoop[not MT]: waiting with 30.00s responsiveness timeout
2026-08-12 16:03:36.038 Df IlliniCover[40795:3ea921] [com.apple.dt.xctest:Default] XCTPerformOnMainRunLoop[MT]: inside CFRunLoopPerform
2026-08-12 16:03:36.038 Df IlliniCover[40795:3ea921] [com.apple.dt.xctest:Default] XCTPerformOnMainRunLoop[MT]: MT responded in time (won the race to the busy flag)
2026-08-12 16:03:36.038 Df IlliniCover[40795:3ea92b] [com.apple.dt.xctest:Default] XCTPerformOnMainRunLoop[not MT]: waiting 60.00s for work to complete
2026-08-12 16:03:36.038 Df IlliniCover[40795:3ea921] [com.apple.dt.xctest:Default] Got main window <AXUIElementRef 0x12211c990> {pid=40795} {uid=[ID:4 hash:0x109610400]}
2026-08-12 16:03:36.038 Df IlliniCover[40795:3ea921] [com.apple.dt.xctest:Default] Capturing hierarchy with attributes XC_kAXXCAttributeElementType, XC_kAXXCAttributeElementBaseType, XC_kAXXCAttributeParent, XC_kAXXCAttributeIdentifier, XC_kAXXCAttributeAutomationType, XC_kAXXCAttributeTraits
2026-08-12 16:03:36.039 Df IlliniCover[40795:3ea921] [com.apple.dt.xctest:Default] Capturing hierarchy with parameters {
    attributes =     (
        5003,
        5004,
        5002,
        5019,
        5058,
        2004
    );
    maxArrayCount = 2147483647;
    maxChildren = 2147483647;
    maxDepth = 2147483647;
    snapshotKeyHonorModalViews = 0;
    traverseFromParentsToChildren = 1;
}
2026-08-12 16:03:36.039 Df IlliniCover[40795:3ea921] [com.apple.dt.xctest:Default] Snapshot attributes 5003, 5004, 5002, 5019, 5058, 2004
2026-08-12 16:03:36.041 A  IlliniCover[40795:3ea92d] (CoreLocation) CL: CLInternalGetAuthorizationStatus
2026-08-12 16:03:36.041 Df IlliniCover[40795:3ea921] [com.apple.dt.xctest:Default] Got snapshot for <AXUIElementRef 0x1203f8900> {pid=40795} {uid=[ID:1 hash:0x0]}
2026-08-12 16:03:36.041 Df IlliniCover[40795:3ea92d] [com.apple.locationd.Core:Client] {"msg":"CLInternalGetAuthorizationStatus", "event":activity}
2026-08-12 16:03:36.041 Df IlliniCover[40795:3ea921] [com.apple.dt.xctest:Default] Got app orientation 0
2026-08-12 16:03:36.041 Df IlliniCover[40795:3ea921] [com.apple.dt.xctest:Default] Captured accessibility snapshot data in 0.00s
2026-08-12 16:03:36.041 Df IlliniCover[40795:3ea92b] [com.apple.dt.xctest:Default] Found main window: Window
2026-08-12 16:03:36.041 Df IlliniCover[40795:3ea92b] [com.apple.dt.xctest:Default] App orientation is 0 (not portrait) and UITextEffectsWindow window Window is not main window
2026-08-12 16:03:36.041 Df IlliniCover[40795:3ea92b] [com.apple.dt.xctest:Default] Leaving frame unchanged for Window: either already correct or we can't detect it.
2026-08-12 16:03:36.041 Df IlliniCover[40795:3ea92b] [com.apple.dt.xctest:Default] Query  found matching snapshots: {(
    Application, pid: 40795
)} (error: (null))
2026-08-12 16:03:36.041 Df IlliniCover[40795:3ea92b] [com.apple.dt.xctest:Default] Replying to query  with results: <XCTElementQueryResults: 0x120e23e70> (error: (null))
2026-08-12 16:03:36.042 Df IlliniCover[40795:3ea92d] [com.apple.xpc:connection] [0x1095e3e80] activating connection: mach=true listener=false peer=false name=com.apple.locationd.synchronous
2026-08-12 16:03:36.046 A  IlliniCover[40795:3ea92d] (CoreLocation) CL: CLLocationManager
2026-08-12 16:03:36.046 Df IlliniCover[40795:3ea92d] [com.apple.locationd.Core:Client] {"msg":"CLLocationManager", "event":activity, "_cmd":initWithEffectiveBundleIdentifier:bundlePath:websiteIdentifier:delegate:silo:, "self":"0x120f65160", "identifier":(null), "bundlePath":(null)}
2026-08-12 16:03:36.047 Df IlliniCover[40795:3ea92d] [com.apple.locationd.Core:Client] {"msg":"client allocated", "client":"0x1238e6a00"}
2026-08-12 16:03:36.047 A  IlliniCover[40795:3ea92d] (CoreLocation) CL: _CLClientCreateConnection
2026-08-12 16:03:36.047 Df IlliniCover[40795:3ea92d] [com.apple.locationd.Core:Client] {"msg":"_CLClientCreateConnection", "event":activity, "client":"0x1238e6a00"}
2026-08-12 16:03:36.048 A  IlliniCover[40795:3ea92d] (LocationSupport) CL: CLConnectionClient::sendMessage(cache)
2026-08-12 16:03:36.048 A  IlliniCover[40795:3ea92c] (LocationSupport) CL: Sending cached messages to daemon
2026-08-12 16:03:36.048 Df IlliniCover[40795:3ea92c] [com.apple.LocationSupport:Connection] {"msg":"Sending cached messages to daemon", "event":activity}
2026-08-12 16:03:36.048 Df IlliniCover[40795:3ea92c] [com.apple.xpc:connection] [0x1095e0c80] activating connection: mach=true listener=false peer=false name=com.apple.locationd.registration
2026-08-12 16:03:36.048 A  IlliniCover[40795:3ea92d] (LocationSupport) CL: CLConnectionClient::sendMessage(cache)
2026-08-12 16:03:36.048 A  IlliniCover[40795:3ea92d] (CoreLocation) CL: CLInternalGetPrecisionPermission
2026-08-12 16:03:36.048 Df IlliniCover[40795:3ea92d] [com.apple.locationd.Core:Client] {"msg":"CLInternalGetPrecisionPermission", "event":activity}
2026-08-12 16:03:36.048 A  IlliniCover[40795:3ea92c] (LocationSupport) CL: CLConnection::sendMessage
2026-08-12 16:03:36.049 A  IlliniCover[40795:3ea92c] (LocationSupport) CL: CLConnection::sendMessage
2026-08-12 16:03:36.049 A  IlliniCover[40795:3ea92d] (CoreLocation) CL: CLLocationManager
2026-08-12 16:03:36.050 Df IlliniCover[40795:3ea92d] [com.apple.locationd.Core:Client] {"msg":"CLLocationManager", "event":activity, "_cmd":dealloc, "self":"0x120f65160"}
2026-08-12 16:03:36.050 Df IlliniCover[40795:3ea92d] [com.apple.locationd.Core:Client] {"msg":"invalidating client", "client":"0x1238e6a00"}
2026-08-12 16:03:36.050 Df IlliniCover[40795:3ea92d] [com.apple.locationd.Core:Client] {"msg":"invalidating client", "client":"0x1238e6a00"}
2026-08-12 16:03:36.051 Df IlliniCover[40795:3ea92c] [com.apple.xpc:connection] [0x1095e0c80] invalidated because the current process cancelled the connection by calling xpc_connection_cancel()
2026-08-12 16:03:36.062 Df IlliniCover[40795:3ea92d] [com.apple.CFNetwork:Default] Task <4BF93113-EF68-4421-A5C2-2E58BA6069D1>.<2> resuming, timeouts(0.0, 604800.0) qos(0x19) voucher((null)) activity(00000000-0000-0000-0000-000000000000)
2026-08-12 16:03:36.065 Df IlliniCover[40795:3ea92c] [com.apple.CFNetwork:Default] Initializing AlternativeServices Storage singleton
2026-08-12 16:03:36.065 Df IlliniCover[40795:3ea92c] [com.apple.FileURL:default] kExcludedFromBackupXattrName set on path: /Users/lu/Library/Developer/CoreSimulator/Devices/644F64CD-23BA-4D3C-915E-6B2069961477/data/Containers/Data/Application/CF968DD7-918A-4335-BA18-D14F0BECC12E/Library/HTTPStorages/com.illinicover.app
2026-08-12 16:03:36.070 Df IlliniCover[40795:3ea921] [com.apple.locationd.Core:Client] {"msg":"client about to be destroyed", "client":"0x1238e6a00"}
2026-08-12 16:03:36.071 Df IlliniCover[40795:3ea92c] [com.apple.CFNetwork:Default] Connection 0: creating secure tcp or quic connection
2026-08-12 16:03:36.072 Df IlliniCover[40795:3ea92c] [com.apple.CFNetwork:Default] Connection 2: enabling TLS
2026-08-12 16:03:36.072 Df IlliniCover[40795:3ea92c] [com.apple.CFNetwork:Default] Connection 2: starting, TC(0x0)
2026-08-12 16:03:36.072 Df IlliniCover[40795:3ea92c] [com.apple.network:connection] [C2 C80D26FD-2504-4FA4-85DB-1C7CCD02797D Hostname#f4aad40d:443 quic-connection, url: https://kfjwrhviuhsqrcwfxmne.supabase.co/functions/v1/get-deals-feed, definite, attribution: developer, context: com.apple.CFNetwork.NSURLSession.{DA1C1AA3-5B4E-482A-96A4-042471BB7C20}{(null)}{Y}{2}{0x0} (private), proc: D65E3B26-71A5-3DAD-A8B4-60173E19864C, delegated upid: 0] start
2026-08-12 16:03:36.072 Df IlliniCover[40795:3ea92c] [com.apple.network:connection] [C2 Hostname#f4aad40d:443 initial parent-flow ((null))] event: path:start @0.000s
2026-08-12 16:03:36.072 Df IlliniCover[40795:3ea92c] [com.apple.network:connection] [C2 Hostname#f4aad40d:443 waiting parent-flow (satisfied (Path is satisfied), interface: en0[802.11], uses wifi, LQM: unknown)] event: path:satisfied @0.000s, uuid: 086412B5-09E4-44CF-BE55-B7330F403F61
2026-08-12 16:03:36.072 Df IlliniCover[40795:3ea92c] [com.apple.network:connection] [C2 Hostname#f4aad40d:443 in_progress parent-flow (satisfied (Path is satisfied), interface: en0[802.11], uses wifi, LQM: unknown)] event: flow:start_connect @0.000s
2026-08-12 16:03:36.073 Df IlliniCover[40795:3ea92c] [com.apple.network:connection] nw_connection_report_state_with_handler_on_nw_queue [C2] reporting state preparing
2026-08-12 16:03:36.074 Df IlliniCover[40795:3ea92c] [com.apple.network:connection] [C2 Hostname#f4aad40d:443 in_progress parent-flow (satisfied (Path is satisfied), interface: en0[802.11], uses wifi, LQM: unknown)] event: flow:start_child @0.002s
2026-08-12 16:03:36.075 Df IlliniCover[40795:3ea92c] [com.apple.network:connection] [C2.1 Hostname#f4aad40d:443 initial path ((null))] event: path:start @0.003s
2026-08-12 16:03:36.076 Df IlliniCover[40795:3ea92c] [com.apple.network:connection] [C2.1 Hostname#f4aad40d:443 waiting path (satisfied (Path is satisfied), interface: en0[802.11], uses wifi, LQM: unknown)] event: path:satisfied @0.003s, uuid: 086412B5-09E4-44CF-BE55-B7330F403F61
2026-08-12 16:03:36.076 Df IlliniCover[40795:3ea92c] [com.apple.network:connection] [C2.1 Hostname#f4aad40d:443 in_progress transform (satisfied (Path is satisfied), interface: en0[802.11], uses wifi, LQM: unknown)] event: transform:start @0.003s
2026-08-12 16:03:36.076 Df IlliniCover[40795:3ea92c] [com.apple.network:connection] [C2.1.1 Hostname#f4aad40d:443 initial path ((null))] event: path:start @0.004s
2026-08-12 16:03:36.076 Df IlliniCover[40795:3ea92c] [com.apple.network:connection] [C2.1.1 Hostname#f4aad40d:443 waiting path (satisfied (Path is satisfied), interface: en0[802.11], uses wifi, LQM: unknown)] event: path:satisfied @0.004s, uuid: 32FE9776-A3FC-4BF4-9EBD-35792664C609
2026-08-12 16:03:36.079 Df IlliniCover[40795:3ea92c] [com.apple.network:connection] [C2.1.1 Hostname#f4aad40d:443 in_progress resolver (satisfied (Path is satisfied), interface: en0[802.11], uses wifi, LQM: unknown)] event: resolver:start_dns @0.006s
2026-08-12 16:03:36.080 Df IlliniCover[40795:3ea930] [com.apple.CFNetwork:Default] Garbage collection for alternative services
2026-08-12 16:03:36.082 Df IlliniCover[40795:3ea92c] [com.apple.CFNetwork:Default] Task <4BF93113-EF68-4421-A5C2-2E58BA6069D1>.<2> setting up Connection 2
2026-08-12 16:03:36.083 E  IlliniCover[40795:3ea921] [com.apple.UIKit:UIFocus] RCTScrollViewComponentView implements focusItemsInRect: - caching for linear focus movement is limited as long as this view is on screen.
2026-08-12 16:03:36.104 Df IlliniCover[40795:3ea92c] [com.apple.network:connection] nw_endpoint_resolver_update [C2.1.1 Hostname#f4aad40d:443 in_progress resolver (satisfied (Path is satisfied), interface: en0[802.11], uses wifi, LQM: unknown)] Adding endpoint handler for IPv4#996f9b08:443
2026-08-12 16:03:36.104 Df IlliniCover[40795:3ea92c] [com.apple.network:connection] nw_endpoint_resolver_update [C2.1.1 Hostname#f4aad40d:443 in_progress resolver (satisfied (Path is satisfied), interface: en0[802.11], uses wifi, LQM: unknown)] Adding endpoint handler for IPv4#8c90c6d0:443
2026-08-12 16:03:36.104 Df IlliniCover[40795:3ea92c] [com.apple.network:connection] [C2.1.1 Hostname#f4aad40d:443 in_progress resolver (satisfied (Path is satisfied), interface: en0[802.11], uses wifi, LQM: unknown)] event: resolver:receive_dns @0.032s
2026-08-12 16:03:36.106 Df IlliniCover[40795:3ea92c] [com.apple.network:connection] [C2.1.1.1 IPv4#996f9b08:443 initial path ((null))] event: path:start @0.033s
2026-08-12 16:03:36.106 Df IlliniCover[40795:3ea92c] [com.apple.network:connection] [C2.1.1.1 IPv4#996f9b08:443 waiting path (satisfied (Path is satisfied), interface: en0[802.11], uses wifi, LQM: unknown)] event: path:satisfied @0.034s, uuid: C0D3255F-0E6F-451B-A4A8-5887286A2F8E
2026-08-12 16:03:36.115 Df IlliniCover[40795:3ea92c] [com.apple.network:quic] quic_conn_initialize_inner [C2.1.1.1:2] [-eb44de0cfc175044] created QUIC connection (spin bit enabled)
2026-08-12 16:03:36.117 Df IlliniCover[40795:3ea92c] [com.apple.network:connection] [C2.1.1.1 IPv4#996f9b08:443 in_progress socket-flow (satisfied (Path is satisfied), interface: en0[802.11], uses wifi, LQM: unknown)] event: flow:start_connect @0.045s
2026-08-12 16:03:36.120 Df IlliniCover[40795:3ea92c] [com.apple.network:quic] quic_crypto_new_flow [C2.1.1.1:2] [-eb44de0cfc175044] TLS stream is: [C3]
2026-08-12 16:03:36.120 Df IlliniCover[40795:3ea92c] [com.apple.network:connection] [C3 BC9E2E31-0431-4771-8764-B6FC008619DD IPv4#996f9b08:443 quic-connection, url: https://kfjwrhviuhsqrcwfxmne.supabase.co/functions/v1/get-deals-feed, tls, definite, attribution: developer, context: com.apple.CFNetwork.NSURLSession.{DA1C1AA3-5B4E-482A-96A4-042471BB7C20}{(null)}{Y}{2}{0x0} (private), proc: D65E3B26-71A5-3DAD-A8B4-60173E19864C, delegated upid: 0] start
2026-08-12 16:03:36.120 Df IlliniCover[40795:3ea92c] [com.apple.network:connection] [C3 IPv4#996f9b08:443 initial socket-flow (satisfied (Path is satisfied), interface: en0[802.11], uses wifi, LQM: unknown)] event: path:start @0.000s
2026-08-12 16:03:36.120 Df IlliniCover[40795:3ea92c] [com.apple.network:connection] [C3 IPv4#996f9b08:443 waiting socket-flow (satisfied (Path is satisfied), interface: en0[802.11], uses wifi, LQM: unknown)] event: path:satisfied @0.000s, uuid: C0D3255F-0E6F-451B-A4A8-5887286A2F8E
2026-08-12 16:03:36.121 Df IlliniCover[40795:3ea92c] [com.apple.network:connection] [C3 IPv4#996f9b08:443 in_progress socket-flow (satisfied (Path is satisfied), interface: en0[802.11], uses wifi, LQM: unknown)] event: flow:start_connect @0.000s
2026-08-12 16:03:36.121 Df IlliniCover[40795:3ea92c] [com.apple.network:connection] nw_connection_report_state_with_handler_on_nw_queue [C3] reporting state preparing
2026-08-12 16:03:36.121 Df IlliniCover[40795:3ea92c] [com.apple.network:connection] nw_flow_connected [C3 IPv4#996f9b08:443 in_progress socket-flow (satisfied (Path is satisfied), interface: en0[802.11], uses wifi, LQM: unknown)] Transport protocol connected (quic-connection)
2026-08-12 16:03:36.121 Df IlliniCover[40795:3ea92c] [com.apple.network:connection] [C3 IPv4#996f9b08:443 in_progress socket-flow (satisfied (Path is satisfied), interface: en0[802.11], uses wifi, LQM: unknown)] event: flow:finish_transport @0.001s
2026-08-12 16:03:36.123 Df IlliniCover[40795:3ea92c] [com.apple.network:boringssl] boringssl_session_apply_protocol_options_for_transport_block_invoke_2(2367) [C3:1][0x123951e60] TLS configured [server(0) min_version(0x0304) max_version(0x0304) name(redacted) tickets(false) false_start(false) enforce_ev(false) enforce_ats(false) ats_non_pfs_ciphersuite_allowed(false) cc_mode_enforced(false) ech(false) pqtls(true), pake(false) skip_ats_trust(false)]
2026-08-12 16:03:36.123 Df IlliniCover[40795:3ea92c] [com.apple.network:boringssl] boringssl_context_info_handler(2806) [C3:1][0x123951e60] Client handshake started
2026-08-12 16:03:36.123 Df IlliniCover[40795:3ea92c] [com.apple.network:boringssl] boringssl_context_info_handler(2823) [C3:1][0x123951e60] Client handshake state: TLS client enter_early_data
2026-08-12 16:03:36.124 Df IlliniCover[40795:3ea92c] [com.apple.network:boringssl] boringssl_context_info_handler(2823) [C3:1][0x123951e60] Client handshake state: TLS client read_server_hello
2026-08-12 16:03:36.124 Df IlliniCover[40795:3ea92c] [com.apple.network:connection] nw_socket_handle_socket_event [C2.1.1.1:2] Socket received CONNECTED event
2026-08-12 16:03:36.135 Df IlliniCover[40795:3ea92c] [com.apple.network:boringssl] boringssl_context_info_handler(2823) [C3:1][0x123951e60] Client handshake state: TLS 1.3 client read_hello_retry_request
2026-08-12 16:03:36.135 Df IlliniCover[40795:3ea92c] [com.apple.network:boringssl] boringssl_context_info_handler(2823) [C3:1][0x123951e60] Client handshake state: TLS 1.3 client read_server_hello
2026-08-12 16:03:36.136 Df IlliniCover[40795:3ea92c] [com.apple.network:boringssl] boringssl_context_info_handler(2823) [C3:1][0x123951e60] Client handshake state: TLS 1.3 client read_encrypted_extensions
2026-08-12 16:03:36.136 Df IlliniCover[40795:3ea92c] [com.apple.network:boringssl] boringssl_context_info_handler(2823) [C3:1][0x123951e60] Client handshake state: TLS 1.3 client read_certificate_request
2026-08-12 16:03:36.136 Df IlliniCover[40795:3ea92c] [com.apple.network:boringssl] boringssl_context_info_handler(2823) [C3:1][0x123951e60] Client handshake state: TLS 1.3 client read_server_certificate
2026-08-12 16:03:36.136 Df IlliniCover[40795:3ea92c] [com.apple.network:boringssl] boringssl_context_info_handler(2823) [C3:1][0x123951e60] Client handshake state: TLS 1.3 client read_server_certificate_verify
2026-08-12 16:03:36.136 Df IlliniCover[40795:3ea92c] [com.apple.network:boringssl] boringssl_context_evaluate_trust_async(2249) [C3:1][0x123951e60] Performing external trust evaluation
2026-08-12 16:03:36.136 A  IlliniCover[40795:3ea92c] (Security) SecKeyCopyPublicBytes
2026-08-12 16:03:36.136 A  IlliniCover[40795:3ea92c] (Security) SecKeyCopyAttributes
2026-08-12 16:03:36.136 A  IlliniCover[40795:3ea92c] (Security) SecKeyCopyPublicBytes
2026-08-12 16:03:36.136 Df IlliniCover[40795:3ea92c] [com.apple.network:boringssl] boringssl_context_evaluate_trust_async_external(2234) [C3:1][0x123951e60] Asyncing for external verify block
2026-08-12 16:03:36.136 Df IlliniCover[40795:3ea92c] [com.apple.CFNetwork:Default] Connection 2: asked to evaluate TLS Trust
2026-08-12 16:03:36.136 Df IlliniCover[40795:3ea92c] [com.apple.CFNetwork:Default] Task <4BF93113-EF68-4421-A5C2-2E58BA6069D1>.<2> auth completion disp=1 cred=0x0
2026-08-12 16:03:36.136 Df IlliniCover[40795:3ea92c] [com.apple.securityd:trust] (Trust 0x1223df6c0) No pending evals, starting
2026-08-12 16:03:36.137 A  IlliniCover[40795:3ea92c] (Security) SecTrustEvaluateIfNecessaryFastAsync
2026-08-12 16:03:36.137 Df IlliniCover[40795:3ea92c] [com.apple.xpc:connection] [0x120e4c500] activating connection: mach=true listener=false peer=false name=com.apple.trustd
2026-08-12 16:03:36.137 Df IlliniCover[40795:3ea92c] [com.apple.securityd:trust] (Trust 0x1223df6c0) Completed async eval kickoff
2026-08-12 16:03:36.140 Df IlliniCover[40795:3ea92c] [com.apple.securityd:trust] (Trust 0x1223df6c0) trustd returned 4
2026-08-12 16:03:36.140 Df IlliniCover[40795:3ea92c] [com.apple.CFNetwork:Default] System Trust Evaluation yielded status(0)
2026-08-12 16:03:36.140 Df IlliniCover[40795:3ea92c] [com.apple.securityd:trust] (Trust 0x1223df480) No pending evals, starting
2026-08-12 16:03:36.140 A  IlliniCover[40795:3ea92c] (Security) SecTrustEvaluateIfNecessaryFastAsync
2026-08-12 16:03:36.140 Df IlliniCover[40795:3ea92c] [com.apple.xpc:connection] [0x120e4c780] activating connection: mach=true listener=false peer=false name=com.apple.trustd
2026-08-12 16:03:36.140 Df IlliniCover[40795:3ea92c] [com.apple.securityd:trust] (Trust 0x1223df480) Completed async eval kickoff
2026-08-12 16:03:36.140 Df IlliniCover[40795:3ea92c] [com.apple.xpc:connection] [0x120e4c500] invalidated because the current process cancelled the connection by calling xpc_connection_cancel()
2026-08-12 16:03:36.143 Df IlliniCover[40795:3ea92d] [com.apple.securityd:trust] (Trust 0x1223df480) trustd returned 4
2026-08-12 16:03:36.143 Df IlliniCover[40795:3ea92d] [com.apple.CFNetwork:Default] Connection 2: TLS Trust result 0
2026-08-12 16:03:36.143 Df IlliniCover[40795:3ea92d] [com.apple.network:boringssl] boringssl_context_evaluate_trust_async_external_block_invoke_3(2148) [C3:1][0x123951e60] Returning from external verify block with result: true
2026-08-12 16:03:36.143 Df IlliniCover[40795:3ea92d] [com.apple.network:boringssl] boringssl_context_certificate_verify_callback(2430) [C3:1][0x123951e60] Certificate verification result: OK
2026-08-12 16:03:36.143 Df IlliniCover[40795:3ea92d] [com.apple.network:boringssl] boringssl_context_info_handler(2823) [C3:1][0x123951e60] Client handshake state: TLS 1.3 client read_server_finished
2026-08-12 16:03:36.143 Df IlliniCover[40795:3ea92d] [com.apple.network:boringssl] boringssl_context_info_handler(2823) [C3:1][0x123951e60] Client handshake state: TLS 1.3 client send_end_of_early_data
2026-08-12 16:03:36.143 Df IlliniCover[40795:3ea92d] [com.apple.network:boringssl] boringssl_context_info_handler(2823) [C3:1][0x123951e60] Client handshake state: TLS 1.3 client send_client_encrypted_extensions
2026-08-12 16:03:36.143 Df IlliniCover[40795:3ea92d] [com.apple.network:boringssl] boringssl_context_info_handler(2823) [C3:1][0x123951e60] Client handshake state: TLS 1.3 client send_client_certificate
2026-08-12 16:03:36.143 Df IlliniCover[40795:3ea92d] [com.apple.network:boringssl] boringssl_context_info_handler(2823) [C3:1][0x123951e60] Client handshake state: TLS 1.3 client complete_second_flight
2026-08-12 16:03:36.143 A  IlliniCover[40795:3ea92d] (Security) SecKeyCopyPublicBytes
2026-08-12 16:03:36.143 A  IlliniCover[40795:3ea92d] (Security) SecKeyCopyAttributes
2026-08-12 16:03:36.143 A  IlliniCover[40795:3ea92d] (Security) SecKeyCopyPublicBytes
2026-08-12 16:03:36.143 A  IlliniCover[40795:3ea92d] (Security) SecKeyCopyPublicBytes
2026-08-12 16:03:36.143 A  IlliniCover[40795:3ea92d] (Security) SecKeyCopyAttributes
2026-08-12 16:03:36.143 A  IlliniCover[40795:3ea92d] (Security) SecKeyCopyPublicBytes
2026-08-12 16:03:36.144 Df IlliniCover[40795:3ea92d] [com.apple.network:boringssl] boringssl_context_info_handler(2823) [C3:1][0x123951e60] Client handshake state: TLS 1.3 client done
2026-08-12 16:03:36.144 Df IlliniCover[40795:3ea92d] [com.apple.network:boringssl] boringssl_context_info_handler(2823) [C3:1][0x123951e60] Client handshake state: TLS client finish_client_handshake
2026-08-12 16:03:36.144 Df IlliniCover[40795:3ea92d] [com.apple.network:boringssl] boringssl_context_info_handler(2823) [C3:1][0x123951e60] Client handshake state: TLS client done
2026-08-12 16:03:36.144 Df IlliniCover[40795:3ea92d] [com.apple.network:boringssl] boringssl_context_info_handler(2812) [C3:1][0x123951e60] Client handshake done
2026-08-12 16:03:36.144 A  IlliniCover[40795:3ea92d] (Security) SecKeyCopyPublicBytes
2026-08-12 16:03:36.144 A  IlliniCover[40795:3ea92d] (Security) SecKeyCopyAttributes
2026-08-12 16:03:36.144 A  IlliniCover[40795:3ea92d] (Security) SecKeyCopyPublicBytes
2026-08-12 16:03:36.144 Df IlliniCover[40795:3ea92d] [com.apple.network:boringssl] nw_protocol_boringssl_signal_connected(895) [C3:1][0x123951e60] TLS connected [server(0) version(0x0304) ciphersuite(TLS_AES_256_GCM_SHA384) group(0x11ec) signature_alg(0x0403) alpn(h3) resumed(0) offered_ticket(0) in_early_data(0) early_data_accepted(0) false_started(0) ocsp_received(0) sct_received(0) connect_time(22ms) flight_time(12ms) rtt(12ms) write_stalls(0) read_stalls(5) pake(0x0000)]
2026-08-12 16:03:36.144 Df IlliniCover[40795:3ea92d] [com.apple.network:connection] nw_flow_connected [C3 IPv4#996f9b08:443 in_progress socket-flow (satisfied (Path is satisfied), interface: en0[802.11], uses wifi, LQM: unknown)] Output protocol connected (tls)
2026-08-12 16:03:36.144 Df IlliniCover[40795:3ea92d] [com.apple.network:connection] [C3 IPv4#996f9b08:443 ready socket-flow (satisfied (Path is satisfied), interface: en0[802.11], uses wifi, LQM: unknown)] event: flow:finish_connect @0.024s
2026-08-12 16:03:36.144 Df IlliniCover[40795:3ea92d] [com.apple.network:connection] nw_connection_report_state_with_handler_on_nw_queue [C3] reporting state ready
2026-08-12 16:03:36.144 Df IlliniCover[40795:3ea92d] [com.apple.xpc:connection] [0x120e4c780] invalidated because the current process cancelled the connection by calling xpc_connection_cancel()
2026-08-12 16:03:36.145 Df IlliniCover[40795:3ea92d] [com.apple.network:quic] quic_pmtud_restart [C2.1.1.1:2] [-01d49d4a6183bd2ecbd0644a5f83b37bfc55f5c1] PMTUD enabled, max PMTU: 1500, header size: 28, current PMTU 1228
2026-08-12 16:03:36.145 Df IlliniCover[40795:3ea92d] [com.apple.network:quic] quic_crypto_tls_ready_inner [C2.1.1.1:2] [-01d49d4a6183bd2ecbd0644a5f83b37bfc55f5c1] QUIC connection established in 26.973 ms, RTT 9.747 ms
2026-08-12 16:03:36.145 Df IlliniCover[40795:3ea92d] [com.apple.network:connection] nw_flow_connected [C2.1.1.1 IPv4#996f9b08:443 in_progress socket-flow (satisfied (Path is satisfied), interface: en0[802.11], uses wifi, LQM: unknown)] Transport protocol connected (quic-connection)
2026-08-12 16:03:36.145 Df IlliniCover[40795:3ea92d] [com.apple.network:connection] [C2.1.1.1 IPv4#996f9b08:443 in_progress socket-flow (satisfied (Path is satisfied), interface: en0[802.11], uses wifi, LQM: unknown)] event: flow:finish_transport @0.072s
2026-08-12 16:03:36.145 Df IlliniCover[40795:3ea92d] [com.apple.network:connection] nw_flow_connected [C2.1.1.1 IPv4#996f9b08:443 in_progress socket-flow (satisfied (Path is satisfied), interface: en0[802.11], uses wifi, LQM: unknown)] Output protocol connected (CFNetworkConnection-2164537938)
2026-08-12 16:03:36.145 Df IlliniCover[40795:3ea92d] [com.apple.network:connection] [C2.1.1.1 IPv4#996f9b08:443 ready socket-flow (satisfied (Path is satisfied), interface: en0[802.11], uses wifi, LQM: unknown)] event: flow:child_finish_connect @0.072s
2026-08-12 16:03:36.145 Df IlliniCover[40795:3ea92d] [com.apple.network:connection] [C2.1.1 Hostname#f4aad40d:443 ready resolver (satisfied (Path is satisfied), interface: en0[802.11], uses wifi, LQM: unknown)] event: flow:child_finish_connect @0.073s
2026-08-12 16:03:36.145 Df IlliniCover[40795:3ea92d] [com.apple.network:connection] [C2.1 Hostname#f4aad40d:443 ready transform (satisfied (Path is satisfied), interface: en0[802.11], uses wifi, LQM: unknown)] event: flow:child_finish_connect @0.073s
2026-08-12 16:03:36.145 Df IlliniCover[40795:3ea92d] [com.apple.network:connection] nw_flow_connected [C2 IPv4#996f9b08:443 in_progress parent-flow (satisfied (Path is satisfied), interface: en0[802.11], uses wifi, LQM: unknown)] Output protocol connected (endpoint_flow)
2026-08-12 16:03:36.145 Df IlliniCover[40795:3ea92d] [com.apple.network:connection] [C2 IPv4#996f9b08:443 ready parent-flow (satisfied (Path is satisfied), interface: en0[802.11], uses wifi, LQM: unknown)] event: flow:finish_connect @0.073s
2026-08-12 16:03:36.145 Df IlliniCover[40795:3ea92d] [com.apple.network:connection] nw_connection_report_state_with_handler_on_nw_queue [C2] reporting state ready
2026-08-12 16:03:36.146 E  IlliniCover[40795:3ea92d] [com.apple.network:] nw_protocol_instance_set_output_handler Not calling remove_input_handler on 0x123a25c00:socket
2026-08-12 16:03:36.146 Df IlliniCover[40795:3ea92d] [com.apple.network:quic] quic_migration_path_event_block_invoke [C2.1.1.1:2] [-01d49d4a6183bd2ecbd0644a5f83b37bfc55f5c1] path 724efc01d9229023 over en0 received event established
2026-08-12 16:03:36.146 Df IlliniCover[40795:3ea92d] [com.apple.network:quic] quic_migration_evaluate_primary [C2.1.1.1:2] [-01d49d4a6183bd2ecbd0644a5f83b37bfc55f5c1] promoted path 0x123a00380 over en0 to primary
2026-08-12 16:03:36.147 Df IlliniCover[40795:3ea92d] [com.apple.network:] nw_protocol_instance_report_ready [C2.1.1.1:2] Calling notify with interface en0 for flow_registration D318D6CC-7C9D-425B-B108-98F1E2137EEB
2026-08-12 16:03:36.147 Df IlliniCover[40795:3ea92d] [com.apple.network:connection] [C2.1.1.1 IPv4#996f9b08:443 ready socket-flow (satisfied (Path is satisfied), interface: en0[802.11], uses wifi, LQM: unknown)] event: path:migrated @0.074s, uuid: C0D3255F-0E6F-451B-A4A8-5887286A2F8E
2026-08-12 16:03:36.147 Df IlliniCover[40795:3ea92d] [com.apple.network:connection] [C2.1.1 Hostname#f4aad40d:443 ready resolver (satisfied (Path is satisfied), interface: en0[802.11], uses wifi, LQM: unknown)] event: path:migrated @0.074s, uuid: 32FE9776-A3FC-4BF4-9EBD-35792664C609
2026-08-12 16:03:36.147 Df IlliniCover[40795:3ea92d] [com.apple.network:connection] [C2.1 Hostname#f4aad40d:443 ready transform (satisfied (Path is satisfied), interface: en0[802.11], uses wifi, LQM: unknown)] event: path:migrated @0.074s, uuid: 086412B5-09E4-44CF-BE55-B7330F403F61
2026-08-12 16:03:36.147 Df IlliniCover[40795:3ea92d] [com.apple.network:connection] [C2 IPv4#996f9b08:443 ready parent-flow (satisfied (Path is satisfied), interface: en0[802.11], uses wifi, LQM: unknown)] event: path:migrated @0.074s, uuid: 086412B5-09E4-44CF-BE55-B7330F403F61
2026-08-12 16:03:36.147 Df IlliniCover[40795:3ea92d] [com.apple.network:quic] quic_migration_evaluate [C2.1.1.1:2] [-01d49d4a6183bd2ecbd0644a5f83b37bfc55f5c1] evaluating path migration
2026-08-12 16:03:36.147 Df IlliniCover[40795:3ea92d] [com.apple.network:quic] quic_migration_evaluate_block_invoke [C2.1.1.1:2] [-01d49d4a6183bd2ecbd0644a5f83b37bfc55f5c1] path 724efc01d9229023 state validated (0), ifname en0, primary? 1, initial? 1, fallback? 0, preferred? 0 lossy? 0
2026-08-12 16:03:36.147 Df IlliniCover[40795:3ea92d] [com.apple.network:quic] quic_migration_evaluate [C2.1.1.1:2] [-01d49d4a6183bd2ecbd0644a5f83b37bfc55f5c1] current path is usable, no strong fallback or we are probing
2026-08-12 16:03:36.147 Df IlliniCover[40795:3ea92d] [com.apple.CFNetwork:Default] Connection 2: connected successfully
2026-08-12 16:03:36.147 E  IlliniCover[40795:3ea92d] [com.apple.network:connection] nw_connection_copy_connected_local_endpoint_block_invoke [C2] Connection has no local endpoint
2026-08-12 16:03:36.147 Df IlliniCover[40795:3ea92d] [com.apple.CFNetwork:Default] Connection 2: TLS handshake complete
2026-08-12 16:03:36.148 E  IlliniCover[40795:3ea92d] [com.apple.network:connection] nw_connection_copy_connected_local_endpoint_block_invoke [C2] Connection has no local endpoint
2026-08-12 16:03:36.148 Df IlliniCover[40795:3ea92d] [com.apple.CFNetwork:Default] Connection 2: ready C(N) E(N)
2026-08-12 16:03:36.148 Df IlliniCover[40795:3ea92d] [com.apple.network:connection] [C2] event: client:connection_reused @0.076s
2026-08-12 16:03:36.148 Df IlliniCover[40795:3ea92d] [com.apple.CFNetwork:Default] Task <4BF93113-EF68-4421-A5C2-2E58BA6069D1>.<2> now using Connection 2
2026-08-12 16:03:36.149 Df IlliniCover[40795:3ea92d] [com.apple.cfnetwork:h3stream] 0x123a016d8 ID=0 Task <4BF93113-EF68-4421-A5C2-2E58BA6069D1>.<2> sent request, body N 0
2026-08-12 16:03:36.152 A  IlliniCover[40795:3ea92d] (Security) SecKeyCopyPublicBytes
2026-08-12 16:03:36.152 A  IlliniCover[40795:3ea92d] (Security) SecKeyCopyAttributes
2026-08-12 16:03:36.152 A  IlliniCover[40795:3ea92d] (Security) SecKeyCopyPublicBytes
2026-08-12 16:03:36.152 Df IlliniCover[40795:3ea92d] [com.apple.network:boringssl] boringssl_context_new_session_handler(1771) [C3:1][0x123951e60] Asyncing for session update block
2026-08-12 16:03:36.152 A  IlliniCover[40795:3ea92d] (Security) SecKeyCopyPublicBytes
2026-08-12 16:03:36.152 A  IlliniCover[40795:3ea92d] (Security) SecKeyCopyAttributes
2026-08-12 16:03:36.152 A  IlliniCover[40795:3ea92d] (Security) SecKeyCopyPublicBytes
2026-08-12 16:03:36.152 Df IlliniCover[40795:3ea92d] [com.apple.network:boringssl] boringssl_context_new_session_handler(1771) [C3:1][0x123951e60] Asyncing for session update block
2026-08-12 16:03:36.153 Df IlliniCover[40795:3ea92d] [com.apple.network:boringssl] nw_protocol_boringssl_signal_connected(895) [C3:1][0x123951e60] TLS connected [server(0) version(0x0304) ciphersuite(TLS_AES_256_GCM_SHA384) group(0x11ec) signature_alg(0x0403) alpn(h3) resumed(0) offered_ticket(0) in_early_data(0) early_data_accepted(0) false_started(0) ocsp_received(0) sct_received(0) connect_time(22ms) flight_time(12ms) rtt(12ms) write_stalls(0) read_stalls(5) pake(0x0000)]
2026-08-12 16:03:36.153 Df IlliniCover[40795:3ea92d] [com.apple.network:connection] nw_flow_connected [C3 IPv4#996f9b08:443 ready socket-flow (satisfied (Path is satisfied), interface: en0[802.11], uses wifi, LQM: unknown)] Output protocol connected (tls)
2026-08-12 16:03:36.153 Df IlliniCover[40795:3ea92d] [com.apple.network:quic] quic_stream_create_inbound [C2.1.1.1:2] [-01d49d4a6183bd2ecbd0644a5f83b37bfc55f5c1] creating inbound stream 3
2026-08-12 16:03:36.153 Df IlliniCover[40795:3ea92d] [com.apple.network:quic] quic_stream_create_inbound [C2.1.1.1:2] [-01d49d4a6183bd2ecbd0644a5f83b37bfc55f5c1] creating inbound stream 7
2026-08-12 16:03:36.153 Df IlliniCover[40795:3ea92d] [com.apple.network:quic] quic_stream_create_inbound [C2.1.1.1:2] [-01d49d4a6183bd2ecbd0644a5f83b37bfc55f5c1] creating inbound stream 11
2026-08-12 16:03:36.153 Df IlliniCover[40795:3ea92d] [com.apple.network:quic] quic_stream_create_inbound [C2.1.1.1:2] [-01d49d4a6183bd2ecbd0644a5f83b37bfc55f5c1] creating inbound stream 15
2026-08-12 16:03:36.153 Df IlliniCover[40795:3ea92d] [com.apple.network:boringssl] boringssl_context_new_session_handler_block_invoke(1774) [C3:1][0x123951e60] Returning from session update block
2026-08-12 16:03:36.153 Df IlliniCover[40795:3ea92d] [com.apple.network:boringssl] boringssl_context_new_session_handler_block_invoke(1774) [C3:1][0x123951e60] Returning from session update block
2026-08-12 16:03:36.220 Df IlliniCover[40795:3ea921] [com.apple.UIKit:_UIVisualStyleRegistry] Note: no default visual style class registered as fallback for stylable class UIActivityIndicatorView
2026-08-12 16:03:36.220 Df IlliniCover[40795:3ea921] [com.apple.UIKit:_UIVisualStyleRegistry] Note: no default visual style class registered as fallback for stylable class UIActivityIndicatorView
2026-08-12 16:03:36.227 Df IlliniCover[40795:3ea92d] [com.apple.dt.xctest:Default] Received request to fetch matches for query:
2026-08-12 16:03:36.227 Df IlliniCover[40795:3ea92b] [com.apple.dt.xctest:Default] Evaluating query:
2026-08-12 16:03:36.227 Df IlliniCover[40795:3ea92b] [com.apple.dt.xctest:Default] Getting root element snapshot
2026-08-12 16:03:36.227 Df IlliniCover[40795:3ea92b] [com.apple.dt.xctest:Default] Getting snapshot for App element pid: 40795 for query
2026-08-12 16:03:36.227 Df IlliniCover[40795:3ea92b] [com.apple.dt.xctest:Default] Query requires iOS snapshot attributes .
2026-08-12 16:03:36.227 Df IlliniCover[40795:3ea92b] [com.apple.dt.xctest:Default] XCTPerformOnMainRunLoop[not MT]: about to CFRunLoopPerform
2026-08-12 16:03:36.227 Df IlliniCover[40795:3ea92b] [com.apple.dt.xctest:Default] XCTPerformOnMainRunLoop[not MT]: waiting with 30.00s responsiveness timeout
2026-08-12 16:03:36.418 Df IlliniCover[40795:3ea921] [com.apple.dt.xctest:Default] XCTPerformOnMainRunLoop[MT]: inside CFRunLoopPerform
2026-08-12 16:03:36.418 Df IlliniCover[40795:3ea921] [com.apple.dt.xctest:Default] XCTPerformOnMainRunLoop[MT]: MT responded in time (won the race to the busy flag)
2026-08-12 16:03:36.418 Df IlliniCover[40795:3ea92b] [com.apple.dt.xctest:Default] XCTPerformOnMainRunLoop[not MT]: waiting 60.00s for work to complete
2026-08-12 16:03:36.418 Df IlliniCover[40795:3ea921] [com.apple.dt.xctest:Default] Got main window <AXUIElementRef 0x1244827f0> {pid=40795} {uid=[ID:4 hash:0x109610400]}
2026-08-12 16:03:36.418 Df IlliniCover[40795:3ea921] [com.apple.dt.xctest:Default] Capturing hierarchy with attributes XC_kAXXCAttributeElementType, XC_kAXXCAttributeElementBaseType, XC_kAXXCAttributeParent, XC_kAXXCAttributeIdentifier, XC_kAXXCAttributeAutomationType, XC_kAXXCAttributeTraits
2026-08-12 16:03:36.418 Df IlliniCover[40795:3ea921] [com.apple.dt.xctest:Default] Capturing hierarchy with parameters {
    attributes =     (
        5003,
        5004,
        5002,
        5019,
        5058,
        2004
    );
    maxArrayCount = 2147483647;
    maxChildren = 2147483647;
    maxDepth = 2147483647;
    snapshotKeyHonorModalViews = 0;
    traverseFromParentsToChildren = 1;
}
2026-08-12 16:03:36.418 Df IlliniCover[40795:3ea921] [com.apple.dt.xctest:Default] Snapshot attributes 5003, 5004, 5002, 5019, 5058, 2004
2026-08-12 16:03:36.423 Df IlliniCover[40795:3ea921] [com.apple.dt.xctest:Default] Got snapshot for <AXUIElementRef 0x120ff72d0> {pid=40795} {uid=[ID:1 hash:0x0]}
2026-08-12 16:03:36.423 Df IlliniCover[40795:3ea921] [com.apple.dt.xctest:Default] Got app orientation 0
2026-08-12 16:03:36.423 Df IlliniCover[40795:3ea921] [com.apple.dt.xctest:Default] Captured accessibility snapshot data in 0.01s
2026-08-12 16:03:36.423 Df IlliniCover[40795:3ea92b] [com.apple.dt.xctest:Default] Found main window: Window
2026-08-12 16:03:36.423 Df IlliniCover[40795:3ea92b] [com.apple.dt.xctest:Default] App orientation is 0 (not portrait) and UITextEffectsWindow window Window is not main window
2026-08-12 16:03:36.423 Df IlliniCover[40795:3ea92b] [com.apple.dt.xctest:Default] Leaving frame unchanged for Window: either already correct or we can't detect it.
2026-08-12 16:03:36.423 Df IlliniCover[40795:3ea92b] [com.apple.dt.xctest:Default] Query  found matching snapshots: {(
    Application, pid: 40795
)} (error: (null))
2026-08-12 16:03:36.423 Df IlliniCover[40795:3ea92b] [com.apple.dt.xctest:Default] Replying to query  with results: <XCTElementQueryResults: 0x123bbc1e0> (error: (null))
2026-08-12 16:03:36.473 E  IlliniCover[40795:3ea921] [com.apple.UIKit:Assert] button text attributes only respected for UIControlStateNormal, UIControlStateHighlighted, UIControlStateDisabled and UIControlStateFocused. state = 4 is interpreted as UIControlStateHighlighted.
2026-08-12 16:03:36.476 E  IlliniCover[40795:3ea921] [com.apple.UIKit:Assert] button text attributes only respected for UIControlStateNormal, UIControlStateHighlighted, UIControlStateDisabled and UIControlStateFocused. state = 4 is interpreted as UIControlStateHighlighted.
2026-08-12 16:03:36.536 E  IlliniCover[40795:3ea921] [com.apple.UIKit:Assert] button text attributes only respected for UIControlStateNormal, UIControlStateHighlighted, UIControlStateDisabled and UIControlStateFocused. state = 4 is interpreted as UIControlStateHighlighted.
2026-08-12 16:03:36.536 E  IlliniCover[40795:3ea921] [com.apple.UIKit:Assert] button text attributes only respected for UIControlStateNormal, UIControlStateHighlighted, UIControlStateDisabled and UIControlStateFocused. state = 4 is interpreted as UIControlStateHighlighted.
2026-08-12 16:03:36.569 A  IlliniCover[40795:3ea921] (CoreFoundation) Updating Key-Value Observers Of Preferences
2026-08-12 16:03:36.726 Df IlliniCover[40795:3ea92b] [com.apple.cfnetwork:h3stream] 0x123a016d8 ID=0 Task <4BF93113-EF68-4421-A5C2-2E58BA6069D1>.<2> received response, status 200 content K
2026-08-12 16:03:36.726 A  IlliniCover[40795:3ea92b] (Security) SecTrustEvaluateIfNecessary
2026-08-12 16:03:36.726 Df IlliniCover[40795:3ea92b] [com.apple.xpc:connection] [0x125431400] activating connection: mach=true listener=false peer=false name=com.apple.trustd
2026-08-12 16:03:36.729 Df IlliniCover[40795:3ea92b] [com.apple.xpc:connection] [0x125431400] invalidated because the current process cancelled the connection by calling xpc_connection_cancel()
2026-08-12 16:03:36.729 Df IlliniCover[40795:3ea92b] [com.apple.CFNetwork:Default] Task <4BF93113-EF68-4421-A5C2-2E58BA6069D1>.<2> response ended
2026-08-12 16:03:36.729 Df IlliniCover[40795:3ea92b] [com.apple.network:connection] [C2] event: client:connection_idle @0.657s
2026-08-12 16:03:36.729 Df IlliniCover[40795:3ea92b] [com.apple.CFNetwork:Default] Task <4BF93113-EF68-4421-A5C2-2E58BA6069D1>.<2> done using Connection 2
2026-08-12 16:03:36.729 Df IlliniCover[40795:3ea930] [com.apple.CFNetwork:Summary] Task <4BF93113-EF68-4421-A5C2-2E58BA6069D1>.<2> summary for task success {transaction_duration_ms=665, response_status=200, connection=2, protocol="h3", domain_lookup_duration_ms=26, connect_duration_ms=28, secure_connection_duration_ms=26, private_relay=false, request_start_ms=85, request_duration_ms=0, response_start_ms=661, response_duration_ms=3, request_bytes=392, request_throughput_kbps=21180, response_bytes=2236, response_throughput_kbps=4701, cache_hit=true}
2026-08-12 16:03:36.731 Df IlliniCover[40795:3ea930] [com.apple.CFNetwork:Default] Task <4BF93113-EF68-4421-A5C2-2E58BA6069D1>.<2> finished successfully
2026-08-12 16:03:36.857 E  IlliniCover[40795:3ea921] [com.apple.UIKit:UIFocus] RCTScrollViewComponentView implements focusItemsInRect: - caching for linear focus movement is limited as long as this view is on screen.
2026-08-12 16:03:38.477 Df IlliniCover[40795:3ea921] [com.apple.KeyboardArbiter:Client] TX focusApplication (peekAppEvent) stealKB:Y scene:com.illinicover.app-default
2026-08-12 16:03:38.477 Df IlliniCover[40795:3ea921] [com.apple.UIKit:EventDispatch] Evaluating dispatch of UIEvent: 0x109598c00; type: 0; subtype: 0; backing type: 11; shouldSend: 1; ignoreInteractionEvents: 0, systemGestureStateChange: 0
2026-08-12 16:03:38.478 Df IlliniCover[40795:3ea921] [com.apple.UIKit:EventDispatch] Sending UIEvent type: 0; subtype: 0; to windows: 1
2026-08-12 16:03:38.478 Df IlliniCover[40795:3ea921] [com.apple.UIKit:EventDispatch] Sending UIEvent type: 0; subtype: 0; to window: <UIWindow: 0x109610400>; contextId: 0xFBFAB7F
2026-08-12 16:03:38.483 Df IlliniCover[40795:3ea921] [com.apple.UIKit:EventDispatch] Evaluating dispatch of UIEvent: 0x109598c00; type: 0; subtype: 0; backing type: 11; shouldSend: 0; ignoreInteractionEvents: 0, systemGestureStateChange: 0
2026-08-12 16:03:38.491 Df IlliniCover[40795:3ea921] [com.apple.UIKit:EventDispatch] Evaluating dispatch of UIEvent: 0x109598c00; type: 0; subtype: 0; backing type: 11; shouldSend: 0; ignoreInteractionEvents: 0, systemGestureStateChange: 0
2026-08-12 16:03:38.508 Df IlliniCover[40795:3ea921] [com.apple.UIKit:EventDispatch] Evaluating dispatch of UIEvent: 0x109598c00; type: 0; subtype: 0; backing type: 11; shouldSend: 0; ignoreInteractionEvents: 0, systemGestureStateChange: 0
2026-08-12 16:03:38.525 Df IlliniCover[40795:3ea921] [com.apple.UIKit:EventDispatch] Evaluating dispatch of UIEvent: 0x109598c00; type: 0; subtype: 0; backing type: 11; shouldSend: 0; ignoreInteractionEvents: 0, systemGestureStateChange: 0
2026-08-12 16:03:38.541 Df IlliniCover[40795:3ea921] [com.apple.UIKit:EventDispatch] Evaluating dispatch of UIEvent: 0x109598c00; type: 0; subtype: 0; backing type: 11; shouldSend: 0; ignoreInteractionEvents: 0, systemGestureStateChange: 0
2026-08-12 16:03:38.558 Df IlliniCover[40795:3ea921] [com.apple.UIKit:EventDispatch] Evaluating dispatch of UIEvent: 0x109598c00; type: 0; subtype: 0; backing type: 11; shouldSend: 0; ignoreInteractionEvents: 0, systemGestureStateChange: 0
2026-08-12 16:03:38.575 Df IlliniCover[40795:3ea921] [com.apple.UIKit:EventDispatch] Evaluating dispatch of UIEvent: 0x109598c00; type: 0; subtype: 0; backing type: 11; shouldSend: 0; ignoreInteractionEvents: 0, systemGestureStateChange: 0
2026-08-12 16:03:38.575 Df IlliniCover[40795:3ea921] [com.apple.UIKit:EventDispatch] Evaluating dispatch of UIEvent: 0x109598c00; type: 0; subtype: 0; backing type: 11; shouldSend: 0; ignoreInteractionEvents: 0, systemGestureStateChange: 1
2026-08-12 16:03:38.575 A  IlliniCover[40795:3ea921] (UIKitCore) send gesture actions
2026-08-12 16:03:38.591 Df IlliniCover[40795:3ea921] [com.apple.UIKit:EventDispatch] Evaluating dispatch of UIEvent: 0x109598c00; type: 0; subtype: 0; backing type: 11; shouldSend: 0; ignoreInteractionEvents: 0, systemGestureStateChange: 0
2026-08-12 16:03:38.592 Df IlliniCover[40795:3ea921] [com.apple.UIKit:EventDispatch] Evaluating dispatch of UIEvent: 0x109598c00; type: 0; subtype: 0; backing type: 11; shouldSend: 1; ignoreInteractionEvents: 0, systemGestureStateChange: 0
2026-08-12 16:03:38.592 Df IlliniCover[40795:3ea921] [com.apple.UIKit:EventDispatch] Sending UIEvent type: 0; subtype: 0; to windows: 1
2026-08-12 16:03:38.592 Df IlliniCover[40795:3ea921] [com.apple.UIKit:EventDispatch] Sending UIEvent type: 0; subtype: 0; to window: <UIWindow: 0x109610400>; contextId: 0xFBFAB7F
2026-08-12 16:03:38.593 A  IlliniCover[40795:3ea921] (UIKitCore) send gesture actions
2026-08-12 16:03:39.024 Df IlliniCover[40795:3ea92b] [com.apple.dt.xctest:Default] Received request to fetch matches for query:
2026-08-12 16:03:39.024 Df IlliniCover[40795:3ea92b] [com.apple.dt.xctest:Default] Evaluating query:
2026-08-12 16:03:39.024 Df IlliniCover[40795:3ea92b] [com.apple.dt.xctest:Default] Getting root element snapshot
2026-08-12 16:03:39.024 Df IlliniCover[40795:3ea92b] [com.apple.dt.xctest:Default] Getting snapshot for App element pid: 40795 for query
2026-08-12 16:03:39.024 Df IlliniCover[40795:3ea92b] [com.apple.dt.xctest:Default] Query requires iOS snapshot attributes .
2026-08-12 16:03:39.024 Df IlliniCover[40795:3ea92b] [com.apple.dt.xctest:Default] XCTPerformOnMainRunLoop[not MT]: about to CFRunLoopPerform
2026-08-12 16:03:39.024 Df IlliniCover[40795:3ea92b] [com.apple.dt.xctest:Default] XCTPerformOnMainRunLoop[not MT]: waiting with 30.00s responsiveness timeout
2026-08-12 16:03:39.024 Df IlliniCover[40795:3ea921] [com.apple.dt.xctest:Default] XCTPerformOnMainRunLoop[MT]: inside CFRunLoopPerform
2026-08-12 16:03:39.024 Df IlliniCover[40795:3ea921] [com.apple.dt.xctest:Default] XCTPerformOnMainRunLoop[MT]: MT responded in time (won the race to the busy flag)
2026-08-12 16:03:39.024 Df IlliniCover[40795:3ea92b] [com.apple.dt.xctest:Default] XCTPerformOnMainRunLoop[not MT]: waiting 60.00s for work to complete
2026-08-12 16:03:39.024 Df IlliniCover[40795:3ea921] [com.apple.dt.xctest:Default] Got main window <AXUIElementRef 0x120c6fa50> {pid=40795} {uid=[ID:4 hash:0x109610400]}
2026-08-12 16:03:39.024 Df IlliniCover[40795:3ea921] [com.apple.dt.xctest:Default] Capturing hierarchy with attributes XC_kAXXCAttributeElementType, XC_kAXXCAttributeElementBaseType, XC_kAXXCAttributeParent, XC_kAXXCAttributeIdentifier, XC_kAXXCAttributeAutomationType, XC_kAXXCAttributeTraits
2026-08-12 16:03:39.024 Df IlliniCover[40795:3ea921] [com.apple.dt.xctest:Default] Capturing hierarchy with parameters {
    attributes =     (
        5003,
        5004,
        5002,
        5019,
        5058,
        2004
    );
    maxArrayCount = 2147483647;
    maxChildren = 2147483647;
    maxDepth = 2147483647;
    snapshotKeyHonorModalViews = 0;
    traverseFromParentsToChildren = 1;
}
2026-08-12 16:03:39.024 Df IlliniCover[40795:3ea921] [com.apple.dt.xctest:Default] Snapshot attributes 5003, 5004, 5002, 5019, 5058, 2004
2026-08-12 16:03:39.077 Df IlliniCover[40795:3ea921] [com.apple.dt.xctest:Default] Got snapshot for <AXUIElementRef 0x123b19530> {pid=40795} {uid=[ID:1 hash:0x0]}
2026-08-12 16:03:39.077 Df IlliniCover[40795:3ea921] [com.apple.dt.xctest:Default] Got app orientation 0
2026-08-12 16:03:39.077 Df IlliniCover[40795:3ea921] [com.apple.dt.xctest:Default] Captured accessibility snapshot data in 0.05s
2026-08-12 16:03:39.077 Df IlliniCover[40795:3ea92b] [com.apple.dt.xctest:Default] Found main window: Window
2026-08-12 16:03:39.077 Df IlliniCover[40795:3ea92b] [com.apple.dt.xctest:Default] Preferring automation type 48 instead of legacy element type OTHER derived from class/trait: UILabel:UILabel 8590000128
2026-08-12 16:03:39.078 Df IlliniCover[40795:3ea92b] [com.apple.dt.xctest:Default] Other is not actually a child of Other, including at this point anyway (rdar://problem/20738636)
2026-08-12 16:03:39.078 Df IlliniCover[40795:3ea92b] [com.apple.dt.xctest:Default] Other is not actually a child of Other, including at this point anyway (rdar://problem/20738636)
2026-08-12 16:03:39.078 Df IlliniCover[40795:3ea92b] [com.apple.dt.xctest:Default] Other is not actually a child of Other, including at this point anyway (rdar://problem/20738636)
2026-08-12 16:03:39.078 Df IlliniCover[40795:3ea92b] [com.apple.dt.xctest:Default] Other is not actually a child of Other, including at this point anyway (rdar://problem/20738636)
2026-08-12 16:03:39.078 Df IlliniCover[40795:3ea92b] [com.apple.dt.xctest:Default] Other is not actually a child of Other, including at this point anyway (rdar://problem/20738636)
2026-08-12 16:03:39.078 Df IlliniCover[40795:3ea92b] [com.apple.dt.xctest:Default] Other is not actually a child of Other, including at this point anyway (rdar://problem/20738636)
2026-08-12 16:03:39.078 Df IlliniCover[40795:3ea92b] [com.apple.dt.xctest:Default] Other is not actually a child of Other, including at this point anyway (rdar://problem/20738636)
2026-08-12 16:03:39.078 Df IlliniCover[40795:3ea92b] [com.apple.dt.xctest:Default] Other is not actually a child of Other, including at this point anyway (rdar://problem/20738636)
2026-08-12 16:03:39.078 Df IlliniCover[40795:3ea92b] [com.apple.dt.xctest:Default] Other is not actually a child of Other, including at this point anyway (rdar://problem/20738636)
2026-08-12 16:03:39.078 Df IlliniCover[40795:3ea92b] [com.apple.dt.xctest:Default] Other is not actually a child of Other, including at this point anyway (rdar://problem/20738636)
2026-08-12 16:03:39.078 Df IlliniCover[40795:3ea92b] [com.apple.dt.xctest:Default] Other is not actually a child of Other, including at this point anyway (rdar://problem/20738636)
2026-08-12 16:03:39.078 Df IlliniCover[40795:3ea92b] [com.apple.dt.xctest:Default] Other is not actually a child of Other, including at this point anyway (rdar://problem/20738636)
2026-08-12 16:03:39.078 Df IlliniCover[40795:3ea92b] [com.apple.dt.xctest:Default] App orientation is 0 (not portrait) and UITextEffectsWindow window Window is not main window
2026-08-12 16:03:39.078 Df IlliniCover[40795:3ea92b] [com.apple.dt.xctest:Default] Leaving frame unchanged for Window: either already correct or we can't detect it.
2026-08-12 16:03:39.079 Df IlliniCover[40795:3ea92b] [com.apple.dt.xctest:Default] Query  found matching snapshots: {(
    Application, pid: 40795
)} (error: (null))
2026-08-12 16:03:39.079 Df IlliniCover[40795:3ea92b] [com.apple.dt.xctest:Default] Replying to query  with results: <XCTElementQueryResults: 0x123bbc5d0> (error: (null))
2026-08-12 16:03:39.943 Df IlliniCover[40795:3ea921] [com.apple.KeyboardArbiter:Client] TX focusApplication (peekAppEvent) stealKB:Y scene:com.illinicover.app-default
2026-08-12 16:03:39.943 Df IlliniCover[40795:3ea921] [com.apple.UIKit:EventDispatch] Evaluating dispatch of UIEvent: 0x109598c00; type: 0; subtype: 0; backing type: 11; shouldSend: 1; ignoreInteractionEvents: 0, systemGestureStateChange: 0
2026-08-12 16:03:39.943 Df IlliniCover[40795:3ea921] [com.apple.UIKit:EventDispatch] Sending UIEvent type: 0; subtype: 0; to windows: 1
2026-08-12 16:03:39.943 Df IlliniCover[40795:3ea921] [com.apple.UIKit:EventDispatch] Sending UIEvent type: 0; subtype: 0; to window: <UIWindow: 0x109610400>; contextId: 0xFBFAB7F
2026-08-12 16:03:39.945 Df IlliniCover[40795:3ea921] [com.apple.UIKit:EventDispatch] Evaluating dispatch of UIEvent: 0x109598c00; type: 0; subtype: 0; backing type: 11; shouldSend: 0; ignoreInteractionEvents: 0, systemGestureStateChange: 0
2026-08-12 16:03:39.958 Df IlliniCover[40795:3ea921] [com.apple.UIKit:EventDispatch] Evaluating dispatch of UIEvent: 0x109598c00; type: 0; subtype: 0; backing type: 11; shouldSend: 0; ignoreInteractionEvents: 0, systemGestureStateChange: 0
2026-08-12 16:03:39.975 Df IlliniCover[40795:3ea921] [com.apple.UIKit:EventDispatch] Evaluating dispatch of UIEvent: 0x109598c00; type: 0; subtype: 0; backing type: 11; shouldSend: 0; ignoreInteractionEvents: 0, systemGestureStateChange: 0
2026-08-12 16:03:39.991 Df IlliniCover[40795:3ea921] [com.apple.UIKit:EventDispatch] Evaluating dispatch of UIEvent: 0x109598c00; type: 0; subtype: 0; backing type: 11; shouldSend: 0; ignoreInteractionEvents: 0, systemGestureStateChange: 0
2026-08-12 16:03:40.008 Df IlliniCover[40795:3ea921] [com.apple.UIKit:EventDispatch] Evaluating dispatch of UIEvent: 0x109598c00; type: 0; subtype: 0; backing type: 11; shouldSend: 0; ignoreInteractionEvents: 0, systemGestureStateChange: 0
2026-08-12 16:03:40.025 Df IlliniCover[40795:3ea921] [com.apple.UIKit:EventDispatch] Evaluating dispatch of UIEvent: 0x109598c00; type: 0; subtype: 0; backing type: 11; shouldSend: 0; ignoreInteractionEvents: 0, systemGestureStateChange: 0
2026-08-12 16:03:40.041 Df IlliniCover[40795:3ea921] [com.apple.UIKit:EventDispatch] Evaluating dispatch of UIEvent: 0x109598c00; type: 0; subtype: 0; backing type: 11; shouldSend: 0; ignoreInteractionEvents: 0, systemGestureStateChange: 1
2026-08-12 16:03:40.042 Df IlliniCover[40795:3ea921] [com.apple.UIKit:EventDispatch] Evaluating dispatch of UIEvent: 0x109598c00; type: 0; subtype: 0; backing type: 11; shouldSend: 0; ignoreInteractionEvents: 0, systemGestureStateChange: 0
2026-08-12 16:03:40.042 A  IlliniCover[40795:3ea921] (UIKitCore) send gesture actions
2026-08-12 16:03:40.058 Df IlliniCover[40795:3ea921] [com.apple.UIKit:EventDispatch] Evaluating dispatch of UIEvent: 0x109598c00; type: 0; subtype: 0; backing type: 11; shouldSend: 0; ignoreInteractionEvents: 0, systemGestureStateChange: 0
2026-08-12 16:03:40.058 Df IlliniCover[40795:3ea921] [com.apple.UIKit:EventDispatch] Evaluating dispatch of UIEvent: 0x109598c00; type: 0; subtype: 0; backing type: 11; shouldSend: 1; ignoreInteractionEvents: 0, systemGestureStateChange: 0
2026-08-12 16:03:40.058 Df IlliniCover[40795:3ea921] [com.apple.UIKit:EventDispatch] Sending UIEvent type: 0; subtype: 0; to windows: 1
2026-08-12 16:03:40.058 Df IlliniCover[40795:3ea921] [com.apple.UIKit:EventDispatch] Sending UIEvent type: 0; subtype: 0; to window: <UIWindow: 0x109610400>; contextId: 0xFBFAB7F
2026-08-12 16:03:40.059 A  IlliniCover[40795:3ea921] (UIKitCore) send gesture actions
2026-08-12 16:03:40.092 Df IlliniCover[40795:3ea92b] [com.apple.CFNetwork:Default] Task <300E38EA-1DD6-4472-83FB-5A89635C08FB>.<3> resuming, timeouts(0.0, 604800.0) qos(0x19) voucher((null)) activity(00000000-0000-0000-0000-000000000000)
2026-08-12 16:03:40.094 Df IlliniCover[40795:3ea92d] [com.apple.network:connection] [C2] event: client:connection_reused @4.021s
2026-08-12 16:03:40.094 Df IlliniCover[40795:3ea92d] [com.apple.CFNetwork:Default] Task <300E38EA-1DD6-4472-83FB-5A89635C08FB>.<3> now using Connection 2
2026-08-12 16:03:40.094 Df IlliniCover[40795:3ea92d] [com.apple.cfnetwork:h3stream] 0x12644cc58 ID=4 Task <300E38EA-1DD6-4472-83FB-5A89635C08FB>.<3> sent request, body N 0
2026-08-12 16:03:40.095 E  IlliniCover[40795:3ea921] [com.apple.UIKit:UIFocus] RCTScrollViewComponentView implements focusItemsInRect: - caching for linear focus movement is limited as long as this view is on screen.
2026-08-12 16:03:40.151 E  IlliniCover[40795:3ea921] [com.apple.UIKit:Assert] button text attributes only respected for UIControlStateNormal, UIControlStateHighlighted, UIControlStateDisabled and UIControlStateFocused. state = 4 is interpreted as UIControlStateHighlighted.
2026-08-12 16:03:40.151 E  IlliniCover[40795:3ea921] [com.apple.UIKit:Assert] button text attributes only respected for UIControlStateNormal, UIControlStateHighlighted, UIControlStateDisabled and UIControlStateFocused. state = 4 is interpreted as UIControlStateHighlighted.
2026-08-12 16:03:40.175 E  IlliniCover[40795:3ea921] [com.apple.UIKit:Assert] button text attributes only respected for UIControlStateNormal, UIControlStateHighlighted, UIControlStateDisabled and UIControlStateFocused. state = 4 is interpreted as UIControlStateHighlighted.
2026-08-12 16:03:40.175 E  IlliniCover[40795:3ea921] [com.apple.UIKit:Assert] button text attributes only respected for UIControlStateNormal, UIControlStateHighlighted, UIControlStateDisabled and UIControlStateFocused. state = 4 is interpreted as UIControlStateHighlighted.
2026-08-12 16:03:41.071 Df IlliniCover[40795:3ea932] [com.apple.dt.xctest:Default] Received request to fetch matches for query:
2026-08-12 16:03:41.071 Df IlliniCover[40795:3ea932] [com.apple.dt.xctest:Default] Evaluating query:
2026-08-12 16:03:41.071 Df IlliniCover[40795:3ea932] [com.apple.dt.xctest:Default] Getting root element snapshot
2026-08-12 16:03:41.071 Df IlliniCover[40795:3ea932] [com.apple.dt.xctest:Default] Getting snapshot for App element pid: 40795 for query
2026-08-12 16:03:41.071 Df IlliniCover[40795:3ea932] [com.apple.dt.xctest:Default] Query requires iOS snapshot attributes .
2026-08-12 16:03:41.071 Df IlliniCover[40795:3ea932] [com.apple.dt.xctest:Default] XCTPerformOnMainRunLoop[not MT]: about to CFRunLoopPerform
2026-08-12 16:03:41.071 Df IlliniCover[40795:3ea932] [com.apple.dt.xctest:Default] XCTPerformOnMainRunLoop[not MT]: waiting with 30.00s responsiveness timeout
2026-08-12 16:03:41.071 Df IlliniCover[40795:3ea921] [com.apple.dt.xctest:Default] XCTPerformOnMainRunLoop[MT]: inside CFRunLoopPerform
2026-08-12 16:03:41.071 Df IlliniCover[40795:3ea921] [com.apple.dt.xctest:Default] XCTPerformOnMainRunLoop[MT]: MT responded in time (won the race to the busy flag)
2026-08-12 16:03:41.071 Df IlliniCover[40795:3ea932] [com.apple.dt.xctest:Default] XCTPerformOnMainRunLoop[not MT]: waiting 60.00s for work to complete
2026-08-12 16:03:41.072 Df IlliniCover[40795:3ea921] [com.apple.dt.xctest:Default] Got main window <AXUIElementRef 0x12460c9f0> {pid=40795} {uid=[ID:4 hash:0x109610400]}
2026-08-12 16:03:41.072 Df IlliniCover[40795:3ea921] [com.apple.dt.xctest:Default] Capturing hierarchy with attributes XC_kAXXCAttributeElementType, XC_kAXXCAttributeElementBaseType, XC_kAXXCAttributeParent, XC_kAXXCAttributeIdentifier, XC_kAXXCAttributeAutomationType, XC_kAXXCAttributeTraits
2026-08-12 16:03:41.072 Df IlliniCover[40795:3ea921] [com.apple.dt.xctest:Default] Capturing hierarchy with parameters {
    attributes =     (
        5003,
        5004,
        5002,
        5019,
        5058,
        2004
    );
    maxArrayCount = 2147483647;
    maxChildren = 2147483647;
    maxDepth = 2147483647;
    snapshotKeyHonorModalViews = 0;
    traverseFromParentsToChildren = 1;
}
2026-08-12 16:03:41.072 Df IlliniCover[40795:3ea921] [com.apple.dt.xctest:Default] Snapshot attributes 5003, 5004, 5002, 5019, 5058, 2004
2026-08-12 16:03:41.115 Df IlliniCover[40795:3ea92b] [com.apple.cfnetwork:h3stream] 0x12644cc58 ID=4 Task <300E38EA-1DD6-4472-83FB-5A89635C08FB>.<3> received response, status 200 content K
2026-08-12 16:03:41.115 Df IlliniCover[40795:3ea92b] [com.apple.CFNetwork:Default] Task <300E38EA-1DD6-4472-83FB-5A89635C08FB>.<3> response ended
2026-08-12 16:03:41.115 Df IlliniCover[40795:3ea92b] [com.apple.network:connection] [C2] event: client:connection_idle @5.042s
2026-08-12 16:03:41.115 Df IlliniCover[40795:3ea92b] [com.apple.CFNetwork:Default] Task <300E38EA-1DD6-4472-83FB-5A89635C08FB>.<3> done using Connection 2
2026-08-12 16:03:41.115 Df IlliniCover[40795:3ea934] [com.apple.CFNetwork:Summary] Task <300E38EA-1DD6-4472-83FB-5A89635C08FB>.<3> summary for task success {transaction_duration_ms=1022, response_status=200, connection=2, reused=1, reused_after_ms=3364, request_start_ms=1, request_duration_ms=0, response_start_ms=1021, response_duration_ms=0, request_bytes=403, request_throughput_kbps=13549, response_bytes=1876, response_throughput_kbps=29142, cache_hit=true}
2026-08-12 16:03:41.115 Df IlliniCover[40795:3ea934] [com.apple.CFNetwork:Default] Task <300E38EA-1DD6-4472-83FB-5A89635C08FB>.<3> finished successfully
2026-08-12 16:03:41.144 Df IlliniCover[40795:3ea921] [com.apple.dt.xctest:Default] Got snapshot for <AXUIElementRef 0x120cd2790> {pid=40795} {uid=[ID:1 hash:0x0]}
2026-08-12 16:03:41.144 Df IlliniCover[40795:3ea921] [com.apple.dt.xctest:Default] Got app orientation 0
2026-08-12 16:03:41.144 Df IlliniCover[40795:3ea921] [com.apple.dt.xctest:Default] Captured accessibility snapshot data in 0.07s
2026-08-12 16:03:41.144 Df IlliniCover[40795:3ea932] [com.apple.dt.xctest:Default] Found main window: Window
2026-08-12 16:03:41.144 Df IlliniCover[40795:3ea932] [com.apple.dt.xctest:Default] Preferring automation type 48 instead of legacy element type OTHER derived from class/trait: UILabel:UILabel 8590000128
2026-08-12 16:03:41.144 Df IlliniCover[40795:3ea932] [com.apple.dt.xctest:Default] Other is not actually a child of Other, including at this point anyway (rdar://problem/20738636)
2026-08-12 16:03:41.145 Df IlliniCover[40795:3ea932] [com.apple.dt.xctest:Default] Other is not actually a child of Other, including at this point anyway (rdar://problem/20738636)
2026-08-12 16:03:41.145 Df IlliniCover[40795:3ea932] [com.apple.dt.xctest:Default] Other is not actually a child of Other, including at this point anyway (rdar://problem/20738636)
2026-08-12 16:03:41.145 Df IlliniCover[40795:3ea932] [com.apple.dt.xctest:Default] Other is not actually a child of Other, including at this point anyway (rdar://problem/20738636)
2026-08-12 16:03:41.145 Df IlliniCover[40795:3ea932] [com.apple.dt.xctest:Default] Other is not actually a child of Other, including at this point anyway (rdar://problem/20738636)
2026-08-12 16:03:41.145 Df IlliniCover[40795:3ea932] [com.apple.dt.xctest:Default] Other is not actually a child of Other, including at this point anyway (rdar://problem/20738636)
2026-08-12 16:03:41.145 Df IlliniCover[40795:3ea932] [com.apple.dt.xctest:Default] Other is not actually a child of Other, including at this point anyway (rdar://problem/20738636)
2026-08-12 16:03:41.145 Df IlliniCover[40795:3ea932] [com.apple.dt.xctest:Default] Other is not actually a child of Other, including at this point anyway (rdar://problem/20738636)
2026-08-12 16:03:41.145 Df IlliniCover[40795:3ea932] [com.apple.dt.xctest:Default] Other is not actually a child of Other, including at this point anyway (rdar://problem/20738636)
2026-08-12 16:03:41.145 Df IlliniCover[40795:3ea932] [com.apple.dt.xctest:Default] Other is not actually a child of Other, including at this point anyway (rdar://problem/20738636)
2026-08-12 16:03:41.145 Df IlliniCover[40795:3ea932] [com.apple.dt.xctest:Default] Other is not actually a child of Other, including at this point anyway (rdar://problem/20738636)
2026-08-12 16:03:41.145 Df IlliniCover[40795:3ea932] [com.apple.dt.xctest:Default] Other is not actually a child of Other, including at this point anyway (rdar://problem/20738636)
2026-08-12 16:03:41.146 Df IlliniCover[40795:3ea932] [com.apple.dt.xctest:Default] App orientation is 0 (not portrait) and UITextEffectsWindow window Window is not main window
2026-08-12 16:03:41.146 Df IlliniCover[40795:3ea932] [com.apple.dt.xctest:Default] Leaving frame unchanged for Window: either already correct or we can't detect it.
2026-08-12 16:03:41.146 Df IlliniCover[40795:3ea932] [com.apple.dt.xctest:Default] Query  found matching snapshots: {(
    Application, pid: 40795
)} (error: (null))
2026-08-12 16:03:41.146 Df IlliniCover[40795:3ea932] [com.apple.dt.xctest:Default] Replying to query  with results: <XCTElementQueryResults: 0x123bbd4a0> (error: (null))
2026-08-12 16:03:41.725 Df IlliniCover[40795:3ea921] [com.apple.KeyboardArbiter:Client] TX focusApplication (peekAppEvent) stealKB:Y scene:com.illinicover.app-default
2026-08-12 16:03:41.725 Df IlliniCover[40795:3ea921] [com.apple.UIKit:EventDispatch] Evaluating dispatch of UIEvent: 0x109598c00; type: 0; subtype: 0; backing type: 11; shouldSend: 1; ignoreInteractionEvents: 0, systemGestureStateChange: 0
2026-08-12 16:03:41.725 Df IlliniCover[40795:3ea921] [com.apple.UIKit:EventDispatch] Sending UIEvent type: 0; subtype: 0; to windows: 1
2026-08-12 16:03:41.725 Df IlliniCover[40795:3ea921] [com.apple.UIKit:EventDispatch] Sending UIEvent type: 0; subtype: 0; to window: <UIWindow: 0x109610400>; contextId: 0xFBFAB7F
2026-08-12 16:03:41.726 A  IlliniCover[40795:3ea921] (UIKitCore) send gesture actions
2026-08-12 16:03:41.729 Df IlliniCover[40795:3ea921] [com.apple.UIKit:EventDispatch] Evaluating dispatch of UIEvent: 0x109598c00; type: 0; subtype: 0; backing type: 11; shouldSend: 0; ignoreInteractionEvents: 0, systemGestureStateChange: 0
2026-08-12 16:03:41.730 Df IlliniCover[40795:3ea921] [com.apple.UIKit:Feedback] generator <UISelectionFeedbackGenerator: 0x12666c000> cannot play feedback <nil: 0x0> (enabled=0)
2026-08-12 16:03:41.737 E  IlliniCover[40795:3ea921] [com.apple.UIKit:Assert] button text attributes only respected for UIControlStateNormal, UIControlStateHighlighted, UIControlStateDisabled and UIControlStateFocused. state = 4 is interpreted as UIControlStateHighlighted.
2026-08-12 16:03:41.738 E  IlliniCover[40795:3ea921] [com.apple.UIKit:Assert] button text attributes only respected for UIControlStateNormal, UIControlStateHighlighted, UIControlStateDisabled and UIControlStateFocused. state = 4 is interpreted as UIControlStateHighlighted.
2026-08-12 16:03:41.741 Df IlliniCover[40795:3ea921] [com.apple.UIKit:EventDispatch] Evaluating dispatch of UIEvent: 0x109598c00; type: 0; subtype: 0; backing type: 11; shouldSend: 0; ignoreInteractionEvents: 0, systemGestureStateChange: 0
2026-08-12 16:03:41.775 Df IlliniCover[40795:3ea921] [com.apple.UIKit:EventDispatch] Evaluating dispatch of UIEvent: 0x109598c00; type: 0; subtype: 0; backing type: 11; shouldSend: 0; ignoreInteractionEvents: 0, systemGestureStateChange: 0
2026-08-12 16:03:41.791 Df IlliniCover[40795:3ea921] [com.apple.UIKit:EventDispatch] Evaluating dispatch of UIEvent: 0x109598c00; type: 0; subtype: 0; backing type: 11; shouldSend: 0; ignoreInteractionEvents: 0, systemGestureStateChange: 0
2026-08-12 16:03:41.808 Df IlliniCover[40795:3ea921] [com.apple.UIKit:EventDispatch] Evaluating dispatch of UIEvent: 0x109598c00; type: 0; subtype: 0; backing type: 11; shouldSend: 0; ignoreInteractionEvents: 0, systemGestureStateChange: 1
2026-08-12 16:03:41.825 Df IlliniCover[40795:3ea921] [com.apple.UIKit:EventDispatch] Evaluating dispatch of UIEvent: 0x109598c00; type: 0; subtype: 0; backing type: 11; shouldSend: 0; ignoreInteractionEvents: 0, systemGestureStateChange: 0
2026-08-12 16:03:41.841 Df IlliniCover[40795:3ea921] [com.apple.UIKit:EventDispatch] Evaluating dispatch of UIEvent: 0x109598c00; type: 0; subtype: 0; backing type: 11; shouldSend: 0; ignoreInteractionEvents: 0, systemGestureStateChange: 0
2026-08-12 16:03:41.842 Df IlliniCover[40795:3ea921] [com.apple.UIKit:EventDispatch] Evaluating dispatch of UIEvent: 0x109598c00; type: 0; subtype: 0; backing type: 11; shouldSend: 1; ignoreInteractionEvents: 0, systemGestureStateChange: 0
2026-08-12 16:03:41.842 Df IlliniCover[40795:3ea921] [com.apple.UIKit:EventDispatch] Sending UIEvent type: 0; subtype: 0; to windows: 1
2026-08-12 16:03:41.842 Df IlliniCover[40795:3ea921] [com.apple.UIKit:EventDispatch] Sending UIEvent type: 0; subtype: 0; to window: <UIWindow: 0x109610400>; contextId: 0xFBFAB7F
2026-08-12 16:03:41.842 A  IlliniCover[40795:3ea921] (UIKitCore) send gesture actions
2026-08-12 16:03:41.842 A  IlliniCover[40795:3ea921] (UIKitCore) send gesture actions
2026-08-12 16:03:41.842 A  IlliniCover[40795:3ea921] (UIKitCore) send gesture actions
2026-08-12 16:03:42.862 Df IlliniCover[40795:3ea932] [com.apple.dt.xctest:Default] Received request to fetch matches for query:
2026-08-12 16:03:42.862 Df IlliniCover[40795:3ea932] [com.apple.dt.xctest:Default] Evaluating query:
2026-08-12 16:03:42.862 Df IlliniCover[40795:3ea932] [com.apple.dt.xctest:Default] Getting root element snapshot
2026-08-12 16:03:42.862 Df IlliniCover[40795:3ea932] [com.apple.dt.xctest:Default] Getting snapshot for App element pid: 40795 for query
2026-08-12 16:03:42.862 Df IlliniCover[40795:3ea932] [com.apple.dt.xctest:Default] Query requires iOS snapshot attributes .
2026-08-12 16:03:42.862 Df IlliniCover[40795:3ea932] [com.apple.dt.xctest:Default] XCTPerformOnMainRunLoop[not MT]: about to CFRunLoopPerform
2026-08-12 16:03:42.862 Df IlliniCover[40795:3ea932] [com.apple.dt.xctest:Default] XCTPerformOnMainRunLoop[not MT]: waiting with 30.00s responsiveness timeout
2026-08-12 16:03:42.862 Df IlliniCover[40795:3ea921] [com.apple.dt.xctest:Default] XCTPerformOnMainRunLoop[MT]: inside CFRunLoopPerform
2026-08-12 16:03:42.862 Df IlliniCover[40795:3ea921] [com.apple.dt.xctest:Default] XCTPerformOnMainRunLoop[MT]: MT responded in time (won the race to the busy flag)
2026-08-12 16:03:42.862 Df IlliniCover[40795:3ea932] [com.apple.dt.xctest:Default] XCTPerformOnMainRunLoop[not MT]: waiting 60.00s for work to complete
2026-08-12 16:03:42.863 Df IlliniCover[40795:3ea921] [com.apple.dt.xctest:Default] Got main window <AXUIElementRef 0x125424d20> {pid=40795} {uid=[ID:4 hash:0x109610400]}
2026-08-12 16:03:42.863 Df IlliniCover[40795:3ea921] [com.apple.dt.xctest:Default] Capturing hierarchy with attributes XC_kAXXCAttributeElementType, XC_kAXXCAttributeElementBaseType, XC_kAXXCAttributeParent, XC_kAXXCAttributeIdentifier, XC_kAXXCAttributeAutomationType, XC_kAXXCAttributeTraits
2026-08-12 16:03:42.863 Df IlliniCover[40795:3ea921] [com.apple.dt.xctest:Default] Capturing hierarchy with parameters {
    attributes =     (
        5003,
        5004,
        5002,
        5019,
        5058,
        2004
    );
    maxArrayCount = 2147483647;
    maxChildren = 2147483647;
    maxDepth = 2147483647;
    snapshotKeyHonorModalViews = 0;
    traverseFromParentsToChildren = 1;
}
2026-08-12 16:03:42.863 Df IlliniCover[40795:3ea921] [com.apple.dt.xctest:Default] Snapshot attributes 5003, 5004, 5002, 5019, 5058, 2004
2026-08-12 16:03:42.934 Df IlliniCover[40795:3ea921] [com.apple.dt.xctest:Default] Got snapshot for <AXUIElementRef 0x120c85290> {pid=40795} {uid=[ID:1 hash:0x0]}
2026-08-12 16:03:42.934 Df IlliniCover[40795:3ea921] [com.apple.dt.xctest:Default] Got app orientation 0
2026-08-12 16:03:42.934 Df IlliniCover[40795:3ea921] [com.apple.dt.xctest:Default] Captured accessibility snapshot data in 0.07s
2026-08-12 16:03:42.935 Df IlliniCover[40795:3ea932] [com.apple.dt.xctest:Default] Found main window: Window
2026-08-12 16:03:42.935 Df IlliniCover[40795:3ea932] [com.apple.dt.xctest:Default] Preferring automation type 48 instead of legacy element type OTHER derived from class/trait: UILabel:UILabel 8590000128
2026-08-12 16:03:42.935 Df IlliniCover[40795:3ea932] [com.apple.dt.xctest:Default] Other is not actually a child of Other, including at this point anyway (rdar://problem/20738636)
2026-08-12 16:03:42.935 Df IlliniCover[40795:3ea932] [com.apple.dt.xctest:Default] Other is not actually a child of Other, including at this point anyway (rdar://problem/20738636)
2026-08-12 16:03:42.935 Df IlliniCover[40795:3ea932] [com.apple.dt.xctest:Default] Other is not actually a child of Other, including at this point anyway (rdar://problem/20738636)
2026-08-12 16:03:42.935 Df IlliniCover[40795:3ea932] [com.apple.dt.xctest:Default] Other is not actually a child of Other, including at this point anyway (rdar://problem/20738636)
2026-08-12 16:03:42.935 Df IlliniCover[40795:3ea932] [com.apple.dt.xctest:Default] Other is not actually a child of Other, including at this point anyway (rdar://problem/20738636)
2026-08-12 16:03:42.935 Df IlliniCover[40795:3ea932] [com.apple.dt.xctest:Default] Other is not actually a child of Other, including at this point anyway (rdar://problem/20738636)
2026-08-12 16:03:42.935 Df IlliniCover[40795:3ea932] [com.apple.dt.xctest:Default] Other is not actually a child of Other, including at this point anyway (rdar://problem/20738636)
2026-08-12 16:03:42.935 Df IlliniCover[40795:3ea932] [com.apple.dt.xctest:Default] Other is not actually a child of Other, including at this point anyway (rdar://problem/20738636)
2026-08-12 16:03:42.936 Df IlliniCover[40795:3ea932] [com.apple.dt.xctest:Default] Other is not actually a child of Other, including at this point anyway (rdar://problem/20738636)
2026-08-12 16:03:42.936 Df IlliniCover[40795:3ea932] [com.apple.dt.xctest:Default] Other is not actually a child of Other, including at this point anyway (rdar://problem/20738636)
2026-08-12 16:03:42.936 Df IlliniCover[40795:3ea932] [com.apple.dt.xctest:Default] Other is not actually a child of Other, including at this point anyway (rdar://problem/20738636)
2026-08-12 16:03:42.936 Df IlliniCover[40795:3ea932] [com.apple.dt.xctest:Default] Other is not actually a child of Other, including at this point anyway (rdar://problem/20738636)
2026-08-12 16:03:42.936 Df IlliniCover[40795:3ea932] [com.apple.dt.xctest:Default] App orientation is 0 (not portrait) and UITextEffectsWindow window Window is not main window
2026-08-12 16:03:42.936 Df IlliniCover[40795:3ea932] [com.apple.dt.xctest:Default] Leaving frame unchanged for Window: either already correct or we can't detect it.
2026-08-12 16:03:42.936 Df IlliniCover[40795:3ea932] [com.apple.dt.xctest:Default] Query  found matching snapshots: {(
    Application, pid: 40795
)} (error: (null))
2026-08-12 16:03:42.937 Df IlliniCover[40795:3ea932] [com.apple.dt.xctest:Default] Replying to query  with results: <XCTElementQueryResults: 0x123bbd830> (error: (null))
2026-08-12 16:03:43.081 Df IlliniCover[40795:3ea932] [com.apple.dt.xctest:Default] Received request to fetch matches for query:
2026-08-12 16:03:43.081 Df IlliniCover[40795:3ea932] [com.apple.dt.xctest:Default] Evaluating query:
2026-08-12 16:03:43.081 Df IlliniCover[40795:3ea932] [com.apple.dt.xctest:Default] Getting root element snapshot
2026-08-12 16:03:43.081 Df IlliniCover[40795:3ea932] [com.apple.dt.xctest:Default] Getting snapshot for App element pid: 40795 for query
2026-08-12 16:03:43.081 Df IlliniCover[40795:3ea932] [com.apple.dt.xctest:Default] Query requires iOS snapshot attributes .
2026-08-12 16:03:43.081 Df IlliniCover[40795:3ea932] [com.apple.dt.xctest:Default] XCTPerformOnMainRunLoop[not MT]: about to CFRunLoopPerform
2026-08-12 16:03:43.081 Df IlliniCover[40795:3ea932] [com.apple.dt.xctest:Default] XCTPerformOnMainRunLoop[not MT]: waiting with 30.00s responsiveness timeout
2026-08-12 16:03:43.081 Df IlliniCover[40795:3ea921] [com.apple.dt.xctest:Default] XCTPerformOnMainRunLoop[MT]: inside CFRunLoopPerform
2026-08-12 16:03:43.081 Df IlliniCover[40795:3ea921] [com.apple.dt.xctest:Default] XCTPerformOnMainRunLoop[MT]: MT responded in time (won the race to the busy flag)
2026-08-12 16:03:43.081 Df IlliniCover[40795:3ea932] [com.apple.dt.xctest:Default] XCTPerformOnMainRunLoop[not MT]: waiting 60.00s for work to complete
2026-08-12 16:03:43.082 Df IlliniCover[40795:3ea921] [com.apple.dt.xctest:Default] Got main window <AXUIElementRef 0x1256bf570> {pid=40795} {uid=[ID:4 hash:0x109610400]}
2026-08-12 16:03:43.082 Df IlliniCover[40795:3ea921] [com.apple.dt.xctest:Default] Capturing hierarchy with attributes XC_kAXXCAttributeElementType, XC_kAXXCAttributeElementBaseType, XC_kAXXCAttributeParent, XC_kAXXCAttributeIdentifier, XC_kAXXCAttributeAutomationType, XC_kAXXCAttributeTraits
2026-08-12 16:03:43.082 Df IlliniCover[40795:3ea921] [com.apple.dt.xctest:Default] Capturing hierarchy with parameters {
    attributes =     (
        5003,
        5004,
        5002,
        5019,
        5058,
        2004
    );
    maxArrayCount = 2147483647;
    maxChildren = 2147483647;
    maxDepth = 2147483647;
    snapshotKeyHonorModalViews = 0;
    traverseFromParentsToChildren = 1;
}
2026-08-12 16:03:43.082 Df IlliniCover[40795:3ea921] [com.apple.dt.xctest:Default] Snapshot attributes 5003, 5004, 5002, 5019, 5058, 2004
2026-08-12 16:03:43.150 Df IlliniCover[40795:3ea921] [com.apple.dt.xctest:Default] Got snapshot for <AXUIElementRef 0x12460fbd0> {pid=40795} {uid=[ID:1 hash:0x0]}
2026-08-12 16:03:43.150 Df IlliniCover[40795:3ea921] [com.apple.dt.xctest:Default] Got app orientation 0
2026-08-12 16:03:43.150 Df IlliniCover[40795:3ea921] [com.apple.dt.xctest:Default] Captured accessibility snapshot data in 0.07s
2026-08-12 16:03:43.150 Df IlliniCover[40795:3ea932] [com.apple.dt.xctest:Default] Found main window: Window
2026-08-12 16:03:43.150 Df IlliniCover[40795:3ea932] [com.apple.dt.xctest:Default] Preferring automation type 48 instead of legacy element type OTHER derived from class/trait: UILabel:UILabel 8590000128
2026-08-12 16:03:43.151 Df IlliniCover[40795:3ea932] [com.apple.dt.xctest:Default] Other is not actually a child of Other, including at this point anyway (rdar://problem/20738636)
2026-08-12 16:03:43.151 Df IlliniCover[40795:3ea932] [com.apple.dt.xctest:Default] Other is not actually a child of Other, including at this point anyway (rdar://problem/20738636)
2026-08-12 16:03:43.151 Df IlliniCover[40795:3ea932] [com.apple.dt.xctest:Default] Other is not actually a child of Other, including at this point anyway (rdar://problem/20738636)
2026-08-12 16:03:43.151 Df IlliniCover[40795:3ea932] [com.apple.dt.xctest:Default] Other is not actually a child of Other, including at this point anyway (rdar://problem/20738636)
2026-08-12 16:03:43.151 Df IlliniCover[40795:3ea932] [com.apple.dt.xctest:Default] Other is not actually a child of Other, including at this point anyway (rdar://problem/20738636)
2026-08-12 16:03:43.151 Df IlliniCover[40795:3ea932] [com.apple.dt.xctest:Default] Other is not actually a child of Other, including at this point anyway (rdar://problem/20738636)
2026-08-12 16:03:43.151 Df IlliniCover[40795:3ea932] [com.apple.dt.xctest:Default] Other is not actually a child of Other, including at this point anyway (rdar://problem/20738636)
2026-08-12 16:03:43.151 Df IlliniCover[40795:3ea932] [com.apple.dt.xctest:Default] Other is not actually a child of Other, including at this point anyway (rdar://problem/20738636)
2026-08-12 16:03:43.151 Df IlliniCover[40795:3ea932] [com.apple.dt.xctest:Default] Other is not actually a child of Other, including at this point anyway (rdar://problem/20738636)
2026-08-12 16:03:43.151 Df IlliniCover[40795:3ea932] [com.apple.dt.xctest:Default] Other is not actually a child of Other, including at this point anyway (rdar://problem/20738636)
2026-08-12 16:03:43.151 Df IlliniCover[40795:3ea932] [com.apple.dt.xctest:Default] Other is not actually a child of Other, including at this point anyway (rdar://problem/20738636)
2026-08-12 16:03:43.151 Df IlliniCover[40795:3ea932] [com.apple.dt.xctest:Default] Other is not actually a child of Other, including at this point anyway (rdar://problem/20738636)
2026-08-12 16:03:43.152 Df IlliniCover[40795:3ea932] [com.apple.dt.xctest:Default] App orientation is 0 (not portrait) and UITextEffectsWindow window Window is not main window
2026-08-12 16:03:43.152 Df IlliniCover[40795:3ea932] [com.apple.dt.xctest:Default] Leaving frame unchanged for Window: either already correct or we can't detect it.
2026-08-12 16:03:43.152 Df IlliniCover[40795:3ea932] [com.apple.dt.xctest:Default] Query  found matching snapshots: {(
    Application, pid: 40795
)} (error: (null))
2026-08-12 16:03:43.152 Df IlliniCover[40795:3ea932] [com.apple.dt.xctest:Default] Replying to query  with results: <XCTElementQueryResults: 0x123bbd200> (error: (null))
2026-08-12 16:03:43.742 Df IlliniCover[40795:3ea921] [com.apple.KeyboardArbiter:Client] TX focusApplication (peekAppEvent) stealKB:Y scene:com.illinicover.app-default
2026-08-12 16:03:43.742 Df IlliniCover[40795:3ea921] [com.apple.UIKit:EventDispatch] Evaluating dispatch of UIEvent: 0x109598c00; type: 0; subtype: 0; backing type: 11; shouldSend: 1; ignoreInteractionEvents: 0, systemGestureStateChange: 0
2026-08-12 16:03:43.742 Df IlliniCover[40795:3ea921] [com.apple.UIKit:EventDispatch] Sending UIEvent type: 0; subtype: 0; to windows: 1
2026-08-12 16:03:43.742 Df IlliniCover[40795:3ea921] [com.apple.UIKit:EventDispatch] Sending UIEvent type: 0; subtype: 0; to window: <UIWindow: 0x109610400>; contextId: 0xFBFAB7F
2026-08-12 16:03:43.743 A  IlliniCover[40795:3ea921] (UIKitCore) send gesture actions
2026-08-12 16:03:43.744 A  IlliniCover[40795:3ea921] (UIKitCore) send gesture actions
2026-08-12 16:03:43.744 A  IlliniCover[40795:3ea921] (UIKitCore) send control actions
2026-08-12 16:03:43.744 Df IlliniCover[40795:3ea921] [com.apple.UIKit:EventDispatch] Evaluating dispatch of UIEvent: 0x109598c00; type: 0; subtype: 0; backing type: 11; shouldSend: 0; ignoreInteractionEvents: 0, systemGestureStateChange: 0
2026-08-12 16:03:43.758 Df IlliniCover[40795:3ea921] [com.apple.UIKit:EventDispatch] Evaluating dispatch of UIEvent: 0x109598c00; type: 0; subtype: 0; backing type: 11; shouldSend: 0; ignoreInteractionEvents: 0, systemGestureStateChange: 0
2026-08-12 16:03:43.775 Df IlliniCover[40795:3ea921] [com.apple.UIKit:EventDispatch] Evaluating dispatch of UIEvent: 0x109598c00; type: 0; subtype: 0; backing type: 11; shouldSend: 0; ignoreInteractionEvents: 0, systemGestureStateChange: 0
2026-08-12 16:03:43.791 Df IlliniCover[40795:3ea921] [com.apple.UIKit:EventDispatch] Evaluating dispatch of UIEvent: 0x109598c00; type: 0; subtype: 0; backing type: 11; shouldSend: 0; ignoreInteractionEvents: 0, systemGestureStateChange: 0
2026-08-12 16:03:43.808 Df IlliniCover[40795:3ea921] [com.apple.UIKit:EventDispatch] Evaluating dispatch of UIEvent: 0x109598c00; type: 0; subtype: 0; backing type: 11; shouldSend: 0; ignoreInteractionEvents: 0, systemGestureStateChange: 0
2026-08-12 16:03:43.825 Df IlliniCover[40795:3ea921] [com.apple.UIKit:EventDispatch] Evaluating dispatch of UIEvent: 0x109598c00; type: 0; subtype: 0; backing type: 11; shouldSend: 0; ignoreInteractionEvents: 0, systemGestureStateChange: 0
2026-08-12 16:03:43.841 Df IlliniCover[40795:3ea921] [com.apple.UIKit:EventDispatch] Evaluating dispatch of UIEvent: 0x109598c00; type: 0; subtype: 0; backing type: 11; shouldSend: 0; ignoreInteractionEvents: 0, systemGestureStateChange: 1
2026-08-12 16:03:43.842 Df IlliniCover[40795:3ea921] [com.apple.UIKit:EventDispatch] Evaluating dispatch of UIEvent: 0x109598c00; type: 0; subtype: 0; backing type: 11; shouldSend: 0; ignoreInteractionEvents: 0, systemGestureStateChange: 0
2026-08-12 16:03:43.858 Df IlliniCover[40795:3ea921] [com.apple.UIKit:EventDispatch] Evaluating dispatch of UIEvent: 0x109598c00; type: 0; subtype: 0; backing type: 11; shouldSend: 0; ignoreInteractionEvents: 0, systemGestureStateChange: 0
2026-08-12 16:03:43.858 Df IlliniCover[40795:3ea921] [com.apple.UIKit:EventDispatch] Evaluating dispatch of UIEvent: 0x109598c00; type: 0; subtype: 0; backing type: 11; shouldSend: 1; ignoreInteractionEvents: 0, systemGestureStateChange: 0
2026-08-12 16:03:43.858 Df IlliniCover[40795:3ea921] [com.apple.UIKit:EventDispatch] Sending UIEvent type: 0; subtype: 0; to windows: 1
2026-08-12 16:03:43.858 Df IlliniCover[40795:3ea921] [com.apple.UIKit:EventDispatch] Sending UIEvent type: 0; subtype: 0; to window: <UIWindow: 0x109610400>; contextId: 0xFBFAB7F
2026-08-12 16:03:43.859 A  IlliniCover[40795:3ea921] (UIKitCore) send gesture actions
2026-08-12 16:03:43.859 A  IlliniCover[40795:3ea921] (UIKitCore) send gesture actions
2026-08-12 16:03:43.859 A  IlliniCover[40795:3ea921] (UIKitCore) send gesture actions
2026-08-12 16:03:43.859 A  IlliniCover[40795:3ea921] (UIKitCore) send gesture actions
2026-08-12 16:03:43.859 A  IlliniCover[40795:3ea921] (UIKitCore) send control actions
2026-08-12 16:03:43.859 A  IlliniCover[40795:3ea921] (UIKitCore) send control actions
2026-08-12 16:03:43.886 A  IlliniCover[40795:3ea932] (Security) SecItemDelete_ios
2026-08-12 16:03:43.886 Df IlliniCover[40795:3ea932] [com.apple.securityd:thread-local-client-debug] SecSecurityClientGet new thread!
2026-08-12 16:03:43.887 E  IlliniCover[40795:3ea921] [com.apple.UIKit:Assert] button text attributes only respected for UIControlStateNormal, UIControlStateHighlighted, UIControlStateDisabled and UIControlStateFocused. state = 4 is interpreted as UIControlStateHighlighted.
2026-08-12 16:03:43.888 E  IlliniCover[40795:3ea921] [com.apple.UIKit:Assert] button text attributes only respected for UIControlStateNormal, UIControlStateHighlighted, UIControlStateDisabled and UIControlStateFocused. state = 4 is interpreted as UIControlStateHighlighted.
2026-08-12 16:03:43.891 A  IlliniCover[40795:3ea932] (Security) SecItemDelete_ios
2026-08-12 16:03:43.891 A  IlliniCover[40795:3ea932] (Security) SecItemDelete_ios
2026-08-12 16:03:43.898 A  IlliniCover[40795:3ea932] (Security) SecItemCopyMatching_ios
2026-08-12 16:03:43.899 A  IlliniCover[40795:3ea932] (Security) SecItemCopyMatching_ios
2026-08-12 16:03:43.900 A  IlliniCover[40795:3ea932] (Security) SecItemCopyMatching_ios
2026-08-12 16:03:43.900 A  IlliniCover[40795:3ea932] (Security) SecItemCopyMatching_ios
2026-08-12 16:03:43.901 A  IlliniCover[40795:3ea932] (Security) SecItemCopyMatching_ios
2026-08-12 16:03:43.901 A  IlliniCover[40795:3ea932] (Security) SecItemCopyMatching_ios
2026-08-12 16:03:43.902 Df IlliniCover[40795:3ea932] [com.apple.CFNetwork:Default] Task <59058F35-5324-4F95-90D8-DE790E1B6294>.<4> resuming, timeouts(0.0, 604800.0) qos(0x19) voucher((null)) activity(00000000-0000-0000-0000-000000000000)
2026-08-12 16:03:43.903 Df IlliniCover[40795:3ea92e] [com.apple.network:connection] [C2] event: client:connection_reused @7.831s
2026-08-12 16:03:43.904 Df IlliniCover[40795:3ea92e] [com.apple.CFNetwork:Default] Task <59058F35-5324-4F95-90D8-DE790E1B6294>.<4> now using Connection 2
2026-08-12 16:03:43.905 Df IlliniCover[40795:3ea92e] [com.apple.cfnetwork:h3stream] 0x12644d358 ID=8 Task <59058F35-5324-4F95-90D8-DE790E1B6294>.<4> sent request, body S 37
2026-08-12 16:03:44.243 Df IlliniCover[40795:3ea932] [com.apple.cfnetwork:h3stream] 0x12644d358 ID=8 Task <59058F35-5324-4F95-90D8-DE790E1B6294>.<4> received response, status 200 content U
2026-08-12 16:03:44.243 Df IlliniCover[40795:3ea932] [com.apple.CFNetwork:Default] Task <59058F35-5324-4F95-90D8-DE790E1B6294>.<4> response ended
2026-08-12 16:03:44.243 Df IlliniCover[40795:3ea932] [com.apple.network:connection] [C2] event: client:connection_idle @8.171s
2026-08-12 16:03:44.243 Df IlliniCover[40795:3ea932] [com.apple.CFNetwork:Default] Task <59058F35-5324-4F95-90D8-DE790E1B6294>.<4> done using Connection 2
2026-08-12 16:03:44.244 Df IlliniCover[40795:3ea92e] [com.apple.CFNetwork:Summary] Task <59058F35-5324-4F95-90D8-DE790E1B6294>.<4> summary for task success {transaction_duration_ms=340, response_status=200, connection=2, reused=1, reused_after_ms=2789, request_start_ms=1, request_duration_ms=0, response_start_ms=339, response_duration_ms=0, request_bytes=501, request_throughput_kbps=5621, response_bytes=1472, response_throughput_kbps=16000, cache_hit=false}
2026-08-12 16:03:44.244 Df IlliniCover[40795:3ea92e] [com.apple.CFNetwork:Default] Task <59058F35-5324-4F95-90D8-DE790E1B6294>.<4> finished successfully
2026-08-12 16:03:44.257 Df IlliniCover[40795:3ea92e] [com.apple.CFNetwork:Default] Task <10EF0256-950D-4F3A-A45B-853009D8F26D>.<5> resuming, timeouts(0.0, 604800.0) qos(0x19) voucher((null)) activity(00000000-0000-0000-0000-000000000000)
2026-08-12 16:03:44.257 Df IlliniCover[40795:3ea932] [com.apple.network:connection] [C2] event: client:connection_reused @8.185s
2026-08-12 16:03:44.257 Df IlliniCover[40795:3ea932] [com.apple.CFNetwork:Default] Task <10EF0256-950D-4F3A-A45B-853009D8F26D>.<5> now using Connection 2
2026-08-12 16:03:44.258 Df IlliniCover[40795:3ea932] [com.apple.cfnetwork:h3stream] 0x12644d6d8 ID=12 Task <10EF0256-950D-4F3A-A45B-853009D8F26D>.<5> sent request, body S 521
2026-08-12 16:03:44.974 Df IlliniCover[40795:3ea932] [com.apple.cfnetwork:h3stream] 0x12644d6d8 ID=12 Task <10EF0256-950D-4F3A-A45B-853009D8F26D>.<5> received response, status 200 content K
2026-08-12 16:03:44.974 Df IlliniCover[40795:3ea932] [com.apple.CFNetwork:Default] Task <10EF0256-950D-4F3A-A45B-853009D8F26D>.<5> response ended
2026-08-12 16:03:44.974 Df IlliniCover[40795:3ea932] [com.apple.network:connection] [C2] event: client:connection_idle @8.902s
2026-08-12 16:03:44.975 Df IlliniCover[40795:3ea932] [com.apple.CFNetwork:Default] Task <10EF0256-950D-4F3A-A45B-853009D8F26D>.<5> done using Connection 2
2026-08-12 16:03:44.975 Df IlliniCover[40795:3ea933] [com.apple.CFNetwork:Summary] Task <10EF0256-950D-4F3A-A45B-853009D8F26D>.<5> summary for task success {transaction_duration_ms=718, response_status=200, connection=2, reused=1, reused_after_ms=13, request_start_ms=0, request_duration_ms=0, response_start_ms=717, response_duration_ms=0, request_bytes=1614, request_throughput_kbps=28250, response_bytes=913, response_throughput_kbps=8035, cache_hit=false}
2026-08-12 16:03:44.975 Df IlliniCover[40795:3ea933] [com.apple.CFNetwork:Default] Task <10EF0256-950D-4F3A-A45B-853009D8F26D>.<5> finished successfully
2026-08-12 16:03:45.016 Df IlliniCover[40795:3ea932] [com.apple.CFNetwork:Default] Task <F34AEA10-35AD-40C7-9D65-7EB1CCBB5ED0>.<6> resuming, timeouts(0.0, 604800.0) qos(0x19) voucher((null)) activity(00000000-0000-0000-0000-000000000000)
2026-08-12 16:03:45.017 Df IlliniCover[40795:3ea932] [com.apple.network:connection] [C2] event: client:connection_reused @8.944s
2026-08-12 16:03:45.017 Df IlliniCover[40795:3ea932] [com.apple.CFNetwork:Default] Task <F34AEA10-35AD-40C7-9D65-7EB1CCBB5ED0>.<6> now using Connection 2
2026-08-12 16:03:45.017 Df IlliniCover[40795:3ea932] [com.apple.cfnetwork:h3stream] 0x126753498 ID=16 Task <F34AEA10-35AD-40C7-9D65-7EB1CCBB5ED0>.<6> sent request, body N 0
2026-08-12 16:03:45.092 E  IlliniCover[40795:3ea921] [com.apple.UIKit:RefreshControl] A UIRefreshControl received offscreen beginRefreshing. Ignored. Break on UIRefreshControlReceivedOffscreenBeginRefreshing to debug. <UIRefreshControl: 0x120dd4000; frame = (0 0; 390 60); autoresize = W; layer = <CALayer: 0x11ca134b0>>
2026-08-12 16:03:45.132 Df IlliniCover[40795:3ea932] [com.apple.dt.xctest:Default] Received request to fetch matches for query:
2026-08-12 16:03:45.132 Df IlliniCover[40795:3ea932] [com.apple.dt.xctest:Default] Evaluating query:
2026-08-12 16:03:45.132 Df IlliniCover[40795:3ea932] [com.apple.dt.xctest:Default] Getting root element snapshot
2026-08-12 16:03:45.132 Df IlliniCover[40795:3ea932] [com.apple.dt.xctest:Default] Getting snapshot for App element pid: 40795 for query
2026-08-12 16:03:45.132 Df IlliniCover[40795:3ea932] [com.apple.dt.xctest:Default] Query requires iOS snapshot attributes .
2026-08-12 16:03:45.132 Df IlliniCover[40795:3ea932] [com.apple.dt.xctest:Default] XCTPerformOnMainRunLoop[not MT]: about to CFRunLoopPerform
2026-08-12 16:03:45.132 Df IlliniCover[40795:3ea932] [com.apple.dt.xctest:Default] XCTPerformOnMainRunLoop[not MT]: waiting with 30.00s responsiveness timeout
2026-08-12 16:03:45.164 Df IlliniCover[40795:3ea921] [com.apple.dt.xctest:Default] XCTPerformOnMainRunLoop[MT]: inside CFRunLoopPerform
2026-08-12 16:03:45.164 Df IlliniCover[40795:3ea921] [com.apple.dt.xctest:Default] XCTPerformOnMainRunLoop[MT]: MT responded in time (won the race to the busy flag)
2026-08-12 16:03:45.164 Df IlliniCover[40795:3ea932] [com.apple.dt.xctest:Default] XCTPerformOnMainRunLoop[not MT]: waiting 60.00s for work to complete
2026-08-12 16:03:45.165 Df IlliniCover[40795:3ea921] [com.apple.dt.xctest:Default] Got main window <AXUIElementRef 0x1247889c0> {pid=40795} {uid=[ID:4 hash:0x109610400]}
2026-08-12 16:03:45.165 Df IlliniCover[40795:3ea921] [com.apple.dt.xctest:Default] Capturing hierarchy with attributes XC_kAXXCAttributeElementType, XC_kAXXCAttributeElementBaseType, XC_kAXXCAttributeParent, XC_kAXXCAttributeIdentifier, XC_kAXXCAttributeAutomationType, XC_kAXXCAttributeTraits
2026-08-12 16:03:45.165 Df IlliniCover[40795:3ea921] [com.apple.dt.xctest:Default] Capturing hierarchy with parameters {
    attributes =     (
        5003,
        5004,
        5002,
        5019,
        5058,
        2004
    );
    maxArrayCount = 2147483647;
    maxChildren = 2147483647;
    maxDepth = 2147483647;
    snapshotKeyHonorModalViews = 0;
    traverseFromParentsToChildren = 1;
}
2026-08-12 16:03:45.165 Df IlliniCover[40795:3ea921] [com.apple.dt.xctest:Default] Snapshot attributes 5003, 5004, 5002, 5019, 5058, 2004
2026-08-12 16:03:45.243 Df IlliniCover[40795:3ea921] [com.apple.dt.xctest:Default] Got snapshot for <AXUIElementRef 0x12394d9e0> {pid=40795} {uid=[ID:1 hash:0x0]}
2026-08-12 16:03:45.243 Df IlliniCover[40795:3ea921] [com.apple.dt.xctest:Default] Got app orientation 0
2026-08-12 16:03:45.243 Df IlliniCover[40795:3ea921] [com.apple.dt.xctest:Default] Captured accessibility snapshot data in 0.08s
2026-08-12 16:03:45.243 Df IlliniCover[40795:3ea932] [com.apple.dt.xctest:Default] Found main window: Window
2026-08-12 16:03:45.243 Df IlliniCover[40795:3ea932] [com.apple.dt.xctest:Default] Preferring automation type 48 instead of legacy element type OTHER derived from class/trait: UILabel:UILabel 8590000128
2026-08-12 16:03:45.243 Df IlliniCover[40795:3ea932] [com.apple.dt.xctest:Default] Other is not actually a child of Other, including at this point anyway (rdar://problem/20738636)
2026-08-12 16:03:45.243 Df IlliniCover[40795:3ea932] [com.apple.dt.xctest:Default] Other is not actually a child of Other, including at this point anyway (rdar://problem/20738636)
2026-08-12 16:03:45.243 Df IlliniCover[40795:3ea932] [com.apple.dt.xctest:Default] Other is not actually a child of Other, including at this point anyway (rdar://problem/20738636)
2026-08-12 16:03:45.243 Df IlliniCover[40795:3ea932] [com.apple.dt.xctest:Default] Other is not actually a child of Other, including at this point anyway (rdar://problem/20738636)
2026-08-12 16:03:45.243 Df IlliniCover[40795:3ea932] [com.apple.dt.xctest:Default] Other is not actually a child of Other, including at this point anyway (rdar://problem/20738636)
2026-08-12 16:03:45.243 Df IlliniCover[40795:3ea932] [com.apple.dt.xctest:Default] Other is not actually a child of Other, including at this point anyway (rdar://problem/20738636)
2026-08-12 16:03:45.244 Df IlliniCover[40795:3ea932] [com.apple.dt.xctest:Default] Other is not actually a child of Other, including at this point anyway (rdar://problem/20738636)
2026-08-12 16:03:45.244 Df IlliniCover[40795:3ea932] [com.apple.dt.xctest:Default] Other is not actually a child of Other, including at this point anyway (rdar://problem/20738636)
2026-08-12 16:03:45.244 Df IlliniCover[40795:3ea932] [com.apple.dt.xctest:Default] Other is not actually a child of Other, including at this point anyway (rdar://problem/20738636)
2026-08-12 16:03:45.244 Df IlliniCover[40795:3ea932] [com.apple.dt.xctest:Default] Other is not actually a child of Other, including at this point anyway (rdar://problem/20738636)
2026-08-12 16:03:45.244 Df IlliniCover[40795:3ea932] [com.apple.dt.xctest:Default] Other is not actually a child of Other, including at this point anyway (rdar://problem/20738636)
2026-08-12 16:03:45.244 Df IlliniCover[40795:3ea932] [com.apple.dt.xctest:Default] Other is not actually a child of Other, including at this point anyway (rdar://problem/20738636)
2026-08-12 16:03:45.244 Df IlliniCover[40795:3ea932] [com.apple.dt.xctest:Default] App orientation is 0 (not portrait) and UITextEffectsWindow window Window is not main window
2026-08-12 16:03:45.244 Df IlliniCover[40795:3ea932] [com.apple.dt.xctest:Default] Leaving frame unchanged for Window: either already correct or we can't detect it.
2026-08-12 16:03:45.244 Df IlliniCover[40795:3ea932] [com.apple.dt.xctest:Default] Query  found matching snapshots: {(
    Application, pid: 40795
)} (error: (null))
2026-08-12 16:03:45.245 Df IlliniCover[40795:3ea932] [com.apple.dt.xctest:Default] Replying to query  with results: <XCTElementQueryResults: 0x123bbe490> (error: (null))
2026-08-12 16:03:45.378 Df IlliniCover[40795:3ea932] [com.apple.dt.xctest:Default] Received request to fetch matches for query:
2026-08-12 16:03:45.378 Df IlliniCover[40795:3ea932] [com.apple.dt.xctest:Default] Evaluating query:
2026-08-12 16:03:45.378 Df IlliniCover[40795:3ea932] [com.apple.dt.xctest:Default] Getting root element snapshot
2026-08-12 16:03:45.378 Df IlliniCover[40795:3ea932] [com.apple.dt.xctest:Default] Getting snapshot for App element pid: 40795 for query
2026-08-12 16:03:45.378 Df IlliniCover[40795:3ea932] [com.apple.dt.xctest:Default] Query requires iOS snapshot attributes .
2026-08-12 16:03:45.378 Df IlliniCover[40795:3ea932] [com.apple.dt.xctest:Default] XCTPerformOnMainRunLoop[not MT]: about to CFRunLoopPerform
2026-08-12 16:03:45.378 Df IlliniCover[40795:3ea932] [com.apple.dt.xctest:Default] XCTPerformOnMainRunLoop[not MT]: waiting with 30.00s responsiveness timeout
2026-08-12 16:03:45.378 Df IlliniCover[40795:3ea921] [com.apple.dt.xctest:Default] XCTPerformOnMainRunLoop[MT]: inside CFRunLoopPerform
2026-08-12 16:03:45.378 Df IlliniCover[40795:3ea921] [com.apple.dt.xctest:Default] XCTPerformOnMainRunLoop[MT]: MT responded in time (won the race to the busy flag)
2026-08-12 16:03:45.378 Df IlliniCover[40795:3ea932] [com.apple.dt.xctest:Default] XCTPerformOnMainRunLoop[not MT]: waiting 60.00s for work to complete
2026-08-12 16:03:45.378 Df IlliniCover[40795:3ea921] [com.apple.dt.xctest:Default] Got main window <AXUIElementRef 0x1247c9080> {pid=40795} {uid=[ID:4 hash:0x109610400]}
2026-08-12 16:03:45.378 Df IlliniCover[40795:3ea921] [com.apple.dt.xctest:Default] Capturing hierarchy with attributes XC_kAXXCAttributeElementType, XC_kAXXCAttributeElementBaseType, XC_kAXXCAttributeParent, XC_kAXXCAttributeIdentifier, XC_kAXXCAttributeAutomationType, XC_kAXXCAttributeTraits
2026-08-12 16:03:45.378 Df IlliniCover[40795:3ea921] [com.apple.dt.xctest:Default] Capturing hierarchy with parameters {
    attributes =     (
        5003,
        5004,
        5002,
        5019,
        5058,
        2004
    );
    maxArrayCount = 2147483647;
    maxChildren = 2147483647;
    maxDepth = 2147483647;
    snapshotKeyHonorModalViews = 0;
    traverseFromParentsToChildren = 1;
}
2026-08-12 16:03:45.378 Df IlliniCover[40795:3ea921] [com.apple.dt.xctest:Default] Snapshot attributes 5003, 5004, 5002, 5019, 5058, 2004
2026-08-12 16:03:45.442 Df IlliniCover[40795:3ea921] [com.apple.dt.xctest:Default] Got snapshot for <AXUIElementRef 0x123ac4060> {pid=40795} {uid=[ID:1 hash:0x0]}
2026-08-12 16:03:45.442 Df IlliniCover[40795:3ea921] [com.apple.dt.xctest:Default] Got app orientation 0
2026-08-12 16:03:45.442 Df IlliniCover[40795:3ea921] [com.apple.dt.xctest:Default] Captured accessibility snapshot data in 0.06s
2026-08-12 16:03:45.442 Df IlliniCover[40795:3ea932] [com.apple.dt.xctest:Default] Found main window: Window
2026-08-12 16:03:45.443 Df IlliniCover[40795:3ea932] [com.apple.dt.xctest:Default] Preferring automation type 48 instead of legacy element type OTHER derived from class/trait: UILabel:UILabel 8590000128
2026-08-12 16:03:45.443 Df IlliniCover[40795:3ea932] [com.apple.dt.xctest:Default] Other is not actually a child of Other, including at this point anyway (rdar://problem/20738636)
2026-08-12 16:03:45.443 Df IlliniCover[40795:3ea932] [com.apple.dt.xctest:Default] Other is not actually a child of Other, including at this point anyway (rdar://problem/20738636)
2026-08-12 16:03:45.443 Df IlliniCover[40795:3ea932] [com.apple.dt.xctest:Default] Other is not actually a child of Other, including at this point anyway (rdar://problem/20738636)
2026-08-12 16:03:45.444 Df IlliniCover[40795:3ea932] [com.apple.dt.xctest:Default] Other is not actually a child of Other, including at this point anyway (rdar://problem/20738636)
2026-08-12 16:03:45.444 Df IlliniCover[40795:3ea932] [com.apple.dt.xctest:Default] Other is not actually a child of Other, including at this point anyway (rdar://problem/20738636)
2026-08-12 16:03:45.444 Df IlliniCover[40795:3ea932] [com.apple.dt.xctest:Default] Other is not actually a child of Other, including at this point anyway (rdar://problem/20738636)
2026-08-12 16:03:45.444 Df IlliniCover[40795:3ea932] [com.apple.dt.xctest:Default] Other is not actually a child of Other, including at this point anyway (rdar://problem/20738636)
2026-08-12 16:03:45.444 Df IlliniCover[40795:3ea932] [com.apple.dt.xctest:Default] Other is not actually a child of Other, including at this point anyway (rdar://problem/20738636)
2026-08-12 16:03:45.444 Df IlliniCover[40795:3ea932] [com.apple.dt.xctest:Default] Other is not actually a child of Other, including at this point anyway (rdar://problem/20738636)
2026-08-12 16:03:45.445 Df IlliniCover[40795:3ea932] [com.apple.dt.xctest:Default] Other is not actually a child of Other, including at this point anyway (rdar://problem/20738636)
2026-08-12 16:03:45.445 Df IlliniCover[40795:3ea932] [com.apple.dt.xctest:Default] Other is not actually a child of Other, including at this point anyway (rdar://problem/20738636)
2026-08-12 16:03:45.445 Df IlliniCover[40795:3ea932] [com.apple.dt.xctest:Default] Other is not actually a child of Other, including at this point anyway (rdar://problem/20738636)
2026-08-12 16:03:45.445 Df IlliniCover[40795:3ea932] [com.apple.dt.xctest:Default] App orientation is 0 (not portrait) and UITextEffectsWindow window Window is not main window
2026-08-12 16:03:45.445 Df IlliniCover[40795:3ea932] [com.apple.dt.xctest:Default] Leaving frame unchanged for Window: either already correct or we can't detect it.
2026-08-12 16:03:45.445 Df IlliniCover[40795:3ea932] [com.apple.dt.xctest:Default] Query  found matching snapshots: {(
    Application, pid: 40795
)} (error: (null))
2026-08-12 16:03:45.445 Df IlliniCover[40795:3ea932] [com.apple.dt.xctest:Default] Replying to query  with results: <XCTElementQueryResults: 0x123bbe2b0> (error: (null))
2026-08-12 16:03:45.461 Df IlliniCover[40795:3ea921] [com.apple.xpc:connection] [0x126576bc0] activating connection: mach=false listener=false peer=false name=com.apple.MTLCompilerService
2026-08-12 16:03:45.489 Df IlliniCover[40795:3ea932] [com.apple.cfnetwork:h3stream] 0x126753498 ID=16 Task <F34AEA10-35AD-40C7-9D65-7EB1CCBB5ED0>.<6> received response, status 200 content K
2026-08-12 16:03:45.490 Df IlliniCover[40795:3ea932] [com.apple.CFNetwork:Default] Task <F34AEA10-35AD-40C7-9D65-7EB1CCBB5ED0>.<6> response ended
2026-08-12 16:03:45.490 Df IlliniCover[40795:3ea932] [com.apple.network:connection] [C2] event: client:connection_idle @9.417s
2026-08-12 16:03:45.490 Df IlliniCover[40795:3ea932] [com.apple.CFNetwork:Default] Task <F34AEA10-35AD-40C7-9D65-7EB1CCBB5ED0>.<6> done using Connection 2
2026-08-12 16:03:45.490 Df IlliniCover[40795:3ea934] [com.apple.CFNetwork:Summary] Task <F34AEA10-35AD-40C7-9D65-7EB1CCBB5ED0>.<6> summary for task success {transaction_duration_ms=474, response_status=200, connection=2, reused=1, reused_after_ms=42, request_start_ms=1, request_duration_ms=0, response_start_ms=472, response_duration_ms=1, request_bytes=367, request_throughput_kbps=14530, response_bytes=2693, response_throughput_kbps=11613, cache_hit=true}
2026-08-12 16:03:45.491 Df IlliniCover[40795:3ea934] [com.apple.CFNetwork:Default] Task <F34AEA10-35AD-40C7-9D65-7EB1CCBB5ED0>.<6> finished successfully
2026-08-12 16:03:45.612 Df IlliniCover[40795:3ea92e] [com.apple.dt.xctest:Default] Received request to fetch matches for query:
2026-08-12 16:03:45.612 Df IlliniCover[40795:3ea92e] [com.apple.dt.xctest:Default] Evaluating query:
2026-08-12 16:03:45.612 Df IlliniCover[40795:3ea92e] [com.apple.dt.xctest:Default] Getting root element snapshot
2026-08-12 16:03:45.612 Df IlliniCover[40795:3ea92e] [com.apple.dt.xctest:Default] Getting snapshot for App element pid: 40795 for query
2026-08-12 16:03:45.612 Df IlliniCover[40795:3ea92e] [com.apple.dt.xctest:Default] Query requires iOS snapshot attributes .
2026-08-12 16:03:45.612 Df IlliniCover[40795:3ea92e] [com.apple.dt.xctest:Default] XCTPerformOnMainRunLoop[not MT]: about to CFRunLoopPerform
2026-08-12 16:03:45.612 Df IlliniCover[40795:3ea92e] [com.apple.dt.xctest:Default] XCTPerformOnMainRunLoop[not MT]: waiting with 30.00s responsiveness timeout
2026-08-12 16:03:45.699 Df IlliniCover[40795:3ea921] [com.apple.xpc:connection] [0x126575cc0] activating connection: mach=false listener=false peer=false name=com.apple.MTLCompilerService
2026-08-12 16:03:45.699 A  IlliniCover[40795:3ea933] (Metal) Metal Compiling Shader
2026-08-12 16:03:46.283 A  IlliniCover[40795:3ea933] (Metal) Metal Compiling Shader
2026-08-12 16:03:46.342 A  IlliniCover[40795:3ea934] (Metal) Metal Compiling Shader
2026-08-12 16:03:46.376 A  IlliniCover[40795:3ea934] (Metal) Metal Compiling Shader
2026-08-12 16:03:46.631 Df IlliniCover[40795:3ea921] [com.apple.dt.xctest:Default] XCTPerformOnMainRunLoop[MT]: inside CFRunLoopPerform
2026-08-12 16:03:46.631 Df IlliniCover[40795:3ea921] [com.apple.dt.xctest:Default] XCTPerformOnMainRunLoop[MT]: MT responded in time (won the race to the busy flag)
2026-08-12 16:03:46.631 Df IlliniCover[40795:3ea92e] [com.apple.dt.xctest:Default] XCTPerformOnMainRunLoop[not MT]: waiting 60.00s for work to complete
2026-08-12 16:03:46.632 Df IlliniCover[40795:3ea921] [com.apple.dt.xctest:Default] Got main window <AXUIElementRef 0x12030db60> {pid=40795} {uid=[ID:4 hash:0x109610400]}
2026-08-12 16:03:46.632 Df IlliniCover[40795:3ea921] [com.apple.dt.xctest:Default] Capturing hierarchy with attributes XC_kAXXCAttributeElementType, XC_kAXXCAttributeElementBaseType, XC_kAXXCAttributeParent, XC_kAXXCAttributeIdentifier, XC_kAXXCAttributeAutomationType, XC_kAXXCAttributeTraits
2026-08-12 16:03:46.632 Df IlliniCover[40795:3ea921] [com.apple.dt.xctest:Default] Capturing hierarchy with parameters {
    attributes =     (
        5003,
        5004,
        5002,
        5019,
        5058,
        2004
    );
    maxArrayCount = 2147483647;
    maxChildren = 2147483647;
    maxDepth = 2147483647;
    snapshotKeyHonorModalViews = 0;
    traverseFromParentsToChildren = 1;
}
2026-08-12 16:03:46.632 Df IlliniCover[40795:3ea921] [com.apple.dt.xctest:Default] Snapshot attributes 5003, 5004, 5002, 5019, 5058, 2004
2026-08-12 16:03:46.705 Df IlliniCover[40795:3ea921] [com.apple.dt.xctest:Default] Got snapshot for <AXUIElementRef 0x1256bed00> {pid=40795} {uid=[ID:1 hash:0x0]}
2026-08-12 16:03:46.705 Df IlliniCover[40795:3ea921] [com.apple.dt.xctest:Default] Got app orientation 0
2026-08-12 16:03:46.705 Df IlliniCover[40795:3ea921] [com.apple.dt.xctest:Default] Captured accessibility snapshot data in 0.07s
2026-08-12 16:03:46.705 Df IlliniCover[40795:3ea92e] [com.apple.dt.xctest:Default] Found main window: Window
2026-08-12 16:03:46.705 Df IlliniCover[40795:3ea92e] [com.apple.dt.xctest:Default] Preferring automation type 48 instead of legacy element type OTHER derived from class/trait: UILabel:UILabel 8590000128
2026-08-12 16:03:46.706 Df IlliniCover[40795:3ea92e] [com.apple.dt.xctest:Default] Other is not actually a child of Other, including at this point anyway (rdar://problem/20738636)
2026-08-12 16:03:46.706 Df IlliniCover[40795:3ea92e] [com.apple.dt.xctest:Default] Other is not actually a child of Other, including at this point anyway (rdar://problem/20738636)
2026-08-12 16:03:46.706 Df IlliniCover[40795:3ea92e] [com.apple.dt.xctest:Default] Other is not actually a child of Other, including at this point anyway (rdar://problem/20738636)
2026-08-12 16:03:46.706 Df IlliniCover[40795:3ea92e] [com.apple.dt.xctest:Default] Other is not actually a child of Other, including at this point anyway (rdar://problem/20738636)
2026-08-12 16:03:46.706 Df IlliniCover[40795:3ea92e] [com.apple.dt.xctest:Default] Other is not actually a child of Other, including at this point anyway (rdar://problem/20738636)
2026-08-12 16:03:46.707 Df IlliniCover[40795:3ea92e] [com.apple.dt.xctest:Default] Other is not actually a child of Other, including at this point anyway (rdar://problem/20738636)
2026-08-12 16:03:46.707 Df IlliniCover[40795:3ea92e] [com.apple.dt.xctest:Default] Other is not actually a child of Other, including at this point anyway (rdar://problem/20738636)
2026-08-12 16:03:46.707 Df IlliniCover[40795:3ea92e] [com.apple.dt.xctest:Default] Other is not actually a child of Other, including at this point anyway (rdar://problem/20738636)
2026-08-12 16:03:46.707 Df IlliniCover[40795:3ea92e] [com.apple.dt.xctest:Default] Other is not actually a child of Other, including at this point anyway (rdar://problem/20738636)
2026-08-12 16:03:46.707 Df IlliniCover[40795:3ea92e] [com.apple.dt.xctest:Default] Other is not actually a child of Other, including at this point anyway (rdar://problem/20738636)
2026-08-12 16:03:46.707 Df IlliniCover[40795:3ea92e] [com.apple.dt.xctest:Default] Other is not actually a child of Other, including at this point anyway (rdar://problem/20738636)
2026-08-12 16:03:46.707 Df IlliniCover[40795:3ea92e] [com.apple.dt.xctest:Default] Other is not actually a child of Other, including at this point anyway (rdar://problem/20738636)
2026-08-12 16:03:46.708 Df IlliniCover[40795:3ea92e] [com.apple.dt.xctest:Default] App orientation is 0 (not portrait) and UITextEffectsWindow window Window is not main window
2026-08-12 16:03:46.708 Df IlliniCover[40795:3ea92e] [com.apple.dt.xctest:Default] Leaving frame unchanged for Window: either already correct or we can't detect it.
2026-08-12 16:03:46.708 Df IlliniCover[40795:3ea92e] [com.apple.dt.xctest:Default] Query  found matching snapshots: {(
    Application, pid: 40795
)} (error: (null))
2026-08-12 16:03:46.708 Df IlliniCover[40795:3ea92e] [com.apple.dt.xctest:Default] Replying to query  with results: <XCTElementQueryResults: 0x123bbd830> (error: (null))
2026-08-12 16:03:46.876 Df IlliniCover[40795:3ea934] [com.apple.dt.xctest:Default] Received request to fetch matches for query:
2026-08-12 16:03:46.876 Df IlliniCover[40795:3ea934] [com.apple.dt.xctest:Default] Evaluating query:
2026-08-12 16:03:46.876 Df IlliniCover[40795:3ea934] [com.apple.dt.xctest:Default] Getting root element snapshot
2026-08-12 16:03:46.876 Df IlliniCover[40795:3ea934] [com.apple.dt.xctest:Default] Getting snapshot for App element pid: 40795 for query
2026-08-12 16:03:46.876 Df IlliniCover[40795:3ea934] [com.apple.dt.xctest:Default] Query requires iOS snapshot attributes .
2026-08-12 16:03:46.876 Df IlliniCover[40795:3ea934] [com.apple.dt.xctest:Default] XCTPerformOnMainRunLoop[not MT]: about to CFRunLoopPerform
2026-08-12 16:03:46.876 Df IlliniCover[40795:3ea934] [com.apple.dt.xctest:Default] XCTPerformOnMainRunLoop[not MT]: waiting with 30.00s responsiveness timeout
2026-08-12 16:03:46.877 Df IlliniCover[40795:3ea921] [com.apple.dt.xctest:Default] XCTPerformOnMainRunLoop[MT]: inside CFRunLoopPerform
2026-08-12 16:03:46.877 Df IlliniCover[40795:3ea921] [com.apple.dt.xctest:Default] XCTPerformOnMainRunLoop[MT]: MT responded in time (won the race to the busy flag)
2026-08-12 16:03:46.877 Df IlliniCover[40795:3ea934] [com.apple.dt.xctest:Default] XCTPerformOnMainRunLoop[not MT]: waiting 60.00s for work to complete
2026-08-12 16:03:46.877 Df IlliniCover[40795:3ea921] [com.apple.dt.xctest:Default] Got main window <AXUIElementRef 0x120f5a5e0> {pid=40795} {uid=[ID:4 hash:0x109610400]}
2026-08-12 16:03:46.877 Df IlliniCover[40795:3ea921] [com.apple.dt.xctest:Default] Capturing hierarchy with attributes XC_kAXXCAttributeElementType, XC_kAXXCAttributeElementBaseType, XC_kAXXCAttributeParent, XC_kAXXCAttributeIdentifier, XC_kAXXCAttributeAutomationType, XC_kAXXCAttributeTraits
2026-08-12 16:03:46.878 Df IlliniCover[40795:3ea921] [com.apple.dt.xctest:Default] Capturing hierarchy with parameters {
    attributes =     (
        5003,
        5004,
        5002,
        5019,
        5058,
        2004
    );
    maxArrayCount = 2147483647;
    maxChildren = 2147483647;
    maxDepth = 2147483647;
    snapshotKeyHonorModalViews = 0;
    traverseFromParentsToChildren = 1;
}
2026-08-12 16:03:46.878 Df IlliniCover[40795:3ea921] [com.apple.dt.xctest:Default] Snapshot attributes 5003, 5004, 5002, 5019, 5058, 2004
2026-08-12 16:03:46.940 Df IlliniCover[40795:3ea921] [com.apple.dt.xctest:Default] Got snapshot for <AXUIElementRef 0x123b627c0> {pid=40795} {uid=[ID:1 hash:0x0]}
2026-08-12 16:03:46.940 Df IlliniCover[40795:3ea921] [com.apple.dt.xctest:Default] Got app orientation 0
2026-08-12 16:03:46.940 Df IlliniCover[40795:3ea921] [com.apple.dt.xctest:Default] Captured accessibility snapshot data in 0.06s
2026-08-12 16:03:46.940 Df IlliniCover[40795:3ea934] [com.apple.dt.xctest:Default] Found main window: Window
2026-08-12 16:03:46.941 Df IlliniCover[40795:3ea934] [com.apple.dt.xctest:Default] Preferring automation type 48 instead of legacy element type OTHER derived from class/trait: UILabel:UILabel 8590000128
2026-08-12 16:03:46.942 Df IlliniCover[40795:3ea934] [com.apple.dt.xctest:Default] Other is not actually a child of Other, including at this point anyway (rdar://problem/20738636)
2026-08-12 16:03:46.942 Df IlliniCover[40795:3ea934] [com.apple.dt.xctest:Default] Other is not actually a child of Other, including at this point anyway (rdar://problem/20738636)
2026-08-12 16:03:46.942 Df IlliniCover[40795:3ea934] [com.apple.dt.xctest:Default] Other is not actually a child of Other, including at this point anyway (rdar://problem/20738636)
2026-08-12 16:03:46.942 Df IlliniCover[40795:3ea934] [com.apple.dt.xctest:Default] Other is not actually a child of Other, including at this point anyway (rdar://problem/20738636)
2026-08-12 16:03:46.942 Df IlliniCover[40795:3ea934] [com.apple.dt.xctest:Default] Other is not actually a child of Other, including at this point anyway (rdar://problem/20738636)
2026-08-12 16:03:46.942 Df IlliniCover[40795:3ea934] [com.apple.dt.xctest:Default] Other is not actually a child of Other, including at this point anyway (rdar://problem/20738636)
2026-08-12 16:03:46.942 Df IlliniCover[40795:3ea934] [com.apple.dt.xctest:Default] Other is not actually a child of Other, including at this point anyway (rdar://problem/20738636)
2026-08-12 16:03:46.942 Df IlliniCover[40795:3ea934] [com.apple.dt.xctest:Default] Other is not actually a child of Other, including at this point anyway (rdar://problem/20738636)
2026-08-12 16:03:46.942 Df IlliniCover[40795:3ea934] [com.apple.dt.xctest:Default] Other is not actually a child of Other, including at this point anyway (rdar://problem/20738636)
2026-08-12 16:03:46.942 Df IlliniCover[40795:3ea934] [com.apple.dt.xctest:Default] Other is not actually a child of Other, including at this point anyway (rdar://problem/20738636)
2026-08-12 16:03:46.942 Df IlliniCover[40795:3ea934] [com.apple.dt.xctest:Default] Other is not actually a child of Other, including at this point anyway (rdar://problem/20738636)
2026-08-12 16:03:46.942 Df IlliniCover[40795:3ea934] [com.apple.dt.xctest:Default] Other is not actually a child of Other, including at this point anyway (rdar://problem/20738636)
2026-08-12 16:03:46.943 Df IlliniCover[40795:3ea934] [com.apple.dt.xctest:Default] App orientation is 0 (not portrait) and UITextEffectsWindow window Window is not main window
2026-08-12 16:03:46.943 Df IlliniCover[40795:3ea934] [com.apple.dt.xctest:Default] Leaving frame unchanged for Window: either already correct or we can't detect it.
2026-08-12 16:03:46.943 Df IlliniCover[40795:3ea934] [com.apple.dt.xctest:Default] Query  found matching snapshots: {(
    Application, pid: 40795
)} (error: (null))
2026-08-12 16:03:46.943 Df IlliniCover[40795:3ea934] [com.apple.dt.xctest:Default] Replying to query  with results: <XCTElementQueryResults: 0x123bbde00> (error: (null))
2026-08-12 16:03:47.965 Df IlliniCover[40795:3ea92e] [com.apple.xpc:connection] [0x109570780] invalidated because the client process (pid 40756) either cancelled the connection or exited
2026-08-12 16:03:47.965 Df IlliniCover[40795:3ea92e] [com.apple.dt.xctest:Default] Connection from client with pid 40756 was invalidated.
2026-08-12 16:03:47.977 Df IlliniCover[40795:3ea92e] [com.apple.dt.automationmode:Default] Handling posted change notification (com.apple.dt.automationmode.state-changed)
2026-08-12 16:03:47.977 Df IlliniCover[40795:3ea92e] [com.apple.dt.automationmode:Default] XAM shared observer connecting to com.apple.dt.automationmode.reader
2026-08-12 16:03:47.977 Df IlliniCover[40795:3ea92e] [com.apple.xpc:connection] [0x126576e40] activating connection: mach=true listener=false peer=false name=com.apple.dt.automationmode.reader
2026-08-12 16:03:47.981 Df IlliniCover[40795:3ea92e] [com.apple.xpc:connection] [0x126576e40] invalidated because the current process cancelled the connection by calling xpc_connection_cancel()
2026-08-12 16:03:47.981 Df IlliniCover[40795:3ea92e] [com.apple.dt.automationmode:Default] Comparing previous enabled state (1) to current enabled state (0)
2026-08-12 16:03:47.981 Df IlliniCover[40795:3ea934] [com.apple.dt.xctest:Default] Automation Mode has been disabled, existing connections will be invalidated.
2026-08-12 16:03:49.007 Df IlliniCover[40795:3ea934] [com.apple.launchservices:db] NotifyToken::RegisterDispatch(com.apple.LaunchServices.database) fired for session key LSSessionKey(system: 0 uid: 501)
2026-08-12 16:03:49.159 E  IlliniCover[40795:3ea921] [com.apple.dt.xctest:Default] Unexpectedly received animationDidStop without a matching animationDidStart. Monitoring for idle animations may no longer function correctly.
2026-08-12 16:03:54.142 Df IlliniCover[40795:3ea92e] [com.apple.dt.automationmode:Default] Handling posted change notification (com.apple.dt.automationmode.state-changed)
2026-08-12 16:03:54.142 Df IlliniCover[40795:3ea92e] [com.apple.dt.automationmode:Default] XAM shared observer connecting to com.apple.dt.automationmode.reader
2026-08-12 16:03:54.142 Df IlliniCover[40795:3ea92e] [com.apple.xpc:connection] [0x126576e40] activating connection: mach=true listener=false peer=false name=com.apple.dt.automationmode.reader
2026-08-12 16:03:54.143 Df IlliniCover[40795:3ea92e] [com.apple.xpc:connection] [0x126576e40] invalidated because the current process cancelled the connection by calling xpc_connection_cancel()
2026-08-12 16:03:54.143 Df IlliniCover[40795:3ea92e] [com.apple.dt.automationmode:Default] Comparing previous enabled state (0) to current enabled state (1)
2026-08-12 16:03:55.277 Df IlliniCover[40795:3ea933] [com.apple.dt.xctest:Default] Received request for endpoint.
2026-08-12 16:03:55.278 Df IlliniCover[40795:3ea933] [com.apple.dt.xctest:Default] Sending anonymous endpoint.
2026-08-12 16:03:55.278 Df IlliniCover[40795:3ea933] [com.apple.xpc:connection] [0x1095e1400] Connection returned listener port: 0x7823
2026-08-12 16:03:55.278 Df IlliniCover[40795:3ea933] [com.apple.dt.xctest:Default] Received client to target connection.
2026-08-12 16:03:55.278 Df IlliniCover[40795:3ea933] [com.apple.dt.automationmode:Default] Returning 1 for enabled state
2026-08-12 16:03:55.278 Df IlliniCover[40795:3ea933] [com.apple.xpc:connection] [0x122122100] activating connection: mach=false listener=false peer=true name=com.apple.xpc.anonymous.0x1095e1400.peer[40893].0x122122100
2026-08-12 16:03:55.278 Df IlliniCover[40795:3ea933] [com.apple.dt.xctest:Default] Received request to exchange capabilities, remote interface capabilities are: <XCTCapabilities: 0x1265b67c0>: {
    "query runtime issue reporting" = 1;
    "query runtime issue reporting/automation type mismatch" = 1;
}
2026-08-12 16:03:55.279 Df IlliniCover[40795:3ea933] [com.apple.dt.xctest:Default] Received request to fetch matches for query:
2026-08-12 16:03:55.279 Df IlliniCover[40795:3ea933] [com.apple.dt.xctest:Default] Evaluating query:
2026-08-12 16:03:55.279 Df IlliniCover[40795:3ea933] [com.apple.dt.xctest:Default] Getting root element snapshot
2026-08-12 16:03:55.279 Df IlliniCover[40795:3ea933] [com.apple.dt.xctest:Default] Getting snapshot for App element pid: 40795 for query
2026-08-12 16:03:55.279 Df IlliniCover[40795:3ea933] [com.apple.dt.xctest:Default] Query requires iOS snapshot attributes .
2026-08-12 16:03:55.279 Df IlliniCover[40795:3ea933] [com.apple.dt.xctest:Default] XCTPerformOnMainRunLoop[not MT]: about to CFRunLoopPerform
2026-08-12 16:03:55.279 Df IlliniCover[40795:3ea933] [com.apple.dt.xctest:Default] XCTPerformOnMainRunLoop[not MT]: waiting with 30.00s responsiveness timeout
2026-08-12 16:03:55.279 Df IlliniCover[40795:3ea921] [com.apple.dt.xctest:Default] XCTPerformOnMainRunLoop[MT]: inside CFRunLoopPerform
2026-08-12 16:03:55.279 Df IlliniCover[40795:3ea921] [com.apple.dt.xctest:Default] XCTPerformOnMainRunLoop[MT]: MT responded in time (won the race to the busy flag)
2026-08-12 16:03:55.279 Df IlliniCover[40795:3ea933] [com.apple.dt.xctest:Default] XCTPerformOnMainRunLoop[not MT]: waiting 60.00s for work to complete
2026-08-12 16:03:55.280 Df IlliniCover[40795:3ea921] [com.apple.dt.xctest:Default] Got main window <AXUIElementRef 0x123ac5470> {pid=40795} {uid=[ID:4 hash:0x109610400]}
2026-08-12 16:03:55.280 Df IlliniCover[40795:3ea921] [com.apple.dt.xctest:Default] Capturing hierarchy with attributes XC_kAXXCAttributeElementType, XC_kAXXCAttributeElementBaseType, XC_kAXXCAttributeParent, XC_kAXXCAttributeIdentifier, XC_kAXXCAttributeAutomationType, XC_kAXXCAttributeTraits
2026-08-12 16:03:55.280 Df IlliniCover[40795:3ea921] [com.apple.dt.xctest:Default] Capturing hierarchy with parameters {
    attributes =     (
        5003,
        5004,
        5002,
        5019,
        5058,
        2004
    );
    maxArrayCount = 2147483647;
    maxChildren = 2147483647;
    maxDepth = 2147483647;
    snapshotKeyHonorModalViews = 0;
    traverseFromParentsToChildren = 1;
}
2026-08-12 16:03:55.280 Df IlliniCover[40795:3ea921] [com.apple.dt.xctest:Default] Snapshot attributes 5003, 5004, 5002, 5019, 5058, 2004
2026-08-12 16:03:55.333 Df IlliniCover[40795:3ea921] [com.apple.dt.xctest:Default] Got snapshot for <AXUIElementRef 0x12030d740> {pid=40795} {uid=[ID:1 hash:0x0]}
2026-08-12 16:03:55.333 Df IlliniCover[40795:3ea921] [com.apple.dt.xctest:Default] Got app orientation 0
2026-08-12 16:03:55.333 Df IlliniCover[40795:3ea921] [com.apple.dt.xctest:Default] Captured accessibility snapshot data in 0.05s
2026-08-12 16:03:55.333 Df IlliniCover[40795:3ea933] [com.apple.dt.xctest:Default] Found main window: Window
2026-08-12 16:03:55.333 Df IlliniCover[40795:3ea933] [com.apple.dt.xctest:Default] Preferring automation type 48 instead of legacy element type OTHER derived from class/trait: UILabel:UILabel 8590000128
2026-08-12 16:03:55.333 Df IlliniCover[40795:3ea933] [com.apple.dt.xctest:Default] Other is not actually a child of Other, including at this point anyway (rdar://problem/20738636)
2026-08-12 16:03:55.333 Df IlliniCover[40795:3ea933] [com.apple.dt.xctest:Default] Other is not actually a child of Other, including at this point anyway (rdar://problem/20738636)
2026-08-12 16:03:55.333 Df IlliniCover[40795:3ea933] [com.apple.dt.xctest:Default] Other is not actually a child of Other, including at this point anyway (rdar://problem/20738636)
2026-08-12 16:03:55.333 Df IlliniCover[40795:3ea933] [com.apple.dt.xctest:Default] Other is not actually a child of Other, including at this point anyway (rdar://problem/20738636)
2026-08-12 16:03:55.333 Df IlliniCover[40795:3ea933] [com.apple.dt.xctest:Default] Other is not actually a child of Other, including at this point anyway (rdar://problem/20738636)
2026-08-12 16:03:55.333 Df IlliniCover[40795:3ea933] [com.apple.dt.xctest:Default] Other is not actually a child of Other, including at this point anyway (rdar://problem/20738636)
2026-08-12 16:03:55.333 Df IlliniCover[40795:3ea933] [com.apple.dt.xctest:Default] Other is not actually a child of Other, including at this point anyway (rdar://problem/20738636)
2026-08-12 16:03:55.333 Df IlliniCover[40795:3ea933] [com.apple.dt.xctest:Default] Other is not actually a child of Other, including at this point anyway (rdar://problem/20738636)
2026-08-12 16:03:55.334 Df IlliniCover[40795:3ea933] [com.apple.dt.xctest:Default] Other is not actually a child of Other, including at this point anyway (rdar://problem/20738636)
2026-08-12 16:03:55.334 Df IlliniCover[40795:3ea933] [com.apple.dt.xctest:Default] Other is not actually a child of Other, including at this point anyway (rdar://problem/20738636)
2026-08-12 16:03:55.334 Df IlliniCover[40795:3ea933] [com.apple.dt.xctest:Default] Other is not actually a child of Other, including at this point anyway (rdar://problem/20738636)
2026-08-12 16:03:55.334 Df IlliniCover[40795:3ea933] [com.apple.dt.xctest:Default] Other is not actually a child of Other, including at this point anyway (rdar://problem/20738636)
2026-08-12 16:03:55.334 Df IlliniCover[40795:3ea933] [com.apple.dt.xctest:Default] App orientation is 0 (not portrait) and UITextEffectsWindow window Window is not main window
2026-08-12 16:03:55.334 Df IlliniCover[40795:3ea933] [com.apple.dt.xctest:Default] Leaving frame unchanged for Window: either already correct or we can't detect it.
2026-08-12 16:03:55.334 Df IlliniCover[40795:3ea933] [com.apple.dt.xctest:Default] Query  found matching snapshots: {(
    Application, pid: 40795
)} (error: (null))
2026-08-12 16:03:55.334 Df IlliniCover[40795:3ea933] [com.apple.dt.xctest:Default] Replying to query  with results: <XCTElementQueryResults: 0x123bbe280> (error: (null))
2026-08-12 16:03:55.549 Df IlliniCover[40795:3ea933] [com.apple.dt.xctest:Default] Received request to fetch matches for query:
2026-08-12 16:03:55.549 Df IlliniCover[40795:3ea933] [com.apple.dt.xctest:Default] Evaluating query:
2026-08-12 16:03:55.549 Df IlliniCover[40795:3ea933] [com.apple.dt.xctest:Default] Getting root element snapshot
2026-08-12 16:03:55.549 Df IlliniCover[40795:3ea933] [com.apple.dt.xctest:Default] Getting snapshot for App element pid: 40795 for query
2026-08-12 16:03:55.549 Df IlliniCover[40795:3ea933] [com.apple.dt.xctest:Default] Query requires iOS snapshot attributes .
2026-08-12 16:03:55.549 Df IlliniCover[40795:3ea933] [com.apple.dt.xctest:Default] XCTPerformOnMainRunLoop[not MT]: about to CFRunLoopPerform
2026-08-12 16:03:55.549 Df IlliniCover[40795:3ea933] [com.apple.dt.xctest:Default] XCTPerformOnMainRunLoop[not MT]: waiting with 30.00s responsiveness timeout
2026-08-12 16:03:55.549 Df IlliniCover[40795:3ea921] [com.apple.dt.xctest:Default] XCTPerformOnMainRunLoop[MT]: inside CFRunLoopPerform
2026-08-12 16:03:55.549 Df IlliniCover[40795:3ea921] [com.apple.dt.xctest:Default] XCTPerformOnMainRunLoop[MT]: MT responded in time (won the race to the busy flag)
2026-08-12 16:03:55.549 Df IlliniCover[40795:3ea933] [com.apple.dt.xctest:Default] XCTPerformOnMainRunLoop[not MT]: waiting 60.00s for work to complete
2026-08-12 16:03:55.549 Df IlliniCover[40795:3ea921] [com.apple.dt.xctest:Default] Got main window <AXUIElementRef 0x1256dc420> {pid=40795} {uid=[ID:4 hash:0x109610400]}
2026-08-12 16:03:55.549 Df IlliniCover[40795:3ea921] [com.apple.dt.xctest:Default] Capturing hierarchy with attributes XC_kAXXCAttributeElementType, XC_kAXXCAttributeElementBaseType, XC_kAXXCAttributeParent, XC_kAXXCAttributeIdentifier, XC_kAXXCAttributeAutomationType, XC_kAXXCAttributeTraits
2026-08-12 16:03:55.549 Df IlliniCover[40795:3ea921] [com.apple.dt.xctest:Default] Capturing hierarchy with parameters {
    attributes =     (
        5003,
        5004,
        5002,
        5019,
        5058,
        2004
    );
    maxArrayCount = 2147483647;
    maxChildren = 2147483647;
    maxDepth = 2147483647;
    snapshotKeyHonorModalViews = 0;
    traverseFromParentsToChildren = 1;
}
2026-08-12 16:03:55.550 Df IlliniCover[40795:3ea921] [com.apple.dt.xctest:Default] Snapshot attributes 5003, 5004, 5002, 5019, 5058, 2004
2026-08-12 16:03:55.614 Df IlliniCover[40795:3ea921] [com.apple.dt.xctest:Default] Got snapshot for <AXUIElementRef 0x120f5a7c0> {pid=40795} {uid=[ID:1 hash:0x0]}
2026-08-12 16:03:55.614 Df IlliniCover[40795:3ea921] [com.apple.dt.xctest:Default] Got app orientation 0
2026-08-12 16:03:55.614 Df IlliniCover[40795:3ea921] [com.apple.dt.xctest:Default] Captured accessibility snapshot data in 0.06s
2026-08-12 16:03:55.614 Df IlliniCover[40795:3ea933] [com.apple.dt.xctest:Default] Found main window: Window
2026-08-12 16:03:55.614 Df IlliniCover[40795:3ea933] [com.apple.dt.xctest:Default] Preferring automation type 48 instead of legacy element type OTHER derived from class/trait: UILabel:UILabel 8590000128
2026-08-12 16:03:55.614 Df IlliniCover[40795:3ea933] [com.apple.dt.xctest:Default] Other is not actually a child of Other, including at this point anyway (rdar://problem/20738636)
2026-08-12 16:03:55.614 Df IlliniCover[40795:3ea933] [com.apple.dt.xctest:Default] Other is not actually a child of Other, including at this point anyway (rdar://problem/20738636)
2026-08-12 16:03:55.614 Df IlliniCover[40795:3ea933] [com.apple.dt.xctest:Default] Other is not actually a child of Other, including at this point anyway (rdar://problem/20738636)
2026-08-12 16:03:55.615 Df IlliniCover[40795:3ea933] [com.apple.dt.xctest:Default] Other is not actually a child of Other, including at this point anyway (rdar://problem/20738636)
2026-08-12 16:03:55.615 Df IlliniCover[40795:3ea933] [com.apple.dt.xctest:Default] Other is not actually a child of Other, including at this point anyway (rdar://problem/20738636)
2026-08-12 16:03:55.615 Df IlliniCover[40795:3ea933] [com.apple.dt.xctest:Default] Other is not actually a child of Other, including at this point anyway (rdar://problem/20738636)
2026-08-12 16:03:55.615 Df IlliniCover[40795:3ea933] [com.apple.dt.xctest:Default] Other is not actually a child of Other, including at this point anyway (rdar://problem/20738636)
2026-08-12 16:03:55.615 Df IlliniCover[40795:3ea933] [com.apple.dt.xctest:Default] Other is not actually a child of Other, including at this point anyway (rdar://problem/20738636)
2026-08-12 16:03:55.615 Df IlliniCover[40795:3ea933] [com.apple.dt.xctest:Default] Other is not actually a child of Other, including at this point anyway (rdar://problem/20738636)
2026-08-12 16:03:55.615 Df IlliniCover[40795:3ea933] [com.apple.dt.xctest:Default] Other is not actually a child of Other, including at this point anyway (rdar://problem/20738636)
2026-08-12 16:03:55.615 Df IlliniCover[40795:3ea933] [com.apple.dt.xctest:Default] Other is not actually a child of Other, including at this point anyway (rdar://problem/20738636)
2026-08-12 16:03:55.615 Df IlliniCover[40795:3ea933] [com.apple.dt.xctest:Default] Other is not actually a child of Other, including at this point anyway (rdar://problem/20738636)
2026-08-12 16:03:55.615 Df IlliniCover[40795:3ea933] [com.apple.dt.xctest:Default] App orientation is 0 (not portrait) and UITextEffectsWindow window Window is not main window
2026-08-12 16:03:55.615 Df IlliniCover[40795:3ea933] [com.apple.dt.xctest:Default] Leaving frame unchanged for Window: either already correct or we can't detect it.
2026-08-12 16:03:55.615 Df IlliniCover[40795:3ea933] [com.apple.dt.xctest:Default] Query  found matching snapshots: {(
    Application, pid: 40795
)} (error: (null))
2026-08-12 16:03:55.616 Df IlliniCover[40795:3ea933] [com.apple.dt.xctest:Default] Replying to query  with results: <XCTElementQueryResults: 0x123bbd710> (error: (null))
