Timestamp               Ty Process[PID:TID]
2026-08-12 15:41:52.239 Df IlliniCover[28464:3d74b7] [com.apple.dt.xctest:Default] Received request to fetch matches for query:
2026-08-12 15:41:52.240 Df IlliniCover[28464:3d674f] [com.apple.dt.xctest:Default] Evaluating query:
2026-08-12 15:41:52.240 Df IlliniCover[28464:3d674f] [com.apple.dt.xctest:Default] Getting root element snapshot
2026-08-12 15:41:52.240 Df IlliniCover[28464:3d674f] [com.apple.dt.xctest:Default] Getting snapshot for App element pid: 28464 for query
2026-08-12 15:41:52.240 Df IlliniCover[28464:3d674f] [com.apple.dt.xctest:Default] Query requires iOS snapshot attributes .
2026-08-12 15:41:52.240 Df IlliniCover[28464:3d674f] [com.apple.dt.xctest:Default] XCTPerformOnMainRunLoop[not MT]: about to CFRunLoopPerform
2026-08-12 15:41:52.240 Df IlliniCover[28464:3d674f] [com.apple.dt.xctest:Default] XCTPerformOnMainRunLoop[not MT]: waiting with 30.00s responsiveness timeout
2026-08-12 15:41:52.240 Df IlliniCover[28464:3d570c] [com.apple.dt.xctest:Default] XCTPerformOnMainRunLoop[MT]: inside CFRunLoopPerform
2026-08-12 15:41:52.240 Df IlliniCover[28464:3d570c] [com.apple.dt.xctest:Default] XCTPerformOnMainRunLoop[MT]: MT responded in time (won the race to the busy flag)
2026-08-12 15:41:52.240 Df IlliniCover[28464:3d674f] [com.apple.dt.xctest:Default] XCTPerformOnMainRunLoop[not MT]: waiting 60.00s for work to complete
2026-08-12 15:41:52.240 Df IlliniCover[28464:3d570c] [com.apple.dt.xctest:Default] Got main window <AXUIElementRef 0x123b500f0> {pid=28464} {uid=[ID:4 hash:0x107a0c400]}
2026-08-12 15:41:52.240 Df IlliniCover[28464:3d570c] [com.apple.dt.xctest:Default] Capturing hierarchy with attributes XC_kAXXCAttributeElementType, XC_kAXXCAttributeElementBaseType, XC_kAXXCAttributeParent, XC_kAXXCAttributeIdentifier, XC_kAXXCAttributeAutomationType, XC_kAXXCAttributeTraits
2026-08-12 15:41:52.240 Df IlliniCover[28464:3d570c] [com.apple.dt.xctest:Default] Capturing hierarchy with parameters {
    attributes =     (
        5003,
        5004,
        5002,
        5019,
        5058,
        2004
    );
    maxArrayCount = 2147483647;
    maxChildren = 2147483647;
    maxDepth = 2147483647;
    snapshotKeyHonorModalViews = 0;
    traverseFromParentsToChildren = 1;
}
2026-08-12 15:41:52.240 Df IlliniCover[28464:3d570c] [com.apple.dt.xctest:Default] Snapshot attributes 5003, 5004, 5002, 5019, 5058, 2004
2026-08-12 15:41:52.328 Df IlliniCover[28464:3d570c] [com.apple.dt.xctest:Default] Got snapshot for <AXUIElementRef 0x11eae02d0> {pid=28464} {uid=[ID:1 hash:0x0]}
2026-08-12 15:41:52.329 Df IlliniCover[28464:3d570c] [com.apple.dt.xctest:Default] Got app orientation 0
2026-08-12 15:41:52.329 Df IlliniCover[28464:3d570c] [com.apple.dt.xctest:Default] Captured accessibility snapshot data in 0.09s
2026-08-12 15:41:52.329 Df IlliniCover[28464:3d674f] [com.apple.dt.xctest:Default] Found main window: Window
2026-08-12 15:41:52.329 Df IlliniCover[28464:3d674f] [com.apple.dt.xctest:Default] Preferring automation type 48 instead of legacy element type OTHER derived from class/trait: UILabel:UILabel 8590000128
2026-08-12 15:41:52.330 Df IlliniCover[28464:3d674f] [com.apple.dt.xctest:Default] Preferring automation type 14 instead of legacy element type OTHER derived from class/trait: SwiftUI.AccessibilityNode:UIResponder 1108101562369
2026-08-12 15:41:52.330 E  IlliniCover[28464:3d674f] [com.apple.dt.xctest:Default] Automation type mismatch; legacy system derived element type 9 from class SwiftUI.AccessibilityNode:UIResponder, traits 1108101562369, but AXAutomationType returned 14 which maps to 14
2026-08-12 15:41:52.330 Df IlliniCover[28464:3d674f] [com.apple.dt.xctest:Default] StaticText is not actually a child of Button, including at this point anyway (rdar://problem/20738636)
2026-08-12 15:41:52.330 Df IlliniCover[28464:3d674f] [com.apple.dt.xctest:Default] Image, identifier: 'chevron.down' is not actually a child of Button, including at this point anyway (rdar://problem/20738636)
2026-08-12 15:41:52.330 Df IlliniCover[28464:3d674f] [com.apple.dt.xctest:Default] Button is not actually a child of Button, identifier: 'deal-timing-kind-picker', including at this point anyway (rdar://problem/20738636)
2026-08-12 15:41:52.330 Df IlliniCover[28464:3d674f] [com.apple.dt.xctest:Default] Preferring automation type 14 instead of legacy element type OTHER derived from class/trait: SwiftUI.AccessibilityNode:UIResponder 1108101562369
2026-08-12 15:41:52.330 E  IlliniCover[28464:3d674f] [com.apple.dt.xctest:Default] Automation type mismatch; legacy system derived element type 9 from class SwiftUI.AccessibilityNode:UIResponder, traits 1108101562369, but AXAutomationType returned 14 which maps to 14
2026-08-12 15:41:52.330 Df IlliniCover[28464:3d674f] [com.apple.dt.xctest:Default] StaticText is not actually a child of Button, including at this point anyway (rdar://problem/20738636)
2026-08-12 15:41:52.330 Df IlliniCover[28464:3d674f] [com.apple.dt.xctest:Default] Image, identifier: 'chevron.down' is not actually a child of Button, including at this point anyway (rdar://problem/20738636)
2026-08-12 15:41:52.330 Df IlliniCover[28464:3d674f] [com.apple.dt.xctest:Default] Button is not actually a child of Button, identifier: 'deal-serving-picker', including at this point anyway (rdar://problem/20738636)
2026-08-12 15:41:52.330 Df IlliniCover[28464:3d674f] [com.apple.dt.xctest:Default] App orientation is 0 (not portrait) and UITextEffectsWindow window Window is not main window
2026-08-12 15:41:52.330 Df IlliniCover[28464:3d674f] [com.apple.dt.xctest:Default] Leaving frame unchanged for Window: either already correct or we can't detect it.
2026-08-12 15:41:52.330 Df IlliniCover[28464:3d674f] [com.apple.dt.xctest:Default] App orientation is 0 (not portrait) and UIRemoteKeyboardWindow window Window is not main window
2026-08-12 15:41:52.330 Df IlliniCover[28464:3d674f] [com.apple.dt.xctest:Default] Leaving frame unchanged for Window: either already correct or we can't detect it.
2026-08-12 15:41:52.331 Df IlliniCover[28464:3d674f] [com.apple.dt.xctest:Default] Preferring automation type 20 instead of legacy element type OTHER derived from class/trait: UIAccessibilityElementKBKey:UIAccessibilityElement 8589934649
2026-08-12 15:41:52.331 E  IlliniCover[28464:3d674f] [com.apple.dt.xctest:Default] Automation type mismatch; legacy system derived element type 9 from class UIAccessibilityElementKBKey:UIAccessibilityElement, traits 8589934649, but AXAutomationType returned 20 which maps to 20
2026-08-12 15:41:52.331 Df IlliniCover[28464:3d674f] [com.apple.dt.xctest:Default] Preferring automation type 20 instead of legacy element type OTHER derived from class/trait: UIAccessibilityElementKBKey:UIAccessibilityElement 8589934641
2026-08-12 15:41:52.331 E  IlliniCover[28464:3d674f] [com.apple.dt.xctest:Default] Automation type mismatch; legacy system derived element type 9 from class UIAccessibilityElementKBKey:UIAccessibilityElement, traits 8589934641, but AXAutomationType returned 20 which maps to 20
2026-08-12 15:41:52.331 Df IlliniCover[28464:3d674f] [com.apple.dt.xctest:Default] Query  found matching snapshots: {(
    Application, pid: 28464
)} (error: (null))
2026-08-12 15:41:52.331 Df IlliniCover[28464:3d674f] [com.apple.dt.xctest:Default] Replying to query  with results: <XCTElementQueryResults: 0x1221f3f60> (error: (null))
2026-08-12 15:41:52.502 Df IlliniCover[28464:3d674f] [com.apple.dt.xctest:Default] Received request to fetch matches for query:
2026-08-12 15:41:52.502 Df IlliniCover[28464:3d674f] [com.apple.dt.xctest:Default] Evaluating query:
2026-08-12 15:41:52.502 Df IlliniCover[28464:3d674f] [com.apple.dt.xctest:Default] Getting root element snapshot
2026-08-12 15:41:52.502 Df IlliniCover[28464:3d674f] [com.apple.dt.xctest:Default] Getting snapshot for App element pid: 28464 for query
2026-08-12 15:41:52.502 Df IlliniCover[28464:3d674f] [com.apple.dt.xctest:Default] Query requires iOS snapshot attributes .
2026-08-12 15:41:52.502 Df IlliniCover[28464:3d674f] [com.apple.dt.xctest:Default] XCTPerformOnMainRunLoop[not MT]: about to CFRunLoopPerform
2026-08-12 15:41:52.502 Df IlliniCover[28464:3d674f] [com.apple.dt.xctest:Default] XCTPerformOnMainRunLoop[not MT]: waiting with 30.00s responsiveness timeout
2026-08-12 15:41:52.502 Df IlliniCover[28464:3d570c] [com.apple.dt.xctest:Default] XCTPerformOnMainRunLoop[MT]: inside CFRunLoopPerform
2026-08-12 15:41:52.502 Df IlliniCover[28464:3d570c] [com.apple.dt.xctest:Default] XCTPerformOnMainRunLoop[MT]: MT responded in time (won the race to the busy flag)
2026-08-12 15:41:52.502 Df IlliniCover[28464:3d674f] [com.apple.dt.xctest:Default] XCTPerformOnMainRunLoop[not MT]: waiting 60.00s for work to complete
2026-08-12 15:41:52.502 Df IlliniCover[28464:3d570c] [com.apple.dt.xctest:Default] Got main window <AXUIElementRef 0x123b3c0f0> {pid=28464} {uid=[ID:4 hash:0x107a0c400]}
2026-08-12 15:41:52.502 Df IlliniCover[28464:3d570c] [com.apple.dt.xctest:Default] Capturing hierarchy with attributes XC_kAXXCAttributeElementType, XC_kAXXCAttributeElementBaseType, XC_kAXXCAttributeParent, XC_kAXXCAttributeIdentifier, XC_kAXXCAttributeAutomationType, XC_kAXXCAttributeTraits
2026-08-12 15:41:52.502 Df IlliniCover[28464:3d570c] [com.apple.dt.xctest:Default] Capturing hierarchy with parameters {
    attributes =     (
        5003,
        5004,
        5002,
        5019,
        5058,
        2004
    );
    maxArrayCount = 2147483647;
    maxChildren = 2147483647;
    maxDepth = 2147483647;
    snapshotKeyHonorModalViews = 0;
    traverseFromParentsToChildren = 1;
}
2026-08-12 15:41:52.502 Df IlliniCover[28464:3d570c] [com.apple.dt.xctest:Default] Snapshot attributes 5003, 5004, 5002, 5019, 5058, 2004
2026-08-12 15:41:52.591 Df IlliniCover[28464:3d570c] [com.apple.dt.xctest:Default] Got snapshot for <AXUIElementRef 0x120919fe0> {pid=28464} {uid=[ID:1 hash:0x0]}
2026-08-12 15:41:52.591 Df IlliniCover[28464:3d570c] [com.apple.dt.xctest:Default] Got app orientation 0
2026-08-12 15:41:52.591 Df IlliniCover[28464:3d570c] [com.apple.dt.xctest:Default] Captured accessibility snapshot data in 0.09s
2026-08-12 15:41:52.591 Df IlliniCover[28464:3d674f] [com.apple.dt.xctest:Default] Found main window: Window
2026-08-12 15:41:52.591 Df IlliniCover[28464:3d674f] [com.apple.dt.xctest:Default] Preferring automation type 48 instead of legacy element type OTHER derived from class/trait: UILabel:UILabel 8590000128
2026-08-12 15:41:52.592 Df IlliniCover[28464:3d674f] [com.apple.dt.xctest:Default] Preferring automation type 14 instead of legacy element type OTHER derived from class/trait: SwiftUI.AccessibilityNode:UIResponder 1108101562369
2026-08-12 15:41:52.592 E  IlliniCover[28464:3d674f] [com.apple.dt.xctest:Default] Automation type mismatch; legacy system derived element type 9 from class SwiftUI.AccessibilityNode:UIResponder, traits 1108101562369, but AXAutomationType returned 14 which maps to 14
2026-08-12 15:41:52.592 Df IlliniCover[28464:3d674f] [com.apple.dt.xctest:Default] StaticText is not actually a child of Button, including at this point anyway (rdar://problem/20738636)
2026-08-12 15:41:52.592 Df IlliniCover[28464:3d674f] [com.apple.dt.xctest:Default] Image, identifier: 'chevron.down' is not actually a child of Button, including at this point anyway (rdar://problem/20738636)
2026-08-12 15:41:52.592 Df IlliniCover[28464:3d674f] [com.apple.dt.xctest:Default] Button is not actually a child of Button, identifier: 'deal-timing-kind-picker', including at this point anyway (rdar://problem/20738636)
2026-08-12 15:41:52.592 Df IlliniCover[28464:3d674f] [com.apple.dt.xctest:Default] Preferring automation type 14 instead of legacy element type OTHER derived from class/trait: SwiftUI.AccessibilityNode:UIResponder 1108101562369
2026-08-12 15:41:52.592 E  IlliniCover[28464:3d674f] [com.apple.dt.xctest:Default] Automation type mismatch; legacy system derived element type 9 from class SwiftUI.AccessibilityNode:UIResponder, traits 1108101562369, but AXAutomationType returned 14 which maps to 14
2026-08-12 15:41:52.592 Df IlliniCover[28464:3d674f] [com.apple.dt.xctest:Default] StaticText is not actually a child of Button, including at this point anyway (rdar://problem/20738636)
2026-08-12 15:41:52.592 Df IlliniCover[28464:3d674f] [com.apple.dt.xctest:Default] Image, identifier: 'chevron.down' is not actually a child of Button, including at this point anyway (rdar://problem/20738636)
2026-08-12 15:41:52.592 Df IlliniCover[28464:3d674f] [com.apple.dt.xctest:Default] Button is not actually a child of Button, identifier: 'deal-serving-picker', including at this point anyway (rdar://problem/20738636)
2026-08-12 15:41:52.592 Df IlliniCover[28464:3d674f] [com.apple.dt.xctest:Default] App orientation is 0 (not portrait) and UITextEffectsWindow window Window is not main window
2026-08-12 15:41:52.592 Df IlliniCover[28464:3d674f] [com.apple.dt.xctest:Default] Leaving frame unchanged for Window: either already correct or we can't detect it.
2026-08-12 15:41:52.592 Df IlliniCover[28464:3d674f] [com.apple.dt.xctest:Default] App orientation is 0 (not portrait) and UIRemoteKeyboardWindow window Window is not main window
2026-08-12 15:41:52.592 Df IlliniCover[28464:3d674f] [com.apple.dt.xctest:Default] Leaving frame unchanged for Window: either already correct or we can't detect it.
2026-08-12 15:41:52.593 Df IlliniCover[28464:3d674f] [com.apple.dt.xctest:Default] Preferring automation type 20 instead of legacy element type OTHER derived from class/trait: UIAccessibilityElementKBKey:UIAccessibilityElement 8589934649
2026-08-12 15:41:52.593 E  IlliniCover[28464:3d674f] [com.apple.dt.xctest:Default] Automation type mismatch; legacy system derived element type 9 from class UIAccessibilityElementKBKey:UIAccessibilityElement, traits 8589934649, but AXAutomationType returned 20 which maps to 20
2026-08-12 15:41:52.593 Df IlliniCover[28464:3d674f] [com.apple.dt.xctest:Default] Preferring automation type 20 instead of legacy element type OTHER derived from class/trait: UIAccessibilityElementKBKey:UIAccessibilityElement 8589934641
2026-08-12 15:41:52.593 E  IlliniCover[28464:3d674f] [com.apple.dt.xctest:Default] Automation type mismatch; legacy system derived element type 9 from class UIAccessibilityElementKBKey:UIAccessibilityElement, traits 8589934641, but AXAutomationType returned 20 which maps to 20
2026-08-12 15:41:52.593 Df IlliniCover[28464:3d674f] [com.apple.dt.xctest:Default] Query  found matching snapshots: {(
    Application, pid: 28464
)} (error: (null))
2026-08-12 15:41:52.593 Df IlliniCover[28464:3d674f] [com.apple.dt.xctest:Default] Replying to query  with results: <XCTElementQueryResults: 0x1221f19b0> (error: (null))
2026-08-12 15:41:52.765 Df IlliniCover[28464:3d674f] [com.apple.dt.xctest:Default] Received request to fetch matches for query:
2026-08-12 15:41:52.765 Df IlliniCover[28464:3d74b7] [com.apple.dt.xctest:Default] Evaluating query:
2026-08-12 15:41:52.765 Df IlliniCover[28464:3d74b7] [com.apple.dt.xctest:Default] Getting root element snapshot
2026-08-12 15:41:52.765 Df IlliniCover[28464:3d74b7] [com.apple.dt.xctest:Default] Getting snapshot for App element pid: 28464 for query
2026-08-12 15:41:52.765 Df IlliniCover[28464:3d74b7] [com.apple.dt.xctest:Default] Query requires iOS snapshot attributes .
2026-08-12 15:41:52.765 Df IlliniCover[28464:3d74b7] [com.apple.dt.xctest:Default] XCTPerformOnMainRunLoop[not MT]: about to CFRunLoopPerform
2026-08-12 15:41:52.765 Df IlliniCover[28464:3d74b7] [com.apple.dt.xctest:Default] XCTPerformOnMainRunLoop[not MT]: waiting with 30.00s responsiveness timeout
2026-08-12 15:41:52.765 Df IlliniCover[28464:3d570c] [com.apple.dt.xctest:Default] XCTPerformOnMainRunLoop[MT]: inside CFRunLoopPerform
2026-08-12 15:41:52.765 Df IlliniCover[28464:3d570c] [com.apple.dt.xctest:Default] XCTPerformOnMainRunLoop[MT]: MT responded in time (won the race to the busy flag)
2026-08-12 15:41:52.765 Df IlliniCover[28464:3d74b7] [com.apple.dt.xctest:Default] XCTPerformOnMainRunLoop[not MT]: waiting 60.00s for work to complete
2026-08-12 15:41:52.766 Df IlliniCover[28464:3d570c] [com.apple.dt.xctest:Default] Got main window <AXUIElementRef 0x123b300f0> {pid=28464} {uid=[ID:4 hash:0x107a0c400]}
2026-08-12 15:41:52.766 Df IlliniCover[28464:3d570c] [com.apple.dt.xctest:Default] Capturing hierarchy with attributes XC_kAXXCAttributeElementType, XC_kAXXCAttributeElementBaseType, XC_kAXXCAttributeParent, XC_kAXXCAttributeIdentifier, XC_kAXXCAttributeAutomationType, XC_kAXXCAttributeTraits
2026-08-12 15:41:52.766 Df IlliniCover[28464:3d570c] [com.apple.dt.xctest:Default] Capturing hierarchy with parameters {
    attributes =     (
        5003,
        5004,
        5002,
        5019,
        5058,
        2004
    );
    maxArrayCount = 2147483647;
    maxChildren = 2147483647;
    maxDepth = 2147483647;
    snapshotKeyHonorModalViews = 0;
    traverseFromParentsToChildren = 1;
}
2026-08-12 15:41:52.766 Df IlliniCover[28464:3d570c] [com.apple.dt.xctest:Default] Snapshot attributes 5003, 5004, 5002, 5019, 5058, 2004
2026-08-12 15:41:52.854 Df IlliniCover[28464:3d570c] [com.apple.dt.xctest:Default] Got snapshot for <AXUIElementRef 0x11f07d170> {pid=28464} {uid=[ID:1 hash:0x0]}
2026-08-12 15:41:52.854 Df IlliniCover[28464:3d570c] [com.apple.dt.xctest:Default] Got app orientation 0
2026-08-12 15:41:52.854 Df IlliniCover[28464:3d570c] [com.apple.dt.xctest:Default] Captured accessibility snapshot data in 0.09s
2026-08-12 15:41:52.854 Df IlliniCover[28464:3d74b7] [com.apple.dt.xctest:Default] Found main window: Window
2026-08-12 15:41:52.854 Df IlliniCover[28464:3d74b7] [com.apple.dt.xctest:Default] Preferring automation type 48 instead of legacy element type OTHER derived from class/trait: UILabel:UILabel 8590000128
2026-08-12 15:41:52.855 Df IlliniCover[28464:3d74b7] [com.apple.dt.xctest:Default] Preferring automation type 14 instead of legacy element type OTHER derived from class/trait: SwiftUI.AccessibilityNode:UIResponder 1108101562369
2026-08-12 15:41:52.855 E  IlliniCover[28464:3d74b7] [com.apple.dt.xctest:Default] Automation type mismatch; legacy system derived element type 9 from class SwiftUI.AccessibilityNode:UIResponder, traits 1108101562369, but AXAutomationType returned 14 which maps to 14
2026-08-12 15:41:52.855 Df IlliniCover[28464:3d74b7] [com.apple.dt.xctest:Default] StaticText is not actually a child of Button, including at this point anyway (rdar://problem/20738636)
2026-08-12 15:41:52.855 Df IlliniCover[28464:3d74b7] [com.apple.dt.xctest:Default] Image, identifier: 'chevron.down' is not actually a child of Button, including at this point anyway (rdar://problem/20738636)
2026-08-12 15:41:52.855 Df IlliniCover[28464:3d74b7] [com.apple.dt.xctest:Default] Button is not actually a child of Button, identifier: 'deal-timing-kind-picker', including at this point anyway (rdar://problem/20738636)
2026-08-12 15:41:52.855 Df IlliniCover[28464:3d74b7] [com.apple.dt.xctest:Default] Preferring automation type 14 instead of legacy element type OTHER derived from class/trait: SwiftUI.AccessibilityNode:UIResponder 1108101562369
2026-08-12 15:41:52.856 E  IlliniCover[28464:3d74b7] [com.apple.dt.xctest:Default] Automation type mismatch; legacy system derived element type 9 from class SwiftUI.AccessibilityNode:UIResponder, traits 1108101562369, but AXAutomationType returned 14 which maps to 14
2026-08-12 15:41:52.856 Df IlliniCover[28464:3d74b7] [com.apple.dt.xctest:Default] StaticText is not actually a child of Button, including at this point anyway (rdar://problem/20738636)
2026-08-12 15:41:52.856 Df IlliniCover[28464:3d74b7] [com.apple.dt.xctest:Default] Image, identifier: 'chevron.down' is not actually a child of Button, including at this point anyway (rdar://problem/20738636)
2026-08-12 15:41:52.856 Df IlliniCover[28464:3d74b7] [com.apple.dt.xctest:Default] Button is not actually a child of Button, identifier: 'deal-serving-picker', including at this point anyway (rdar://problem/20738636)
2026-08-12 15:41:52.856 Df IlliniCover[28464:3d74b7] [com.apple.dt.xctest:Default] App orientation is 0 (not portrait) and UITextEffectsWindow window Window is not main window
2026-08-12 15:41:52.856 Df IlliniCover[28464:3d74b7] [com.apple.dt.xctest:Default] Leaving frame unchanged for Window: either already correct or we can't detect it.
2026-08-12 15:41:52.856 Df IlliniCover[28464:3d74b7] [com.apple.dt.xctest:Default] App orientation is 0 (not portrait) and UIRemoteKeyboardWindow window Window is not main window
2026-08-12 15:41:52.856 Df IlliniCover[28464:3d74b7] [com.apple.dt.xctest:Default] Leaving frame unchanged for Window: either already correct or we can't detect it.
2026-08-12 15:41:52.856 Df IlliniCover[28464:3d74b7] [com.apple.dt.xctest:Default] Preferring automation type 20 instead of legacy element type OTHER derived from class/trait: UIAccessibilityElementKBKey:UIAccessibilityElement 8589934649
2026-08-12 15:41:52.856 E  IlliniCover[28464:3d74b7] [com.apple.dt.xctest:Default] Automation type mismatch; legacy system derived element type 9 from class UIAccessibilityElementKBKey:UIAccessibilityElement, traits 8589934649, but AXAutomationType returned 20 which maps to 20
2026-08-12 15:41:52.856 Df IlliniCover[28464:3d74b7] [com.apple.dt.xctest:Default] Preferring automation type 20 instead of legacy element type OTHER derived from class/trait: UIAccessibilityElementKBKey:UIAccessibilityElement 8589934641
2026-08-12 15:41:52.856 E  IlliniCover[28464:3d74b7] [com.apple.dt.xctest:Default] Automation type mismatch; legacy system derived element type 9 from class UIAccessibilityElementKBKey:UIAccessibilityElement, traits 8589934641, but AXAutomationType returned 20 which maps to 20
2026-08-12 15:41:52.856 Df IlliniCover[28464:3d74b7] [com.apple.dt.xctest:Default] Query  found matching snapshots: {(
    Application, pid: 28464
)} (error: (null))
2026-08-12 15:41:52.857 Df IlliniCover[28464:3d74b7] [com.apple.dt.xctest:Default] Replying to query  with results: <XCTElementQueryResults: 0x1221f3b70> (error: (null))
2026-08-12 15:41:53.027 Df IlliniCover[28464:3d74b7] [com.apple.dt.xctest:Default] Received request to fetch matches for query:
2026-08-12 15:41:53.027 Df IlliniCover[28464:3d74b7] [com.apple.dt.xctest:Default] Evaluating query:
2026-08-12 15:41:53.027 Df IlliniCover[28464:3d74b7] [com.apple.dt.xctest:Default] Getting root element snapshot
2026-08-12 15:41:53.027 Df IlliniCover[28464:3d74b7] [com.apple.dt.xctest:Default] Getting snapshot for App element pid: 28464 for query
2026-08-12 15:41:53.027 Df IlliniCover[28464:3d74b7] [com.apple.dt.xctest:Default] Query requires iOS snapshot attributes .
2026-08-12 15:41:53.027 Df IlliniCover[28464:3d74b7] [com.apple.dt.xctest:Default] XCTPerformOnMainRunLoop[not MT]: about to CFRunLoopPerform
2026-08-12 15:41:53.027 Df IlliniCover[28464:3d74b7] [com.apple.dt.xctest:Default] XCTPerformOnMainRunLoop[not MT]: waiting with 30.00s responsiveness timeout
2026-08-12 15:41:53.027 Df IlliniCover[28464:3d570c] [com.apple.dt.xctest:Default] XCTPerformOnMainRunLoop[MT]: inside CFRunLoopPerform
2026-08-12 15:41:53.027 Df IlliniCover[28464:3d570c] [com.apple.dt.xctest:Default] XCTPerformOnMainRunLoop[MT]: MT responded in time (won the race to the busy flag)
2026-08-12 15:41:53.027 Df IlliniCover[28464:3d74b7] [com.apple.dt.xctest:Default] XCTPerformOnMainRunLoop[not MT]: waiting 60.00s for work to complete
2026-08-12 15:41:53.027 Df IlliniCover[28464:3d570c] [com.apple.dt.xctest:Default] Got main window <AXUIElementRef 0x123b100f0> {pid=28464} {uid=[ID:4 hash:0x107a0c400]}
2026-08-12 15:41:53.027 Df IlliniCover[28464:3d570c] [com.apple.dt.xctest:Default] Capturing hierarchy with attributes XC_kAXXCAttributeElementType, XC_kAXXCAttributeElementBaseType, XC_kAXXCAttributeParent, XC_kAXXCAttributeIdentifier, XC_kAXXCAttributeAutomationType, XC_kAXXCAttributeTraits
2026-08-12 15:41:53.027 Df IlliniCover[28464:3d570c] [com.apple.dt.xctest:Default] Capturing hierarchy with parameters {
    attributes =     (
        5003,
        5004,
        5002,
        5019,
        5058,
        2004
    );
    maxArrayCount = 2147483647;
    maxChildren = 2147483647;
    maxDepth = 2147483647;
    snapshotKeyHonorModalViews = 0;
    traverseFromParentsToChildren = 1;
}
2026-08-12 15:41:53.027 Df IlliniCover[28464:3d570c] [com.apple.dt.xctest:Default] Snapshot attributes 5003, 5004, 5002, 5019, 5058, 2004
2026-08-12 15:41:53.116 Df IlliniCover[28464:3d570c] [com.apple.dt.xctest:Default] Got snapshot for <AXUIElementRef 0x123b66550> {pid=28464} {uid=[ID:1 hash:0x0]}
2026-08-12 15:41:53.116 Df IlliniCover[28464:3d570c] [com.apple.dt.xctest:Default] Got app orientation 0
2026-08-12 15:41:53.116 Df IlliniCover[28464:3d570c] [com.apple.dt.xctest:Default] Captured accessibility snapshot data in 0.09s
2026-08-12 15:41:53.116 Df IlliniCover[28464:3d74b7] [com.apple.dt.xctest:Default] Found main window: Window
2026-08-12 15:41:53.116 Df IlliniCover[28464:3d74b7] [com.apple.dt.xctest:Default] Preferring automation type 48 instead of legacy element type OTHER derived from class/trait: UILabel:UILabel 8590000128
2026-08-12 15:41:53.117 Df IlliniCover[28464:3d74b7] [com.apple.dt.xctest:Default] Preferring automation type 14 instead of legacy element type OTHER derived from class/trait: SwiftUI.AccessibilityNode:UIResponder 1108101562369
2026-08-12 15:41:53.117 E  IlliniCover[28464:3d74b7] [com.apple.dt.xctest:Default] Automation type mismatch; legacy system derived element type 9 from class SwiftUI.AccessibilityNode:UIResponder, traits 1108101562369, but AXAutomationType returned 14 which maps to 14
2026-08-12 15:41:53.117 Df IlliniCover[28464:3d74b7] [com.apple.dt.xctest:Default] StaticText is not actually a child of Button, including at this point anyway (rdar://problem/20738636)
2026-08-12 15:41:53.117 Df IlliniCover[28464:3d74b7] [com.apple.dt.xctest:Default] Image, identifier: 'chevron.down' is not actually a child of Button, including at this point anyway (rdar://problem/20738636)
2026-08-12 15:41:53.117 Df IlliniCover[28464:3d74b7] [com.apple.dt.xctest:Default] Button is not actually a child of Button, identifier: 'deal-timing-kind-picker', including at this point anyway (rdar://problem/20738636)
2026-08-12 15:41:53.117 Df IlliniCover[28464:3d74b7] [com.apple.dt.xctest:Default] Preferring automation type 14 instead of legacy element type OTHER derived from class/trait: SwiftUI.AccessibilityNode:UIResponder 1108101562369
2026-08-12 15:41:53.117 E  IlliniCover[28464:3d74b7] [com.apple.dt.xctest:Default] Automation type mismatch; legacy system derived element type 9 from class SwiftUI.AccessibilityNode:UIResponder, traits 1108101562369, but AXAutomationType returned 14 which maps to 14
2026-08-12 15:41:53.117 Df IlliniCover[28464:3d74b7] [com.apple.dt.xctest:Default] StaticText is not actually a child of Button, including at this point anyway (rdar://problem/20738636)
2026-08-12 15:41:53.117 Df IlliniCover[28464:3d74b7] [com.apple.dt.xctest:Default] Image, identifier: 'chevron.down' is not actually a child of Button, including at this point anyway (rdar://problem/20738636)
2026-08-12 15:41:53.117 Df IlliniCover[28464:3d74b7] [com.apple.dt.xctest:Default] Button is not actually a child of Button, identifier: 'deal-serving-picker', including at this point anyway (rdar://problem/20738636)
2026-08-12 15:41:53.118 Df IlliniCover[28464:3d74b7] [com.apple.dt.xctest:Default] App orientation is 0 (not portrait) and UITextEffectsWindow window Window is not main window
2026-08-12 15:41:53.118 Df IlliniCover[28464:3d74b7] [com.apple.dt.xctest:Default] Leaving frame unchanged for Window: either already correct or we can't detect it.
2026-08-12 15:41:53.118 Df IlliniCover[28464:3d74b7] [com.apple.dt.xctest:Default] App orientation is 0 (not portrait) and UIRemoteKeyboardWindow window Window is not main window
2026-08-12 15:41:53.118 Df IlliniCover[28464:3d74b7] [com.apple.dt.xctest:Default] Leaving frame unchanged for Window: either already correct or we can't detect it.
2026-08-12 15:41:53.118 Df IlliniCover[28464:3d74b7] [com.apple.dt.xctest:Default] Preferring automation type 20 instead of legacy element type OTHER derived from class/trait: UIAccessibilityElementKBKey:UIAccessibilityElement 8589934649
2026-08-12 15:41:53.118 E  IlliniCover[28464:3d74b7] [com.apple.dt.xctest:Default] Automation type mismatch; legacy system derived element type 9 from class UIAccessibilityElementKBKey:UIAccessibilityElement, traits 8589934649, but AXAutomationType returned 20 which maps to 20
2026-08-12 15:41:53.118 Df IlliniCover[28464:3d74b7] [com.apple.dt.xctest:Default] Preferring automation type 20 instead of legacy element type OTHER derived from class/trait: UIAccessibilityElementKBKey:UIAccessibilityElement 8589934641
2026-08-12 15:41:53.118 E  IlliniCover[28464:3d74b7] [com.apple.dt.xctest:Default] Automation type mismatch; legacy system derived element type 9 from class UIAccessibilityElementKBKey:UIAccessibilityElement, traits 8589934641, but AXAutomationType returned 20 which maps to 20
2026-08-12 15:41:53.118 Df IlliniCover[28464:3d74b7] [com.apple.dt.xctest:Default] Query  found matching snapshots: {(
    Application, pid: 28464
)} (error: (null))
2026-08-12 15:41:53.118 Df IlliniCover[28464:3d74b7] [com.apple.dt.xctest:Default] Replying to query  with results: <XCTElementQueryResults: 0x1221f0780> (error: (null))
2026-08-12 15:41:53.290 Df IlliniCover[28464:3d74b7] [com.apple.dt.xctest:Default] Received request to fetch matches for query:
2026-08-12 15:41:53.290 Df IlliniCover[28464:3d74b7] [com.apple.dt.xctest:Default] Evaluating query:
2026-08-12 15:41:53.290 Df IlliniCover[28464:3d74b7] [com.apple.dt.xctest:Default] Getting root element snapshot
2026-08-12 15:41:53.290 Df IlliniCover[28464:3d74b7] [com.apple.dt.xctest:Default] Getting snapshot for App element pid: 28464 for query
2026-08-12 15:41:53.290 Df IlliniCover[28464:3d74b7] [com.apple.dt.xctest:Default] Query requires iOS snapshot attributes .
2026-08-12 15:41:53.290 Df IlliniCover[28464:3d74b7] [com.apple.dt.xctest:Default] XCTPerformOnMainRunLoop[not MT]: about to CFRunLoopPerform
2026-08-12 15:41:53.290 Df IlliniCover[28464:3d74b7] [com.apple.dt.xctest:Default] XCTPerformOnMainRunLoop[not MT]: waiting with 30.00s responsiveness timeout
2026-08-12 15:41:53.290 Df IlliniCover[28464:3d570c] [com.apple.dt.xctest:Default] XCTPerformOnMainRunLoop[MT]: inside CFRunLoopPerform
2026-08-12 15:41:53.290 Df IlliniCover[28464:3d570c] [com.apple.dt.xctest:Default] XCTPerformOnMainRunLoop[MT]: MT responded in time (won the race to the busy flag)
2026-08-12 15:41:53.290 Df IlliniCover[28464:3d74b7] [com.apple.dt.xctest:Default] XCTPerformOnMainRunLoop[not MT]: waiting 60.00s for work to complete
2026-08-12 15:41:53.291 Df IlliniCover[28464:3d570c] [com.apple.dt.xctest:Default] Got main window <AXUIElementRef 0x123b0c0f0> {pid=28464} {uid=[ID:4 hash:0x107a0c400]}
2026-08-12 15:41:53.291 Df IlliniCover[28464:3d570c] [com.apple.dt.xctest:Default] Capturing hierarchy with attributes XC_kAXXCAttributeElementType, XC_kAXXCAttributeElementBaseType, XC_kAXXCAttributeParent, XC_kAXXCAttributeIdentifier, XC_kAXXCAttributeAutomationType, XC_kAXXCAttributeTraits
2026-08-12 15:41:53.291 Df IlliniCover[28464:3d570c] [com.apple.dt.xctest:Default] Capturing hierarchy with parameters {
    attributes =     (
        5003,
        5004,
        5002,
        5019,
        5058,
        2004
    );
    maxArrayCount = 2147483647;
    maxChildren = 2147483647;
    maxDepth = 2147483647;
    snapshotKeyHonorModalViews = 0;
    traverseFromParentsToChildren = 1;
}
2026-08-12 15:41:53.291 Df IlliniCover[28464:3d570c] [com.apple.dt.xctest:Default] Snapshot attributes 5003, 5004, 5002, 5019, 5058, 2004
2026-08-12 15:41:53.389 Df IlliniCover[28464:3d570c] [com.apple.dt.xctest:Default] Got snapshot for <AXUIElementRef 0x11eafd350> {pid=28464} {uid=[ID:1 hash:0x0]}
2026-08-12 15:41:53.389 Df IlliniCover[28464:3d570c] [com.apple.dt.xctest:Default] Got app orientation 0
2026-08-12 15:41:53.389 Df IlliniCover[28464:3d570c] [com.apple.dt.xctest:Default] Captured accessibility snapshot data in 0.10s
2026-08-12 15:41:53.389 Df IlliniCover[28464:3d74b7] [com.apple.dt.xctest:Default] Found main window: Window
2026-08-12 15:41:53.390 Df IlliniCover[28464:3d74b7] [com.apple.dt.xctest:Default] Preferring automation type 48 instead of legacy element type OTHER derived from class/trait: UILabel:UILabel 8590000128
2026-08-12 15:41:53.391 Df IlliniCover[28464:3d74b7] [com.apple.dt.xctest:Default] Preferring automation type 14 instead of legacy element type OTHER derived from class/trait: SwiftUI.AccessibilityNode:UIResponder 1108101562369
2026-08-12 15:41:53.391 E  IlliniCover[28464:3d74b7] [com.apple.dt.xctest:Default] Automation type mismatch; legacy system derived element type 9 from class SwiftUI.AccessibilityNode:UIResponder, traits 1108101562369, but AXAutomationType returned 14 which maps to 14
2026-08-12 15:41:53.391 Df IlliniCover[28464:3d74b7] [com.apple.dt.xctest:Default] StaticText is not actually a child of Button, including at this point anyway (rdar://problem/20738636)
2026-08-12 15:41:53.391 Df IlliniCover[28464:3d74b7] [com.apple.dt.xctest:Default] Image, identifier: 'chevron.down' is not actually a child of Button, including at this point anyway (rdar://problem/20738636)
2026-08-12 15:41:53.391 Df IlliniCover[28464:3d74b7] [com.apple.dt.xctest:Default] Button is not actually a child of Button, identifier: 'deal-timing-kind-picker', including at this point anyway (rdar://problem/20738636)
2026-08-12 15:41:53.391 Df IlliniCover[28464:3d74b7] [com.apple.dt.xctest:Default] Preferring automation type 14 instead of legacy element type OTHER derived from class/trait: SwiftUI.AccessibilityNode:UIResponder 1108101562369
2026-08-12 15:41:53.391 E  IlliniCover[28464:3d74b7] [com.apple.dt.xctest:Default] Automation type mismatch; legacy system derived element type 9 from class SwiftUI.AccessibilityNode:UIResponder, traits 1108101562369, but AXAutomationType returned 14 which maps to 14
2026-08-12 15:41:53.391 Df IlliniCover[28464:3d74b7] [com.apple.dt.xctest:Default] StaticText is not actually a child of Button, including at this point anyway (rdar://problem/20738636)
2026-08-12 15:41:53.391 Df IlliniCover[28464:3d74b7] [com.apple.dt.xctest:Default] Image, identifier: 'chevron.down' is not actually a child of Button, including at this point anyway (rdar://problem/20738636)
2026-08-12 15:41:53.391 Df IlliniCover[28464:3d74b7] [com.apple.dt.xctest:Default] Button is not actually a child of Button, identifier: 'deal-serving-picker', including at this point anyway (rdar://problem/20738636)
2026-08-12 15:41:53.392 Df IlliniCover[28464:3d74b7] [com.apple.dt.xctest:Default] App orientation is 0 (not portrait) and UITextEffectsWindow window Window is not main window
2026-08-12 15:41:53.392 Df IlliniCover[28464:3d74b7] [com.apple.dt.xctest:Default] Leaving frame unchanged for Window: either already correct or we can't detect it.
2026-08-12 15:41:53.392 Df IlliniCover[28464:3d74b7] [com.apple.dt.xctest:Default] App orientation is 0 (not portrait) and UIRemoteKeyboardWindow window Window is not main window
2026-08-12 15:41:53.392 Df IlliniCover[28464:3d74b7] [com.apple.dt.xctest:Default] Leaving frame unchanged for Window: either already correct or we can't detect it.
2026-08-12 15:41:53.392 Df IlliniCover[28464:3d74b7] [com.apple.dt.xctest:Default] Preferring automation type 20 instead of legacy element type OTHER derived from class/trait: UIAccessibilityElementKBKey:UIAccessibilityElement 8589934649
2026-08-12 15:41:53.392 E  IlliniCover[28464:3d74b7] [com.apple.dt.xctest:Default] Automation type mismatch; legacy system derived element type 9 from class UIAccessibilityElementKBKey:UIAccessibilityElement, traits 8589934649, but AXAutomationType returned 20 which maps to 20
2026-08-12 15:41:53.392 Df IlliniCover[28464:3d74b7] [com.apple.dt.xctest:Default] Preferring automation type 20 instead of legacy element type OTHER derived from class/trait: UIAccessibilityElementKBKey:UIAccessibilityElement 8589934641
2026-08-12 15:41:53.392 E  IlliniCover[28464:3d74b7] [com.apple.dt.xctest:Default] Automation type mismatch; legacy system derived element type 9 from class UIAccessibilityElementKBKey:UIAccessibilityElement, traits 8589934641, but AXAutomationType returned 20 which maps to 20
2026-08-12 15:41:53.393 Df IlliniCover[28464:3d74b7] [com.apple.dt.xctest:Default] Query  found matching snapshots: {(
    Application, pid: 28464
)} (error: (null))
2026-08-12 15:41:53.393 Df IlliniCover[28464:3d74b7] [com.apple.dt.xctest:Default] Replying to query  with results: <XCTElementQueryResults: 0x1221f2790> (error: (null))
2026-08-12 15:41:53.569 Df IlliniCover[28464:3d74b7] [com.apple.dt.xctest:Default] Received request to fetch matches for query:
2026-08-12 15:41:53.569 Df IlliniCover[28464:3d674f] [com.apple.dt.xctest:Default] Evaluating query:
2026-08-12 15:41:53.569 Df IlliniCover[28464:3d674f] [com.apple.dt.xctest:Default] Getting root element snapshot
2026-08-12 15:41:53.569 Df IlliniCover[28464:3d674f] [com.apple.dt.xctest:Default] Getting snapshot for App element pid: 28464 for query
2026-08-12 15:41:53.569 Df IlliniCover[28464:3d674f] [com.apple.dt.xctest:Default] Query requires iOS snapshot attributes .
2026-08-12 15:41:53.569 Df IlliniCover[28464:3d674f] [com.apple.dt.xctest:Default] XCTPerformOnMainRunLoop[not MT]: about to CFRunLoopPerform
2026-08-12 15:41:53.569 Df IlliniCover[28464:3d674f] [com.apple.dt.xctest:Default] XCTPerformOnMainRunLoop[not MT]: waiting with 30.00s responsiveness timeout
2026-08-12 15:41:53.569 Df IlliniCover[28464:3d570c] [com.apple.dt.xctest:Default] XCTPerformOnMainRunLoop[MT]: inside CFRunLoopPerform
2026-08-12 15:41:53.569 Df IlliniCover[28464:3d570c] [com.apple.dt.xctest:Default] XCTPerformOnMainRunLoop[MT]: MT responded in time (won the race to the busy flag)
2026-08-12 15:41:53.569 Df IlliniCover[28464:3d674f] [com.apple.dt.xctest:Default] XCTPerformOnMainRunLoop[not MT]: waiting 60.00s for work to complete
2026-08-12 15:41:53.570 Df IlliniCover[28464:3d570c] [com.apple.dt.xctest:Default] Got main window <AXUIElementRef 0x125ef00f0> {pid=28464} {uid=[ID:4 hash:0x107a0c400]}
2026-08-12 15:41:53.570 Df IlliniCover[28464:3d570c] [com.apple.dt.xctest:Default] Capturing hierarchy with attributes XC_kAXXCAttributeElementType, XC_kAXXCAttributeElementBaseType, XC_kAXXCAttributeParent, XC_kAXXCAttributeIdentifier, XC_kAXXCAttributeAutomationType, XC_kAXXCAttributeTraits
2026-08-12 15:41:53.570 Df IlliniCover[28464:3d570c] [com.apple.dt.xctest:Default] Capturing hierarchy with parameters {
    attributes =     (
        5003,
        5004,
        5002,
        5019,
        5058,
        2004
    );
    maxArrayCount = 2147483647;
    maxChildren = 2147483647;
    maxDepth = 2147483647;
    snapshotKeyHonorModalViews = 0;
    traverseFromParentsToChildren = 1;
}
2026-08-12 15:41:53.570 Df IlliniCover[28464:3d570c] [com.apple.dt.xctest:Default] Snapshot attributes 5003, 5004, 5002, 5019, 5058, 2004
2026-08-12 15:41:53.658 Df IlliniCover[28464:3d570c] [com.apple.dt.xctest:Default] Got snapshot for <AXUIElementRef 0x11eb822e0> {pid=28464} {uid=[ID:1 hash:0x0]}
2026-08-12 15:41:53.659 Df IlliniCover[28464:3d570c] [com.apple.dt.xctest:Default] Got app orientation 0
2026-08-12 15:41:53.659 Df IlliniCover[28464:3d570c] [com.apple.dt.xctest:Default] Captured accessibility snapshot data in 0.09s
2026-08-12 15:41:53.659 Df IlliniCover[28464:3d674f] [com.apple.dt.xctest:Default] Found main window: Window
2026-08-12 15:41:53.659 Df IlliniCover[28464:3d674f] [com.apple.dt.xctest:Default] Preferring automation type 48 instead of legacy element type OTHER derived from class/trait: UILabel:UILabel 8590000128
2026-08-12 15:41:53.660 Df IlliniCover[28464:3d674f] [com.apple.dt.xctest:Default] Preferring automation type 14 instead of legacy element type OTHER derived from class/trait: SwiftUI.AccessibilityNode:UIResponder 1108101562369
2026-08-12 15:41:53.660 E  IlliniCover[28464:3d674f] [com.apple.dt.xctest:Default] Automation type mismatch; legacy system derived element type 9 from class SwiftUI.AccessibilityNode:UIResponder, traits 1108101562369, but AXAutomationType returned 14 which maps to 14
2026-08-12 15:41:53.660 Df IlliniCover[28464:3d674f] [com.apple.dt.xctest:Default] StaticText is not actually a child of Button, including at this point anyway (rdar://problem/20738636)
2026-08-12 15:41:53.660 Df IlliniCover[28464:3d674f] [com.apple.dt.xctest:Default] Image, identifier: 'chevron.down' is not actually a child of Button, including at this point anyway (rdar://problem/20738636)
2026-08-12 15:41:53.660 Df IlliniCover[28464:3d674f] [com.apple.dt.xctest:Default] Button is not actually a child of Button, identifier: 'deal-timing-kind-picker', including at this point anyway (rdar://problem/20738636)
2026-08-12 15:41:53.660 Df IlliniCover[28464:3d674f] [com.apple.dt.xctest:Default] Preferring automation type 14 instead of legacy element type OTHER derived from class/trait: SwiftUI.AccessibilityNode:UIResponder 1108101562369
2026-08-12 15:41:53.660 E  IlliniCover[28464:3d674f] [com.apple.dt.xctest:Default] Automation type mismatch; legacy system derived element type 9 from class SwiftUI.AccessibilityNode:UIResponder, traits 1108101562369, but AXAutomationType returned 14 which maps to 14
2026-08-12 15:41:53.660 Df IlliniCover[28464:3d674f] [com.apple.dt.xctest:Default] StaticText is not actually a child of Button, including at this point anyway (rdar://problem/20738636)
2026-08-12 15:41:53.660 Df IlliniCover[28464:3d674f] [com.apple.dt.xctest:Default] Image, identifier: 'chevron.down' is not actually a child of Button, including at this point anyway (rdar://problem/20738636)
2026-08-12 15:41:53.660 Df IlliniCover[28464:3d674f] [com.apple.dt.xctest:Default] Button is not actually a child of Button, identifier: 'deal-serving-picker', including at this point anyway (rdar://problem/20738636)
2026-08-12 15:41:53.660 Df IlliniCover[28464:3d674f] [com.apple.dt.xctest:Default] App orientation is 0 (not portrait) and UITextEffectsWindow window Window is not main window
2026-08-12 15:41:53.660 Df IlliniCover[28464:3d674f] [com.apple.dt.xctest:Default] Leaving frame unchanged for Window: either already correct or we can't detect it.
2026-08-12 15:41:53.660 Df IlliniCover[28464:3d674f] [com.apple.dt.xctest:Default] App orientation is 0 (not portrait) and UIRemoteKeyboardWindow window Window is not main window
2026-08-12 15:41:53.660 Df IlliniCover[28464:3d674f] [com.apple.dt.xctest:Default] Leaving frame unchanged for Window: either already correct or we can't detect it.
2026-08-12 15:41:53.661 Df IlliniCover[28464:3d674f] [com.apple.dt.xctest:Default] Preferring automation type 20 instead of legacy element type OTHER derived from class/trait: UIAccessibilityElementKBKey:UIAccessibilityElement 8589934649
2026-08-12 15:41:53.661 E  IlliniCover[28464:3d674f] [com.apple.dt.xctest:Default] Automation type mismatch; legacy system derived element type 9 from class UIAccessibilityElementKBKey:UIAccessibilityElement, traits 8589934649, but AXAutomationType returned 20 which maps to 20
2026-08-12 15:41:53.661 Df IlliniCover[28464:3d674f] [com.apple.dt.xctest:Default] Preferring automation type 20 instead of legacy element type OTHER derived from class/trait: UIAccessibilityElementKBKey:UIAccessibilityElement 8589934641
2026-08-12 15:41:53.661 E  IlliniCover[28464:3d674f] [com.apple.dt.xctest:Default] Automation type mismatch; legacy system derived element type 9 from class UIAccessibilityElementKBKey:UIAccessibilityElement, traits 8589934641, but AXAutomationType returned 20 which maps to 20
2026-08-12 15:41:53.661 Df IlliniCover[28464:3d674f] [com.apple.dt.xctest:Default] Query  found matching snapshots: {(
    Application, pid: 28464
)} (error: (null))
2026-08-12 15:41:53.661 Df IlliniCover[28464:3d674f] [com.apple.dt.xctest:Default] Replying to query  with results: <XCTElementQueryResults: 0x1221f3f60> (error: (null))
2026-08-12 15:41:53.829 Df IlliniCover[28464:3d674f] [com.apple.dt.xctest:Default] Received request to fetch matches for query:
2026-08-12 15:41:53.829 Df IlliniCover[28464:3d674f] [com.apple.dt.xctest:Default] Evaluating query:
2026-08-12 15:41:53.829 Df IlliniCover[28464:3d674f] [com.apple.dt.xctest:Default] Getting root element snapshot
2026-08-12 15:41:53.829 Df IlliniCover[28464:3d674f] [com.apple.dt.xctest:Default] Getting snapshot for App element pid: 28464 for query
2026-08-12 15:41:53.830 Df IlliniCover[28464:3d674f] [com.apple.dt.xctest:Default] Query requires iOS snapshot attributes .
2026-08-12 15:41:53.830 Df IlliniCover[28464:3d674f] [com.apple.dt.xctest:Default] XCTPerformOnMainRunLoop[not MT]: about to CFRunLoopPerform
2026-08-12 15:41:53.830 Df IlliniCover[28464:3d674f] [com.apple.dt.xctest:Default] XCTPerformOnMainRunLoop[not MT]: waiting with 30.00s responsiveness timeout
2026-08-12 15:41:53.830 Df IlliniCover[28464:3d570c] [com.apple.dt.xctest:Default] XCTPerformOnMainRunLoop[MT]: inside CFRunLoopPerform
2026-08-12 15:41:53.830 Df IlliniCover[28464:3d570c] [com.apple.dt.xctest:Default] XCTPerformOnMainRunLoop[MT]: MT responded in time (won the race to the busy flag)
2026-08-12 15:41:53.830 Df IlliniCover[28464:3d674f] [com.apple.dt.xctest:Default] XCTPerformOnMainRunLoop[not MT]: waiting 60.00s for work to complete
2026-08-12 15:41:53.830 Df IlliniCover[28464:3d570c] [com.apple.dt.xctest:Default] Got main window <AXUIElementRef 0x123b3c0f0> {pid=28464} {uid=[ID:4 hash:0x107a0c400]}
2026-08-12 15:41:53.830 Df IlliniCover[28464:3d570c] [com.apple.dt.xctest:Default] Capturing hierarchy with attributes XC_kAXXCAttributeElementType, XC_kAXXCAttributeElementBaseType, XC_kAXXCAttributeParent, XC_kAXXCAttributeIdentifier, XC_kAXXCAttributeAutomationType, XC_kAXXCAttributeTraits
2026-08-12 15:41:53.830 Df IlliniCover[28464:3d570c] [com.apple.dt.xctest:Default] Capturing hierarchy with parameters {
    attributes =     (
        5003,
        5004,
        5002,
        5019,
        5058,
        2004
    );
    maxArrayCount = 2147483647;
    maxChildren = 2147483647;
    maxDepth = 2147483647;
    snapshotKeyHonorModalViews = 0;
    traverseFromParentsToChildren = 1;
}
2026-08-12 15:41:53.830 Df IlliniCover[28464:3d570c] [com.apple.dt.xctest:Default] Snapshot attributes 5003, 5004, 5002, 5019, 5058, 2004
2026-08-12 15:41:53.919 Df IlliniCover[28464:3d570c] [com.apple.dt.xctest:Default] Got snapshot for <AXUIElementRef 0x122ab48d0> {pid=28464} {uid=[ID:1 hash:0x0]}
2026-08-12 15:41:53.919 Df IlliniCover[28464:3d570c] [com.apple.dt.xctest:Default] Got app orientation 0
2026-08-12 15:41:53.919 Df IlliniCover[28464:3d570c] [com.apple.dt.xctest:Default] Captured accessibility snapshot data in 0.09s
2026-08-12 15:41:53.919 Df IlliniCover[28464:3d674f] [com.apple.dt.xctest:Default] Found main window: Window
2026-08-12 15:41:53.919 Df IlliniCover[28464:3d674f] [com.apple.dt.xctest:Default] Preferring automation type 48 instead of legacy element type OTHER derived from class/trait: UILabel:UILabel 8590000128
2026-08-12 15:41:53.920 Df IlliniCover[28464:3d674f] [com.apple.dt.xctest:Default] Preferring automation type 14 instead of legacy element type OTHER derived from class/trait: SwiftUI.AccessibilityNode:UIResponder 1108101562369
2026-08-12 15:41:53.920 E  IlliniCover[28464:3d674f] [com.apple.dt.xctest:Default] Automation type mismatch; legacy system derived element type 9 from class SwiftUI.AccessibilityNode:UIResponder, traits 1108101562369, but AXAutomationType returned 14 which maps to 14
2026-08-12 15:41:53.920 Df IlliniCover[28464:3d674f] [com.apple.dt.xctest:Default] StaticText is not actually a child of Button, including at this point anyway (rdar://problem/20738636)
2026-08-12 15:41:53.920 Df IlliniCover[28464:3d674f] [com.apple.dt.xctest:Default] Image, identifier: 'chevron.down' is not actually a child of Button, including at this point anyway (rdar://problem/20738636)
2026-08-12 15:41:53.920 Df IlliniCover[28464:3d674f] [com.apple.dt.xctest:Default] Button is not actually a child of Button, identifier: 'deal-timing-kind-picker', including at this point anyway (rdar://problem/20738636)
2026-08-12 15:41:53.920 Df IlliniCover[28464:3d674f] [com.apple.dt.xctest:Default] Preferring automation type 14 instead of legacy element type OTHER derived from class/trait: SwiftUI.AccessibilityNode:UIResponder 1108101562369
2026-08-12 15:41:53.920 E  IlliniCover[28464:3d674f] [com.apple.dt.xctest:Default] Automation type mismatch; legacy system derived element type 9 from class SwiftUI.AccessibilityNode:UIResponder, traits 1108101562369, but AXAutomationType returned 14 which maps to 14
2026-08-12 15:41:53.920 Df IlliniCover[28464:3d674f] [com.apple.dt.xctest:Default] StaticText is not actually a child of Button, including at this point anyway (rdar://problem/20738636)
2026-08-12 15:41:53.920 Df IlliniCover[28464:3d674f] [com.apple.dt.xctest:Default] Image, identifier: 'chevron.down' is not actually a child of Button, including at this point anyway (rdar://problem/20738636)
2026-08-12 15:41:53.920 Df IlliniCover[28464:3d674f] [com.apple.dt.xctest:Default] Button is not actually a child of Button, identifier: 'deal-serving-picker', including at this point anyway (rdar://problem/20738636)
2026-08-12 15:41:53.921 Df IlliniCover[28464:3d674f] [com.apple.dt.xctest:Default] App orientation is 0 (not portrait) and UITextEffectsWindow window Window is not main window
2026-08-12 15:41:53.921 Df IlliniCover[28464:3d674f] [com.apple.dt.xctest:Default] Leaving frame unchanged for Window: either already correct or we can't detect it.
2026-08-12 15:41:53.921 Df IlliniCover[28464:3d674f] [com.apple.dt.xctest:Default] App orientation is 0 (not portrait) and UIRemoteKeyboardWindow window Window is not main window
2026-08-12 15:41:53.921 Df IlliniCover[28464:3d674f] [com.apple.dt.xctest:Default] Leaving frame unchanged for Window: either already correct or we can't detect it.
2026-08-12 15:41:53.921 Df IlliniCover[28464:3d674f] [com.apple.dt.xctest:Default] Preferring automation type 20 instead of legacy element type OTHER derived from class/trait: UIAccessibilityElementKBKey:UIAccessibilityElement 8589934649
2026-08-12 15:41:53.921 E  IlliniCover[28464:3d674f] [com.apple.dt.xctest:Default] Automation type mismatch; legacy system derived element type 9 from class UIAccessibilityElementKBKey:UIAccessibilityElement, traits 8589934649, but AXAutomationType returned 20 which maps to 20
2026-08-12 15:41:53.921 Df IlliniCover[28464:3d674f] [com.apple.dt.xctest:Default] Preferring automation type 20 instead of legacy element type OTHER derived from class/trait: UIAccessibilityElementKBKey:UIAccessibilityElement 8589934641
2026-08-12 15:41:53.921 E  IlliniCover[28464:3d674f] [com.apple.dt.xctest:Default] Automation type mismatch; legacy system derived element type 9 from class UIAccessibilityElementKBKey:UIAccessibilityElement, traits 8589934641, but AXAutomationType returned 20 which maps to 20
2026-08-12 15:41:53.921 Df IlliniCover[28464:3d674f] [com.apple.dt.xctest:Default] Query  found matching snapshots: {(
    Application, pid: 28464
)} (error: (null))
2026-08-12 15:41:53.921 Df IlliniCover[28464:3d674f] [com.apple.dt.xctest:Default] Replying to query  with results: <XCTElementQueryResults: 0x1221f19b0> (error: (null))
2026-08-12 15:41:54.087 Df IlliniCover[28464:3d674f] [com.apple.dt.xctest:Default] Received request to fetch matches for query:
2026-08-12 15:41:54.087 Df IlliniCover[28464:3d74b7] [com.apple.dt.xctest:Default] Evaluating query:
2026-08-12 15:41:54.087 Df IlliniCover[28464:3d74b7] [com.apple.dt.xctest:Default] Getting root element snapshot
2026-08-12 15:41:54.087 Df IlliniCover[28464:3d74b7] [com.apple.dt.xctest:Default] Getting snapshot for App element pid: 28464 for query
2026-08-12 15:41:54.087 Df IlliniCover[28464:3d74b7] [com.apple.dt.xctest:Default] Query requires iOS snapshot attributes .
2026-08-12 15:41:54.087 Df IlliniCover[28464:3d74b7] [com.apple.dt.xctest:Default] XCTPerformOnMainRunLoop[not MT]: about to CFRunLoopPerform
2026-08-12 15:41:54.087 Df IlliniCover[28464:3d74b7] [com.apple.dt.xctest:Default] XCTPerformOnMainRunLoop[not MT]: waiting with 30.00s responsiveness timeout
2026-08-12 15:41:54.087 Df IlliniCover[28464:3d570c] [com.apple.dt.xctest:Default] XCTPerformOnMainRunLoop[MT]: inside CFRunLoopPerform
2026-08-12 15:41:54.087 Df IlliniCover[28464:3d570c] [com.apple.dt.xctest:Default] XCTPerformOnMainRunLoop[MT]: MT responded in time (won the race to the busy flag)
2026-08-12 15:41:54.087 Df IlliniCover[28464:3d74b7] [com.apple.dt.xctest:Default] XCTPerformOnMainRunLoop[not MT]: waiting 60.00s for work to complete
2026-08-12 15:41:54.088 Df IlliniCover[28464:3d570c] [com.apple.dt.xctest:Default] Got main window <AXUIElementRef 0x125eec0f0> {pid=28464} {uid=[ID:4 hash:0x107a0c400]}
2026-08-12 15:41:54.088 Df IlliniCover[28464:3d570c] [com.apple.dt.xctest:Default] Capturing hierarchy with attributes XC_kAXXCAttributeElementType, XC_kAXXCAttributeElementBaseType, XC_kAXXCAttributeParent, XC_kAXXCAttributeIdentifier, XC_kAXXCAttributeAutomationType, XC_kAXXCAttributeTraits
2026-08-12 15:41:54.088 Df IlliniCover[28464:3d570c] [com.apple.dt.xctest:Default] Capturing hierarchy with parameters {
    attributes =     (
        5003,
        5004,
        5002,
        5019,
        5058,
        2004
    );
    maxArrayCount = 2147483647;
    maxChildren = 2147483647;
    maxDepth = 2147483647;
    snapshotKeyHonorModalViews = 0;
    traverseFromParentsToChildren = 1;
}
2026-08-12 15:41:54.088 Df IlliniCover[28464:3d570c] [com.apple.dt.xctest:Default] Snapshot attributes 5003, 5004, 5002, 5019, 5058, 2004
2026-08-12 15:41:54.176 Df IlliniCover[28464:3d570c] [com.apple.dt.xctest:Default] Got snapshot for <AXUIElementRef 0x11ea766a0> {pid=28464} {uid=[ID:1 hash:0x0]}
2026-08-12 15:41:54.176 Df IlliniCover[28464:3d570c] [com.apple.dt.xctest:Default] Got app orientation 0
2026-08-12 15:41:54.176 Df IlliniCover[28464:3d570c] [com.apple.dt.xctest:Default] Captured accessibility snapshot data in 0.09s
2026-08-12 15:41:54.176 Df IlliniCover[28464:3d74b7] [com.apple.dt.xctest:Default] Found main window: Window
2026-08-12 15:41:54.176 Df IlliniCover[28464:3d74b7] [com.apple.dt.xctest:Default] Preferring automation type 48 instead of legacy element type OTHER derived from class/trait: UILabel:UILabel 8590000128
2026-08-12 15:41:54.177 Df IlliniCover[28464:3d74b7] [com.apple.dt.xctest:Default] Preferring automation type 14 instead of legacy element type OTHER derived from class/trait: SwiftUI.AccessibilityNode:UIResponder 1108101562369
2026-08-12 15:41:54.177 E  IlliniCover[28464:3d74b7] [com.apple.dt.xctest:Default] Automation type mismatch; legacy system derived element type 9 from class SwiftUI.AccessibilityNode:UIResponder, traits 1108101562369, but AXAutomationType returned 14 which maps to 14
2026-08-12 15:41:54.177 Df IlliniCover[28464:3d74b7] [com.apple.dt.xctest:Default] StaticText is not actually a child of Button, including at this point anyway (rdar://problem/20738636)
2026-08-12 15:41:54.177 Df IlliniCover[28464:3d74b7] [com.apple.dt.xctest:Default] Image, identifier: 'chevron.down' is not actually a child of Button, including at this point anyway (rdar://problem/20738636)
2026-08-12 15:41:54.177 Df IlliniCover[28464:3d74b7] [com.apple.dt.xctest:Default] Button is not actually a child of Button, identifier: 'deal-timing-kind-picker', including at this point anyway (rdar://problem/20738636)
2026-08-12 15:41:54.177 Df IlliniCover[28464:3d74b7] [com.apple.dt.xctest:Default] Preferring automation type 14 instead of legacy element type OTHER derived from class/trait: SwiftUI.AccessibilityNode:UIResponder 1108101562369
2026-08-12 15:41:54.177 E  IlliniCover[28464:3d74b7] [com.apple.dt.xctest:Default] Automation type mismatch; legacy system derived element type 9 from class SwiftUI.AccessibilityNode:UIResponder, traits 1108101562369, but AXAutomationType returned 14 which maps to 14
2026-08-12 15:41:54.177 Df IlliniCover[28464:3d74b7] [com.apple.dt.xctest:Default] StaticText is not actually a child of Button, including at this point anyway (rdar://problem/20738636)
2026-08-12 15:41:54.177 Df IlliniCover[28464:3d74b7] [com.apple.dt.xctest:Default] Image, identifier: 'chevron.down' is not actually a child of Button, including at this point anyway (rdar://problem/20738636)
2026-08-12 15:41:54.177 Df IlliniCover[28464:3d74b7] [com.apple.dt.xctest:Default] Button is not actually a child of Button, identifier: 'deal-serving-picker', including at this point anyway (rdar://problem/20738636)
2026-08-12 15:41:54.178 Df IlliniCover[28464:3d74b7] [com.apple.dt.xctest:Default] App orientation is 0 (not portrait) and UITextEffectsWindow window Window is not main window
2026-08-12 15:41:54.178 Df IlliniCover[28464:3d74b7] [com.apple.dt.xctest:Default] Leaving frame unchanged for Window: either already correct or we can't detect it.
2026-08-12 15:41:54.178 Df IlliniCover[28464:3d74b7] [com.apple.dt.xctest:Default] App orientation is 0 (not portrait) and UIRemoteKeyboardWindow window Window is not main window
2026-08-12 15:41:54.178 Df IlliniCover[28464:3d74b7] [com.apple.dt.xctest:Default] Leaving frame unchanged for Window: either already correct or we can't detect it.
2026-08-12 15:41:54.178 Df IlliniCover[28464:3d74b7] [com.apple.dt.xctest:Default] Preferring automation type 20 instead of legacy element type OTHER derived from class/trait: UIAccessibilityElementKBKey:UIAccessibilityElement 8589934649
2026-08-12 15:41:54.178 E  IlliniCover[28464:3d74b7] [com.apple.dt.xctest:Default] Automation type mismatch; legacy system derived element type 9 from class UIAccessibilityElementKBKey:UIAccessibilityElement, traits 8589934649, but AXAutomationType returned 20 which maps to 20
2026-08-12 15:41:54.178 Df IlliniCover[28464:3d74b7] [com.apple.dt.xctest:Default] Preferring automation type 20 instead of legacy element type OTHER derived from class/trait: UIAccessibilityElementKBKey:UIAccessibilityElement 8589934641
2026-08-12 15:41:54.178 E  IlliniCover[28464:3d74b7] [com.apple.dt.xctest:Default] Automation type mismatch; legacy system derived element type 9 from class UIAccessibilityElementKBKey:UIAccessibilityElement, traits 8589934641, but AXAutomationType returned 20 which maps to 20
2026-08-12 15:41:54.178 Df IlliniCover[28464:3d74b7] [com.apple.dt.xctest:Default] Query  found matching snapshots: {(
    Application, pid: 28464
)} (error: (null))
2026-08-12 15:41:54.178 Df IlliniCover[28464:3d74b7] [com.apple.dt.xctest:Default] Replying to query  with results: <XCTElementQueryResults: 0x1221f3b70> (error: (null))
2026-08-12 15:41:54.346 Df IlliniCover[28464:3d74b7] [com.apple.dt.xctest:Default] Received request to fetch matches for query:
2026-08-12 15:41:54.346 Df IlliniCover[28464:3d74b7] [com.apple.dt.xctest:Default] Evaluating query:
2026-08-12 15:41:54.346 Df IlliniCover[28464:3d74b7] [com.apple.dt.xctest:Default] Getting root element snapshot
2026-08-12 15:41:54.346 Df IlliniCover[28464:3d74b7] [com.apple.dt.xctest:Default] Getting snapshot for App element pid: 28464 for query
2026-08-12 15:41:54.346 Df IlliniCover[28464:3d74b7] [com.apple.dt.xctest:Default] Query requires iOS snapshot attributes .
2026-08-12 15:41:54.346 Df IlliniCover[28464:3d74b7] [com.apple.dt.xctest:Default] XCTPerformOnMainRunLoop[not MT]: about to CFRunLoopPerform
2026-08-12 15:41:54.346 Df IlliniCover[28464:3d74b7] [com.apple.dt.xctest:Default] XCTPerformOnMainRunLoop[not MT]: waiting with 30.00s responsiveness timeout
2026-08-12 15:41:54.346 Df IlliniCover[28464:3d570c] [com.apple.dt.xctest:Default] XCTPerformOnMainRunLoop[MT]: inside CFRunLoopPerform
2026-08-12 15:41:54.346 Df IlliniCover[28464:3d570c] [com.apple.dt.xctest:Default] XCTPerformOnMainRunLoop[MT]: MT responded in time (won the race to the busy flag)
2026-08-12 15:41:54.346 Df IlliniCover[28464:3d74b7] [com.apple.dt.xctest:Default] XCTPerformOnMainRunLoop[not MT]: waiting 60.00s for work to complete
2026-08-12 15:41:54.346 Df IlliniCover[28464:3d570c] [com.apple.dt.xctest:Default] Got main window <AXUIElementRef 0x123b500f0> {pid=28464} {uid=[ID:4 hash:0x107a0c400]}
2026-08-12 15:41:54.346 Df IlliniCover[28464:3d570c] [com.apple.dt.xctest:Default] Capturing hierarchy with attributes XC_kAXXCAttributeElementType, XC_kAXXCAttributeElementBaseType, XC_kAXXCAttributeParent, XC_kAXXCAttributeIdentifier, XC_kAXXCAttributeAutomationType, XC_kAXXCAttributeTraits
2026-08-12 15:41:54.346 Df IlliniCover[28464:3d570c] [com.apple.dt.xctest:Default] Capturing hierarchy with parameters {
    attributes =     (
        5003,
        5004,
        5002,
        5019,
        5058,
        2004
    );
    maxArrayCount = 2147483647;
    maxChildren = 2147483647;
    maxDepth = 2147483647;
    snapshotKeyHonorModalViews = 0;
    traverseFromParentsToChildren = 1;
}
2026-08-12 15:41:54.347 Df IlliniCover[28464:3d570c] [com.apple.dt.xctest:Default] Snapshot attributes 5003, 5004, 5002, 5019, 5058, 2004
2026-08-12 15:41:54.435 Df IlliniCover[28464:3d570c] [com.apple.dt.xctest:Default] Got snapshot for <AXUIElementRef 0x1239116e0> {pid=28464} {uid=[ID:1 hash:0x0]}
2026-08-12 15:41:54.435 Df IlliniCover[28464:3d570c] [com.apple.dt.xctest:Default] Got app orientation 0
2026-08-12 15:41:54.435 Df IlliniCover[28464:3d570c] [com.apple.dt.xctest:Default] Captured accessibility snapshot data in 0.09s
2026-08-12 15:41:54.435 Df IlliniCover[28464:3d74b7] [com.apple.dt.xctest:Default] Found main window: Window
2026-08-12 15:41:54.436 Df IlliniCover[28464:3d74b7] [com.apple.dt.xctest:Default] Preferring automation type 48 instead of legacy element type OTHER derived from class/trait: UILabel:UILabel 8590000128
2026-08-12 15:41:54.437 Df IlliniCover[28464:3d74b7] [com.apple.dt.xctest:Default] Preferring automation type 14 instead of legacy element type OTHER derived from class/trait: SwiftUI.AccessibilityNode:UIResponder 1108101562369
2026-08-12 15:41:54.437 E  IlliniCover[28464:3d74b7] [com.apple.dt.xctest:Default] Automation type mismatch; legacy system derived element type 9 from class SwiftUI.AccessibilityNode:UIResponder, traits 1108101562369, but AXAutomationType returned 14 which maps to 14
2026-08-12 15:41:54.437 Df IlliniCover[28464:3d74b7] [com.apple.dt.xctest:Default] StaticText is not actually a child of Button, including at this point anyway (rdar://problem/20738636)
2026-08-12 15:41:54.437 Df IlliniCover[28464:3d74b7] [com.apple.dt.xctest:Default] Image, identifier: 'chevron.down' is not actually a child of Button, including at this point anyway (rdar://problem/20738636)
2026-08-12 15:41:54.437 Df IlliniCover[28464:3d74b7] [com.apple.dt.xctest:Default] Button is not actually a child of Button, identifier: 'deal-timing-kind-picker', including at this point anyway (rdar://problem/20738636)
2026-08-12 15:41:54.437 Df IlliniCover[28464:3d74b7] [com.apple.dt.xctest:Default] Preferring automation type 14 instead of legacy element type OTHER derived from class/trait: SwiftUI.AccessibilityNode:UIResponder 1108101562369
2026-08-12 15:41:54.437 E  IlliniCover[28464:3d74b7] [com.apple.dt.xctest:Default] Automation type mismatch; legacy system derived element type 9 from class SwiftUI.AccessibilityNode:UIResponder, traits 1108101562369, but AXAutomationType returned 14 which maps to 14
2026-08-12 15:41:54.437 Df IlliniCover[28464:3d74b7] [com.apple.dt.xctest:Default] StaticText is not actually a child of Button, including at this point anyway (rdar://problem/20738636)
2026-08-12 15:41:54.437 Df IlliniCover[28464:3d74b7] [com.apple.dt.xctest:Default] Image, identifier: 'chevron.down' is not actually a child of Button, including at this point anyway (rdar://problem/20738636)
2026-08-12 15:41:54.437 Df IlliniCover[28464:3d74b7] [com.apple.dt.xctest:Default] Button is not actually a child of Button, identifier: 'deal-serving-picker', including at this point anyway (rdar://problem/20738636)
2026-08-12 15:41:54.437 Df IlliniCover[28464:3d74b7] [com.apple.dt.xctest:Default] App orientation is 0 (not portrait) and UITextEffectsWindow window Window is not main window
2026-08-12 15:41:54.437 Df IlliniCover[28464:3d74b7] [com.apple.dt.xctest:Default] Leaving frame unchanged for Window: either already correct or we can't detect it.
2026-08-12 15:41:54.437 Df IlliniCover[28464:3d74b7] [com.apple.dt.xctest:Default] App orientation is 0 (not portrait) and UIRemoteKeyboardWindow window Window is not main window
2026-08-12 15:41:54.437 Df IlliniCover[28464:3d74b7] [com.apple.dt.xctest:Default] Leaving frame unchanged for Window: either already correct or we can't detect it.
2026-08-12 15:41:54.437 Df IlliniCover[28464:3d74b7] [com.apple.dt.xctest:Default] Preferring automation type 20 instead of legacy element type OTHER derived from class/trait: UIAccessibilityElementKBKey:UIAccessibilityElement 8589934649
2026-08-12 15:41:54.437 E  IlliniCover[28464:3d74b7] [com.apple.dt.xctest:Default] Automation type mismatch; legacy system derived element type 9 from class UIAccessibilityElementKBKey:UIAccessibilityElement, traits 8589934649, but AXAutomationType returned 20 which maps to 20
2026-08-12 15:41:54.437 Df IlliniCover[28464:3d74b7] [com.apple.dt.xctest:Default] Preferring automation type 20 instead of legacy element type OTHER derived from class/trait: UIAccessibilityElementKBKey:UIAccessibilityElement 8589934641
2026-08-12 15:41:54.437 E  IlliniCover[28464:3d74b7] [com.apple.dt.xctest:Default] Automation type mismatch; legacy system derived element type 9 from class UIAccessibilityElementKBKey:UIAccessibilityElement, traits 8589934641, but AXAutomationType returned 20 which maps to 20
2026-08-12 15:41:54.438 Df IlliniCover[28464:3d74b7] [com.apple.dt.xctest:Default] Query  found matching snapshots: {(
    Application, pid: 28464
)} (error: (null))
2026-08-12 15:41:54.438 Df IlliniCover[28464:3d74b7] [com.apple.dt.xctest:Default] Replying to query  with results: <XCTElementQueryResults: 0x1221f0780> (error: (null))
2026-08-12 15:41:54.608 Df IlliniCover[28464:3d74b7] [com.apple.dt.xctest:Default] Received request to fetch matches for query:
2026-08-12 15:41:54.608 Df IlliniCover[28464:3d674f] [com.apple.dt.xctest:Default] Evaluating query:
2026-08-12 15:41:54.608 Df IlliniCover[28464:3d674f] [com.apple.dt.xctest:Default] Getting root element snapshot
2026-08-12 15:41:54.608 Df IlliniCover[28464:3d674f] [com.apple.dt.xctest:Default] Getting snapshot for App element pid: 28464 for query
2026-08-12 15:41:54.608 Df IlliniCover[28464:3d674f] [com.apple.dt.xctest:Default] Query requires iOS snapshot attributes .
2026-08-12 15:41:54.609 Df IlliniCover[28464:3d674f] [com.apple.dt.xctest:Default] XCTPerformOnMainRunLoop[not MT]: about to CFRunLoopPerform
2026-08-12 15:41:54.609 Df IlliniCover[28464:3d674f] [com.apple.dt.xctest:Default] XCTPerformOnMainRunLoop[not MT]: waiting with 30.00s responsiveness timeout
2026-08-12 15:41:54.609 Df IlliniCover[28464:3d570c] [com.apple.dt.xctest:Default] XCTPerformOnMainRunLoop[MT]: inside CFRunLoopPerform
2026-08-12 15:41:54.609 Df IlliniCover[28464:3d570c] [com.apple.dt.xctest:Default] XCTPerformOnMainRunLoop[MT]: MT responded in time (won the race to the busy flag)
2026-08-12 15:41:54.609 Df IlliniCover[28464:3d674f] [com.apple.dt.xctest:Default] XCTPerformOnMainRunLoop[not MT]: waiting 60.00s for work to complete
2026-08-12 15:41:54.609 Df IlliniCover[28464:3d570c] [com.apple.dt.xctest:Default] Got main window <AXUIElementRef 0x123b600f0> {pid=28464} {uid=[ID:4 hash:0x107a0c400]}
2026-08-12 15:41:54.609 Df IlliniCover[28464:3d570c] [com.apple.dt.xctest:Default] Capturing hierarchy with attributes XC_kAXXCAttributeElementType, XC_kAXXCAttributeElementBaseType, XC_kAXXCAttributeParent, XC_kAXXCAttributeIdentifier, XC_kAXXCAttributeAutomationType, XC_kAXXCAttributeTraits
2026-08-12 15:41:54.609 Df IlliniCover[28464:3d570c] [com.apple.dt.xctest:Default] Capturing hierarchy with parameters {
    attributes =     (
        5003,
        5004,
        5002,
        5019,
        5058,
        2004
    );
    maxArrayCount = 2147483647;
    maxChildren = 2147483647;
    maxDepth = 2147483647;
    snapshotKeyHonorModalViews = 0;
    traverseFromParentsToChildren = 1;
}
2026-08-12 15:41:54.609 Df IlliniCover[28464:3d570c] [com.apple.dt.xctest:Default] Snapshot attributes 5003, 5004, 5002, 5019, 5058, 2004
2026-08-12 15:41:54.698 Df IlliniCover[28464:3d570c] [com.apple.dt.xctest:Default] Got snapshot for <AXUIElementRef 0x11eb815f0> {pid=28464} {uid=[ID:1 hash:0x0]}
2026-08-12 15:41:54.698 Df IlliniCover[28464:3d570c] [com.apple.dt.xctest:Default] Got app orientation 0
2026-08-12 15:41:54.698 Df IlliniCover[28464:3d570c] [com.apple.dt.xctest:Default] Captured accessibility snapshot data in 0.09s
2026-08-12 15:41:54.699 Df IlliniCover[28464:3d674f] [com.apple.dt.xctest:Default] Found main window: Window
2026-08-12 15:41:54.699 Df IlliniCover[28464:3d674f] [com.apple.dt.xctest:Default] Preferring automation type 48 instead of legacy element type OTHER derived from class/trait: UILabel:UILabel 8590000128
2026-08-12 15:41:54.700 Df IlliniCover[28464:3d674f] [com.apple.dt.xctest:Default] Preferring automation type 14 instead of legacy element type OTHER derived from class/trait: SwiftUI.AccessibilityNode:UIResponder 1108101562369
2026-08-12 15:41:54.700 E  IlliniCover[28464:3d674f] [com.apple.dt.xctest:Default] Automation type mismatch; legacy system derived element type 9 from class SwiftUI.AccessibilityNode:UIResponder, traits 1108101562369, but AXAutomationType returned 14 which maps to 14
2026-08-12 15:41:54.700 Df IlliniCover[28464:3d674f] [com.apple.dt.xctest:Default] StaticText is not actually a child of Button, including at this point anyway (rdar://problem/20738636)
2026-08-12 15:41:54.700 Df IlliniCover[28464:3d674f] [com.apple.dt.xctest:Default] Image, identifier: 'chevron.down' is not actually a child of Button, including at this point anyway (rdar://problem/20738636)
2026-08-12 15:41:54.700 Df IlliniCover[28464:3d674f] [com.apple.dt.xctest:Default] Button is not actually a child of Button, identifier: 'deal-timing-kind-picker', including at this point anyway (rdar://problem/20738636)
2026-08-12 15:41:54.700 Df IlliniCover[28464:3d674f] [com.apple.dt.xctest:Default] Preferring automation type 14 instead of legacy element type OTHER derived from class/trait: SwiftUI.AccessibilityNode:UIResponder 1108101562369
2026-08-12 15:41:54.700 E  IlliniCover[28464:3d674f] [com.apple.dt.xctest:Default] Automation type mismatch; legacy system derived element type 9 from class SwiftUI.AccessibilityNode:UIResponder, traits 1108101562369, but AXAutomationType returned 14 which maps to 14
2026-08-12 15:41:54.700 Df IlliniCover[28464:3d674f] [com.apple.dt.xctest:Default] StaticText is not actually a child of Button, including at this point anyway (rdar://problem/20738636)
2026-08-12 15:41:54.700 Df IlliniCover[28464:3d674f] [com.apple.dt.xctest:Default] Image, identifier: 'chevron.down' is not actually a child of Button, including at this point anyway (rdar://problem/20738636)
2026-08-12 15:41:54.700 Df IlliniCover[28464:3d674f] [com.apple.dt.xctest:Default] Button is not actually a child of Button, identifier: 'deal-serving-picker', including at this point anyway (rdar://problem/20738636)
2026-08-12 15:41:54.700 Df IlliniCover[28464:3d674f] [com.apple.dt.xctest:Default] App orientation is 0 (not portrait) and UITextEffectsWindow window Window is not main window
2026-08-12 15:41:54.700 Df IlliniCover[28464:3d674f] [com.apple.dt.xctest:Default] Leaving frame unchanged for Window: either already correct or we can't detect it.
2026-08-12 15:41:54.700 Df IlliniCover[28464:3d674f] [com.apple.dt.xctest:Default] App orientation is 0 (not portrait) and UIRemoteKeyboardWindow window Window is not main window
2026-08-12 15:41:54.700 Df IlliniCover[28464:3d674f] [com.apple.dt.xctest:Default] Leaving frame unchanged for Window: either already correct or we can't detect it.
2026-08-12 15:41:54.700 Df IlliniCover[28464:3d674f] [com.apple.dt.xctest:Default] Preferring automation type 20 instead of legacy element type OTHER derived from class/trait: UIAccessibilityElementKBKey:UIAccessibilityElement 8589934649
2026-08-12 15:41:54.700 E  IlliniCover[28464:3d674f] [com.apple.dt.xctest:Default] Automation type mismatch; legacy system derived element type 9 from class UIAccessibilityElementKBKey:UIAccessibilityElement, traits 8589934649, but AXAutomationType returned 20 which maps to 20
2026-08-12 15:41:54.700 Df IlliniCover[28464:3d674f] [com.apple.dt.xctest:Default] Preferring automation type 20 instead of legacy element type OTHER derived from class/trait: UIAccessibilityElementKBKey:UIAccessibilityElement 8589934641
2026-08-12 15:41:54.700 E  IlliniCover[28464:3d674f] [com.apple.dt.xctest:Default] Automation type mismatch; legacy system derived element type 9 from class UIAccessibilityElementKBKey:UIAccessibilityElement, traits 8589934641, but AXAutomationType returned 20 which maps to 20
2026-08-12 15:41:54.701 Df IlliniCover[28464:3d674f] [com.apple.dt.xctest:Default] Query  found matching snapshots: {(
    Application, pid: 28464
)} (error: (null))
2026-08-12 15:41:54.701 Df IlliniCover[28464:3d674f] [com.apple.dt.xctest:Default] Replying to query  with results: <XCTElementQueryResults: 0x1221f2790> (error: (null))
2026-08-12 15:41:54.873 Df IlliniCover[28464:3d674f] [com.apple.dt.xctest:Default] Received request to fetch matches for query:
2026-08-12 15:41:54.873 Df IlliniCover[28464:3d674f] [com.apple.dt.xctest:Default] Evaluating query:
2026-08-12 15:41:54.873 Df IlliniCover[28464:3d674f] [com.apple.dt.xctest:Default] Getting root element snapshot
2026-08-12 15:41:54.873 Df IlliniCover[28464:3d674f] [com.apple.dt.xctest:Default] Getting snapshot for App element pid: 28464 for query
2026-08-12 15:41:54.873 Df IlliniCover[28464:3d674f] [com.apple.dt.xctest:Default] Query requires iOS snapshot attributes .
2026-08-12 15:41:54.873 Df IlliniCover[28464:3d674f] [com.apple.dt.xctest:Default] XCTPerformOnMainRunLoop[not MT]: about to CFRunLoopPerform
2026-08-12 15:41:54.873 Df IlliniCover[28464:3d674f] [com.apple.dt.xctest:Default] XCTPerformOnMainRunLoop[not MT]: waiting with 30.00s responsiveness timeout
2026-08-12 15:41:54.873 Df IlliniCover[28464:3d570c] [com.apple.dt.xctest:Default] XCTPerformOnMainRunLoop[MT]: inside CFRunLoopPerform
2026-08-12 15:41:54.873 Df IlliniCover[28464:3d570c] [com.apple.dt.xctest:Default] XCTPerformOnMainRunLoop[MT]: MT responded in time (won the race to the busy flag)
2026-08-12 15:41:54.873 Df IlliniCover[28464:3d674f] [com.apple.dt.xctest:Default] XCTPerformOnMainRunLoop[not MT]: waiting 60.00s for work to complete
2026-08-12 15:41:54.874 Df IlliniCover[28464:3d570c] [com.apple.dt.xctest:Default] Got main window <AXUIElementRef 0x123b100f0> {pid=28464} {uid=[ID:4 hash:0x107a0c400]}
2026-08-12 15:41:54.874 Df IlliniCover[28464:3d570c] [com.apple.dt.xctest:Default] Capturing hierarchy with attributes XC_kAXXCAttributeElementType, XC_kAXXCAttributeElementBaseType, XC_kAXXCAttributeParent, XC_kAXXCAttributeIdentifier, XC_kAXXCAttributeAutomationType, XC_kAXXCAttributeTraits
2026-08-12 15:41:54.874 Df IlliniCover[28464:3d570c] [com.apple.dt.xctest:Default] Capturing hierarchy with parameters {
    attributes =     (
        5003,
        5004,
        5002,
        5019,
        5058,
        2004
    );
    maxArrayCount = 2147483647;
    maxChildren = 2147483647;
    maxDepth = 2147483647;
    snapshotKeyHonorModalViews = 0;
    traverseFromParentsToChildren = 1;
}
2026-08-12 15:41:54.874 Df IlliniCover[28464:3d570c] [com.apple.dt.xctest:Default] Snapshot attributes 5003, 5004, 5002, 5019, 5058, 2004
2026-08-12 15:41:54.962 Df IlliniCover[28464:3d570c] [com.apple.dt.xctest:Default] Got snapshot for <AXUIElementRef 0x122874840> {pid=28464} {uid=[ID:1 hash:0x0]}
2026-08-12 15:41:54.962 Df IlliniCover[28464:3d570c] [com.apple.dt.xctest:Default] Got app orientation 0
2026-08-12 15:41:54.962 Df IlliniCover[28464:3d570c] [com.apple.dt.xctest:Default] Captured accessibility snapshot data in 0.09s
2026-08-12 15:41:54.962 Df IlliniCover[28464:3d674f] [com.apple.dt.xctest:Default] Found main window: Window
2026-08-12 15:41:54.962 Df IlliniCover[28464:3d674f] [com.apple.dt.xctest:Default] Preferring automation type 48 instead of legacy element type OTHER derived from class/trait: UILabel:UILabel 8590000128
2026-08-12 15:41:54.963 Df IlliniCover[28464:3d674f] [com.apple.dt.xctest:Default] Preferring automation type 14 instead of legacy element type OTHER derived from class/trait: SwiftUI.AccessibilityNode:UIResponder 1108101562369
2026-08-12 15:41:54.963 E  IlliniCover[28464:3d674f] [com.apple.dt.xctest:Default] Automation type mismatch; legacy system derived element type 9 from class SwiftUI.AccessibilityNode:UIResponder, traits 1108101562369, but AXAutomationType returned 14 which maps to 14
2026-08-12 15:41:54.963 Df IlliniCover[28464:3d674f] [com.apple.dt.xctest:Default] StaticText is not actually a child of Button, including at this point anyway (rdar://problem/20738636)
2026-08-12 15:41:54.963 Df IlliniCover[28464:3d674f] [com.apple.dt.xctest:Default] Image, identifier: 'chevron.down' is not actually a child of Button, including at this point anyway (rdar://problem/20738636)
2026-08-12 15:41:54.963 Df IlliniCover[28464:3d674f] [com.apple.dt.xctest:Default] Button is not actually a child of Button, identifier: 'deal-timing-kind-picker', including at this point anyway (rdar://problem/20738636)
2026-08-12 15:41:54.963 Df IlliniCover[28464:3d674f] [com.apple.dt.xctest:Default] Preferring automation type 14 instead of legacy element type OTHER derived from class/trait: SwiftUI.AccessibilityNode:UIResponder 1108101562369
2026-08-12 15:41:54.963 E  IlliniCover[28464:3d674f] [com.apple.dt.xctest:Default] Automation type mismatch; legacy system derived element type 9 from class SwiftUI.AccessibilityNode:UIResponder, traits 1108101562369, but AXAutomationType returned 14 which maps to 14
2026-08-12 15:41:54.963 Df IlliniCover[28464:3d674f] [com.apple.dt.xctest:Default] StaticText is not actually a child of Button, including at this point anyway (rdar://problem/20738636)
2026-08-12 15:41:54.963 Df IlliniCover[28464:3d674f] [com.apple.dt.xctest:Default] Image, identifier: 'chevron.down' is not actually a child of Button, including at this point anyway (rdar://problem/20738636)
2026-08-12 15:41:54.963 Df IlliniCover[28464:3d674f] [com.apple.dt.xctest:Default] Button is not actually a child of Button, identifier: 'deal-serving-picker', including at this point anyway (rdar://problem/20738636)
2026-08-12 15:41:54.964 Df IlliniCover[28464:3d674f] [com.apple.dt.xctest:Default] App orientation is 0 (not portrait) and UITextEffectsWindow window Window is not main window
2026-08-12 15:41:54.964 Df IlliniCover[28464:3d674f] [com.apple.dt.xctest:Default] Leaving frame unchanged for Window: either already correct or we can't detect it.
2026-08-12 15:41:54.964 Df IlliniCover[28464:3d674f] [com.apple.dt.xctest:Default] App orientation is 0 (not portrait) and UIRemoteKeyboardWindow window Window is not main window
2026-08-12 15:41:54.964 Df IlliniCover[28464:3d674f] [com.apple.dt.xctest:Default] Leaving frame unchanged for Window: either already correct or we can't detect it.
2026-08-12 15:41:54.964 Df IlliniCover[28464:3d674f] [com.apple.dt.xctest:Default] Preferring automation type 20 instead of legacy element type OTHER derived from class/trait: UIAccessibilityElementKBKey:UIAccessibilityElement 8589934649
2026-08-12 15:41:54.964 E  IlliniCover[28464:3d674f] [com.apple.dt.xctest:Default] Automation type mismatch; legacy system derived element type 9 from class UIAccessibilityElementKBKey:UIAccessibilityElement, traits 8589934649, but AXAutomationType returned 20 which maps to 20
2026-08-12 15:41:54.964 Df IlliniCover[28464:3d674f] [com.apple.dt.xctest:Default] Preferring automation type 20 instead of legacy element type OTHER derived from class/trait: UIAccessibilityElementKBKey:UIAccessibilityElement 8589934641
2026-08-12 15:41:54.964 E  IlliniCover[28464:3d674f] [com.apple.dt.xctest:Default] Automation type mismatch; legacy system derived element type 9 from class UIAccessibilityElementKBKey:UIAccessibilityElement, traits 8589934641, but AXAutomationType returned 20 which maps to 20
2026-08-12 15:41:54.964 Df IlliniCover[28464:3d674f] [com.apple.dt.xctest:Default] Query  found matching snapshots: {(
    Application, pid: 28464
)} (error: (null))
2026-08-12 15:41:54.965 Df IlliniCover[28464:3d674f] [com.apple.dt.xctest:Default] Replying to query  with results: <XCTElementQueryResults: 0x1221f3f60> (error: (null))
2026-08-12 15:41:55.134 Df IlliniCover[28464:3d674f] [com.apple.dt.xctest:Default] Received request to fetch matches for query:
2026-08-12 15:41:55.134 Df IlliniCover[28464:3d674f] [com.apple.dt.xctest:Default] Evaluating query:
2026-08-12 15:41:55.134 Df IlliniCover[28464:3d674f] [com.apple.dt.xctest:Default] Getting root element snapshot
2026-08-12 15:41:55.134 Df IlliniCover[28464:3d674f] [com.apple.dt.xctest:Default] Getting snapshot for App element pid: 28464 for query
2026-08-12 15:41:55.134 Df IlliniCover[28464:3d674f] [com.apple.dt.xctest:Default] Query requires iOS snapshot attributes .
2026-08-12 15:41:55.134 Df IlliniCover[28464:3d674f] [com.apple.dt.xctest:Default] XCTPerformOnMainRunLoop[not MT]: about to CFRunLoopPerform
2026-08-12 15:41:55.134 Df IlliniCover[28464:3d674f] [com.apple.dt.xctest:Default] XCTPerformOnMainRunLoop[not MT]: waiting with 30.00s responsiveness timeout
2026-08-12 15:41:55.134 Df IlliniCover[28464:3d570c] [com.apple.dt.xctest:Default] XCTPerformOnMainRunLoop[MT]: inside CFRunLoopPerform
2026-08-12 15:41:55.134 Df IlliniCover[28464:3d570c] [com.apple.dt.xctest:Default] XCTPerformOnMainRunLoop[MT]: MT responded in time (won the race to the busy flag)
2026-08-12 15:41:55.134 Df IlliniCover[28464:3d674f] [com.apple.dt.xctest:Default] XCTPerformOnMainRunLoop[not MT]: waiting 60.00s for work to complete
2026-08-12 15:41:55.135 Df IlliniCover[28464:3d570c] [com.apple.dt.xctest:Default] Got main window <AXUIElementRef 0x123b0c0f0> {pid=28464} {uid=[ID:4 hash:0x107a0c400]}
2026-08-12 15:41:55.135 Df IlliniCover[28464:3d570c] [com.apple.dt.xctest:Default] Capturing hierarchy with attributes XC_kAXXCAttributeElementType, XC_kAXXCAttributeElementBaseType, XC_kAXXCAttributeParent, XC_kAXXCAttributeIdentifier, XC_kAXXCAttributeAutomationType, XC_kAXXCAttributeTraits
2026-08-12 15:41:55.135 Df IlliniCover[28464:3d570c] [com.apple.dt.xctest:Default] Capturing hierarchy with parameters {
    attributes =     (
        5003,
        5004,
        5002,
        5019,
        5058,
        2004
    );
    maxArrayCount = 2147483647;
    maxChildren = 2147483647;
    maxDepth = 2147483647;
    snapshotKeyHonorModalViews = 0;
    traverseFromParentsToChildren = 1;
}
2026-08-12 15:41:55.135 Df IlliniCover[28464:3d570c] [com.apple.dt.xctest:Default] Snapshot attributes 5003, 5004, 5002, 5019, 5058, 2004
2026-08-12 15:41:55.223 Df IlliniCover[28464:3d570c] [com.apple.dt.xctest:Default] Got snapshot for <AXUIElementRef 0x1229c45a0> {pid=28464} {uid=[ID:1 hash:0x0]}
2026-08-12 15:41:55.223 Df IlliniCover[28464:3d570c] [com.apple.dt.xctest:Default] Got app orientation 0
2026-08-12 15:41:55.223 Df IlliniCover[28464:3d570c] [com.apple.dt.xctest:Default] Captured accessibility snapshot data in 0.09s
2026-08-12 15:41:55.223 Df IlliniCover[28464:3d674f] [com.apple.dt.xctest:Default] Found main window: Window
2026-08-12 15:41:55.223 Df IlliniCover[28464:3d674f] [com.apple.dt.xctest:Default] Preferring automation type 48 instead of legacy element type OTHER derived from class/trait: UILabel:UILabel 8590000128
2026-08-12 15:41:55.224 Df IlliniCover[28464:3d674f] [com.apple.dt.xctest:Default] Preferring automation type 14 instead of legacy element type OTHER derived from class/trait: SwiftUI.AccessibilityNode:UIResponder 1108101562369
2026-08-12 15:41:55.224 E  IlliniCover[28464:3d674f] [com.apple.dt.xctest:Default] Automation type mismatch; legacy system derived element type 9 from class SwiftUI.AccessibilityNode:UIResponder, traits 1108101562369, but AXAutomationType returned 14 which maps to 14
2026-08-12 15:41:55.224 Df IlliniCover[28464:3d674f] [com.apple.dt.xctest:Default] StaticText is not actually a child of Button, including at this point anyway (rdar://problem/20738636)
2026-08-12 15:41:55.224 Df IlliniCover[28464:3d674f] [com.apple.dt.xctest:Default] Image, identifier: 'chevron.down' is not actually a child of Button, including at this point anyway (rdar://problem/20738636)
2026-08-12 15:41:55.224 Df IlliniCover[28464:3d674f] [com.apple.dt.xctest:Default] Button is not actually a child of Button, identifier: 'deal-timing-kind-picker', including at this point anyway (rdar://problem/20738636)
2026-08-12 15:41:55.225 Df IlliniCover[28464:3d674f] [com.apple.dt.xctest:Default] Preferring automation type 14 instead of legacy element type OTHER derived from class/trait: SwiftUI.AccessibilityNode:UIResponder 1108101562369
2026-08-12 15:41:55.225 E  IlliniCover[28464:3d674f] [com.apple.dt.xctest:Default] Automation type mismatch; legacy system derived element type 9 from class SwiftUI.AccessibilityNode:UIResponder, traits 1108101562369, but AXAutomationType returned 14 which maps to 14
2026-08-12 15:41:55.225 Df IlliniCover[28464:3d674f] [com.apple.dt.xctest:Default] StaticText is not actually a child of Button, including at this point anyway (rdar://problem/20738636)
2026-08-12 15:41:55.225 Df IlliniCover[28464:3d674f] [com.apple.dt.xctest:Default] Image, identifier: 'chevron.down' is not actually a child of Button, including at this point anyway (rdar://problem/20738636)
2026-08-12 15:41:55.225 Df IlliniCover[28464:3d674f] [com.apple.dt.xctest:Default] Button is not actually a child of Button, identifier: 'deal-serving-picker', including at this point anyway (rdar://problem/20738636)
2026-08-12 15:41:55.225 Df IlliniCover[28464:3d674f] [com.apple.dt.xctest:Default] App orientation is 0 (not portrait) and UITextEffectsWindow window Window is not main window
2026-08-12 15:41:55.225 Df IlliniCover[28464:3d674f] [com.apple.dt.xctest:Default] Leaving frame unchanged for Window: either already correct or we can't detect it.
2026-08-12 15:41:55.225 Df IlliniCover[28464:3d674f] [com.apple.dt.xctest:Default] App orientation is 0 (not portrait) and UIRemoteKeyboardWindow window Window is not main window
2026-08-12 15:41:55.225 Df IlliniCover[28464:3d674f] [com.apple.dt.xctest:Default] Leaving frame unchanged for Window: either already correct or we can't detect it.
2026-08-12 15:41:55.225 Df IlliniCover[28464:3d674f] [com.apple.dt.xctest:Default] Preferring automation type 20 instead of legacy element type OTHER derived from class/trait: UIAccessibilityElementKBKey:UIAccessibilityElement 8589934649
2026-08-12 15:41:55.225 E  IlliniCover[28464:3d674f] [com.apple.dt.xctest:Default] Automation type mismatch; legacy system derived element type 9 from class UIAccessibilityElementKBKey:UIAccessibilityElement, traits 8589934649, but AXAutomationType returned 20 which maps to 20
2026-08-12 15:41:55.225 Df IlliniCover[28464:3d674f] [com.apple.dt.xctest:Default] Preferring automation type 20 instead of legacy element type OTHER derived from class/trait: UIAccessibilityElementKBKey:UIAccessibilityElement 8589934641
2026-08-12 15:41:55.225 E  IlliniCover[28464:3d674f] [com.apple.dt.xctest:Default] Automation type mismatch; legacy system derived element type 9 from class UIAccessibilityElementKBKey:UIAccessibilityElement, traits 8589934641, but AXAutomationType returned 20 which maps to 20
2026-08-12 15:41:55.225 Df IlliniCover[28464:3d674f] [com.apple.dt.xctest:Default] Query  found matching snapshots: {(
    Application, pid: 28464
)} (error: (null))
2026-08-12 15:41:55.226 Df IlliniCover[28464:3d674f] [com.apple.dt.xctest:Default] Replying to query  with results: <XCTElementQueryResults: 0x1221f19b0> (error: (null))
2026-08-12 15:41:55.396 Df IlliniCover[28464:3d674f] [com.apple.dt.xctest:Default] Received request to fetch matches for query:
2026-08-12 15:41:55.396 Df IlliniCover[28464:3d674f] [com.apple.dt.xctest:Default] Evaluating query:
2026-08-12 15:41:55.396 Df IlliniCover[28464:3d674f] [com.apple.dt.xctest:Default] Getting root element snapshot
2026-08-12 15:41:55.396 Df IlliniCover[28464:3d674f] [com.apple.dt.xctest:Default] Getting snapshot for App element pid: 28464 for query
2026-08-12 15:41:55.396 Df IlliniCover[28464:3d674f] [com.apple.dt.xctest:Default] Query requires iOS snapshot attributes .
2026-08-12 15:41:55.396 Df IlliniCover[28464:3d674f] [com.apple.dt.xctest:Default] XCTPerformOnMainRunLoop[not MT]: about to CFRunLoopPerform
2026-08-12 15:41:55.396 Df IlliniCover[28464:3d674f] [com.apple.dt.xctest:Default] XCTPerformOnMainRunLoop[not MT]: waiting with 30.00s responsiveness timeout
2026-08-12 15:41:55.396 Df IlliniCover[28464:3d570c] [com.apple.dt.xctest:Default] XCTPerformOnMainRunLoop[MT]: inside CFRunLoopPerform
2026-08-12 15:41:55.397 Df IlliniCover[28464:3d570c] [com.apple.dt.xctest:Default] XCTPerformOnMainRunLoop[MT]: MT responded in time (won the race to the busy flag)
2026-08-12 15:41:55.397 Df IlliniCover[28464:3d674f] [com.apple.dt.xctest:Default] XCTPerformOnMainRunLoop[not MT]: waiting 60.00s for work to complete
2026-08-12 15:41:55.397 Df IlliniCover[28464:3d570c] [com.apple.dt.xctest:Default] Got main window <AXUIElementRef 0x125ef00f0> {pid=28464} {uid=[ID:4 hash:0x107a0c400]}
2026-08-12 15:41:55.397 Df IlliniCover[28464:3d570c] [com.apple.dt.xctest:Default] Capturing hierarchy with attributes XC_kAXXCAttributeElementType, XC_kAXXCAttributeElementBaseType, XC_kAXXCAttributeParent, XC_kAXXCAttributeIdentifier, XC_kAXXCAttributeAutomationType, XC_kAXXCAttributeTraits
2026-08-12 15:41:55.397 Df IlliniCover[28464:3d570c] [com.apple.dt.xctest:Default] Capturing hierarchy with parameters {
    attributes =     (
        5003,
        5004,
        5002,
        5019,
        5058,
        2004
    );
    maxArrayCount = 2147483647;
    maxChildren = 2147483647;
    maxDepth = 2147483647;
    snapshotKeyHonorModalViews = 0;
    traverseFromParentsToChildren = 1;
}
2026-08-12 15:41:55.397 Df IlliniCover[28464:3d570c] [com.apple.dt.xctest:Default] Snapshot attributes 5003, 5004, 5002, 5019, 5058, 2004
2026-08-12 15:41:55.486 Df IlliniCover[28464:3d570c] [com.apple.dt.xctest:Default] Got snapshot for <AXUIElementRef 0x11eb6de90> {pid=28464} {uid=[ID:1 hash:0x0]}
2026-08-12 15:41:55.486 Df IlliniCover[28464:3d570c] [com.apple.dt.xctest:Default] Got app orientation 0
2026-08-12 15:41:55.486 Df IlliniCover[28464:3d570c] [com.apple.dt.xctest:Default] Captured accessibility snapshot data in 0.09s
2026-08-12 15:41:55.486 Df IlliniCover[28464:3d674f] [com.apple.dt.xctest:Default] Found main window: Window
2026-08-12 15:41:55.486 Df IlliniCover[28464:3d674f] [com.apple.dt.xctest:Default] Preferring automation type 48 instead of legacy element type OTHER derived from class/trait: UILabel:UILabel 8590000128
2026-08-12 15:41:55.487 Df IlliniCover[28464:3d674f] [com.apple.dt.xctest:Default] Preferring automation type 14 instead of legacy element type OTHER derived from class/trait: SwiftUI.AccessibilityNode:UIResponder 1108101562369
2026-08-12 15:41:55.487 E  IlliniCover[28464:3d674f] [com.apple.dt.xctest:Default] Automation type mismatch; legacy system derived element type 9 from class SwiftUI.AccessibilityNode:UIResponder, traits 1108101562369, but AXAutomationType returned 14 which maps to 14
2026-08-12 15:41:55.487 Df IlliniCover[28464:3d674f] [com.apple.dt.xctest:Default] StaticText is not actually a child of Button, including at this point anyway (rdar://problem/20738636)
2026-08-12 15:41:55.487 Df IlliniCover[28464:3d674f] [com.apple.dt.xctest:Default] Image, identifier: 'chevron.down' is not actually a child of Button, including at this point anyway (rdar://problem/20738636)
2026-08-12 15:41:55.487 Df IlliniCover[28464:3d674f] [com.apple.dt.xctest:Default] Button is not actually a child of Button, identifier: 'deal-timing-kind-picker', including at this point anyway (rdar://problem/20738636)
2026-08-12 15:41:55.487 Df IlliniCover[28464:3d674f] [com.apple.dt.xctest:Default] Preferring automation type 14 instead of legacy element type OTHER derived from class/trait: SwiftUI.AccessibilityNode:UIResponder 1108101562369
2026-08-12 15:41:55.487 E  IlliniCover[28464:3d674f] [com.apple.dt.xctest:Default] Automation type mismatch; legacy system derived element type 9 from class SwiftUI.AccessibilityNode:UIResponder, traits 1108101562369, but AXAutomationType returned 14 which maps to 14
2026-08-12 15:41:55.488 Df IlliniCover[28464:3d674f] [com.apple.dt.xctest:Default] StaticText is not actually a child of Button, including at this point anyway (rdar://problem/20738636)
2026-08-12 15:41:55.488 Df IlliniCover[28464:3d674f] [com.apple.dt.xctest:Default] Image, identifier: 'chevron.down' is not actually a child of Button, including at this point anyway (rdar://problem/20738636)
2026-08-12 15:41:55.488 Df IlliniCover[28464:3d674f] [com.apple.dt.xctest:Default] Button is not actually a child of Button, identifier: 'deal-serving-picker', including at this point anyway (rdar://problem/20738636)
2026-08-12 15:41:55.488 Df IlliniCover[28464:3d674f] [com.apple.dt.xctest:Default] App orientation is 0 (not portrait) and UITextEffectsWindow window Window is not main window
2026-08-12 15:41:55.488 Df IlliniCover[28464:3d674f] [com.apple.dt.xctest:Default] Leaving frame unchanged for Window: either already correct or we can't detect it.
2026-08-12 15:41:55.488 Df IlliniCover[28464:3d674f] [com.apple.dt.xctest:Default] App orientation is 0 (not portrait) and UIRemoteKeyboardWindow window Window is not main window
2026-08-12 15:41:55.488 Df IlliniCover[28464:3d674f] [com.apple.dt.xctest:Default] Leaving frame unchanged for Window: either already correct or we can't detect it.
2026-08-12 15:41:55.488 Df IlliniCover[28464:3d674f] [com.apple.dt.xctest:Default] Preferring automation type 20 instead of legacy element type OTHER derived from class/trait: UIAccessibilityElementKBKey:UIAccessibilityElement 8589934649
2026-08-12 15:41:55.488 E  IlliniCover[28464:3d674f] [com.apple.dt.xctest:Default] Automation type mismatch; legacy system derived element type 9 from class UIAccessibilityElementKBKey:UIAccessibilityElement, traits 8589934649, but AXAutomationType returned 20 which maps to 20
2026-08-12 15:41:55.488 Df IlliniCover[28464:3d674f] [com.apple.dt.xctest:Default] Preferring automation type 20 instead of legacy element type OTHER derived from class/trait: UIAccessibilityElementKBKey:UIAccessibilityElement 8589934641
2026-08-12 15:41:55.488 E  IlliniCover[28464:3d674f] [com.apple.dt.xctest:Default] Automation type mismatch; legacy system derived element type 9 from class UIAccessibilityElementKBKey:UIAccessibilityElement, traits 8589934641, but AXAutomationType returned 20 which maps to 20
2026-08-12 15:41:55.488 Df IlliniCover[28464:3d674f] [com.apple.dt.xctest:Default] Query  found matching snapshots: {(
    Application, pid: 28464
)} (error: (null))
2026-08-12 15:41:55.489 Df IlliniCover[28464:3d674f] [com.apple.dt.xctest:Default] Replying to query  with results: <XCTElementQueryResults: 0x1221f3b70> (error: (null))
2026-08-12 15:41:55.656 Df IlliniCover[28464:3d674f] [com.apple.dt.xctest:Default] Received request to fetch matches for query:
2026-08-12 15:41:55.656 Df IlliniCover[28464:3d674f] [com.apple.dt.xctest:Default] Evaluating query:
2026-08-12 15:41:55.656 Df IlliniCover[28464:3d674f] [com.apple.dt.xctest:Default] Getting root element snapshot
2026-08-12 15:41:55.656 Df IlliniCover[28464:3d674f] [com.apple.dt.xctest:Default] Getting snapshot for App element pid: 28464 for query
2026-08-12 15:41:55.656 Df IlliniCover[28464:3d674f] [com.apple.dt.xctest:Default] Query requires iOS snapshot attributes .
2026-08-12 15:41:55.656 Df IlliniCover[28464:3d674f] [com.apple.dt.xctest:Default] XCTPerformOnMainRunLoop[not MT]: about to CFRunLoopPerform
2026-08-12 15:41:55.657 Df IlliniCover[28464:3d674f] [com.apple.dt.xctest:Default] XCTPerformOnMainRunLoop[not MT]: waiting with 30.00s responsiveness timeout
2026-08-12 15:41:55.657 Df IlliniCover[28464:3d570c] [com.apple.dt.xctest:Default] XCTPerformOnMainRunLoop[MT]: inside CFRunLoopPerform
2026-08-12 15:41:55.657 Df IlliniCover[28464:3d570c] [com.apple.dt.xctest:Default] XCTPerformOnMainRunLoop[MT]: MT responded in time (won the race to the busy flag)
2026-08-12 15:41:55.657 Df IlliniCover[28464:3d674f] [com.apple.dt.xctest:Default] XCTPerformOnMainRunLoop[not MT]: waiting 60.00s for work to complete
2026-08-12 15:41:55.657 Df IlliniCover[28464:3d570c] [com.apple.dt.xctest:Default] Got main window <AXUIElementRef 0x123b180f0> {pid=28464} {uid=[ID:4 hash:0x107a0c400]}
2026-08-12 15:41:55.657 Df IlliniCover[28464:3d570c] [com.apple.dt.xctest:Default] Capturing hierarchy with attributes XC_kAXXCAttributeElementType, XC_kAXXCAttributeElementBaseType, XC_kAXXCAttributeParent, XC_kAXXCAttributeIdentifier, XC_kAXXCAttributeAutomationType, XC_kAXXCAttributeTraits
2026-08-12 15:41:55.657 Df IlliniCover[28464:3d570c] [com.apple.dt.xctest:Default] Capturing hierarchy with parameters {
    attributes =     (
        5003,
        5004,
        5002,
        5019,
        5058,
        2004
    );
    maxArrayCount = 2147483647;
    maxChildren = 2147483647;
    maxDepth = 2147483647;
    snapshotKeyHonorModalViews = 0;
    traverseFromParentsToChildren = 1;
}
2026-08-12 15:41:55.657 Df IlliniCover[28464:3d570c] [com.apple.dt.xctest:Default] Snapshot attributes 5003, 5004, 5002, 5019, 5058, 2004
2026-08-12 15:41:55.744 Df IlliniCover[28464:3d570c] [com.apple.dt.xctest:Default] Got snapshot for <AXUIElementRef 0x1238f2fa0> {pid=28464} {uid=[ID:1 hash:0x0]}
2026-08-12 15:41:55.744 Df IlliniCover[28464:3d570c] [com.apple.dt.xctest:Default] Got app orientation 0
2026-08-12 15:41:55.744 Df IlliniCover[28464:3d570c] [com.apple.dt.xctest:Default] Captured accessibility snapshot data in 0.09s
2026-08-12 15:41:55.744 Df IlliniCover[28464:3d674f] [com.apple.dt.xctest:Default] Found main window: Window
2026-08-12 15:41:55.744 Df IlliniCover[28464:3d674f] [com.apple.dt.xctest:Default] Preferring automation type 48 instead of legacy element type OTHER derived from class/trait: UILabel:UILabel 8590000128
2026-08-12 15:41:55.745 Df IlliniCover[28464:3d674f] [com.apple.dt.xctest:Default] Preferring automation type 14 instead of legacy element type OTHER derived from class/trait: SwiftUI.AccessibilityNode:UIResponder 1108101562369
2026-08-12 15:41:55.745 E  IlliniCover[28464:3d674f] [com.apple.dt.xctest:Default] Automation type mismatch; legacy system derived element type 9 from class SwiftUI.AccessibilityNode:UIResponder, traits 1108101562369, but AXAutomationType returned 14 which maps to 14
2026-08-12 15:41:55.746 Df IlliniCover[28464:3d674f] [com.apple.dt.xctest:Default] StaticText is not actually a child of Button, including at this point anyway (rdar://problem/20738636)
2026-08-12 15:41:55.746 Df IlliniCover[28464:3d674f] [com.apple.dt.xctest:Default] Image, identifier: 'chevron.down' is not actually a child of Button, including at this point anyway (rdar://problem/20738636)
2026-08-12 15:41:55.746 Df IlliniCover[28464:3d674f] [com.apple.dt.xctest:Default] Button is not actually a child of Button, identifier: 'deal-timing-kind-picker', including at this point anyway (rdar://problem/20738636)
2026-08-12 15:41:55.746 Df IlliniCover[28464:3d674f] [com.apple.dt.xctest:Default] Preferring automation type 14 instead of legacy element type OTHER derived from class/trait: SwiftUI.AccessibilityNode:UIResponder 1108101562369
2026-08-12 15:41:55.746 E  IlliniCover[28464:3d674f] [com.apple.dt.xctest:Default] Automation type mismatch; legacy system derived element type 9 from class SwiftUI.AccessibilityNode:UIResponder, traits 1108101562369, but AXAutomationType returned 14 which maps to 14
2026-08-12 15:41:55.746 Df IlliniCover[28464:3d674f] [com.apple.dt.xctest:Default] StaticText is not actually a child of Button, including at this point anyway (rdar://problem/20738636)
2026-08-12 15:41:55.746 Df IlliniCover[28464:3d674f] [com.apple.dt.xctest:Default] Image, identifier: 'chevron.down' is not actually a child of Button, including at this point anyway (rdar://problem/20738636)
2026-08-12 15:41:55.746 Df IlliniCover[28464:3d674f] [com.apple.dt.xctest:Default] Button is not actually a child of Button, identifier: 'deal-serving-picker', including at this point anyway (rdar://problem/20738636)
2026-08-12 15:41:55.746 Df IlliniCover[28464:3d674f] [com.apple.dt.xctest:Default] App orientation is 0 (not portrait) and UITextEffectsWindow window Window is not main window
2026-08-12 15:41:55.746 Df IlliniCover[28464:3d674f] [com.apple.dt.xctest:Default] Leaving frame unchanged for Window: either already correct or we can't detect it.
2026-08-12 15:41:55.746 Df IlliniCover[28464:3d674f] [com.apple.dt.xctest:Default] App orientation is 0 (not portrait) and UIRemoteKeyboardWindow window Window is not main window
2026-08-12 15:41:55.746 Df IlliniCover[28464:3d674f] [com.apple.dt.xctest:Default] Leaving frame unchanged for Window: either already correct or we can't detect it.
2026-08-12 15:41:55.746 Df IlliniCover[28464:3d674f] [com.apple.dt.xctest:Default] Preferring automation type 20 instead of legacy element type OTHER derived from class/trait: UIAccessibilityElementKBKey:UIAccessibilityElement 8589934649
2026-08-12 15:41:55.746 E  IlliniCover[28464:3d674f] [com.apple.dt.xctest:Default] Automation type mismatch; legacy system derived element type 9 from class UIAccessibilityElementKBKey:UIAccessibilityElement, traits 8589934649, but AXAutomationType returned 20 which maps to 20
2026-08-12 15:41:55.746 Df IlliniCover[28464:3d674f] [com.apple.dt.xctest:Default] Preferring automation type 20 instead of legacy element type OTHER derived from class/trait: UIAccessibilityElementKBKey:UIAccessibilityElement 8589934641
2026-08-12 15:41:55.746 E  IlliniCover[28464:3d674f] [com.apple.dt.xctest:Default] Automation type mismatch; legacy system derived element type 9 from class UIAccessibilityElementKBKey:UIAccessibilityElement, traits 8589934641, but AXAutomationType returned 20 which maps to 20
2026-08-12 15:41:55.747 Df IlliniCover[28464:3d674f] [com.apple.dt.xctest:Default] Query  found matching snapshots: {(
    Application, pid: 28464
)} (error: (null))
2026-08-12 15:41:55.747 Df IlliniCover[28464:3d674f] [com.apple.dt.xctest:Default] Replying to query  with results: <XCTElementQueryResults: 0x1221f0780> (error: (null))
2026-08-12 15:41:55.912 Df IlliniCover[28464:3d674f] [com.apple.dt.xctest:Default] Received request to fetch matches for query:
2026-08-12 15:41:55.912 Df IlliniCover[28464:3d674f] [com.apple.dt.xctest:Default] Evaluating query:
2026-08-12 15:41:55.912 Df IlliniCover[28464:3d674f] [com.apple.dt.xctest:Default] Getting root element snapshot
2026-08-12 15:41:55.912 Df IlliniCover[28464:3d674f] [com.apple.dt.xctest:Default] Getting snapshot for App element pid: 28464 for query
2026-08-12 15:41:55.912 Df IlliniCover[28464:3d674f] [com.apple.dt.xctest:Default] Query requires iOS snapshot attributes .
2026-08-12 15:41:55.912 Df IlliniCover[28464:3d674f] [com.apple.dt.xctest:Default] XCTPerformOnMainRunLoop[not MT]: about to CFRunLoopPerform
2026-08-12 15:41:55.912 Df IlliniCover[28464:3d674f] [com.apple.dt.xctest:Default] XCTPerformOnMainRunLoop[not MT]: waiting with 30.00s responsiveness timeout
2026-08-12 15:41:55.912 Df IlliniCover[28464:3d570c] [com.apple.dt.xctest:Default] XCTPerformOnMainRunLoop[MT]: inside CFRunLoopPerform
2026-08-12 15:41:55.912 Df IlliniCover[28464:3d570c] [com.apple.dt.xctest:Default] XCTPerformOnMainRunLoop[MT]: MT responded in time (won the race to the busy flag)
2026-08-12 15:41:55.912 Df IlliniCover[28464:3d674f] [com.apple.dt.xctest:Default] XCTPerformOnMainRunLoop[not MT]: waiting 60.00s for work to complete
2026-08-12 15:41:55.913 Df IlliniCover[28464:3d570c] [com.apple.dt.xctest:Default] Got main window <AXUIElementRef 0x123b240f0> {pid=28464} {uid=[ID:4 hash:0x107a0c400]}
2026-08-12 15:41:55.913 Df IlliniCover[28464:3d570c] [com.apple.dt.xctest:Default] Capturing hierarchy with attributes XC_kAXXCAttributeElementType, XC_kAXXCAttributeElementBaseType, XC_kAXXCAttributeParent, XC_kAXXCAttributeIdentifier, XC_kAXXCAttributeAutomationType, XC_kAXXCAttributeTraits
2026-08-12 15:41:55.913 Df IlliniCover[28464:3d570c] [com.apple.dt.xctest:Default] Capturing hierarchy with parameters {
    attributes =     (
        5003,
        5004,
        5002,
        5019,
        5058,
        2004
    );
    maxArrayCount = 2147483647;
    maxChildren = 2147483647;
    maxDepth = 2147483647;
    snapshotKeyHonorModalViews = 0;
    traverseFromParentsToChildren = 1;
}
2026-08-12 15:41:55.913 Df IlliniCover[28464:3d570c] [com.apple.dt.xctest:Default] Snapshot attributes 5003, 5004, 5002, 5019, 5058, 2004
2026-08-12 15:41:56.000 Df IlliniCover[28464:3d570c] [com.apple.dt.xctest:Default] Got snapshot for <AXUIElementRef 0x11f07dad0> {pid=28464} {uid=[ID:1 hash:0x0]}
2026-08-12 15:41:56.000 Df IlliniCover[28464:3d570c] [com.apple.dt.xctest:Default] Got app orientation 0
2026-08-12 15:41:56.000 Df IlliniCover[28464:3d570c] [com.apple.dt.xctest:Default] Captured accessibility snapshot data in 0.09s
2026-08-12 15:41:56.001 Df IlliniCover[28464:3d674f] [com.apple.dt.xctest:Default] Found main window: Window
2026-08-12 15:41:56.001 Df IlliniCover[28464:3d674f] [com.apple.dt.xctest:Default] Preferring automation type 48 instead of legacy element type OTHER derived from class/trait: UILabel:UILabel 8590000128
2026-08-12 15:41:56.002 Df IlliniCover[28464:3d674f] [com.apple.dt.xctest:Default] Preferring automation type 14 instead of legacy element type OTHER derived from class/trait: SwiftUI.AccessibilityNode:UIResponder 1108101562369
2026-08-12 15:41:56.002 E  IlliniCover[28464:3d674f] [com.apple.dt.xctest:Default] Automation type mismatch; legacy system derived element type 9 from class SwiftUI.AccessibilityNode:UIResponder, traits 1108101562369, but AXAutomationType returned 14 which maps to 14
2026-08-12 15:41:56.002 Df IlliniCover[28464:3d674f] [com.apple.dt.xctest:Default] StaticText is not actually a child of Button, including at this point anyway (rdar://problem/20738636)
2026-08-12 15:41:56.002 Df IlliniCover[28464:3d674f] [com.apple.dt.xctest:Default] Image, identifier: 'chevron.down' is not actually a child of Button, including at this point anyway (rdar://problem/20738636)
2026-08-12 15:41:56.002 Df IlliniCover[28464:3d674f] [com.apple.dt.xctest:Default] Button is not actually a child of Button, identifier: 'deal-timing-kind-picker', including at this point anyway (rdar://problem/20738636)
2026-08-12 15:41:56.002 Df IlliniCover[28464:3d674f] [com.apple.dt.xctest:Default] Preferring automation type 14 instead of legacy element type OTHER derived from class/trait: SwiftUI.AccessibilityNode:UIResponder 1108101562369
2026-08-12 15:41:56.002 E  IlliniCover[28464:3d674f] [com.apple.dt.xctest:Default] Automation type mismatch; legacy system derived element type 9 from class SwiftUI.AccessibilityNode:UIResponder, traits 1108101562369, but AXAutomationType returned 14 which maps to 14
2026-08-12 15:41:56.002 Df IlliniCover[28464:3d674f] [com.apple.dt.xctest:Default] StaticText is not actually a child of Button, including at this point anyway (rdar://problem/20738636)
2026-08-12 15:41:56.002 Df IlliniCover[28464:3d674f] [com.apple.dt.xctest:Default] Image, identifier: 'chevron.down' is not actually a child of Button, including at this point anyway (rdar://problem/20738636)
2026-08-12 15:41:56.002 Df IlliniCover[28464:3d674f] [com.apple.dt.xctest:Default] Button is not actually a child of Button, identifier: 'deal-serving-picker', including at this point anyway (rdar://problem/20738636)
2026-08-12 15:41:56.002 Df IlliniCover[28464:3d674f] [com.apple.dt.xctest:Default] App orientation is 0 (not portrait) and UITextEffectsWindow window Window is not main window
2026-08-12 15:41:56.002 Df IlliniCover[28464:3d674f] [com.apple.dt.xctest:Default] Leaving frame unchanged for Window: either already correct or we can't detect it.
2026-08-12 15:41:56.002 Df IlliniCover[28464:3d674f] [com.apple.dt.xctest:Default] App orientation is 0 (not portrait) and UIRemoteKeyboardWindow window Window is not main window
2026-08-12 15:41:56.002 Df IlliniCover[28464:3d674f] [com.apple.dt.xctest:Default] Leaving frame unchanged for Window: either already correct or we can't detect it.
2026-08-12 15:41:56.002 Df IlliniCover[28464:3d674f] [com.apple.dt.xctest:Default] Preferring automation type 20 instead of legacy element type OTHER derived from class/trait: UIAccessibilityElementKBKey:UIAccessibilityElement 8589934649
2026-08-12 15:41:56.002 E  IlliniCover[28464:3d674f] [com.apple.dt.xctest:Default] Automation type mismatch; legacy system derived element type 9 from class UIAccessibilityElementKBKey:UIAccessibilityElement, traits 8589934649, but AXAutomationType returned 20 which maps to 20
2026-08-12 15:41:56.002 Df IlliniCover[28464:3d674f] [com.apple.dt.xctest:Default] Preferring automation type 20 instead of legacy element type OTHER derived from class/trait: UIAccessibilityElementKBKey:UIAccessibilityElement 8589934641
2026-08-12 15:41:56.002 E  IlliniCover[28464:3d674f] [com.apple.dt.xctest:Default] Automation type mismatch; legacy system derived element type 9 from class UIAccessibilityElementKBKey:UIAccessibilityElement, traits 8589934641, but AXAutomationType returned 20 which maps to 20
2026-08-12 15:41:56.003 Df IlliniCover[28464:3d674f] [com.apple.dt.xctest:Default] Query  found matching snapshots: {(
    Application, pid: 28464
)} (error: (null))
2026-08-12 15:41:56.003 Df IlliniCover[28464:3d674f] [com.apple.dt.xctest:Default] Replying to query  with results: <XCTElementQueryResults: 0x1221f2790> (error: (null))
2026-08-12 15:41:56.172 Df IlliniCover[28464:3d674f] [com.apple.dt.xctest:Default] Received request to fetch matches for query:
2026-08-12 15:41:56.172 Df IlliniCover[28464:3d74b7] [com.apple.dt.xctest:Default] Evaluating query:
2026-08-12 15:41:56.172 Df IlliniCover[28464:3d74b7] [com.apple.dt.xctest:Default] Getting root element snapshot
2026-08-12 15:41:56.172 Df IlliniCover[28464:3d74b7] [com.apple.dt.xctest:Default] Getting snapshot for App element pid: 28464 for query
2026-08-12 15:41:56.172 Df IlliniCover[28464:3d74b7] [com.apple.dt.xctest:Default] Query requires iOS snapshot attributes .
2026-08-12 15:41:56.172 Df IlliniCover[28464:3d74b7] [com.apple.dt.xctest:Default] XCTPerformOnMainRunLoop[not MT]: about to CFRunLoopPerform
2026-08-12 15:41:56.172 Df IlliniCover[28464:3d74b7] [com.apple.dt.xctest:Default] XCTPerformOnMainRunLoop[not MT]: waiting with 30.00s responsiveness timeout
2026-08-12 15:41:56.172 Df IlliniCover[28464:3d570c] [com.apple.dt.xctest:Default] XCTPerformOnMainRunLoop[MT]: inside CFRunLoopPerform
2026-08-12 15:41:56.172 Df IlliniCover[28464:3d570c] [com.apple.dt.xctest:Default] XCTPerformOnMainRunLoop[MT]: MT responded in time (won the race to the busy flag)
2026-08-12 15:41:56.172 Df IlliniCover[28464:3d74b7] [com.apple.dt.xctest:Default] XCTPerformOnMainRunLoop[not MT]: waiting 60.00s for work to complete
2026-08-12 15:41:56.173 Df IlliniCover[28464:3d570c] [com.apple.dt.xctest:Default] Got main window <AXUIElementRef 0x123b300f0> {pid=28464} {uid=[ID:4 hash:0x107a0c400]}
2026-08-12 15:41:56.173 Df IlliniCover[28464:3d570c] [com.apple.dt.xctest:Default] Capturing hierarchy with attributes XC_kAXXCAttributeElementType, XC_kAXXCAttributeElementBaseType, XC_kAXXCAttributeParent, XC_kAXXCAttributeIdentifier, XC_kAXXCAttributeAutomationType, XC_kAXXCAttributeTraits
2026-08-12 15:41:56.173 Df IlliniCover[28464:3d570c] [com.apple.dt.xctest:Default] Capturing hierarchy with parameters {
    attributes =     (
        5003,
        5004,
        5002,
        5019,
        5058,
        2004
    );
    maxArrayCount = 2147483647;
    maxChildren = 2147483647;
    maxDepth = 2147483647;
    snapshotKeyHonorModalViews = 0;
    traverseFromParentsToChildren = 1;
}
2026-08-12 15:41:56.173 Df IlliniCover[28464:3d570c] [com.apple.dt.xctest:Default] Snapshot attributes 5003, 5004, 5002, 5019, 5058, 2004
2026-08-12 15:41:56.259 Df IlliniCover[28464:3d570c] [com.apple.dt.xctest:Default] Got snapshot for <AXUIElementRef 0x123afe940> {pid=28464} {uid=[ID:1 hash:0x0]}
2026-08-12 15:41:56.260 Df IlliniCover[28464:3d570c] [com.apple.dt.xctest:Default] Got app orientation 0
2026-08-12 15:41:56.260 Df IlliniCover[28464:3d570c] [com.apple.dt.xctest:Default] Captured accessibility snapshot data in 0.09s
2026-08-12 15:41:56.260 Df IlliniCover[28464:3d74b7] [com.apple.dt.xctest:Default] Found main window: Window
2026-08-12 15:41:56.260 Df IlliniCover[28464:3d74b7] [com.apple.dt.xctest:Default] Preferring automation type 48 instead of legacy element type OTHER derived from class/trait: UILabel:UILabel 8590000128
2026-08-12 15:41:56.261 Df IlliniCover[28464:3d74b7] [com.apple.dt.xctest:Default] Preferring automation type 14 instead of legacy element type OTHER derived from class/trait: SwiftUI.AccessibilityNode:UIResponder 1108101562369
2026-08-12 15:41:56.261 E  IlliniCover[28464:3d74b7] [com.apple.dt.xctest:Default] Automation type mismatch; legacy system derived element type 9 from class SwiftUI.AccessibilityNode:UIResponder, traits 1108101562369, but AXAutomationType returned 14 which maps to 14
2026-08-12 15:41:56.261 Df IlliniCover[28464:3d74b7] [com.apple.dt.xctest:Default] StaticText is not actually a child of Button, including at this point anyway (rdar://problem/20738636)
2026-08-12 15:41:56.261 Df IlliniCover[28464:3d74b7] [com.apple.dt.xctest:Default] Image, identifier: 'chevron.down' is not actually a child of Button, including at this point anyway (rdar://problem/20738636)
2026-08-12 15:41:56.261 Df IlliniCover[28464:3d74b7] [com.apple.dt.xctest:Default] Button is not actually a child of Button, identifier: 'deal-timing-kind-picker', including at this point anyway (rdar://problem/20738636)
2026-08-12 15:41:56.261 Df IlliniCover[28464:3d74b7] [com.apple.dt.xctest:Default] Preferring automation type 14 instead of legacy element type OTHER derived from class/trait: SwiftUI.AccessibilityNode:UIResponder 1108101562369
2026-08-12 15:41:56.261 E  IlliniCover[28464:3d74b7] [com.apple.dt.xctest:Default] Automation type mismatch; legacy system derived element type 9 from class SwiftUI.AccessibilityNode:UIResponder, traits 1108101562369, but AXAutomationType returned 14 which maps to 14
2026-08-12 15:41:56.261 Df IlliniCover[28464:3d74b7] [com.apple.dt.xctest:Default] StaticText is not actually a child of Button, including at this point anyway (rdar://problem/20738636)
2026-08-12 15:41:56.261 Df IlliniCover[28464:3d74b7] [com.apple.dt.xctest:Default] Image, identifier: 'chevron.down' is not actually a child of Button, including at this point anyway (rdar://problem/20738636)
2026-08-12 15:41:56.261 Df IlliniCover[28464:3d74b7] [com.apple.dt.xctest:Default] Button is not actually a child of Button, identifier: 'deal-serving-picker', including at this point anyway (rdar://problem/20738636)
2026-08-12 15:41:56.261 Df IlliniCover[28464:3d74b7] [com.apple.dt.xctest:Default] App orientation is 0 (not portrait) and UITextEffectsWindow window Window is not main window
2026-08-12 15:41:56.261 Df IlliniCover[28464:3d74b7] [com.apple.dt.xctest:Default] Leaving frame unchanged for Window: either already correct or we can't detect it.
2026-08-12 15:41:56.261 Df IlliniCover[28464:3d74b7] [com.apple.dt.xctest:Default] App orientation is 0 (not portrait) and UIRemoteKeyboardWindow window Window is not main window
2026-08-12 15:41:56.261 Df IlliniCover[28464:3d74b7] [com.apple.dt.xctest:Default] Leaving frame unchanged for Window: either already correct or we can't detect it.
2026-08-12 15:41:56.262 Df IlliniCover[28464:3d74b7] [com.apple.dt.xctest:Default] Preferring automation type 20 instead of legacy element type OTHER derived from class/trait: UIAccessibilityElementKBKey:UIAccessibilityElement 8589934649
2026-08-12 15:41:56.262 E  IlliniCover[28464:3d74b7] [com.apple.dt.xctest:Default] Automation type mismatch; legacy system derived element type 9 from class UIAccessibilityElementKBKey:UIAccessibilityElement, traits 8589934649, but AXAutomationType returned 20 which maps to 20
2026-08-12 15:41:56.262 Df IlliniCover[28464:3d74b7] [com.apple.dt.xctest:Default] Preferring automation type 20 instead of legacy element type OTHER derived from class/trait: UIAccessibilityElementKBKey:UIAccessibilityElement 8589934641
2026-08-12 15:41:56.262 E  IlliniCover[28464:3d74b7] [com.apple.dt.xctest:Default] Automation type mismatch; legacy system derived element type 9 from class UIAccessibilityElementKBKey:UIAccessibilityElement, traits 8589934641, but AXAutomationType returned 20 which maps to 20
2026-08-12 15:41:56.262 Df IlliniCover[28464:3d74b7] [com.apple.dt.xctest:Default] Query  found matching snapshots: {(
    Application, pid: 28464
)} (error: (null))
2026-08-12 15:41:56.262 Df IlliniCover[28464:3d74b7] [com.apple.dt.xctest:Default] Replying to query  with results: <XCTElementQueryResults: 0x1221f3f60> (error: (null))
2026-08-12 15:41:56.433 Df IlliniCover[28464:3d74b7] [com.apple.dt.xctest:Default] Received request to fetch matches for query:
2026-08-12 15:41:56.433 Df IlliniCover[28464:3d74b7] [com.apple.dt.xctest:Default] Evaluating query:
2026-08-12 15:41:56.433 Df IlliniCover[28464:3d74b7] [com.apple.dt.xctest:Default] Getting root element snapshot
2026-08-12 15:41:56.433 Df IlliniCover[28464:3d74b7] [com.apple.dt.xctest:Default] Getting snapshot for App element pid: 28464 for query
2026-08-12 15:41:56.433 Df IlliniCover[28464:3d74b7] [com.apple.dt.xctest:Default] Query requires iOS snapshot attributes .
2026-08-12 15:41:56.433 Df IlliniCover[28464:3d74b7] [com.apple.dt.xctest:Default] XCTPerformOnMainRunLoop[not MT]: about to CFRunLoopPerform
2026-08-12 15:41:56.433 Df IlliniCover[28464:3d74b7] [com.apple.dt.xctest:Default] XCTPerformOnMainRunLoop[not MT]: waiting with 30.00s responsiveness timeout
2026-08-12 15:41:56.433 Df IlliniCover[28464:3d570c] [com.apple.dt.xctest:Default] XCTPerformOnMainRunLoop[MT]: inside CFRunLoopPerform
2026-08-12 15:41:56.433 Df IlliniCover[28464:3d570c] [com.apple.dt.xctest:Default] XCTPerformOnMainRunLoop[MT]: MT responded in time (won the race to the busy flag)
2026-08-12 15:41:56.433 Df IlliniCover[28464:3d74b7] [com.apple.dt.xctest:Default] XCTPerformOnMainRunLoop[not MT]: waiting 60.00s for work to complete
2026-08-12 15:41:56.433 Df IlliniCover[28464:3d570c] [com.apple.dt.xctest:Default] Got main window <AXUIElementRef 0x123b600f0> {pid=28464} {uid=[ID:4 hash:0x107a0c400]}
2026-08-12 15:41:56.433 Df IlliniCover[28464:3d570c] [com.apple.dt.xctest:Default] Capturing hierarchy with attributes XC_kAXXCAttributeElementType, XC_kAXXCAttributeElementBaseType, XC_kAXXCAttributeParent, XC_kAXXCAttributeIdentifier, XC_kAXXCAttributeAutomationType, XC_kAXXCAttributeTraits
2026-08-12 15:41:56.434 Df IlliniCover[28464:3d570c] [com.apple.dt.xctest:Default] Capturing hierarchy with parameters {
    attributes =     (
        5003,
        5004,
        5002,
        5019,
        5058,
        2004
    );
    maxArrayCount = 2147483647;
    maxChildren = 2147483647;
    maxDepth = 2147483647;
    snapshotKeyHonorModalViews = 0;
    traverseFromParentsToChildren = 1;
}
2026-08-12 15:41:56.434 Df IlliniCover[28464:3d570c] [com.apple.dt.xctest:Default] Snapshot attributes 5003, 5004, 5002, 5019, 5058, 2004
2026-08-12 15:41:56.523 Df IlliniCover[28464:3d570c] [com.apple.dt.xctest:Default] Got snapshot for <AXUIElementRef 0x11eaa1920> {pid=28464} {uid=[ID:1 hash:0x0]}
2026-08-12 15:41:56.523 Df IlliniCover[28464:3d570c] [com.apple.dt.xctest:Default] Got app orientation 0
2026-08-12 15:41:56.523 Df IlliniCover[28464:3d570c] [com.apple.dt.xctest:Default] Captured accessibility snapshot data in 0.09s
2026-08-12 15:41:56.523 Df IlliniCover[28464:3d74b7] [com.apple.dt.xctest:Default] Found main window: Window
2026-08-12 15:41:56.523 Df IlliniCover[28464:3d74b7] [com.apple.dt.xctest:Default] Preferring automation type 48 instead of legacy element type OTHER derived from class/trait: UILabel:UILabel 8590000128
2026-08-12 15:41:56.524 Df IlliniCover[28464:3d74b7] [com.apple.dt.xctest:Default] Preferring automation type 14 instead of legacy element type OTHER derived from class/trait: SwiftUI.AccessibilityNode:UIResponder 1108101562369
2026-08-12 15:41:56.524 E  IlliniCover[28464:3d74b7] [com.apple.dt.xctest:Default] Automation type mismatch; legacy system derived element type 9 from class SwiftUI.AccessibilityNode:UIResponder, traits 1108101562369, but AXAutomationType returned 14 which maps to 14
2026-08-12 15:41:56.524 Df IlliniCover[28464:3d74b7] [com.apple.dt.xctest:Default] StaticText is not actually a child of Button, including at this point anyway (rdar://problem/20738636)
2026-08-12 15:41:56.524 Df IlliniCover[28464:3d74b7] [com.apple.dt.xctest:Default] Image, identifier: 'chevron.down' is not actually a child of Button, including at this point anyway (rdar://problem/20738636)
2026-08-12 15:41:56.524 Df IlliniCover[28464:3d74b7] [com.apple.dt.xctest:Default] Button is not actually a child of Button, identifier: 'deal-timing-kind-picker', including at this point anyway (rdar://problem/20738636)
2026-08-12 15:41:56.524 Df IlliniCover[28464:3d74b7] [com.apple.dt.xctest:Default] Preferring automation type 14 instead of legacy element type OTHER derived from class/trait: SwiftUI.AccessibilityNode:UIResponder 1108101562369
2026-08-12 15:41:56.524 E  IlliniCover[28464:3d74b7] [com.apple.dt.xctest:Default] Automation type mismatch; legacy system derived element type 9 from class SwiftUI.AccessibilityNode:UIResponder, traits 1108101562369, but AXAutomationType returned 14 which maps to 14
2026-08-12 15:41:56.524 Df IlliniCover[28464:3d74b7] [com.apple.dt.xctest:Default] StaticText is not actually a child of Button, including at this point anyway (rdar://problem/20738636)
2026-08-12 15:41:56.524 Df IlliniCover[28464:3d74b7] [com.apple.dt.xctest:Default] Image, identifier: 'chevron.down' is not actually a child of Button, including at this point anyway (rdar://problem/20738636)
2026-08-12 15:41:56.524 Df IlliniCover[28464:3d74b7] [com.apple.dt.xctest:Default] Button is not actually a child of Button, identifier: 'deal-serving-picker', including at this point anyway (rdar://problem/20738636)
2026-08-12 15:41:56.525 Df IlliniCover[28464:3d74b7] [com.apple.dt.xctest:Default] App orientation is 0 (not portrait) and UITextEffectsWindow window Window is not main window
2026-08-12 15:41:56.525 Df IlliniCover[28464:3d74b7] [com.apple.dt.xctest:Default] Leaving frame unchanged for Window: either already correct or we can't detect it.
2026-08-12 15:41:56.525 Df IlliniCover[28464:3d74b7] [com.apple.dt.xctest:Default] App orientation is 0 (not portrait) and UIRemoteKeyboardWindow window Window is not main window
2026-08-12 15:41:56.525 Df IlliniCover[28464:3d74b7] [com.apple.dt.xctest:Default] Leaving frame unchanged for Window: either already correct or we can't detect it.
2026-08-12 15:41:56.525 Df IlliniCover[28464:3d74b7] [com.apple.dt.xctest:Default] Preferring automation type 20 instead of legacy element type OTHER derived from class/trait: UIAccessibilityElementKBKey:UIAccessibilityElement 8589934649
2026-08-12 15:41:56.525 E  IlliniCover[28464:3d74b7] [com.apple.dt.xctest:Default] Automation type mismatch; legacy system derived element type 9 from class UIAccessibilityElementKBKey:UIAccessibilityElement, traits 8589934649, but AXAutomationType returned 20 which maps to 20
2026-08-12 15:41:56.525 Df IlliniCover[28464:3d74b7] [com.apple.dt.xctest:Default] Preferring automation type 20 instead of legacy element type OTHER derived from class/trait: UIAccessibilityElementKBKey:UIAccessibilityElement 8589934641
2026-08-12 15:41:56.525 E  IlliniCover[28464:3d74b7] [com.apple.dt.xctest:Default] Automation type mismatch; legacy system derived element type 9 from class UIAccessibilityElementKBKey:UIAccessibilityElement, traits 8589934641, but AXAutomationType returned 20 which maps to 20
2026-08-12 15:41:56.525 Df IlliniCover[28464:3d74b7] [com.apple.dt.xctest:Default] Query  found matching snapshots: {(
    Application, pid: 28464
)} (error: (null))
2026-08-12 15:41:56.525 Df IlliniCover[28464:3d74b7] [com.apple.dt.xctest:Default] Replying to query  with results: <XCTElementQueryResults: 0x1221f19b0> (error: (null))
2026-08-12 15:41:56.694 Df IlliniCover[28464:3d74b7] [com.apple.dt.xctest:Default] Received request to fetch matches for query:
2026-08-12 15:41:56.694 Df IlliniCover[28464:3d74b7] [com.apple.dt.xctest:Default] Evaluating query:
2026-08-12 15:41:56.694 Df IlliniCover[28464:3d74b7] [com.apple.dt.xctest:Default] Getting root element snapshot
2026-08-12 15:41:56.694 Df IlliniCover[28464:3d74b7] [com.apple.dt.xctest:Default] Getting snapshot for App element pid: 28464 for query
2026-08-12 15:41:56.694 Df IlliniCover[28464:3d74b7] [com.apple.dt.xctest:Default] Query requires iOS snapshot attributes .
2026-08-12 15:41:56.694 Df IlliniCover[28464:3d74b7] [com.apple.dt.xctest:Default] XCTPerformOnMainRunLoop[not MT]: about to CFRunLoopPerform
2026-08-12 15:41:56.694 Df IlliniCover[28464:3d74b7] [com.apple.dt.xctest:Default] XCTPerformOnMainRunLoop[not MT]: waiting with 30.00s responsiveness timeout
2026-08-12 15:41:56.694 Df IlliniCover[28464:3d570c] [com.apple.dt.xctest:Default] XCTPerformOnMainRunLoop[MT]: inside CFRunLoopPerform
2026-08-12 15:41:56.694 Df IlliniCover[28464:3d570c] [com.apple.dt.xctest:Default] XCTPerformOnMainRunLoop[MT]: MT responded in time (won the race to the busy flag)
2026-08-12 15:41:56.694 Df IlliniCover[28464:3d74b7] [com.apple.dt.xctest:Default] XCTPerformOnMainRunLoop[not MT]: waiting 60.00s for work to complete
2026-08-12 15:41:56.695 Df IlliniCover[28464:3d570c] [com.apple.dt.xctest:Default] Got main window <AXUIElementRef 0x123ae40f0> {pid=28464} {uid=[ID:4 hash:0x107a0c400]}
2026-08-12 15:41:56.695 Df IlliniCover[28464:3d570c] [com.apple.dt.xctest:Default] Capturing hierarchy with attributes XC_kAXXCAttributeElementType, XC_kAXXCAttributeElementBaseType, XC_kAXXCAttributeParent, XC_kAXXCAttributeIdentifier, XC_kAXXCAttributeAutomationType, XC_kAXXCAttributeTraits
2026-08-12 15:41:56.695 Df IlliniCover[28464:3d570c] [com.apple.dt.xctest:Default] Capturing hierarchy with parameters {
    attributes =     (
        5003,
        5004,
        5002,
        5019,
        5058,
        2004
    );
    maxArrayCount = 2147483647;
    maxChildren = 2147483647;
    maxDepth = 2147483647;
    snapshotKeyHonorModalViews = 0;
    traverseFromParentsToChildren = 1;
}
2026-08-12 15:41:56.695 Df IlliniCover[28464:3d570c] [com.apple.dt.xctest:Default] Snapshot attributes 5003, 5004, 5002, 5019, 5058, 2004
2026-08-12 15:41:56.783 Df IlliniCover[28464:3d570c] [com.apple.dt.xctest:Default] Got snapshot for <AXUIElementRef 0x11f07ef40> {pid=28464} {uid=[ID:1 hash:0x0]}
2026-08-12 15:41:56.783 Df IlliniCover[28464:3d570c] [com.apple.dt.xctest:Default] Got app orientation 0
2026-08-12 15:41:56.783 Df IlliniCover[28464:3d570c] [com.apple.dt.xctest:Default] Captured accessibility snapshot data in 0.09s
2026-08-12 15:41:56.783 Df IlliniCover[28464:3d74b7] [com.apple.dt.xctest:Default] Found main window: Window
2026-08-12 15:41:56.783 Df IlliniCover[28464:3d74b7] [com.apple.dt.xctest:Default] Preferring automation type 48 instead of legacy element type OTHER derived from class/trait: UILabel:UILabel 8590000128
2026-08-12 15:41:56.784 Df IlliniCover[28464:3d74b7] [com.apple.dt.xctest:Default] Preferring automation type 14 instead of legacy element type OTHER derived from class/trait: SwiftUI.AccessibilityNode:UIResponder 1108101562369
2026-08-12 15:41:56.784 E  IlliniCover[28464:3d74b7] [com.apple.dt.xctest:Default] Automation type mismatch; legacy system derived element type 9 from class SwiftUI.AccessibilityNode:UIResponder, traits 1108101562369, but AXAutomationType returned 14 which maps to 14
2026-08-12 15:41:56.784 Df IlliniCover[28464:3d74b7] [com.apple.dt.xctest:Default] StaticText is not actually a child of Button, including at this point anyway (rdar://problem/20738636)
2026-08-12 15:41:56.784 Df IlliniCover[28464:3d74b7] [com.apple.dt.xctest:Default] Image, identifier: 'chevron.down' is not actually a child of Button, including at this point anyway (rdar://problem/20738636)
2026-08-12 15:41:56.784 Df IlliniCover[28464:3d74b7] [com.apple.dt.xctest:Default] Button is not actually a child of Button, identifier: 'deal-timing-kind-picker', including at this point anyway (rdar://problem/20738636)
2026-08-12 15:41:56.784 Df IlliniCover[28464:3d74b7] [com.apple.dt.xctest:Default] Preferring automation type 14 instead of legacy element type OTHER derived from class/trait: SwiftUI.AccessibilityNode:UIResponder 1108101562369
2026-08-12 15:41:56.784 E  IlliniCover[28464:3d74b7] [com.apple.dt.xctest:Default] Automation type mismatch; legacy system derived element type 9 from class SwiftUI.AccessibilityNode:UIResponder, traits 1108101562369, but AXAutomationType returned 14 which maps to 14
2026-08-12 15:41:56.784 Df IlliniCover[28464:3d74b7] [com.apple.dt.xctest:Default] StaticText is not actually a child of Button, including at this point anyway (rdar://problem/20738636)
2026-08-12 15:41:56.784 Df IlliniCover[28464:3d74b7] [com.apple.dt.xctest:Default] Image, identifier: 'chevron.down' is not actually a child of Button, including at this point anyway (rdar://problem/20738636)
2026-08-12 15:41:56.784 Df IlliniCover[28464:3d74b7] [com.apple.dt.xctest:Default] Button is not actually a child of Button, identifier: 'deal-serving-picker', including at this point anyway (rdar://problem/20738636)
2026-08-12 15:41:56.785 Df IlliniCover[28464:3d74b7] [com.apple.dt.xctest:Default] App orientation is 0 (not portrait) and UITextEffectsWindow window Window is not main window
2026-08-12 15:41:56.785 Df IlliniCover[28464:3d74b7] [com.apple.dt.xctest:Default] Leaving frame unchanged for Window: either already correct or we can't detect it.
2026-08-12 15:41:56.785 Df IlliniCover[28464:3d74b7] [com.apple.dt.xctest:Default] App orientation is 0 (not portrait) and UIRemoteKeyboardWindow window Window is not main window
2026-08-12 15:41:56.785 Df IlliniCover[28464:3d74b7] [com.apple.dt.xctest:Default] Leaving frame unchanged for Window: either already correct or we can't detect it.
2026-08-12 15:41:56.785 Df IlliniCover[28464:3d74b7] [com.apple.dt.xctest:Default] Preferring automation type 20 instead of legacy element type OTHER derived from class/trait: UIAccessibilityElementKBKey:UIAccessibilityElement 8589934649
2026-08-12 15:41:56.785 E  IlliniCover[28464:3d74b7] [com.apple.dt.xctest:Default] Automation type mismatch; legacy system derived element type 9 from class UIAccessibilityElementKBKey:UIAccessibilityElement, traits 8589934649, but AXAutomationType returned 20 which maps to 20
2026-08-12 15:41:56.785 Df IlliniCover[28464:3d74b7] [com.apple.dt.xctest:Default] Preferring automation type 20 instead of legacy element type OTHER derived from class/trait: UIAccessibilityElementKBKey:UIAccessibilityElement 8589934641
2026-08-12 15:41:56.785 E  IlliniCover[28464:3d74b7] [com.apple.dt.xctest:Default] Automation type mismatch; legacy system derived element type 9 from class UIAccessibilityElementKBKey:UIAccessibilityElement, traits 8589934641, but AXAutomationType returned 20 which maps to 20
2026-08-12 15:41:56.785 Df IlliniCover[28464:3d74b7] [com.apple.dt.xctest:Default] Query  found matching snapshots: {(
    Application, pid: 28464
)} (error: (null))
2026-08-12 15:41:56.785 Df IlliniCover[28464:3d74b7] [com.apple.dt.xctest:Default] Replying to query  with results: <XCTElementQueryResults: 0x1221f3b70> (error: (null))
2026-08-12 15:41:56.954 Df IlliniCover[28464:3d74b7] [com.apple.dt.xctest:Default] Received request to fetch matches for query:
2026-08-12 15:41:56.954 Df IlliniCover[28464:3d74b7] [com.apple.dt.xctest:Default] Evaluating query:
2026-08-12 15:41:56.954 Df IlliniCover[28464:3d74b7] [com.apple.dt.xctest:Default] Getting root element snapshot
2026-08-12 15:41:56.954 Df IlliniCover[28464:3d74b7] [com.apple.dt.xctest:Default] Getting snapshot for App element pid: 28464 for query
2026-08-12 15:41:56.954 Df IlliniCover[28464:3d74b7] [com.apple.dt.xctest:Default] Query requires iOS snapshot attributes .
2026-08-12 15:41:56.954 Df IlliniCover[28464:3d74b7] [com.apple.dt.xctest:Default] XCTPerformOnMainRunLoop[not MT]: about to CFRunLoopPerform
2026-08-12 15:41:56.954 Df IlliniCover[28464:3d74b7] [com.apple.dt.xctest:Default] XCTPerformOnMainRunLoop[not MT]: waiting with 30.00s responsiveness timeout
2026-08-12 15:41:56.954 Df IlliniCover[28464:3d570c] [com.apple.dt.xctest:Default] XCTPerformOnMainRunLoop[MT]: inside CFRunLoopPerform
2026-08-12 15:41:56.954 Df IlliniCover[28464:3d570c] [com.apple.dt.xctest:Default] XCTPerformOnMainRunLoop[MT]: MT responded in time (won the race to the busy flag)
2026-08-12 15:41:56.954 Df IlliniCover[28464:3d74b7] [com.apple.dt.xctest:Default] XCTPerformOnMainRunLoop[not MT]: waiting 60.00s for work to complete
2026-08-12 15:41:56.954 Df IlliniCover[28464:3d570c] [com.apple.dt.xctest:Default] Got main window <AXUIElementRef 0x125ee40f0> {pid=28464} {uid=[ID:4 hash:0x107a0c400]}
2026-08-12 15:41:56.954 Df IlliniCover[28464:3d570c] [com.apple.dt.xctest:Default] Capturing hierarchy with attributes XC_kAXXCAttributeElementType, XC_kAXXCAttributeElementBaseType, XC_kAXXCAttributeParent, XC_kAXXCAttributeIdentifier, XC_kAXXCAttributeAutomationType, XC_kAXXCAttributeTraits
2026-08-12 15:41:56.954 Df IlliniCover[28464:3d570c] [com.apple.dt.xctest:Default] Capturing hierarchy with parameters {
    attributes =     (
        5003,
        5004,
        5002,
        5019,
        5058,
        2004
    );
    maxArrayCount = 2147483647;
    maxChildren = 2147483647;
    maxDepth = 2147483647;
    snapshotKeyHonorModalViews = 0;
    traverseFromParentsToChildren = 1;
}
2026-08-12 15:41:56.954 Df IlliniCover[28464:3d570c] [com.apple.dt.xctest:Default] Snapshot attributes 5003, 5004, 5002, 5019, 5058, 2004
2026-08-12 15:41:57.045 Df IlliniCover[28464:3d570c] [com.apple.dt.xctest:Default] Got snapshot for <AXUIElementRef 0x11ea77570> {pid=28464} {uid=[ID:1 hash:0x0]}
2026-08-12 15:41:57.045 Df IlliniCover[28464:3d570c] [com.apple.dt.xctest:Default] Got app orientation 0
2026-08-12 15:41:57.045 Df IlliniCover[28464:3d570c] [com.apple.dt.xctest:Default] Captured accessibility snapshot data in 0.09s
2026-08-12 15:41:57.045 Df IlliniCover[28464:3d74b7] [com.apple.dt.xctest:Default] Found main window: Window
2026-08-12 15:41:57.046 Df IlliniCover[28464:3d74b7] [com.apple.dt.xctest:Default] Preferring automation type 48 instead of legacy element type OTHER derived from class/trait: UILabel:UILabel 8590000128
2026-08-12 15:41:57.047 Df IlliniCover[28464:3d74b7] [com.apple.dt.xctest:Default] Preferring automation type 14 instead of legacy element type OTHER derived from class/trait: SwiftUI.AccessibilityNode:UIResponder 1108101562369
2026-08-12 15:41:57.047 E  IlliniCover[28464:3d74b7] [com.apple.dt.xctest:Default] Automation type mismatch; legacy system derived element type 9 from class SwiftUI.AccessibilityNode:UIResponder, traits 1108101562369, but AXAutomationType returned 14 which maps to 14
2026-08-12 15:41:57.047 Df IlliniCover[28464:3d74b7] [com.apple.dt.xctest:Default] StaticText is not actually a child of Button, including at this point anyway (rdar://problem/20738636)
2026-08-12 15:41:57.047 Df IlliniCover[28464:3d74b7] [com.apple.dt.xctest:Default] Image, identifier: 'chevron.down' is not actually a child of Button, including at this point anyway (rdar://problem/20738636)
2026-08-12 15:41:57.047 Df IlliniCover[28464:3d74b7] [com.apple.dt.xctest:Default] Button is not actually a child of Button, identifier: 'deal-timing-kind-picker', including at this point anyway (rdar://problem/20738636)
2026-08-12 15:41:57.047 Df IlliniCover[28464:3d74b7] [com.apple.dt.xctest:Default] Preferring automation type 14 instead of legacy element type OTHER derived from class/trait: SwiftUI.AccessibilityNode:UIResponder 1108101562369
2026-08-12 15:41:57.047 E  IlliniCover[28464:3d74b7] [com.apple.dt.xctest:Default] Automation type mismatch; legacy system derived element type 9 from class SwiftUI.AccessibilityNode:UIResponder, traits 1108101562369, but AXAutomationType returned 14 which maps to 14
2026-08-12 15:41:57.047 Df IlliniCover[28464:3d74b7] [com.apple.dt.xctest:Default] StaticText is not actually a child of Button, including at this point anyway (rdar://problem/20738636)
2026-08-12 15:41:57.047 Df IlliniCover[28464:3d74b7] [com.apple.dt.xctest:Default] Image, identifier: 'chevron.down' is not actually a child of Button, including at this point anyway (rdar://problem/20738636)
2026-08-12 15:41:57.047 Df IlliniCover[28464:3d74b7] [com.apple.dt.xctest:Default] Button is not actually a child of Button, identifier: 'deal-serving-picker', including at this point anyway (rdar://problem/20738636)
2026-08-12 15:41:57.047 Df IlliniCover[28464:3d74b7] [com.apple.dt.xctest:Default] App orientation is 0 (not portrait) and UITextEffectsWindow window Window is not main window
2026-08-12 15:41:57.047 Df IlliniCover[28464:3d74b7] [com.apple.dt.xctest:Default] Leaving frame unchanged for Window: either already correct or we can't detect it.
2026-08-12 15:41:57.047 Df IlliniCover[28464:3d74b7] [com.apple.dt.xctest:Default] App orientation is 0 (not portrait) and UIRemoteKeyboardWindow window Window is not main window
2026-08-12 15:41:57.047 Df IlliniCover[28464:3d74b7] [com.apple.dt.xctest:Default] Leaving frame unchanged for Window: either already correct or we can't detect it.
2026-08-12 15:41:57.048 Df IlliniCover[28464:3d74b7] [com.apple.dt.xctest:Default] Preferring automation type 20 instead of legacy element type OTHER derived from class/trait: UIAccessibilityElementKBKey:UIAccessibilityElement 8589934649
2026-08-12 15:41:57.048 E  IlliniCover[28464:3d74b7] [com.apple.dt.xctest:Default] Automation type mismatch; legacy system derived element type 9 from class UIAccessibilityElementKBKey:UIAccessibilityElement, traits 8589934649, but AXAutomationType returned 20 which maps to 20
2026-08-12 15:41:57.048 Df IlliniCover[28464:3d74b7] [com.apple.dt.xctest:Default] Preferring automation type 20 instead of legacy element type OTHER derived from class/trait: UIAccessibilityElementKBKey:UIAccessibilityElement 8589934641
2026-08-12 15:41:57.048 E  IlliniCover[28464:3d74b7] [com.apple.dt.xctest:Default] Automation type mismatch; legacy system derived element type 9 from class UIAccessibilityElementKBKey:UIAccessibilityElement, traits 8589934641, but AXAutomationType returned 20 which maps to 20
2026-08-12 15:41:57.048 Df IlliniCover[28464:3d74b7] [com.apple.dt.xctest:Default] Query  found matching snapshots: {(
    Application, pid: 28464
)} (error: (null))
2026-08-12 15:41:57.048 Df IlliniCover[28464:3d74b7] [com.apple.dt.xctest:Default] Replying to query  with results: <XCTElementQueryResults: 0x1221f0780> (error: (null))
2026-08-12 15:41:57.225 Df IlliniCover[28464:3d74b7] [com.apple.dt.xctest:Default] Received request to fetch matches for query:
2026-08-12 15:41:57.225 Df IlliniCover[28464:3d674f] [com.apple.dt.xctest:Default] Evaluating query:
2026-08-12 15:41:57.225 Df IlliniCover[28464:3d674f] [com.apple.dt.xctest:Default] Getting root element snapshot
2026-08-12 15:41:57.225 Df IlliniCover[28464:3d674f] [com.apple.dt.xctest:Default] Getting snapshot for App element pid: 28464 for query
2026-08-12 15:41:57.225 Df IlliniCover[28464:3d674f] [com.apple.dt.xctest:Default] Query requires iOS snapshot attributes .
2026-08-12 15:41:57.225 Df IlliniCover[28464:3d674f] [com.apple.dt.xctest:Default] XCTPerformOnMainRunLoop[not MT]: about to CFRunLoopPerform
2026-08-12 15:41:57.225 Df IlliniCover[28464:3d674f] [com.apple.dt.xctest:Default] XCTPerformOnMainRunLoop[not MT]: waiting with 30.00s responsiveness timeout
2026-08-12 15:41:57.225 Df IlliniCover[28464:3d570c] [com.apple.dt.xctest:Default] XCTPerformOnMainRunLoop[MT]: inside CFRunLoopPerform
2026-08-12 15:41:57.225 Df IlliniCover[28464:3d570c] [com.apple.dt.xctest:Default] XCTPerformOnMainRunLoop[MT]: MT responded in time (won the race to the busy flag)
2026-08-12 15:41:57.225 Df IlliniCover[28464:3d674f] [com.apple.dt.xctest:Default] XCTPerformOnMainRunLoop[not MT]: waiting 60.00s for work to complete
2026-08-12 15:41:57.225 Df IlliniCover[28464:3d570c] [com.apple.dt.xctest:Default] Got main window <AXUIElementRef 0x123b240f0> {pid=28464} {uid=[ID:4 hash:0x107a0c400]}
2026-08-12 15:41:57.225 Df IlliniCover[28464:3d570c] [com.apple.dt.xctest:Default] Capturing hierarchy with attributes XC_kAXXCAttributeElementType, XC_kAXXCAttributeElementBaseType, XC_kAXXCAttributeParent, XC_kAXXCAttributeIdentifier, XC_kAXXCAttributeAutomationType, XC_kAXXCAttributeTraits
2026-08-12 15:41:57.225 Df IlliniCover[28464:3d570c] [com.apple.dt.xctest:Default] Capturing hierarchy with parameters {
    attributes =     (
        5003,
        5004,
        5002,
        5019,
        5058,
        2004
    );
    maxArrayCount = 2147483647;
    maxChildren = 2147483647;
    maxDepth = 2147483647;
    snapshotKeyHonorModalViews = 0;
    traverseFromParentsToChildren = 1;
}
2026-08-12 15:41:57.225 Df IlliniCover[28464:3d570c] [com.apple.dt.xctest:Default] Snapshot attributes 5003, 5004, 5002, 5019, 5058, 2004
2026-08-12 15:41:57.320 Df IlliniCover[28464:3d570c] [com.apple.dt.xctest:Default] Got snapshot for <AXUIElementRef 0x11eaff420> {pid=28464} {uid=[ID:1 hash:0x0]}
2026-08-12 15:41:57.320 Df IlliniCover[28464:3d570c] [com.apple.dt.xctest:Default] Got app orientation 0
2026-08-12 15:41:57.320 Df IlliniCover[28464:3d570c] [com.apple.dt.xctest:Default] Captured accessibility snapshot data in 0.10s
2026-08-12 15:41:57.321 Df IlliniCover[28464:3d674f] [com.apple.dt.xctest:Default] Found main window: Window
2026-08-12 15:41:57.321 Df IlliniCover[28464:3d674f] [com.apple.dt.xctest:Default] Preferring automation type 48 instead of legacy element type OTHER derived from class/trait: UILabel:UILabel 8590000128
2026-08-12 15:41:57.322 Df IlliniCover[28464:3d674f] [com.apple.dt.xctest:Default] Preferring automation type 14 instead of legacy element type OTHER derived from class/trait: SwiftUI.AccessibilityNode:UIResponder 1108101562369
2026-08-12 15:41:57.322 E  IlliniCover[28464:3d674f] [com.apple.dt.xctest:Default] Automation type mismatch; legacy system derived element type 9 from class SwiftUI.AccessibilityNode:UIResponder, traits 1108101562369, but AXAutomationType returned 14 which maps to 14
2026-08-12 15:41:57.322 Df IlliniCover[28464:3d674f] [com.apple.dt.xctest:Default] StaticText is not actually a child of Button, including at this point anyway (rdar://problem/20738636)
2026-08-12 15:41:57.322 Df IlliniCover[28464:3d674f] [com.apple.dt.xctest:Default] Image, identifier: 'chevron.down' is not actually a child of Button, including at this point anyway (rdar://problem/20738636)
2026-08-12 15:41:57.322 Df IlliniCover[28464:3d674f] [com.apple.dt.xctest:Default] Button is not actually a child of Button, identifier: 'deal-timing-kind-picker', including at this point anyway (rdar://problem/20738636)
2026-08-12 15:41:57.322 Df IlliniCover[28464:3d674f] [com.apple.dt.xctest:Default] Preferring automation type 14 instead of legacy element type OTHER derived from class/trait: SwiftUI.AccessibilityNode:UIResponder 1108101562369
2026-08-12 15:41:57.322 E  IlliniCover[28464:3d674f] [com.apple.dt.xctest:Default] Automation type mismatch; legacy system derived element type 9 from class SwiftUI.AccessibilityNode:UIResponder, traits 1108101562369, but AXAutomationType returned 14 which maps to 14
2026-08-12 15:41:57.322 Df IlliniCover[28464:3d674f] [com.apple.dt.xctest:Default] StaticText is not actually a child of Button, including at this point anyway (rdar://problem/20738636)
2026-08-12 15:41:57.322 Df IlliniCover[28464:3d674f] [com.apple.dt.xctest:Default] Image, identifier: 'chevron.down' is not actually a child of Button, including at this point anyway (rdar://problem/20738636)
2026-08-12 15:41:57.322 Df IlliniCover[28464:3d674f] [com.apple.dt.xctest:Default] Button is not actually a child of Button, identifier: 'deal-serving-picker', including at this point anyway (rdar://problem/20738636)
2026-08-12 15:41:57.322 Df IlliniCover[28464:3d674f] [com.apple.dt.xctest:Default] App orientation is 0 (not portrait) and UITextEffectsWindow window Window is not main window
2026-08-12 15:41:57.322 Df IlliniCover[28464:3d674f] [com.apple.dt.xctest:Default] Leaving frame unchanged for Window: either already correct or we can't detect it.
2026-08-12 15:41:57.322 Df IlliniCover[28464:3d674f] [com.apple.dt.xctest:Default] App orientation is 0 (not portrait) and UIRemoteKeyboardWindow window Window is not main window
2026-08-12 15:41:57.322 Df IlliniCover[28464:3d674f] [com.apple.dt.xctest:Default] Leaving frame unchanged for Window: either already correct or we can't detect it.
2026-08-12 15:41:57.323 Df IlliniCover[28464:3d674f] [com.apple.dt.xctest:Default] Preferring automation type 20 instead of legacy element type OTHER derived from class/trait: UIAccessibilityElementKBKey:UIAccessibilityElement 8589934649
2026-08-12 15:41:57.323 E  IlliniCover[28464:3d674f] [com.apple.dt.xctest:Default] Automation type mismatch; legacy system derived element type 9 from class UIAccessibilityElementKBKey:UIAccessibilityElement, traits 8589934649, but AXAutomationType returned 20 which maps to 20
2026-08-12 15:41:57.323 Df IlliniCover[28464:3d674f] [com.apple.dt.xctest:Default] Preferring automation type 20 instead of legacy element type OTHER derived from class/trait: UIAccessibilityElementKBKey:UIAccessibilityElement 8589934641
2026-08-12 15:41:57.323 E  IlliniCover[28464:3d674f] [com.apple.dt.xctest:Default] Automation type mismatch; legacy system derived element type 9 from class UIAccessibilityElementKBKey:UIAccessibilityElement, traits 8589934641, but AXAutomationType returned 20 which maps to 20
2026-08-12 15:41:57.323 Df IlliniCover[28464:3d674f] [com.apple.dt.xctest:Default] Query  found matching snapshots: {(
    Application, pid: 28464
)} (error: (null))
2026-08-12 15:41:57.323 Df IlliniCover[28464:3d674f] [com.apple.dt.xctest:Default] Replying to query  with results: <XCTElementQueryResults: 0x1221f2790> (error: (null))
2026-08-12 15:41:57.506 Df IlliniCover[28464:3d674f] [com.apple.dt.xctest:Default] Received request to fetch matches for query:
2026-08-12 15:41:57.506 Df IlliniCover[28464:3d674f] [com.apple.dt.xctest:Default] Evaluating query:
2026-08-12 15:41:57.506 Df IlliniCover[28464:3d674f] [com.apple.dt.xctest:Default] Getting root element snapshot
2026-08-12 15:41:57.506 Df IlliniCover[28464:3d674f] [com.apple.dt.xctest:Default] Getting snapshot for App element pid: 28464 for query
2026-08-12 15:41:57.506 Df IlliniCover[28464:3d674f] [com.apple.dt.xctest:Default] Query requires iOS snapshot attributes .
2026-08-12 15:41:57.506 Df IlliniCover[28464:3d674f] [com.apple.dt.xctest:Default] XCTPerformOnMainRunLoop[not MT]: about to CFRunLoopPerform
2026-08-12 15:41:57.506 Df IlliniCover[28464:3d674f] [com.apple.dt.xctest:Default] XCTPerformOnMainRunLoop[not MT]: waiting with 30.00s responsiveness timeout
2026-08-12 15:41:57.506 Df IlliniCover[28464:3d570c] [com.apple.dt.xctest:Default] XCTPerformOnMainRunLoop[MT]: inside CFRunLoopPerform
2026-08-12 15:41:57.506 Df IlliniCover[28464:3d570c] [com.apple.dt.xctest:Default] XCTPerformOnMainRunLoop[MT]: MT responded in time (won the race to the busy flag)
2026-08-12 15:41:57.506 Df IlliniCover[28464:3d674f] [com.apple.dt.xctest:Default] XCTPerformOnMainRunLoop[not MT]: waiting 60.00s for work to complete
2026-08-12 15:41:57.507 Df IlliniCover[28464:3d570c] [com.apple.dt.xctest:Default] Got main window <AXUIElementRef 0x125ef00f0> {pid=28464} {uid=[ID:4 hash:0x107a0c400]}
2026-08-12 15:41:57.507 Df IlliniCover[28464:3d570c] [com.apple.dt.xctest:Default] Capturing hierarchy with attributes XC_kAXXCAttributeElementType, XC_kAXXCAttributeElementBaseType, XC_kAXXCAttributeParent, XC_kAXXCAttributeIdentifier, XC_kAXXCAttributeAutomationType, XC_kAXXCAttributeTraits
2026-08-12 15:41:57.507 Df IlliniCover[28464:3d570c] [com.apple.dt.xctest:Default] Capturing hierarchy with parameters {
    attributes =     (
        5003,
        5004,
        5002,
        5019,
        5058,
        2004
    );
    maxArrayCount = 2147483647;
    maxChildren = 2147483647;
    maxDepth = 2147483647;
    snapshotKeyHonorModalViews = 0;
    traverseFromParentsToChildren = 1;
}
2026-08-12 15:41:57.507 Df IlliniCover[28464:3d570c] [com.apple.dt.xctest:Default] Snapshot attributes 5003, 5004, 5002, 5019, 5058, 2004
2026-08-12 15:41:57.596 Df IlliniCover[28464:3d570c] [com.apple.dt.xctest:Default] Got snapshot for <AXUIElementRef 0x123a7be70> {pid=28464} {uid=[ID:1 hash:0x0]}
2026-08-12 15:41:57.596 Df IlliniCover[28464:3d570c] [com.apple.dt.xctest:Default] Got app orientation 0
2026-08-12 15:41:57.596 Df IlliniCover[28464:3d570c] [com.apple.dt.xctest:Default] Captured accessibility snapshot data in 0.09s
2026-08-12 15:41:57.597 Df IlliniCover[28464:3d674f] [com.apple.dt.xctest:Default] Found main window: Window
2026-08-12 15:41:57.597 Df IlliniCover[28464:3d674f] [com.apple.dt.xctest:Default] Preferring automation type 48 instead of legacy element type OTHER derived from class/trait: UILabel:UILabel 8590000128
2026-08-12 15:41:57.598 Df IlliniCover[28464:3d674f] [com.apple.dt.xctest:Default] Preferring automation type 14 instead of legacy element type OTHER derived from class/trait: SwiftUI.AccessibilityNode:UIResponder 1108101562369
2026-08-12 15:41:57.598 E  IlliniCover[28464:3d674f] [com.apple.dt.xctest:Default] Automation type mismatch; legacy system derived element type 9 from class SwiftUI.AccessibilityNode:UIResponder, traits 1108101562369, but AXAutomationType returned 14 which maps to 14
2026-08-12 15:41:57.598 Df IlliniCover[28464:3d674f] [com.apple.dt.xctest:Default] StaticText is not actually a child of Button, including at this point anyway (rdar://problem/20738636)
2026-08-12 15:41:57.598 Df IlliniCover[28464:3d674f] [com.apple.dt.xctest:Default] Image, identifier: 'chevron.down' is not actually a child of Button, including at this point anyway (rdar://problem/20738636)
2026-08-12 15:41:57.598 Df IlliniCover[28464:3d674f] [com.apple.dt.xctest:Default] Button is not actually a child of Button, identifier: 'deal-timing-kind-picker', including at this point anyway (rdar://problem/20738636)
2026-08-12 15:41:57.598 Df IlliniCover[28464:3d674f] [com.apple.dt.xctest:Default] Preferring automation type 14 instead of legacy element type OTHER derived from class/trait: SwiftUI.AccessibilityNode:UIResponder 1108101562369
2026-08-12 15:41:57.598 E  IlliniCover[28464:3d674f] [com.apple.dt.xctest:Default] Automation type mismatch; legacy system derived element type 9 from class SwiftUI.AccessibilityNode:UIResponder, traits 1108101562369, but AXAutomationType returned 14 which maps to 14
2026-08-12 15:41:57.598 Df IlliniCover[28464:3d674f] [com.apple.dt.xctest:Default] StaticText is not actually a child of Button, including at this point anyway (rdar://problem/20738636)
2026-08-12 15:41:57.598 Df IlliniCover[28464:3d674f] [com.apple.dt.xctest:Default] Image, identifier: 'chevron.down' is not actually a child of Button, including at this point anyway (rdar://problem/20738636)
2026-08-12 15:41:57.598 Df IlliniCover[28464:3d674f] [com.apple.dt.xctest:Default] Button is not actually a child of Button, identifier: 'deal-serving-picker', including at this point anyway (rdar://problem/20738636)
2026-08-12 15:41:57.598 Df IlliniCover[28464:3d674f] [com.apple.dt.xctest:Default] App orientation is 0 (not portrait) and UITextEffectsWindow window Window is not main window
2026-08-12 15:41:57.598 Df IlliniCover[28464:3d674f] [com.apple.dt.xctest:Default] Leaving frame unchanged for Window: either already correct or we can't detect it.
2026-08-12 15:41:57.598 Df IlliniCover[28464:3d674f] [com.apple.dt.xctest:Default] App orientation is 0 (not portrait) and UIRemoteKeyboardWindow window Window is not main window
2026-08-12 15:41:57.598 Df IlliniCover[28464:3d674f] [com.apple.dt.xctest:Default] Leaving frame unchanged for Window: either already correct or we can't detect it.
2026-08-12 15:41:57.599 Df IlliniCover[28464:3d674f] [com.apple.dt.xctest:Default] Preferring automation type 20 instead of legacy element type OTHER derived from class/trait: UIAccessibilityElementKBKey:UIAccessibilityElement 8589934649
2026-08-12 15:41:57.599 E  IlliniCover[28464:3d674f] [com.apple.dt.xctest:Default] Automation type mismatch; legacy system derived element type 9 from class UIAccessibilityElementKBKey:UIAccessibilityElement, traits 8589934649, but AXAutomationType returned 20 which maps to 20
2026-08-12 15:41:57.599 Df IlliniCover[28464:3d674f] [com.apple.dt.xctest:Default] Preferring automation type 20 instead of legacy element type OTHER derived from class/trait: UIAccessibilityElementKBKey:UIAccessibilityElement 8589934641
2026-08-12 15:41:57.599 E  IlliniCover[28464:3d674f] [com.apple.dt.xctest:Default] Automation type mismatch; legacy system derived element type 9 from class UIAccessibilityElementKBKey:UIAccessibilityElement, traits 8589934641, but AXAutomationType returned 20 which maps to 20
2026-08-12 15:41:57.599 Df IlliniCover[28464:3d674f] [com.apple.dt.xctest:Default] Query  found matching snapshots: {(
    Application, pid: 28464
)} (error: (null))
2026-08-12 15:41:57.599 Df IlliniCover[28464:3d674f] [com.apple.dt.xctest:Default] Replying to query  with results: <XCTElementQueryResults: 0x1221f3f60> (error: (null))
2026-08-12 15:41:57.771 Df IlliniCover[28464:3d674f] [com.apple.dt.xctest:Default] Received request to fetch matches for query:
2026-08-12 15:41:57.771 Df IlliniCover[28464:3d674f] [com.apple.dt.xctest:Default] Evaluating query:
2026-08-12 15:41:57.771 Df IlliniCover[28464:3d674f] [com.apple.dt.xctest:Default] Getting root element snapshot
2026-08-12 15:41:57.771 Df IlliniCover[28464:3d674f] [com.apple.dt.xctest:Default] Getting snapshot for App element pid: 28464 for query
2026-08-12 15:41:57.771 Df IlliniCover[28464:3d674f] [com.apple.dt.xctest:Default] Query requires iOS snapshot attributes .
2026-08-12 15:41:57.771 Df IlliniCover[28464:3d674f] [com.apple.dt.xctest:Default] XCTPerformOnMainRunLoop[not MT]: about to CFRunLoopPerform
2026-08-12 15:41:57.772 Df IlliniCover[28464:3d674f] [com.apple.dt.xctest:Default] XCTPerformOnMainRunLoop[not MT]: waiting with 30.00s responsiveness timeout
2026-08-12 15:41:57.772 Df IlliniCover[28464:3d570c] [com.apple.dt.xctest:Default] XCTPerformOnMainRunLoop[MT]: inside CFRunLoopPerform
2026-08-12 15:41:57.772 Df IlliniCover[28464:3d570c] [com.apple.dt.xctest:Default] XCTPerformOnMainRunLoop[MT]: MT responded in time (won the race to the busy flag)
2026-08-12 15:41:57.772 Df IlliniCover[28464:3d674f] [com.apple.dt.xctest:Default] XCTPerformOnMainRunLoop[not MT]: waiting 60.00s for work to complete
2026-08-12 15:41:57.772 Df IlliniCover[28464:3d570c] [com.apple.dt.xctest:Default] Got main window <AXUIElementRef 0x123b180f0> {pid=28464} {uid=[ID:4 hash:0x107a0c400]}
2026-08-12 15:41:57.772 Df IlliniCover[28464:3d570c] [com.apple.dt.xctest:Default] Capturing hierarchy with attributes XC_kAXXCAttributeElementType, XC_kAXXCAttributeElementBaseType, XC_kAXXCAttributeParent, XC_kAXXCAttributeIdentifier, XC_kAXXCAttributeAutomationType, XC_kAXXCAttributeTraits
2026-08-12 15:41:57.772 Df IlliniCover[28464:3d570c] [com.apple.dt.xctest:Default] Capturing hierarchy with parameters {
    attributes =     (
        5003,
        5004,
        5002,
        5019,
        5058,
        2004
    );
    maxArrayCount = 2147483647;
    maxChildren = 2147483647;
    maxDepth = 2147483647;
    snapshotKeyHonorModalViews = 0;
    traverseFromParentsToChildren = 1;
}
2026-08-12 15:41:57.772 Df IlliniCover[28464:3d570c] [com.apple.dt.xctest:Default] Snapshot attributes 5003, 5004, 5002, 5019, 5058, 2004
2026-08-12 15:41:57.860 Df IlliniCover[28464:3d570c] [com.apple.dt.xctest:Default] Got snapshot for <AXUIElementRef 0x123838300> {pid=28464} {uid=[ID:1 hash:0x0]}
2026-08-12 15:41:57.860 Df IlliniCover[28464:3d570c] [com.apple.dt.xctest:Default] Got app orientation 0
2026-08-12 15:41:57.860 Df IlliniCover[28464:3d570c] [com.apple.dt.xctest:Default] Captured accessibility snapshot data in 0.09s
2026-08-12 15:41:57.861 Df IlliniCover[28464:3d674f] [com.apple.dt.xctest:Default] Found main window: Window
2026-08-12 15:41:57.861 Df IlliniCover[28464:3d674f] [com.apple.dt.xctest:Default] Preferring automation type 48 instead of legacy element type OTHER derived from class/trait: UILabel:UILabel 8590000128
2026-08-12 15:41:57.862 Df IlliniCover[28464:3d674f] [com.apple.dt.xctest:Default] Preferring automation type 14 instead of legacy element type OTHER derived from class/trait: SwiftUI.AccessibilityNode:UIResponder 1108101562369
2026-08-12 15:41:57.862 E  IlliniCover[28464:3d674f] [com.apple.dt.xctest:Default] Automation type mismatch; legacy system derived element type 9 from class SwiftUI.AccessibilityNode:UIResponder, traits 1108101562369, but AXAutomationType returned 14 which maps to 14
2026-08-12 15:41:57.862 Df IlliniCover[28464:3d674f] [com.apple.dt.xctest:Default] StaticText is not actually a child of Button, including at this point anyway (rdar://problem/20738636)
2026-08-12 15:41:57.862 Df IlliniCover[28464:3d674f] [com.apple.dt.xctest:Default] Image, identifier: 'chevron.down' is not actually a child of Button, including at this point anyway (rdar://problem/20738636)
2026-08-12 15:41:57.862 Df IlliniCover[28464:3d674f] [com.apple.dt.xctest:Default] Button is not actually a child of Button, identifier: 'deal-timing-kind-picker', including at this point anyway (rdar://problem/20738636)
2026-08-12 15:41:57.862 Df IlliniCover[28464:3d674f] [com.apple.dt.xctest:Default] Preferring automation type 14 instead of legacy element type OTHER derived from class/trait: SwiftUI.AccessibilityNode:UIResponder 1108101562369
2026-08-12 15:41:57.862 E  IlliniCover[28464:3d674f] [com.apple.dt.xctest:Default] Automation type mismatch; legacy system derived element type 9 from class SwiftUI.AccessibilityNode:UIResponder, traits 1108101562369, but AXAutomationType returned 14 which maps to 14
2026-08-12 15:41:57.862 Df IlliniCover[28464:3d674f] [com.apple.dt.xctest:Default] StaticText is not actually a child of Button, including at this point anyway (rdar://problem/20738636)
2026-08-12 15:41:57.862 Df IlliniCover[28464:3d674f] [com.apple.dt.xctest:Default] Image, identifier: 'chevron.down' is not actually a child of Button, including at this point anyway (rdar://problem/20738636)
2026-08-12 15:41:57.862 Df IlliniCover[28464:3d674f] [com.apple.dt.xctest:Default] Button is not actually a child of Button, identifier: 'deal-serving-picker', including at this point anyway (rdar://problem/20738636)
2026-08-12 15:41:57.862 Df IlliniCover[28464:3d674f] [com.apple.dt.xctest:Default] App orientation is 0 (not portrait) and UITextEffectsWindow window Window is not main window
2026-08-12 15:41:57.862 Df IlliniCover[28464:3d674f] [com.apple.dt.xctest:Default] Leaving frame unchanged for Window: either already correct or we can't detect it.
2026-08-12 15:41:57.862 Df IlliniCover[28464:3d674f] [com.apple.dt.xctest:Default] App orientation is 0 (not portrait) and UIRemoteKeyboardWindow window Window is not main window
2026-08-12 15:41:57.862 Df IlliniCover[28464:3d674f] [com.apple.dt.xctest:Default] Leaving frame unchanged for Window: either already correct or we can't detect it.
2026-08-12 15:41:57.862 Df IlliniCover[28464:3d674f] [com.apple.dt.xctest:Default] Preferring automation type 20 instead of legacy element type OTHER derived from class/trait: UIAccessibilityElementKBKey:UIAccessibilityElement 8589934649
2026-08-12 15:41:57.862 E  IlliniCover[28464:3d674f] [com.apple.dt.xctest:Default] Automation type mismatch; legacy system derived element type 9 from class UIAccessibilityElementKBKey:UIAccessibilityElement, traits 8589934649, but AXAutomationType returned 20 which maps to 20
2026-08-12 15:41:57.863 Df IlliniCover[28464:3d674f] [com.apple.dt.xctest:Default] Preferring automation type 20 instead of legacy element type OTHER derived from class/trait: UIAccessibilityElementKBKey:UIAccessibilityElement 8589934641
2026-08-12 15:41:57.863 E  IlliniCover[28464:3d674f] [com.apple.dt.xctest:Default] Automation type mismatch; legacy system derived element type 9 from class UIAccessibilityElementKBKey:UIAccessibilityElement, traits 8589934641, but AXAutomationType returned 20 which maps to 20
2026-08-12 15:41:57.863 Df IlliniCover[28464:3d674f] [com.apple.dt.xctest:Default] Query  found matching snapshots: {(
    Application, pid: 28464
)} (error: (null))
2026-08-12 15:41:57.863 Df IlliniCover[28464:3d674f] [com.apple.dt.xctest:Default] Replying to query  with results: <XCTElementQueryResults: 0x1221f19b0> (error: (null))
2026-08-12 15:41:58.031 Df IlliniCover[28464:3d674f] [com.apple.dt.xctest:Default] Received request to fetch matches for query:
2026-08-12 15:41:58.031 Df IlliniCover[28464:3d674f] [com.apple.dt.xctest:Default] Evaluating query:
2026-08-12 15:41:58.031 Df IlliniCover[28464:3d674f] [com.apple.dt.xctest:Default] Getting root element snapshot
2026-08-12 15:41:58.031 Df IlliniCover[28464:3d674f] [com.apple.dt.xctest:Default] Getting snapshot for App element pid: 28464 for query
2026-08-12 15:41:58.031 Df IlliniCover[28464:3d674f] [com.apple.dt.xctest:Default] Query requires iOS snapshot attributes .
2026-08-12 15:41:58.031 Df IlliniCover[28464:3d674f] [com.apple.dt.xctest:Default] XCTPerformOnMainRunLoop[not MT]: about to CFRunLoopPerform
2026-08-12 15:41:58.031 Df IlliniCover[28464:3d674f] [com.apple.dt.xctest:Default] XCTPerformOnMainRunLoop[not MT]: waiting with 30.00s responsiveness timeout
2026-08-12 15:41:58.031 Df IlliniCover[28464:3d570c] [com.apple.dt.xctest:Default] XCTPerformOnMainRunLoop[MT]: inside CFRunLoopPerform
2026-08-12 15:41:58.031 Df IlliniCover[28464:3d570c] [com.apple.dt.xctest:Default] XCTPerformOnMainRunLoop[MT]: MT responded in time (won the race to the busy flag)
2026-08-12 15:41:58.031 Df IlliniCover[28464:3d674f] [com.apple.dt.xctest:Default] XCTPerformOnMainRunLoop[not MT]: waiting 60.00s for work to complete
2026-08-12 15:41:58.031 Df IlliniCover[28464:3d570c] [com.apple.dt.xctest:Default] Got main window <AXUIElementRef 0x123b300f0> {pid=28464} {uid=[ID:4 hash:0x107a0c400]}
2026-08-12 15:41:58.031 Df IlliniCover[28464:3d570c] [com.apple.dt.xctest:Default] Capturing hierarchy with attributes XC_kAXXCAttributeElementType, XC_kAXXCAttributeElementBaseType, XC_kAXXCAttributeParent, XC_kAXXCAttributeIdentifier, XC_kAXXCAttributeAutomationType, XC_kAXXCAttributeTraits
2026-08-12 15:41:58.031 Df IlliniCover[28464:3d570c] [com.apple.dt.xctest:Default] Capturing hierarchy with parameters {
    attributes =     (
        5003,
        5004,
        5002,
        5019,
        5058,
        2004
    );
    maxArrayCount = 2147483647;
    maxChildren = 2147483647;
    maxDepth = 2147483647;
    snapshotKeyHonorModalViews = 0;
    traverseFromParentsToChildren = 1;
}
2026-08-12 15:41:58.031 Df IlliniCover[28464:3d570c] [com.apple.dt.xctest:Default] Snapshot attributes 5003, 5004, 5002, 5019, 5058, 2004
2026-08-12 15:41:58.119 Df IlliniCover[28464:3d570c] [com.apple.dt.xctest:Default] Got snapshot for <AXUIElementRef 0x11eafd050> {pid=28464} {uid=[ID:1 hash:0x0]}
2026-08-12 15:41:58.120 Df IlliniCover[28464:3d570c] [com.apple.dt.xctest:Default] Got app orientation 0
2026-08-12 15:41:58.120 Df IlliniCover[28464:3d570c] [com.apple.dt.xctest:Default] Captured accessibility snapshot data in 0.09s
2026-08-12 15:41:58.120 Df IlliniCover[28464:3d674f] [com.apple.dt.xctest:Default] Found main window: Window
2026-08-12 15:41:58.120 Df IlliniCover[28464:3d674f] [com.apple.dt.xctest:Default] Preferring automation type 48 instead of legacy element type OTHER derived from class/trait: UILabel:UILabel 8590000128
2026-08-12 15:41:58.121 Df IlliniCover[28464:3d674f] [com.apple.dt.xctest:Default] Preferring automation type 14 instead of legacy element type OTHER derived from class/trait: SwiftUI.AccessibilityNode:UIResponder 1108101562369
2026-08-12 15:41:58.121 E  IlliniCover[28464:3d674f] [com.apple.dt.xctest:Default] Automation type mismatch; legacy system derived element type 9 from class SwiftUI.AccessibilityNode:UIResponder, traits 1108101562369, but AXAutomationType returned 14 which maps to 14
2026-08-12 15:41:58.121 Df IlliniCover[28464:3d674f] [com.apple.dt.xctest:Default] StaticText is not actually a child of Button, including at this point anyway (rdar://problem/20738636)
2026-08-12 15:41:58.121 Df IlliniCover[28464:3d674f] [com.apple.dt.xctest:Default] Image, identifier: 'chevron.down' is not actually a child of Button, including at this point anyway (rdar://problem/20738636)
2026-08-12 15:41:58.121 Df IlliniCover[28464:3d674f] [com.apple.dt.xctest:Default] Button is not actually a child of Button, identifier: 'deal-timing-kind-picker', including at this point anyway (rdar://problem/20738636)
2026-08-12 15:41:58.121 Df IlliniCover[28464:3d674f] [com.apple.dt.xctest:Default] Preferring automation type 14 instead of legacy element type OTHER derived from class/trait: SwiftUI.AccessibilityNode:UIResponder 1108101562369
2026-08-12 15:41:58.121 E  IlliniCover[28464:3d674f] [com.apple.dt.xctest:Default] Automation type mismatch; legacy system derived element type 9 from class SwiftUI.AccessibilityNode:UIResponder, traits 1108101562369, but AXAutomationType returned 14 which maps to 14
2026-08-12 15:41:58.121 Df IlliniCover[28464:3d674f] [com.apple.dt.xctest:Default] StaticText is not actually a child of Button, including at this point anyway (rdar://problem/20738636)
2026-08-12 15:41:58.121 Df IlliniCover[28464:3d674f] [com.apple.dt.xctest:Default] Image, identifier: 'chevron.down' is not actually a child of Button, including at this point anyway (rdar://problem/20738636)
2026-08-12 15:41:58.121 Df IlliniCover[28464:3d674f] [com.apple.dt.xctest:Default] Button is not actually a child of Button, identifier: 'deal-serving-picker', including at this point anyway (rdar://problem/20738636)
2026-08-12 15:41:58.121 Df IlliniCover[28464:3d674f] [com.apple.dt.xctest:Default] App orientation is 0 (not portrait) and UITextEffectsWindow window Window is not main window
2026-08-12 15:41:58.121 Df IlliniCover[28464:3d674f] [com.apple.dt.xctest:Default] Leaving frame unchanged for Window: either already correct or we can't detect it.
2026-08-12 15:41:58.121 Df IlliniCover[28464:3d674f] [com.apple.dt.xctest:Default] App orientation is 0 (not portrait) and UIRemoteKeyboardWindow window Window is not main window
2026-08-12 15:41:58.121 Df IlliniCover[28464:3d674f] [com.apple.dt.xctest:Default] Leaving frame unchanged for Window: either already correct or we can't detect it.
2026-08-12 15:41:58.121 Df IlliniCover[28464:3d674f] [com.apple.dt.xctest:Default] Preferring automation type 20 instead of legacy element type OTHER derived from class/trait: UIAccessibilityElementKBKey:UIAccessibilityElement 8589934649
2026-08-12 15:41:58.122 E  IlliniCover[28464:3d674f] [com.apple.dt.xctest:Default] Automation type mismatch; legacy system derived element type 9 from class UIAccessibilityElementKBKey:UIAccessibilityElement, traits 8589934649, but AXAutomationType returned 20 which maps to 20
2026-08-12 15:41:58.122 Df IlliniCover[28464:3d674f] [com.apple.dt.xctest:Default] Preferring automation type 20 instead of legacy element type OTHER derived from class/trait: UIAccessibilityElementKBKey:UIAccessibilityElement 8589934641
2026-08-12 15:41:58.122 E  IlliniCover[28464:3d674f] [com.apple.dt.xctest:Default] Automation type mismatch; legacy system derived element type 9 from class UIAccessibilityElementKBKey:UIAccessibilityElement, traits 8589934641, but AXAutomationType returned 20 which maps to 20
2026-08-12 15:41:58.122 Df IlliniCover[28464:3d674f] [com.apple.dt.xctest:Default] Query  found matching snapshots: {(
    Application, pid: 28464
)} (error: (null))
2026-08-12 15:41:58.122 Df IlliniCover[28464:3d674f] [com.apple.dt.xctest:Default] Replying to query  with results: <XCTElementQueryResults: 0x1221f3b70> (error: (null))
2026-08-12 15:41:58.291 Df IlliniCover[28464:3d674f] [com.apple.dt.xctest:Default] Received request to fetch matches for query:
2026-08-12 15:41:58.291 Df IlliniCover[28464:3d674f] [com.apple.dt.xctest:Default] Evaluating query:
2026-08-12 15:41:58.291 Df IlliniCover[28464:3d674f] [com.apple.dt.xctest:Default] Getting root element snapshot
2026-08-12 15:41:58.291 Df IlliniCover[28464:3d674f] [com.apple.dt.xctest:Default] Getting snapshot for App element pid: 28464 for query
2026-08-12 15:41:58.291 Df IlliniCover[28464:3d674f] [com.apple.dt.xctest:Default] Query requires iOS snapshot attributes .
2026-08-12 15:41:58.291 Df IlliniCover[28464:3d674f] [com.apple.dt.xctest:Default] XCTPerformOnMainRunLoop[not MT]: about to CFRunLoopPerform
2026-08-12 15:41:58.291 Df IlliniCover[28464:3d674f] [com.apple.dt.xctest:Default] XCTPerformOnMainRunLoop[not MT]: waiting with 30.00s responsiveness timeout
2026-08-12 15:41:58.291 Df IlliniCover[28464:3d570c] [com.apple.dt.xctest:Default] XCTPerformOnMainRunLoop[MT]: inside CFRunLoopPerform
2026-08-12 15:41:58.291 Df IlliniCover[28464:3d570c] [com.apple.dt.xctest:Default] XCTPerformOnMainRunLoop[MT]: MT responded in time (won the race to the busy flag)
2026-08-12 15:41:58.291 Df IlliniCover[28464:3d674f] [com.apple.dt.xctest:Default] XCTPerformOnMainRunLoop[not MT]: waiting 60.00s for work to complete
2026-08-12 15:41:58.291 Df IlliniCover[28464:3d570c] [com.apple.dt.xctest:Default] Got main window <AXUIElementRef 0x125eec0f0> {pid=28464} {uid=[ID:4 hash:0x107a0c400]}
2026-08-12 15:41:58.291 Df IlliniCover[28464:3d570c] [com.apple.dt.xctest:Default] Capturing hierarchy with attributes XC_kAXXCAttributeElementType, XC_kAXXCAttributeElementBaseType, XC_kAXXCAttributeParent, XC_kAXXCAttributeIdentifier, XC_kAXXCAttributeAutomationType, XC_kAXXCAttributeTraits
2026-08-12 15:41:58.291 Df IlliniCover[28464:3d570c] [com.apple.dt.xctest:Default] Capturing hierarchy with parameters {
    attributes =     (
        5003,
        5004,
        5002,
        5019,
        5058,
        2004
    );
    maxArrayCount = 2147483647;
    maxChildren = 2147483647;
    maxDepth = 2147483647;
    snapshotKeyHonorModalViews = 0;
    traverseFromParentsToChildren = 1;
}
2026-08-12 15:41:58.291 Df IlliniCover[28464:3d570c] [com.apple.dt.xctest:Default] Snapshot attributes 5003, 5004, 5002, 5019, 5058, 2004
2026-08-12 15:41:58.380 Df IlliniCover[28464:3d570c] [com.apple.dt.xctest:Default] Got snapshot for <AXUIElementRef 0x11f03f990> {pid=28464} {uid=[ID:1 hash:0x0]}
2026-08-12 15:41:58.380 Df IlliniCover[28464:3d570c] [com.apple.dt.xctest:Default] Got app orientation 0
2026-08-12 15:41:58.380 Df IlliniCover[28464:3d570c] [com.apple.dt.xctest:Default] Captured accessibility snapshot data in 0.09s
2026-08-12 15:41:58.381 Df IlliniCover[28464:3d674f] [com.apple.dt.xctest:Default] Found main window: Window
2026-08-12 15:41:58.381 Df IlliniCover[28464:3d674f] [com.apple.dt.xctest:Default] Preferring automation type 48 instead of legacy element type OTHER derived from class/trait: UILabel:UILabel 8590000128
2026-08-12 15:41:58.382 Df IlliniCover[28464:3d674f] [com.apple.dt.xctest:Default] Preferring automation type 14 instead of legacy element type OTHER derived from class/trait: SwiftUI.AccessibilityNode:UIResponder 1108101562369
2026-08-12 15:41:58.382 E  IlliniCover[28464:3d674f] [com.apple.dt.xctest:Default] Automation type mismatch; legacy system derived element type 9 from class SwiftUI.AccessibilityNode:UIResponder, traits 1108101562369, but AXAutomationType returned 14 which maps to 14
2026-08-12 15:41:58.382 Df IlliniCover[28464:3d674f] [com.apple.dt.xctest:Default] StaticText is not actually a child of Button, including at this point anyway (rdar://problem/20738636)
2026-08-12 15:41:58.382 Df IlliniCover[28464:3d674f] [com.apple.dt.xctest:Default] Image, identifier: 'chevron.down' is not actually a child of Button, including at this point anyway (rdar://problem/20738636)
2026-08-12 15:41:58.382 Df IlliniCover[28464:3d674f] [com.apple.dt.xctest:Default] Button is not actually a child of Button, identifier: 'deal-timing-kind-picker', including at this point anyway (rdar://problem/20738636)
2026-08-12 15:41:58.382 Df IlliniCover[28464:3d674f] [com.apple.dt.xctest:Default] Preferring automation type 14 instead of legacy element type OTHER derived from class/trait: SwiftUI.AccessibilityNode:UIResponder 1108101562369
2026-08-12 15:41:58.382 E  IlliniCover[28464:3d674f] [com.apple.dt.xctest:Default] Automation type mismatch; legacy system derived element type 9 from class SwiftUI.AccessibilityNode:UIResponder, traits 1108101562369, but AXAutomationType returned 14 which maps to 14
2026-08-12 15:41:58.382 Df IlliniCover[28464:3d674f] [com.apple.dt.xctest:Default] StaticText is not actually a child of Button, including at this point anyway (rdar://problem/20738636)
2026-08-12 15:41:58.382 Df IlliniCover[28464:3d674f] [com.apple.dt.xctest:Default] Image, identifier: 'chevron.down' is not actually a child of Button, including at this point anyway (rdar://problem/20738636)
2026-08-12 15:41:58.382 Df IlliniCover[28464:3d674f] [com.apple.dt.xctest:Default] Button is not actually a child of Button, identifier: 'deal-serving-picker', including at this point anyway (rdar://problem/20738636)
2026-08-12 15:41:58.382 Df IlliniCover[28464:3d674f] [com.apple.dt.xctest:Default] App orientation is 0 (not portrait) and UITextEffectsWindow window Window is not main window
2026-08-12 15:41:58.382 Df IlliniCover[28464:3d674f] [com.apple.dt.xctest:Default] Leaving frame unchanged for Window: either already correct or we can't detect it.
2026-08-12 15:41:58.382 Df IlliniCover[28464:3d674f] [com.apple.dt.xctest:Default] App orientation is 0 (not portrait) and UIRemoteKeyboardWindow window Window is not main window
2026-08-12 15:41:58.382 Df IlliniCover[28464:3d674f] [com.apple.dt.xctest:Default] Leaving frame unchanged for Window: either already correct or we can't detect it.
2026-08-12 15:41:58.383 Df IlliniCover[28464:3d674f] [com.apple.dt.xctest:Default] Preferring automation type 20 instead of legacy element type OTHER derived from class/trait: UIAccessibilityElementKBKey:UIAccessibilityElement 8589934649
2026-08-12 15:41:58.383 E  IlliniCover[28464:3d674f] [com.apple.dt.xctest:Default] Automation type mismatch; legacy system derived element type 9 from class UIAccessibilityElementKBKey:UIAccessibilityElement, traits 8589934649, but AXAutomationType returned 20 which maps to 20
2026-08-12 15:41:58.383 Df IlliniCover[28464:3d674f] [com.apple.dt.xctest:Default] Preferring automation type 20 instead of legacy element type OTHER derived from class/trait: UIAccessibilityElementKBKey:UIAccessibilityElement 8589934641
2026-08-12 15:41:58.383 E  IlliniCover[28464:3d674f] [com.apple.dt.xctest:Default] Automation type mismatch; legacy system derived element type 9 from class UIAccessibilityElementKBKey:UIAccessibilityElement, traits 8589934641, but AXAutomationType returned 20 which maps to 20
2026-08-12 15:41:58.383 Df IlliniCover[28464:3d674f] [com.apple.dt.xctest:Default] Query  found matching snapshots: {(
    Application, pid: 28464
)} (error: (null))
2026-08-12 15:41:58.383 Df IlliniCover[28464:3d674f] [com.apple.dt.xctest:Default] Replying to query  with results: <XCTElementQueryResults: 0x1221f0780> (error: (null))
2026-08-12 15:41:58.558 Df IlliniCover[28464:3d674f] [com.apple.dt.xctest:Default] Received request to fetch matches for query:
2026-08-12 15:41:58.558 Df IlliniCover[28464:3d74b7] [com.apple.dt.xctest:Default] Evaluating query:
2026-08-12 15:41:58.558 Df IlliniCover[28464:3d74b7] [com.apple.dt.xctest:Default] Getting root element snapshot
2026-08-12 15:41:58.558 Df IlliniCover[28464:3d74b7] [com.apple.dt.xctest:Default] Getting snapshot for App element pid: 28464 for query
2026-08-12 15:41:58.558 Df IlliniCover[28464:3d74b7] [com.apple.dt.xctest:Default] Query requires iOS snapshot attributes .
2026-08-12 15:41:58.558 Df IlliniCover[28464:3d74b7] [com.apple.dt.xctest:Default] XCTPerformOnMainRunLoop[not MT]: about to CFRunLoopPerform
2026-08-12 15:41:58.558 Df IlliniCover[28464:3d74b7] [com.apple.dt.xctest:Default] XCTPerformOnMainRunLoop[not MT]: waiting with 30.00s responsiveness timeout
2026-08-12 15:41:58.558 Df IlliniCover[28464:3d570c] [com.apple.dt.xctest:Default] XCTPerformOnMainRunLoop[MT]: inside CFRunLoopPerform
2026-08-12 15:41:58.558 Df IlliniCover[28464:3d570c] [com.apple.dt.xctest:Default] XCTPerformOnMainRunLoop[MT]: MT responded in time (won the race to the busy flag)
2026-08-12 15:41:58.558 Df IlliniCover[28464:3d74b7] [com.apple.dt.xctest:Default] XCTPerformOnMainRunLoop[not MT]: waiting 60.00s for work to complete
2026-08-12 15:41:58.559 Df IlliniCover[28464:3d570c] [com.apple.dt.xctest:Default] Got main window <AXUIElementRef 0x123b0c0f0> {pid=28464} {uid=[ID:4 hash:0x107a0c400]}
2026-08-12 15:41:58.559 Df IlliniCover[28464:3d570c] [com.apple.dt.xctest:Default] Capturing hierarchy with attributes XC_kAXXCAttributeElementType, XC_kAXXCAttributeElementBaseType, XC_kAXXCAttributeParent, XC_kAXXCAttributeIdentifier, XC_kAXXCAttributeAutomationType, XC_kAXXCAttributeTraits
2026-08-12 15:41:58.559 Df IlliniCover[28464:3d570c] [com.apple.dt.xctest:Default] Capturing hierarchy with parameters {
    attributes =     (
        5003,
        5004,
        5002,
        5019,
        5058,
        2004
    );
    maxArrayCount = 2147483647;
    maxChildren = 2147483647;
    maxDepth = 2147483647;
    snapshotKeyHonorModalViews = 0;
    traverseFromParentsToChildren = 1;
}
2026-08-12 15:41:58.559 Df IlliniCover[28464:3d570c] [com.apple.dt.xctest:Default] Snapshot attributes 5003, 5004, 5002, 5019, 5058, 2004
2026-08-12 15:41:58.653 Df IlliniCover[28464:3d570c] [com.apple.dt.xctest:Default] Got snapshot for <AXUIElementRef 0x11eb9d080> {pid=28464} {uid=[ID:1 hash:0x0]}
2026-08-12 15:41:58.653 Df IlliniCover[28464:3d570c] [com.apple.dt.xctest:Default] Got app orientation 0
2026-08-12 15:41:58.653 Df IlliniCover[28464:3d570c] [com.apple.dt.xctest:Default] Captured accessibility snapshot data in 0.09s
2026-08-12 15:41:58.653 Df IlliniCover[28464:3d74b7] [com.apple.dt.xctest:Default] Found main window: Window
2026-08-12 15:41:58.653 Df IlliniCover[28464:3d74b7] [com.apple.dt.xctest:Default] Preferring automation type 48 instead of legacy element type OTHER derived from class/trait: UILabel:UILabel 8590000128
2026-08-12 15:41:58.654 Df IlliniCover[28464:3d74b7] [com.apple.dt.xctest:Default] Preferring automation type 14 instead of legacy element type OTHER derived from class/trait: SwiftUI.AccessibilityNode:UIResponder 1108101562369
2026-08-12 15:41:58.654 E  IlliniCover[28464:3d74b7] [com.apple.dt.xctest:Default] Automation type mismatch; legacy system derived element type 9 from class SwiftUI.AccessibilityNode:UIResponder, traits 1108101562369, but AXAutomationType returned 14 which maps to 14
2026-08-12 15:41:58.654 Df IlliniCover[28464:3d74b7] [com.apple.dt.xctest:Default] StaticText is not actually a child of Button, including at this point anyway (rdar://problem/20738636)
2026-08-12 15:41:58.654 Df IlliniCover[28464:3d74b7] [com.apple.dt.xctest:Default] Image, identifier: 'chevron.down' is not actually a child of Button, including at this point anyway (rdar://problem/20738636)
2026-08-12 15:41:58.654 Df IlliniCover[28464:3d74b7] [com.apple.dt.xctest:Default] Button is not actually a child of Button, identifier: 'deal-timing-kind-picker', including at this point anyway (rdar://problem/20738636)
2026-08-12 15:41:58.654 Df IlliniCover[28464:3d74b7] [com.apple.dt.xctest:Default] Preferring automation type 14 instead of legacy element type OTHER derived from class/trait: SwiftUI.AccessibilityNode:UIResponder 1108101562369
2026-08-12 15:41:58.654 E  IlliniCover[28464:3d74b7] [com.apple.dt.xctest:Default] Automation type mismatch; legacy system derived element type 9 from class SwiftUI.AccessibilityNode:UIResponder, traits 1108101562369, but AXAutomationType returned 14 which maps to 14
2026-08-12 15:41:58.654 Df IlliniCover[28464:3d74b7] [com.apple.dt.xctest:Default] StaticText is not actually a child of Button, including at this point anyway (rdar://problem/20738636)
2026-08-12 15:41:58.654 Df IlliniCover[28464:3d74b7] [com.apple.dt.xctest:Default] Image, identifier: 'chevron.down' is not actually a child of Button, including at this point anyway (rdar://problem/20738636)
2026-08-12 15:41:58.654 Df IlliniCover[28464:3d74b7] [com.apple.dt.xctest:Default] Button is not actually a child of Button, identifier: 'deal-serving-picker', including at this point anyway (rdar://problem/20738636)
2026-08-12 15:41:58.655 Df IlliniCover[28464:3d74b7] [com.apple.dt.xctest:Default] App orientation is 0 (not portrait) and UITextEffectsWindow window Window is not main window
2026-08-12 15:41:58.655 Df IlliniCover[28464:3d74b7] [com.apple.dt.xctest:Default] Leaving frame unchanged for Window: either already correct or we can't detect it.
2026-08-12 15:41:58.655 Df IlliniCover[28464:3d74b7] [com.apple.dt.xctest:Default] App orientation is 0 (not portrait) and UIRemoteKeyboardWindow window Window is not main window
2026-08-12 15:41:58.655 Df IlliniCover[28464:3d74b7] [com.apple.dt.xctest:Default] Leaving frame unchanged for Window: either already correct or we can't detect it.
2026-08-12 15:41:58.655 Df IlliniCover[28464:3d74b7] [com.apple.dt.xctest:Default] Preferring automation type 20 instead of legacy element type OTHER derived from class/trait: UIAccessibilityElementKBKey:UIAccessibilityElement 8589934649
2026-08-12 15:41:58.655 E  IlliniCover[28464:3d74b7] [com.apple.dt.xctest:Default] Automation type mismatch; legacy system derived element type 9 from class UIAccessibilityElementKBKey:UIAccessibilityElement, traits 8589934649, but AXAutomationType returned 20 which maps to 20
2026-08-12 15:41:58.655 Df IlliniCover[28464:3d74b7] [com.apple.dt.xctest:Default] Preferring automation type 20 instead of legacy element type OTHER derived from class/trait: UIAccessibilityElementKBKey:UIAccessibilityElement 8589934641
2026-08-12 15:41:58.655 E  IlliniCover[28464:3d74b7] [com.apple.dt.xctest:Default] Automation type mismatch; legacy system derived element type 9 from class UIAccessibilityElementKBKey:UIAccessibilityElement, traits 8589934641, but AXAutomationType returned 20 which maps to 20
2026-08-12 15:41:58.656 Df IlliniCover[28464:3d74b7] [com.apple.dt.xctest:Default] Query  found matching snapshots: {(
    Application, pid: 28464
)} (error: (null))
2026-08-12 15:41:58.656 Df IlliniCover[28464:3d74b7] [com.apple.dt.xctest:Default] Replying to query  with results: <XCTElementQueryResults: 0x1221f2790> (error: (null))
2026-08-12 15:41:58.836 Df IlliniCover[28464:3d74b7] [com.apple.dt.xctest:Default] Received request to fetch matches for query:
2026-08-12 15:41:58.836 Df IlliniCover[28464:3d674f] [com.apple.dt.xctest:Default] Evaluating query:
2026-08-12 15:41:58.836 Df IlliniCover[28464:3d674f] [com.apple.dt.xctest:Default] Getting root element snapshot
2026-08-12 15:41:58.836 Df IlliniCover[28464:3d674f] [com.apple.dt.xctest:Default] Getting snapshot for App element pid: 28464 for query
2026-08-12 15:41:58.836 Df IlliniCover[28464:3d674f] [com.apple.dt.xctest:Default] Query requires iOS snapshot attributes .
2026-08-12 15:41:58.836 Df IlliniCover[28464:3d674f] [com.apple.dt.xctest:Default] XCTPerformOnMainRunLoop[not MT]: about to CFRunLoopPerform
2026-08-12 15:41:58.836 Df IlliniCover[28464:3d674f] [com.apple.dt.xctest:Default] XCTPerformOnMainRunLoop[not MT]: waiting with 30.00s responsiveness timeout
2026-08-12 15:41:58.836 Df IlliniCover[28464:3d570c] [com.apple.dt.xctest:Default] XCTPerformOnMainRunLoop[MT]: inside CFRunLoopPerform
2026-08-12 15:41:58.836 Df IlliniCover[28464:3d570c] [com.apple.dt.xctest:Default] XCTPerformOnMainRunLoop[MT]: MT responded in time (won the race to the busy flag)
2026-08-12 15:41:58.836 Df IlliniCover[28464:3d674f] [com.apple.dt.xctest:Default] XCTPerformOnMainRunLoop[not MT]: waiting 60.00s for work to complete
2026-08-12 15:41:58.837 Df IlliniCover[28464:3d570c] [com.apple.dt.xctest:Default] Got main window <AXUIElementRef 0x123b3c0f0> {pid=28464} {uid=[ID:4 hash:0x107a0c400]}
2026-08-12 15:41:58.837 Df IlliniCover[28464:3d570c] [com.apple.dt.xctest:Default] Capturing hierarchy with attributes XC_kAXXCAttributeElementType, XC_kAXXCAttributeElementBaseType, XC_kAXXCAttributeParent, XC_kAXXCAttributeIdentifier, XC_kAXXCAttributeAutomationType, XC_kAXXCAttributeTraits
2026-08-12 15:41:58.837 Df IlliniCover[28464:3d570c] [com.apple.dt.xctest:Default] Capturing hierarchy with parameters {
    attributes =     (
        5003,
        5004,
        5002,
        5019,
        5058,
        2004
    );
    maxArrayCount = 2147483647;
    maxChildren = 2147483647;
    maxDepth = 2147483647;
    snapshotKeyHonorModalViews = 0;
    traverseFromParentsToChildren = 1;
}
2026-08-12 15:41:58.837 Df IlliniCover[28464:3d570c] [com.apple.dt.xctest:Default] Snapshot attributes 5003, 5004, 5002, 5019, 5058, 2004
2026-08-12 15:41:58.939 Df IlliniCover[28464:3d570c] [com.apple.dt.xctest:Default] Got snapshot for <AXUIElementRef 0x11f07c630> {pid=28464} {uid=[ID:1 hash:0x0]}
2026-08-12 15:41:58.939 Df IlliniCover[28464:3d570c] [com.apple.dt.xctest:Default] Got app orientation 0
2026-08-12 15:41:58.939 Df IlliniCover[28464:3d570c] [com.apple.dt.xctest:Default] Captured accessibility snapshot data in 0.10s
2026-08-12 15:41:58.939 Df IlliniCover[28464:3d674f] [com.apple.dt.xctest:Default] Found main window: Window
2026-08-12 15:41:58.940 Df IlliniCover[28464:3d674f] [com.apple.dt.xctest:Default] Preferring automation type 48 instead of legacy element type OTHER derived from class/trait: UILabel:UILabel 8590000128
2026-08-12 15:41:58.941 Df IlliniCover[28464:3d674f] [com.apple.dt.xctest:Default] Preferring automation type 14 instead of legacy element type OTHER derived from class/trait: SwiftUI.AccessibilityNode:UIResponder 1108101562369
2026-08-12 15:41:58.941 E  IlliniCover[28464:3d674f] [com.apple.dt.xctest:Default] Automation type mismatch; legacy system derived element type 9 from class SwiftUI.AccessibilityNode:UIResponder, traits 1108101562369, but AXAutomationType returned 14 which maps to 14
2026-08-12 15:41:58.941 Df IlliniCover[28464:3d674f] [com.apple.dt.xctest:Default] StaticText is not actually a child of Button, including at this point anyway (rdar://problem/20738636)
2026-08-12 15:41:58.941 Df IlliniCover[28464:3d674f] [com.apple.dt.xctest:Default] Image, identifier: 'chevron.down' is not actually a child of Button, including at this point anyway (rdar://problem/20738636)
2026-08-12 15:41:58.941 Df IlliniCover[28464:3d674f] [com.apple.dt.xctest:Default] Button is not actually a child of Button, identifier: 'deal-timing-kind-picker', including at this point anyway (rdar://problem/20738636)
2026-08-12 15:41:58.941 Df IlliniCover[28464:3d674f] [com.apple.dt.xctest:Default] Preferring automation type 14 instead of legacy element type OTHER derived from class/trait: SwiftUI.AccessibilityNode:UIResponder 1108101562369
2026-08-12 15:41:58.941 E  IlliniCover[28464:3d674f] [com.apple.dt.xctest:Default] Automation type mismatch; legacy system derived element type 9 from class SwiftUI.AccessibilityNode:UIResponder, traits 1108101562369, but AXAutomationType returned 14 which maps to 14
2026-08-12 15:41:58.941 Df IlliniCover[28464:3d674f] [com.apple.dt.xctest:Default] StaticText is not actually a child of Button, including at this point anyway (rdar://problem/20738636)
2026-08-12 15:41:58.941 Df IlliniCover[28464:3d674f] [com.apple.dt.xctest:Default] Image, identifier: 'chevron.down' is not actually a child of Button, including at this point anyway (rdar://problem/20738636)
2026-08-12 15:41:58.941 Df IlliniCover[28464:3d674f] [com.apple.dt.xctest:Default] Button is not actually a child of Button, identifier: 'deal-serving-picker', including at this point anyway (rdar://problem/20738636)
2026-08-12 15:41:58.941 Df IlliniCover[28464:3d674f] [com.apple.dt.xctest:Default] App orientation is 0 (not portrait) and UITextEffectsWindow window Window is not main window
2026-08-12 15:41:58.941 Df IlliniCover[28464:3d674f] [com.apple.dt.xctest:Default] Leaving frame unchanged for Window: either already correct or we can't detect it.
2026-08-12 15:41:58.942 Df IlliniCover[28464:3d674f] [com.apple.dt.xctest:Default] App orientation is 0 (not portrait) and UIRemoteKeyboardWindow window Window is not main window
2026-08-12 15:41:58.942 Df IlliniCover[28464:3d674f] [com.apple.dt.xctest:Default] Leaving frame unchanged for Window: either already correct or we can't detect it.
2026-08-12 15:41:58.942 Df IlliniCover[28464:3d674f] [com.apple.dt.xctest:Default] Preferring automation type 20 instead of legacy element type OTHER derived from class/trait: UIAccessibilityElementKBKey:UIAccessibilityElement 8589934649
2026-08-12 15:41:58.942 E  IlliniCover[28464:3d674f] [com.apple.dt.xctest:Default] Automation type mismatch; legacy system derived element type 9 from class UIAccessibilityElementKBKey:UIAccessibilityElement, traits 8589934649, but AXAutomationType returned 20 which maps to 20
2026-08-12 15:41:58.942 Df IlliniCover[28464:3d674f] [com.apple.dt.xctest:Default] Preferring automation type 20 instead of legacy element type OTHER derived from class/trait: UIAccessibilityElementKBKey:UIAccessibilityElement 8589934641
2026-08-12 15:41:58.942 E  IlliniCover[28464:3d674f] [com.apple.dt.xctest:Default] Automation type mismatch; legacy system derived element type 9 from class UIAccessibilityElementKBKey:UIAccessibilityElement, traits 8589934641, but AXAutomationType returned 20 which maps to 20
2026-08-12 15:41:58.943 Df IlliniCover[28464:3d674f] [com.apple.dt.xctest:Default] Query  found matching snapshots: {(
    Application, pid: 28464
)} (error: (null))
2026-08-12 15:41:58.944 Df IlliniCover[28464:3d674f] [com.apple.dt.xctest:Default] Replying to query  with results: <XCTElementQueryResults: 0x1221f3f60> (error: (null))
2026-08-12 15:41:59.189 Df IlliniCover[28464:3d674f] [com.apple.dt.xctest:Default] Received request to fetch matches for query:
2026-08-12 15:41:59.189 Df IlliniCover[28464:3d674f] [com.apple.dt.xctest:Default] Evaluating query:
2026-08-12 15:41:59.189 Df IlliniCover[28464:3d674f] [com.apple.dt.xctest:Default] Getting root element snapshot
2026-08-12 15:41:59.189 Df IlliniCover[28464:3d674f] [com.apple.dt.xctest:Default] Getting snapshot for App element pid: 28464 for query
2026-08-12 15:41:59.189 Df IlliniCover[28464:3d674f] [com.apple.dt.xctest:Default] Query requires iOS snapshot attributes .
2026-08-12 15:41:59.189 Df IlliniCover[28464:3d674f] [com.apple.dt.xctest:Default] XCTPerformOnMainRunLoop[not MT]: about to CFRunLoopPerform
2026-08-12 15:41:59.189 Df IlliniCover[28464:3d674f] [com.apple.dt.xctest:Default] XCTPerformOnMainRunLoop[not MT]: waiting with 30.00s responsiveness timeout
2026-08-12 15:41:59.189 Df IlliniCover[28464:3d570c] [com.apple.dt.xctest:Default] XCTPerformOnMainRunLoop[MT]: inside CFRunLoopPerform
2026-08-12 15:41:59.189 Df IlliniCover[28464:3d570c] [com.apple.dt.xctest:Default] XCTPerformOnMainRunLoop[MT]: MT responded in time (won the race to the busy flag)
2026-08-12 15:41:59.189 Df IlliniCover[28464:3d674f] [com.apple.dt.xctest:Default] XCTPerformOnMainRunLoop[not MT]: waiting 60.00s for work to complete
2026-08-12 15:41:59.190 Df IlliniCover[28464:3d570c] [com.apple.dt.xctest:Default] Got main window <AXUIElementRef 0x125f440f0> {pid=28464} {uid=[ID:4 hash:0x107a0c400]}
2026-08-12 15:41:59.190 Df IlliniCover[28464:3d570c] [com.apple.dt.xctest:Default] Capturing hierarchy with attributes XC_kAXXCAttributeElementType, XC_kAXXCAttributeElementBaseType, XC_kAXXCAttributeParent, XC_kAXXCAttributeIdentifier, XC_kAXXCAttributeAutomationType, XC_kAXXCAttributeTraits
2026-08-12 15:41:59.190 Df IlliniCover[28464:3d570c] [com.apple.dt.xctest:Default] Capturing hierarchy with parameters {
    attributes =     (
        5003,
        5004,
        5002,
        5019,
        5058,
        2004
    );
    maxArrayCount = 2147483647;
    maxChildren = 2147483647;
    maxDepth = 2147483647;
    snapshotKeyHonorModalViews = 0;
    traverseFromParentsToChildren = 1;
}
2026-08-12 15:41:59.190 Df IlliniCover[28464:3d570c] [com.apple.dt.xctest:Default] Snapshot attributes 5003, 5004, 5002, 5019, 5058, 2004
2026-08-12 15:41:59.288 Df IlliniCover[28464:3d570c] [com.apple.dt.xctest:Default] Got snapshot for <AXUIElementRef 0x11eb2e670> {pid=28464} {uid=[ID:1 hash:0x0]}
2026-08-12 15:41:59.288 Df IlliniCover[28464:3d570c] [com.apple.dt.xctest:Default] Got app orientation 0
2026-08-12 15:41:59.288 Df IlliniCover[28464:3d570c] [com.apple.dt.xctest:Default] Captured accessibility snapshot data in 0.10s
2026-08-12 15:41:59.288 Df IlliniCover[28464:3d674f] [com.apple.dt.xctest:Default] Found main window: Window
2026-08-12 15:41:59.289 Df IlliniCover[28464:3d674f] [com.apple.dt.xctest:Default] Preferring automation type 48 instead of legacy element type OTHER derived from class/trait: UILabel:UILabel 8590000128
2026-08-12 15:41:59.290 Df IlliniCover[28464:3d674f] [com.apple.dt.xctest:Default] Preferring automation type 14 instead of legacy element type OTHER derived from class/trait: SwiftUI.AccessibilityNode:UIResponder 1108101562369
2026-08-12 15:41:59.290 E  IlliniCover[28464:3d674f] [com.apple.dt.xctest:Default] Automation type mismatch; legacy system derived element type 9 from class SwiftUI.AccessibilityNode:UIResponder, traits 1108101562369, but AXAutomationType returned 14 which maps to 14
2026-08-12 15:41:59.290 Df IlliniCover[28464:3d674f] [com.apple.dt.xctest:Default] StaticText is not actually a child of Button, including at this point anyway (rdar://problem/20738636)
2026-08-12 15:41:59.290 Df IlliniCover[28464:3d674f] [com.apple.dt.xctest:Default] Image, identifier: 'chevron.down' is not actually a child of Button, including at this point anyway (rdar://problem/20738636)
2026-08-12 15:41:59.290 Df IlliniCover[28464:3d674f] [com.apple.dt.xctest:Default] Button is not actually a child of Button, identifier: 'deal-timing-kind-picker', including at this point anyway (rdar://problem/20738636)
2026-08-12 15:41:59.290 Df IlliniCover[28464:3d674f] [com.apple.dt.xctest:Default] Preferring automation type 14 instead of legacy element type OTHER derived from class/trait: SwiftUI.AccessibilityNode:UIResponder 1108101562369
2026-08-12 15:41:59.290 E  IlliniCover[28464:3d674f] [com.apple.dt.xctest:Default] Automation type mismatch; legacy system derived element type 9 from class SwiftUI.AccessibilityNode:UIResponder, traits 1108101562369, but AXAutomationType returned 14 which maps to 14
2026-08-12 15:41:59.290 Df IlliniCover[28464:3d674f] [com.apple.dt.xctest:Default] StaticText is not actually a child of Button, including at this point anyway (rdar://problem/20738636)
2026-08-12 15:41:59.290 Df IlliniCover[28464:3d674f] [com.apple.dt.xctest:Default] Image, identifier: 'chevron.down' is not actually a child of Button, including at this point anyway (rdar://problem/20738636)
2026-08-12 15:41:59.290 Df IlliniCover[28464:3d674f] [com.apple.dt.xctest:Default] Button is not actually a child of Button, identifier: 'deal-serving-picker', including at this point anyway (rdar://problem/20738636)
2026-08-12 15:41:59.291 Df IlliniCover[28464:3d674f] [com.apple.dt.xctest:Default] App orientation is 0 (not portrait) and UITextEffectsWindow window Window is not main window
2026-08-12 15:41:59.291 Df IlliniCover[28464:3d674f] [com.apple.dt.xctest:Default] Leaving frame unchanged for Window: either already correct or we can't detect it.
2026-08-12 15:41:59.291 Df IlliniCover[28464:3d674f] [com.apple.dt.xctest:Default] App orientation is 0 (not portrait) and UIRemoteKeyboardWindow window Window is not main window
2026-08-12 15:41:59.291 Df IlliniCover[28464:3d674f] [com.apple.dt.xctest:Default] Leaving frame unchanged for Window: either already correct or we can't detect it.
2026-08-12 15:41:59.291 Df IlliniCover[28464:3d674f] [com.apple.dt.xctest:Default] Preferring automation type 20 instead of legacy element type OTHER derived from class/trait: UIAccessibilityElementKBKey:UIAccessibilityElement 8589934649
2026-08-12 15:41:59.291 E  IlliniCover[28464:3d674f] [com.apple.dt.xctest:Default] Automation type mismatch; legacy system derived element type 9 from class UIAccessibilityElementKBKey:UIAccessibilityElement, traits 8589934649, but AXAutomationType returned 20 which maps to 20
2026-08-12 15:41:59.291 Df IlliniCover[28464:3d674f] [com.apple.dt.xctest:Default] Preferring automation type 20 instead of legacy element type OTHER derived from class/trait: UIAccessibilityElementKBKey:UIAccessibilityElement 8589934641
2026-08-12 15:41:59.291 E  IlliniCover[28464:3d674f] [com.apple.dt.xctest:Default] Automation type mismatch; legacy system derived element type 9 from class UIAccessibilityElementKBKey:UIAccessibilityElement, traits 8589934641, but AXAutomationType returned 20 which maps to 20
2026-08-12 15:41:59.291 Df IlliniCover[28464:3d674f] [com.apple.dt.xctest:Default] Query  found matching snapshots: {(
    Application, pid: 28464
)} (error: (null))
2026-08-12 15:41:59.292 Df IlliniCover[28464:3d674f] [com.apple.dt.xctest:Default] Replying to query  with results: <XCTElementQueryResults: 0x1221f19b0> (error: (null))
2026-08-12 15:41:59.487 Df IlliniCover[28464:3d674f] [com.apple.dt.xctest:Default] Received request to fetch matches for query:
2026-08-12 15:41:59.487 Df IlliniCover[28464:3d674f] [com.apple.dt.xctest:Default] Evaluating query:
2026-08-12 15:41:59.487 Df IlliniCover[28464:3d674f] [com.apple.dt.xctest:Default] Getting root element snapshot
2026-08-12 15:41:59.487 Df IlliniCover[28464:3d674f] [com.apple.dt.xctest:Default] Getting snapshot for App element pid: 28464 for query
2026-08-12 15:41:59.487 Df IlliniCover[28464:3d674f] [com.apple.dt.xctest:Default] Query requires iOS snapshot attributes .
2026-08-12 15:41:59.487 Df IlliniCover[28464:3d674f] [com.apple.dt.xctest:Default] XCTPerformOnMainRunLoop[not MT]: about to CFRunLoopPerform
2026-08-12 15:41:59.487 Df IlliniCover[28464:3d674f] [com.apple.dt.xctest:Default] XCTPerformOnMainRunLoop[not MT]: waiting with 30.00s responsiveness timeout
2026-08-12 15:41:59.487 Df IlliniCover[28464:3d570c] [com.apple.dt.xctest:Default] XCTPerformOnMainRunLoop[MT]: inside CFRunLoopPerform
2026-08-12 15:41:59.487 Df IlliniCover[28464:3d570c] [com.apple.dt.xctest:Default] XCTPerformOnMainRunLoop[MT]: MT responded in time (won the race to the busy flag)
2026-08-12 15:41:59.487 Df IlliniCover[28464:3d674f] [com.apple.dt.xctest:Default] XCTPerformOnMainRunLoop[not MT]: waiting 60.00s for work to complete
2026-08-12 15:41:59.487 Df IlliniCover[28464:3d570c] [com.apple.dt.xctest:Default] Got main window <AXUIElementRef 0x123b500f0> {pid=28464} {uid=[ID:4 hash:0x107a0c400]}
2026-08-12 15:41:59.487 Df IlliniCover[28464:3d570c] [com.apple.dt.xctest:Default] Capturing hierarchy with attributes XC_kAXXCAttributeElementType, XC_kAXXCAttributeElementBaseType, XC_kAXXCAttributeParent, XC_kAXXCAttributeIdentifier, XC_kAXXCAttributeAutomationType, XC_kAXXCAttributeTraits
2026-08-12 15:41:59.487 Df IlliniCover[28464:3d570c] [com.apple.dt.xctest:Default] Capturing hierarchy with parameters {
    attributes =     (
        5003,
        5004,
        5002,
        5019,
        5058,
        2004
    );
    maxArrayCount = 2147483647;
    maxChildren = 2147483647;
    maxDepth = 2147483647;
    snapshotKeyHonorModalViews = 0;
    traverseFromParentsToChildren = 1;
}
2026-08-12 15:41:59.487 Df IlliniCover[28464:3d570c] [com.apple.dt.xctest:Default] Snapshot attributes 5003, 5004, 5002, 5019, 5058, 2004
2026-08-12 15:41:59.582 Df IlliniCover[28464:3d570c] [com.apple.dt.xctest:Default] Got snapshot for <AXUIElementRef 0x11f07f0f0> {pid=28464} {uid=[ID:1 hash:0x0]}
2026-08-12 15:41:59.582 Df IlliniCover[28464:3d570c] [com.apple.dt.xctest:Default] Got app orientation 0
2026-08-12 15:41:59.582 Df IlliniCover[28464:3d570c] [com.apple.dt.xctest:Default] Captured accessibility snapshot data in 0.09s
2026-08-12 15:41:59.582 Df IlliniCover[28464:3d674f] [com.apple.dt.xctest:Default] Found main window: Window
2026-08-12 15:41:59.582 Df IlliniCover[28464:3d674f] [com.apple.dt.xctest:Default] Preferring automation type 48 instead of legacy element type OTHER derived from class/trait: UILabel:UILabel 8590000128
2026-08-12 15:41:59.583 Df IlliniCover[28464:3d674f] [com.apple.dt.xctest:Default] Preferring automation type 14 instead of legacy element type OTHER derived from class/trait: SwiftUI.AccessibilityNode:UIResponder 1108101562369
2026-08-12 15:41:59.583 E  IlliniCover[28464:3d674f] [com.apple.dt.xctest:Default] Automation type mismatch; legacy system derived element type 9 from class SwiftUI.AccessibilityNode:UIResponder, traits 1108101562369, but AXAutomationType returned 14 which maps to 14
2026-08-12 15:41:59.583 Df IlliniCover[28464:3d674f] [com.apple.dt.xctest:Default] StaticText is not actually a child of Button, including at this point anyway (rdar://problem/20738636)
2026-08-12 15:41:59.583 Df IlliniCover[28464:3d674f] [com.apple.dt.xctest:Default] Image, identifier: 'chevron.down' is not actually a child of Button, including at this point anyway (rdar://problem/20738636)
2026-08-12 15:41:59.583 Df IlliniCover[28464:3d674f] [com.apple.dt.xctest:Default] Button is not actually a child of Button, identifier: 'deal-timing-kind-picker', including at this point anyway (rdar://problem/20738636)
2026-08-12 15:41:59.583 Df IlliniCover[28464:3d674f] [com.apple.dt.xctest:Default] Preferring automation type 14 instead of legacy element type OTHER derived from class/trait: SwiftUI.AccessibilityNode:UIResponder 1108101562369
2026-08-12 15:41:59.583 E  IlliniCover[28464:3d674f] [com.apple.dt.xctest:Default] Automation type mismatch; legacy system derived element type 9 from class SwiftUI.AccessibilityNode:UIResponder, traits 1108101562369, but AXAutomationType returned 14 which maps to 14
2026-08-12 15:41:59.583 Df IlliniCover[28464:3d674f] [com.apple.dt.xctest:Default] StaticText is not actually a child of Button, including at this point anyway (rdar://problem/20738636)
2026-08-12 15:41:59.583 Df IlliniCover[28464:3d674f] [com.apple.dt.xctest:Default] Image, identifier: 'chevron.down' is not actually a child of Button, including at this point anyway (rdar://problem/20738636)
2026-08-12 15:41:59.583 Df IlliniCover[28464:3d674f] [com.apple.dt.xctest:Default] Button is not actually a child of Button, identifier: 'deal-serving-picker', including at this point anyway (rdar://problem/20738636)
2026-08-12 15:41:59.584 Df IlliniCover[28464:3d674f] [com.apple.dt.xctest:Default] App orientation is 0 (not portrait) and UITextEffectsWindow window Window is not main window
2026-08-12 15:41:59.584 Df IlliniCover[28464:3d674f] [com.apple.dt.xctest:Default] Leaving frame unchanged for Window: either already correct or we can't detect it.
2026-08-12 15:41:59.584 Df IlliniCover[28464:3d674f] [com.apple.dt.xctest:Default] App orientation is 0 (not portrait) and UIRemoteKeyboardWindow window Window is not main window
2026-08-12 15:41:59.584 Df IlliniCover[28464:3d674f] [com.apple.dt.xctest:Default] Leaving frame unchanged for Window: either already correct or we can't detect it.
2026-08-12 15:41:59.584 Df IlliniCover[28464:3d674f] [com.apple.dt.xctest:Default] Preferring automation type 20 instead of legacy element type OTHER derived from class/trait: UIAccessibilityElementKBKey:UIAccessibilityElement 8589934649
2026-08-12 15:41:59.584 E  IlliniCover[28464:3d674f] [com.apple.dt.xctest:Default] Automation type mismatch; legacy system derived element type 9 from class UIAccessibilityElementKBKey:UIAccessibilityElement, traits 8589934649, but AXAutomationType returned 20 which maps to 20
2026-08-12 15:41:59.584 Df IlliniCover[28464:3d674f] [com.apple.dt.xctest:Default] Preferring automation type 20 instead of legacy element type OTHER derived from class/trait: UIAccessibilityElementKBKey:UIAccessibilityElement 8589934641
2026-08-12 15:41:59.584 E  IlliniCover[28464:3d674f] [com.apple.dt.xctest:Default] Automation type mismatch; legacy system derived element type 9 from class UIAccessibilityElementKBKey:UIAccessibilityElement, traits 8589934641, but AXAutomationType returned 20 which maps to 20
2026-08-12 15:41:59.585 Df IlliniCover[28464:3d674f] [com.apple.dt.xctest:Default] Query  found matching snapshots: {(
    Application, pid: 28464
)} (error: (null))
2026-08-12 15:41:59.585 Df IlliniCover[28464:3d674f] [com.apple.dt.xctest:Default] Replying to query  with results: <XCTElementQueryResults: 0x1221f3b70> (error: (null))
2026-08-12 15:41:59.807 Df IlliniCover[28464:3d674f] [com.apple.dt.xctest:Default] Received request to fetch matches for query:
2026-08-12 15:41:59.807 Df IlliniCover[28464:3d674f] [com.apple.dt.xctest:Default] Evaluating query:
2026-08-12 15:41:59.807 Df IlliniCover[28464:3d674f] [com.apple.dt.xctest:Default] Getting root element snapshot
2026-08-12 15:41:59.807 Df IlliniCover[28464:3d674f] [com.apple.dt.xctest:Default] Getting snapshot for App element pid: 28464 for query
2026-08-12 15:41:59.807 Df IlliniCover[28464:3d674f] [com.apple.dt.xctest:Default] Query requires iOS snapshot attributes .
2026-08-12 15:41:59.807 Df IlliniCover[28464:3d674f] [com.apple.dt.xctest:Default] XCTPerformOnMainRunLoop[not MT]: about to CFRunLoopPerform
2026-08-12 15:41:59.807 Df IlliniCover[28464:3d674f] [com.apple.dt.xctest:Default] XCTPerformOnMainRunLoop[not MT]: waiting with 30.00s responsiveness timeout
2026-08-12 15:41:59.807 Df IlliniCover[28464:3d570c] [com.apple.dt.xctest:Default] XCTPerformOnMainRunLoop[MT]: inside CFRunLoopPerform
2026-08-12 15:41:59.807 Df IlliniCover[28464:3d570c] [com.apple.dt.xctest:Default] XCTPerformOnMainRunLoop[MT]: MT responded in time (won the race to the busy flag)
2026-08-12 15:41:59.807 Df IlliniCover[28464:3d674f] [com.apple.dt.xctest:Default] XCTPerformOnMainRunLoop[not MT]: waiting 60.00s for work to complete
2026-08-12 15:41:59.808 Df IlliniCover[28464:3d570c] [com.apple.dt.xctest:Default] Got main window <AXUIElementRef 0x123b18930> {pid=28464} {uid=[ID:4 hash:0x107a0c400]}
2026-08-12 15:41:59.808 Df IlliniCover[28464:3d570c] [com.apple.dt.xctest:Default] Capturing hierarchy with attributes XC_kAXXCAttributeElementType, XC_kAXXCAttributeElementBaseType, XC_kAXXCAttributeParent, XC_kAXXCAttributeIdentifier, XC_kAXXCAttributeAutomationType, XC_kAXXCAttributeTraits
2026-08-12 15:41:59.808 Df IlliniCover[28464:3d570c] [com.apple.dt.xctest:Default] Capturing hierarchy with parameters {
    attributes =     (
        5003,
        5004,
        5002,
        5019,
        5058,
        2004
    );
    maxArrayCount = 2147483647;
    maxChildren = 2147483647;
    maxDepth = 2147483647;
    snapshotKeyHonorModalViews = 0;
    traverseFromParentsToChildren = 1;
}
2026-08-12 15:41:59.808 Df IlliniCover[28464:3d570c] [com.apple.dt.xctest:Default] Snapshot attributes 5003, 5004, 5002, 5019, 5058, 2004
2026-08-12 15:41:59.905 Df IlliniCover[28464:3d570c] [com.apple.dt.xctest:Default] Got snapshot for <AXUIElementRef 0x11f07cf30> {pid=28464} {uid=[ID:1 hash:0x0]}
2026-08-12 15:41:59.905 Df IlliniCover[28464:3d570c] [com.apple.dt.xctest:Default] Got app orientation 0
2026-08-12 15:41:59.905 Df IlliniCover[28464:3d570c] [com.apple.dt.xctest:Default] Captured accessibility snapshot data in 0.10s
2026-08-12 15:41:59.905 Df IlliniCover[28464:3d674f] [com.apple.dt.xctest:Default] Found main window: Window
2026-08-12 15:41:59.905 Df IlliniCover[28464:3d674f] [com.apple.dt.xctest:Default] Preferring automation type 48 instead of legacy element type OTHER derived from class/trait: UILabel:UILabel 8590000128
2026-08-12 15:41:59.906 Df IlliniCover[28464:3d674f] [com.apple.dt.xctest:Default] Preferring automation type 14 instead of legacy element type OTHER derived from class/trait: SwiftUI.AccessibilityNode:UIResponder 1108101562369
2026-08-12 15:41:59.906 E  IlliniCover[28464:3d674f] [com.apple.dt.xctest:Default] Automation type mismatch; legacy system derived element type 9 from class SwiftUI.AccessibilityNode:UIResponder, traits 1108101562369, but AXAutomationType returned 14 which maps to 14
2026-08-12 15:41:59.906 Df IlliniCover[28464:3d674f] [com.apple.dt.xctest:Default] StaticText is not actually a child of Button, including at this point anyway (rdar://problem/20738636)
2026-08-12 15:41:59.906 Df IlliniCover[28464:3d674f] [com.apple.dt.xctest:Default] Image, identifier: 'chevron.down' is not actually a child of Button, including at this point anyway (rdar://problem/20738636)
2026-08-12 15:41:59.906 Df IlliniCover[28464:3d674f] [com.apple.dt.xctest:Default] Button is not actually a child of Button, identifier: 'deal-timing-kind-picker', including at this point anyway (rdar://problem/20738636)
2026-08-12 15:41:59.907 Df IlliniCover[28464:3d674f] [com.apple.dt.xctest:Default] Preferring automation type 14 instead of legacy element type OTHER derived from class/trait: SwiftUI.AccessibilityNode:UIResponder 1108101562369
2026-08-12 15:41:59.907 E  IlliniCover[28464:3d674f] [com.apple.dt.xctest:Default] Automation type mismatch; legacy system derived element type 9 from class SwiftUI.AccessibilityNode:UIResponder, traits 1108101562369, but AXAutomationType returned 14 which maps to 14
2026-08-12 15:41:59.907 Df IlliniCover[28464:3d674f] [com.apple.dt.xctest:Default] StaticText is not actually a child of Button, including at this point anyway (rdar://problem/20738636)
2026-08-12 15:41:59.907 Df IlliniCover[28464:3d674f] [com.apple.dt.xctest:Default] Image, identifier: 'chevron.down' is not actually a child of Button, including at this point anyway (rdar://problem/20738636)
2026-08-12 15:41:59.907 Df IlliniCover[28464:3d674f] [com.apple.dt.xctest:Default] Button is not actually a child of Button, identifier: 'deal-serving-picker', including at this point anyway (rdar://problem/20738636)
2026-08-12 15:41:59.907 Df IlliniCover[28464:3d674f] [com.apple.dt.xctest:Default] App orientation is 0 (not portrait) and UITextEffectsWindow window Window is not main window
2026-08-12 15:41:59.907 Df IlliniCover[28464:3d674f] [com.apple.dt.xctest:Default] Leaving frame unchanged for Window: either already correct or we can't detect it.
2026-08-12 15:41:59.907 Df IlliniCover[28464:3d674f] [com.apple.dt.xctest:Default] App orientation is 0 (not portrait) and UIRemoteKeyboardWindow window Window is not main window
2026-08-12 15:41:59.907 Df IlliniCover[28464:3d674f] [com.apple.dt.xctest:Default] Leaving frame unchanged for Window: either already correct or we can't detect it.
2026-08-12 15:41:59.907 Df IlliniCover[28464:3d674f] [com.apple.dt.xctest:Default] Preferring automation type 20 instead of legacy element type OTHER derived from class/trait: UIAccessibilityElementKBKey:UIAccessibilityElement 8589934649
2026-08-12 15:41:59.907 E  IlliniCover[28464:3d674f] [com.apple.dt.xctest:Default] Automation type mismatch; legacy system derived element type 9 from class UIAccessibilityElementKBKey:UIAccessibilityElement, traits 8589934649, but AXAutomationType returned 20 which maps to 20
2026-08-12 15:41:59.907 Df IlliniCover[28464:3d674f] [com.apple.dt.xctest:Default] Preferring automation type 20 instead of legacy element type OTHER derived from class/trait: UIAccessibilityElementKBKey:UIAccessibilityElement 8589934641
2026-08-12 15:41:59.907 E  IlliniCover[28464:3d674f] [com.apple.dt.xctest:Default] Automation type mismatch; legacy system derived element type 9 from class UIAccessibilityElementKBKey:UIAccessibilityElement, traits 8589934641, but AXAutomationType returned 20 which maps to 20
2026-08-12 15:41:59.908 Df IlliniCover[28464:3d674f] [com.apple.dt.xctest:Default] Query  found matching snapshots: {(
    Application, pid: 28464
)} (error: (null))
2026-08-12 15:41:59.908 Df IlliniCover[28464:3d674f] [com.apple.dt.xctest:Default] Replying to query  with results: <XCTElementQueryResults: 0x1221f0780> (error: (null))
2026-08-12 15:42:00.138 Df IlliniCover[28464:3d674f] [com.apple.dt.xctest:Default] Received request to fetch matches for query:
2026-08-12 15:42:00.138 Df IlliniCover[28464:3d74b7] [com.apple.dt.xctest:Default] Evaluating query:
2026-08-12 15:42:00.138 Df IlliniCover[28464:3d74b7] [com.apple.dt.xctest:Default] Getting root element snapshot
2026-08-12 15:42:00.138 Df IlliniCover[28464:3d74b7] [com.apple.dt.xctest:Default] Getting snapshot for App element pid: 28464 for query
2026-08-12 15:42:00.138 Df IlliniCover[28464:3d74b7] [com.apple.dt.xctest:Default] Query requires iOS snapshot attributes .
2026-08-12 15:42:00.138 Df IlliniCover[28464:3d74b7] [com.apple.dt.xctest:Default] XCTPerformOnMainRunLoop[not MT]: about to CFRunLoopPerform
2026-08-12 15:42:00.138 Df IlliniCover[28464:3d74b7] [com.apple.dt.xctest:Default] XCTPerformOnMainRunLoop[not MT]: waiting with 30.00s responsiveness timeout
2026-08-12 15:42:00.138 Df IlliniCover[28464:3d570c] [com.apple.dt.xctest:Default] XCTPerformOnMainRunLoop[MT]: inside CFRunLoopPerform
2026-08-12 15:42:00.138 Df IlliniCover[28464:3d570c] [com.apple.dt.xctest:Default] XCTPerformOnMainRunLoop[MT]: MT responded in time (won the race to the busy flag)
2026-08-12 15:42:00.138 Df IlliniCover[28464:3d74b7] [com.apple.dt.xctest:Default] XCTPerformOnMainRunLoop[not MT]: waiting 60.00s for work to complete
2026-08-12 15:42:00.138 Df IlliniCover[28464:3d570c] [com.apple.dt.xctest:Default] Got main window <AXUIElementRef 0x123b240f0> {pid=28464} {uid=[ID:4 hash:0x107a0c400]}
2026-08-12 15:42:00.138 Df IlliniCover[28464:3d570c] [com.apple.dt.xctest:Default] Capturing hierarchy with attributes XC_kAXXCAttributeElementType, XC_kAXXCAttributeElementBaseType, XC_kAXXCAttributeParent, XC_kAXXCAttributeIdentifier, XC_kAXXCAttributeAutomationType, XC_kAXXCAttributeTraits
2026-08-12 15:42:00.138 Df IlliniCover[28464:3d570c] [com.apple.dt.xctest:Default] Capturing hierarchy with parameters {
    attributes =     (
        5003,
        5004,
        5002,
        5019,
        5058,
        2004
    );
    maxArrayCount = 2147483647;
    maxChildren = 2147483647;
    maxDepth = 2147483647;
    snapshotKeyHonorModalViews = 0;
    traverseFromParentsToChildren = 1;
}
2026-08-12 15:42:00.138 Df IlliniCover[28464:3d570c] [com.apple.dt.xctest:Default] Snapshot attributes 5003, 5004, 5002, 5019, 5058, 2004
2026-08-12 15:42:00.234 Df IlliniCover[28464:3d570c] [com.apple.dt.xctest:Default] Got snapshot for <AXUIElementRef 0x11eaba4f0> {pid=28464} {uid=[ID:1 hash:0x0]}
2026-08-12 15:42:00.234 Df IlliniCover[28464:3d570c] [com.apple.dt.xctest:Default] Got app orientation 0
2026-08-12 15:42:00.234 Df IlliniCover[28464:3d570c] [com.apple.dt.xctest:Default] Captured accessibility snapshot data in 0.10s
2026-08-12 15:42:00.234 Df IlliniCover[28464:3d74b7] [com.apple.dt.xctest:Default] Found main window: Window
2026-08-12 15:42:00.234 Df IlliniCover[28464:3d74b7] [com.apple.dt.xctest:Default] Preferring automation type 48 instead of legacy element type OTHER derived from class/trait: UILabel:UILabel 8590000128
2026-08-12 15:42:00.236 Df IlliniCover[28464:3d74b7] [com.apple.dt.xctest:Default] Preferring automation type 14 instead of legacy element type OTHER derived from class/trait: SwiftUI.AccessibilityNode:UIResponder 1108101562369
2026-08-12 15:42:00.236 E  IlliniCover[28464:3d74b7] [com.apple.dt.xctest:Default] Automation type mismatch; legacy system derived element type 9 from class SwiftUI.AccessibilityNode:UIResponder, traits 1108101562369, but AXAutomationType returned 14 which maps to 14
2026-08-12 15:42:00.236 Df IlliniCover[28464:3d74b7] [com.apple.dt.xctest:Default] StaticText is not actually a child of Button, including at this point anyway (rdar://problem/20738636)
2026-08-12 15:42:00.236 Df IlliniCover[28464:3d74b7] [com.apple.dt.xctest:Default] Image, identifier: 'chevron.down' is not actually a child of Button, including at this point anyway (rdar://problem/20738636)
2026-08-12 15:42:00.236 Df IlliniCover[28464:3d74b7] [com.apple.dt.xctest:Default] Button is not actually a child of Button, identifier: 'deal-timing-kind-picker', including at this point anyway (rdar://problem/20738636)
2026-08-12 15:42:00.236 Df IlliniCover[28464:3d74b7] [com.apple.dt.xctest:Default] Preferring automation type 14 instead of legacy element type OTHER derived from class/trait: SwiftUI.AccessibilityNode:UIResponder 1108101562369
2026-08-12 15:42:00.236 E  IlliniCover[28464:3d74b7] [com.apple.dt.xctest:Default] Automation type mismatch; legacy system derived element type 9 from class SwiftUI.AccessibilityNode:UIResponder, traits 1108101562369, but AXAutomationType returned 14 which maps to 14
2026-08-12 15:42:00.236 Df IlliniCover[28464:3d74b7] [com.apple.dt.xctest:Default] StaticText is not actually a child of Button, including at this point anyway (rdar://problem/20738636)
2026-08-12 15:42:00.236 Df IlliniCover[28464:3d74b7] [com.apple.dt.xctest:Default] Image, identifier: 'chevron.down' is not actually a child of Button, including at this point anyway (rdar://problem/20738636)
2026-08-12 15:42:00.236 Df IlliniCover[28464:3d74b7] [com.apple.dt.xctest:Default] Button is not actually a child of Button, identifier: 'deal-serving-picker', including at this point anyway (rdar://problem/20738636)
2026-08-12 15:42:00.237 Df IlliniCover[28464:3d74b7] [com.apple.dt.xctest:Default] App orientation is 0 (not portrait) and UITextEffectsWindow window Window is not main window
2026-08-12 15:42:00.237 Df IlliniCover[28464:3d74b7] [com.apple.dt.xctest:Default] Leaving frame unchanged for Window: either already correct or we can't detect it.
2026-08-12 15:42:00.237 Df IlliniCover[28464:3d74b7] [com.apple.dt.xctest:Default] App orientation is 0 (not portrait) and UIRemoteKeyboardWindow window Window is not main window
2026-08-12 15:42:00.237 Df IlliniCover[28464:3d74b7] [com.apple.dt.xctest:Default] Leaving frame unchanged for Window: either already correct or we can't detect it.
2026-08-12 15:42:00.237 Df IlliniCover[28464:3d74b7] [com.apple.dt.xctest:Default] Preferring automation type 20 instead of legacy element type OTHER derived from class/trait: UIAccessibilityElementKBKey:UIAccessibilityElement 8589934649
2026-08-12 15:42:00.237 E  IlliniCover[28464:3d74b7] [com.apple.dt.xctest:Default] Automation type mismatch; legacy system derived element type 9 from class UIAccessibilityElementKBKey:UIAccessibilityElement, traits 8589934649, but AXAutomationType returned 20 which maps to 20
2026-08-12 15:42:00.237 Df IlliniCover[28464:3d74b7] [com.apple.dt.xctest:Default] Preferring automation type 20 instead of legacy element type OTHER derived from class/trait: UIAccessibilityElementKBKey:UIAccessibilityElement 8589934641
2026-08-12 15:42:00.237 E  IlliniCover[28464:3d74b7] [com.apple.dt.xctest:Default] Automation type mismatch; legacy system derived element type 9 from class UIAccessibilityElementKBKey:UIAccessibilityElement, traits 8589934641, but AXAutomationType returned 20 which maps to 20
2026-08-12 15:42:00.237 Df IlliniCover[28464:3d74b7] [com.apple.dt.xctest:Default] Query  found matching snapshots: {(
    Application, pid: 28464
)} (error: (null))
2026-08-12 15:42:00.238 Df IlliniCover[28464:3d74b7] [com.apple.dt.xctest:Default] Replying to query  with results: <XCTElementQueryResults: 0x1221f2790> (error: (null))
2026-08-12 15:42:00.484 Df IlliniCover[28464:3d74b7] [com.apple.dt.xctest:Default] Received request to fetch matches for query:
2026-08-12 15:42:00.484 Df IlliniCover[28464:3d74b7] [com.apple.dt.xctest:Default] Evaluating query:
2026-08-12 15:42:00.484 Df IlliniCover[28464:3d74b7] [com.apple.dt.xctest:Default] Getting root element snapshot
2026-08-12 15:42:00.484 Df IlliniCover[28464:3d74b7] [com.apple.dt.xctest:Default] Getting snapshot for App element pid: 28464 for query
2026-08-12 15:42:00.484 Df IlliniCover[28464:3d74b7] [com.apple.dt.xctest:Default] Query requires iOS snapshot attributes .
2026-08-12 15:42:00.484 Df IlliniCover[28464:3d74b7] [com.apple.dt.xctest:Default] XCTPerformOnMainRunLoop[not MT]: about to CFRunLoopPerform
2026-08-12 15:42:00.484 Df IlliniCover[28464:3d74b7] [com.apple.dt.xctest:Default] XCTPerformOnMainRunLoop[not MT]: waiting with 30.00s responsiveness timeout
2026-08-12 15:42:00.484 Df IlliniCover[28464:3d570c] [com.apple.dt.xctest:Default] XCTPerformOnMainRunLoop[MT]: inside CFRunLoopPerform
2026-08-12 15:42:00.484 Df IlliniCover[28464:3d570c] [com.apple.dt.xctest:Default] XCTPerformOnMainRunLoop[MT]: MT responded in time (won the race to the busy flag)
2026-08-12 15:42:00.484 Df IlliniCover[28464:3d74b7] [com.apple.dt.xctest:Default] XCTPerformOnMainRunLoop[not MT]: waiting 60.00s for work to complete
2026-08-12 15:42:00.484 Df IlliniCover[28464:3d570c] [com.apple.dt.xctest:Default] Got main window <AXUIElementRef 0x123ae40f0> {pid=28464} {uid=[ID:4 hash:0x107a0c400]}
2026-08-12 15:42:00.484 Df IlliniCover[28464:3d570c] [com.apple.dt.xctest:Default] Capturing hierarchy with attributes XC_kAXXCAttributeElementType, XC_kAXXCAttributeElementBaseType, XC_kAXXCAttributeParent, XC_kAXXCAttributeIdentifier, XC_kAXXCAttributeAutomationType, XC_kAXXCAttributeTraits
2026-08-12 15:42:00.484 Df IlliniCover[28464:3d570c] [com.apple.dt.xctest:Default] Capturing hierarchy with parameters {
    attributes =     (
        5003,
        5004,
        5002,
        5019,
        5058,
        2004
    );
    maxArrayCount = 2147483647;
    maxChildren = 2147483647;
    maxDepth = 2147483647;
    snapshotKeyHonorModalViews = 0;
    traverseFromParentsToChildren = 1;
}
2026-08-12 15:42:00.484 Df IlliniCover[28464:3d570c] [com.apple.dt.xctest:Default] Snapshot attributes 5003, 5004, 5002, 5019, 5058, 2004
2026-08-12 15:42:00.573 Df IlliniCover[28464:3d570c] [com.apple.dt.xctest:Default] Got snapshot for <AXUIElementRef 0x11eaa3e70> {pid=28464} {uid=[ID:1 hash:0x0]}
2026-08-12 15:42:00.573 Df IlliniCover[28464:3d570c] [com.apple.dt.xctest:Default] Got app orientation 0
2026-08-12 15:42:00.573 Df IlliniCover[28464:3d570c] [com.apple.dt.xctest:Default] Captured accessibility snapshot data in 0.09s
2026-08-12 15:42:00.573 Df IlliniCover[28464:3d74b7] [com.apple.dt.xctest:Default] Found main window: Window
2026-08-12 15:42:00.573 Df IlliniCover[28464:3d74b7] [com.apple.dt.xctest:Default] Preferring automation type 48 instead of legacy element type OTHER derived from class/trait: UILabel:UILabel 8590000128
2026-08-12 15:42:00.574 Df IlliniCover[28464:3d74b7] [com.apple.dt.xctest:Default] Preferring automation type 14 instead of legacy element type OTHER derived from class/trait: SwiftUI.AccessibilityNode:UIResponder 1108101562369
2026-08-12 15:42:00.574 E  IlliniCover[28464:3d74b7] [com.apple.dt.xctest:Default] Automation type mismatch; legacy system derived element type 9 from class SwiftUI.AccessibilityNode:UIResponder, traits 1108101562369, but AXAutomationType returned 14 which maps to 14
2026-08-12 15:42:00.574 Df IlliniCover[28464:3d74b7] [com.apple.dt.xctest:Default] StaticText is not actually a child of Button, including at this point anyway (rdar://problem/20738636)
2026-08-12 15:42:00.574 Df IlliniCover[28464:3d74b7] [com.apple.dt.xctest:Default] Image, identifier: 'chevron.down' is not actually a child of Button, including at this point anyway (rdar://problem/20738636)
2026-08-12 15:42:00.574 Df IlliniCover[28464:3d74b7] [com.apple.dt.xctest:Default] Button is not actually a child of Button, identifier: 'deal-timing-kind-picker', including at this point anyway (rdar://problem/20738636)
2026-08-12 15:42:00.574 Df IlliniCover[28464:3d74b7] [com.apple.dt.xctest:Default] Preferring automation type 14 instead of legacy element type OTHER derived from class/trait: SwiftUI.AccessibilityNode:UIResponder 1108101562369
2026-08-12 15:42:00.574 E  IlliniCover[28464:3d74b7] [com.apple.dt.xctest:Default] Automation type mismatch; legacy system derived element type 9 from class SwiftUI.AccessibilityNode:UIResponder, traits 1108101562369, but AXAutomationType returned 14 which maps to 14
2026-08-12 15:42:00.574 Df IlliniCover[28464:3d74b7] [com.apple.dt.xctest:Default] StaticText is not actually a child of Button, including at this point anyway (rdar://problem/20738636)
2026-08-12 15:42:00.574 Df IlliniCover[28464:3d74b7] [com.apple.dt.xctest:Default] Image, identifier: 'chevron.down' is not actually a child of Button, including at this point anyway (rdar://problem/20738636)
2026-08-12 15:42:00.574 Df IlliniCover[28464:3d74b7] [com.apple.dt.xctest:Default] Button is not actually a child of Button, identifier: 'deal-serving-picker', including at this point anyway (rdar://problem/20738636)
2026-08-12 15:42:00.575 Df IlliniCover[28464:3d74b7] [com.apple.dt.xctest:Default] App orientation is 0 (not portrait) and UITextEffectsWindow window Window is not main window
2026-08-12 15:42:00.575 Df IlliniCover[28464:3d74b7] [com.apple.dt.xctest:Default] Leaving frame unchanged for Window: either already correct or we can't detect it.
2026-08-12 15:42:00.575 Df IlliniCover[28464:3d74b7] [com.apple.dt.xctest:Default] App orientation is 0 (not portrait) and UIRemoteKeyboardWindow window Window is not main window
2026-08-12 15:42:00.575 Df IlliniCover[28464:3d74b7] [com.apple.dt.xctest:Default] Leaving frame unchanged for Window: either already correct or we can't detect it.
2026-08-12 15:42:00.575 Df IlliniCover[28464:3d74b7] [com.apple.dt.xctest:Default] Preferring automation type 20 instead of legacy element type OTHER derived from class/trait: UIAccessibilityElementKBKey:UIAccessibilityElement 8589934649
2026-08-12 15:42:00.575 E  IlliniCover[28464:3d74b7] [com.apple.dt.xctest:Default] Automation type mismatch; legacy system derived element type 9 from class UIAccessibilityElementKBKey:UIAccessibilityElement, traits 8589934649, but AXAutomationType returned 20 which maps to 20
2026-08-12 15:42:00.575 Df IlliniCover[28464:3d74b7] [com.apple.dt.xctest:Default] Preferring automation type 20 instead of legacy element type OTHER derived from class/trait: UIAccessibilityElementKBKey:UIAccessibilityElement 8589934641
2026-08-12 15:42:00.575 E  IlliniCover[28464:3d74b7] [com.apple.dt.xctest:Default] Automation type mismatch; legacy system derived element type 9 from class UIAccessibilityElementKBKey:UIAccessibilityElement, traits 8589934641, but AXAutomationType returned 20 which maps to 20
2026-08-12 15:42:00.575 Df IlliniCover[28464:3d74b7] [com.apple.dt.xctest:Default] Query  found matching snapshots: {(
    Application, pid: 28464
)} (error: (null))
2026-08-12 15:42:00.575 Df IlliniCover[28464:3d74b7] [com.apple.dt.xctest:Default] Replying to query  with results: <XCTElementQueryResults: 0x1221f3f60> (error: (null))
2026-08-12 15:42:00.755 Df IlliniCover[28464:3d74b7] [com.apple.dt.xctest:Default] Received request to fetch matches for query:
2026-08-12 15:42:00.755 Df IlliniCover[28464:3d674f] [com.apple.dt.xctest:Default] Evaluating query:
2026-08-12 15:42:00.755 Df IlliniCover[28464:3d674f] [com.apple.dt.xctest:Default] Getting root element snapshot
2026-08-12 15:42:00.755 Df IlliniCover[28464:3d674f] [com.apple.dt.xctest:Default] Getting snapshot for App element pid: 28464 for query
2026-08-12 15:42:00.755 Df IlliniCover[28464:3d674f] [com.apple.dt.xctest:Default] Query requires iOS snapshot attributes .
2026-08-12 15:42:00.755 Df IlliniCover[28464:3d674f] [com.apple.dt.xctest:Default] XCTPerformOnMainRunLoop[not MT]: about to CFRunLoopPerform
2026-08-12 15:42:00.755 Df IlliniCover[28464:3d674f] [com.apple.dt.xctest:Default] XCTPerformOnMainRunLoop[not MT]: waiting with 30.00s responsiveness timeout
2026-08-12 15:42:00.755 Df IlliniCover[28464:3d570c] [com.apple.dt.xctest:Default] XCTPerformOnMainRunLoop[MT]: inside CFRunLoopPerform
2026-08-12 15:42:00.755 Df IlliniCover[28464:3d570c] [com.apple.dt.xctest:Default] XCTPerformOnMainRunLoop[MT]: MT responded in time (won the race to the busy flag)
2026-08-12 15:42:00.755 Df IlliniCover[28464:3d674f] [com.apple.dt.xctest:Default] XCTPerformOnMainRunLoop[not MT]: waiting 60.00s for work to complete
2026-08-12 15:42:00.755 Df IlliniCover[28464:3d570c] [com.apple.dt.xctest:Default] Got main window <AXUIElementRef 0x125ee40f0> {pid=28464} {uid=[ID:4 hash:0x107a0c400]}
2026-08-12 15:42:00.755 Df IlliniCover[28464:3d570c] [com.apple.dt.xctest:Default] Capturing hierarchy with attributes XC_kAXXCAttributeElementType, XC_kAXXCAttributeElementBaseType, XC_kAXXCAttributeParent, XC_kAXXCAttributeIdentifier, XC_kAXXCAttributeAutomationType, XC_kAXXCAttributeTraits
2026-08-12 15:42:00.755 Df IlliniCover[28464:3d570c] [com.apple.dt.xctest:Default] Capturing hierarchy with parameters {
    attributes =     (
        5003,
        5004,
        5002,
        5019,
        5058,
        2004
    );
    maxArrayCount = 2147483647;
    maxChildren = 2147483647;
    maxDepth = 2147483647;
    snapshotKeyHonorModalViews = 0;
    traverseFromParentsToChildren = 1;
}
2026-08-12 15:42:00.755 Df IlliniCover[28464:3d570c] [com.apple.dt.xctest:Default] Snapshot attributes 5003, 5004, 5002, 5019, 5058, 2004
2026-08-12 15:42:00.843 Df IlliniCover[28464:3d570c] [com.apple.dt.xctest:Default] Got snapshot for <AXUIElementRef 0x11f069a70> {pid=28464} {uid=[ID:1 hash:0x0]}
2026-08-12 15:42:00.843 Df IlliniCover[28464:3d570c] [com.apple.dt.xctest:Default] Got app orientation 0
2026-08-12 15:42:00.843 Df IlliniCover[28464:3d570c] [com.apple.dt.xctest:Default] Captured accessibility snapshot data in 0.09s
2026-08-12 15:42:00.843 Df IlliniCover[28464:3d674f] [com.apple.dt.xctest:Default] Found main window: Window
2026-08-12 15:42:00.843 Df IlliniCover[28464:3d674f] [com.apple.dt.xctest:Default] Preferring automation type 48 instead of legacy element type OTHER derived from class/trait: UILabel:UILabel 8590000128
2026-08-12 15:42:00.844 Df IlliniCover[28464:3d674f] [com.apple.dt.xctest:Default] Preferring automation type 14 instead of legacy element type OTHER derived from class/trait: SwiftUI.AccessibilityNode:UIResponder 1108101562369
2026-08-12 15:42:00.844 E  IlliniCover[28464:3d674f] [com.apple.dt.xctest:Default] Automation type mismatch; legacy system derived element type 9 from class SwiftUI.AccessibilityNode:UIResponder, traits 1108101562369, but AXAutomationType returned 14 which maps to 14
2026-08-12 15:42:00.844 Df IlliniCover[28464:3d674f] [com.apple.dt.xctest:Default] StaticText is not actually a child of Button, including at this point anyway (rdar://problem/20738636)
2026-08-12 15:42:00.844 Df IlliniCover[28464:3d674f] [com.apple.dt.xctest:Default] Image, identifier: 'chevron.down' is not actually a child of Button, including at this point anyway (rdar://problem/20738636)
2026-08-12 15:42:00.844 Df IlliniCover[28464:3d674f] [com.apple.dt.xctest:Default] Button is not actually a child of Button, identifier: 'deal-timing-kind-picker', including at this point anyway (rdar://problem/20738636)
2026-08-12 15:42:00.844 Df IlliniCover[28464:3d674f] [com.apple.dt.xctest:Default] Preferring automation type 14 instead of legacy element type OTHER derived from class/trait: SwiftUI.AccessibilityNode:UIResponder 1108101562369
2026-08-12 15:42:00.844 E  IlliniCover[28464:3d674f] [com.apple.dt.xctest:Default] Automation type mismatch; legacy system derived element type 9 from class SwiftUI.AccessibilityNode:UIResponder, traits 1108101562369, but AXAutomationType returned 14 which maps to 14
2026-08-12 15:42:00.844 Df IlliniCover[28464:3d674f] [com.apple.dt.xctest:Default] StaticText is not actually a child of Button, including at this point anyway (rdar://problem/20738636)
2026-08-12 15:42:00.844 Df IlliniCover[28464:3d674f] [com.apple.dt.xctest:Default] Image, identifier: 'chevron.down' is not actually a child of Button, including at this point anyway (rdar://problem/20738636)
2026-08-12 15:42:00.844 Df IlliniCover[28464:3d674f] [com.apple.dt.xctest:Default] Button is not actually a child of Button, identifier: 'deal-serving-picker', including at this point anyway (rdar://problem/20738636)
2026-08-12 15:42:00.844 Df IlliniCover[28464:3d674f] [com.apple.dt.xctest:Default] App orientation is 0 (not portrait) and UITextEffectsWindow window Window is not main window
2026-08-12 15:42:00.844 Df IlliniCover[28464:3d674f] [com.apple.dt.xctest:Default] Leaving frame unchanged for Window: either already correct or we can't detect it.
2026-08-12 15:42:00.844 Df IlliniCover[28464:3d674f] [com.apple.dt.xctest:Default] App orientation is 0 (not portrait) and UIRemoteKeyboardWindow window Window is not main window
2026-08-12 15:42:00.844 Df IlliniCover[28464:3d674f] [com.apple.dt.xctest:Default] Leaving frame unchanged for Window: either already correct or we can't detect it.
2026-08-12 15:42:00.844 Df IlliniCover[28464:3d674f] [com.apple.dt.xctest:Default] Preferring automation type 20 instead of legacy element type OTHER derived from class/trait: UIAccessibilityElementKBKey:UIAccessibilityElement 8589934649
2026-08-12 15:42:00.845 E  IlliniCover[28464:3d674f] [com.apple.dt.xctest:Default] Automation type mismatch; legacy system derived element type 9 from class UIAccessibilityElementKBKey:UIAccessibilityElement, traits 8589934649, but AXAutomationType returned 20 which maps to 20
2026-08-12 15:42:00.845 Df IlliniCover[28464:3d674f] [com.apple.dt.xctest:Default] Preferring automation type 20 instead of legacy element type OTHER derived from class/trait: UIAccessibilityElementKBKey:UIAccessibilityElement 8589934641
2026-08-12 15:42:00.845 E  IlliniCover[28464:3d674f] [com.apple.dt.xctest:Default] Automation type mismatch; legacy system derived element type 9 from class UIAccessibilityElementKBKey:UIAccessibilityElement, traits 8589934641, but AXAutomationType returned 20 which maps to 20
2026-08-12 15:42:00.845 Df IlliniCover[28464:3d674f] [com.apple.dt.xctest:Default] Query  found matching snapshots: {(
    Application, pid: 28464
)} (error: (null))
2026-08-12 15:42:00.845 Df IlliniCover[28464:3d674f] [com.apple.dt.xctest:Default] Replying to query  with results: <XCTElementQueryResults: 0x1221f19b0> (error: (null))
2026-08-12 15:42:01.010 Df IlliniCover[28464:3d674f] [com.apple.dt.xctest:Default] Received request to fetch matches for query:
2026-08-12 15:42:01.010 Df IlliniCover[28464:3d674f] [com.apple.dt.xctest:Default] Evaluating query:
2026-08-12 15:42:01.010 Df IlliniCover[28464:3d674f] [com.apple.dt.xctest:Default] Getting root element snapshot
2026-08-12 15:42:01.010 Df IlliniCover[28464:3d674f] [com.apple.dt.xctest:Default] Getting snapshot for App element pid: 28464 for query
2026-08-12 15:42:01.010 Df IlliniCover[28464:3d674f] [com.apple.dt.xctest:Default] Query requires iOS snapshot attributes .
2026-08-12 15:42:01.010 Df IlliniCover[28464:3d674f] [com.apple.dt.xctest:Default] XCTPerformOnMainRunLoop[not MT]: about to CFRunLoopPerform
2026-08-12 15:42:01.010 Df IlliniCover[28464:3d674f] [com.apple.dt.xctest:Default] XCTPerformOnMainRunLoop[not MT]: waiting with 30.00s responsiveness timeout
2026-08-12 15:42:01.010 Df IlliniCover[28464:3d570c] [com.apple.dt.xctest:Default] XCTPerformOnMainRunLoop[MT]: inside CFRunLoopPerform
2026-08-12 15:42:01.010 Df IlliniCover[28464:3d570c] [com.apple.dt.xctest:Default] XCTPerformOnMainRunLoop[MT]: MT responded in time (won the race to the busy flag)
2026-08-12 15:42:01.010 Df IlliniCover[28464:3d674f] [com.apple.dt.xctest:Default] XCTPerformOnMainRunLoop[not MT]: waiting 60.00s for work to complete
2026-08-12 15:42:01.011 Df IlliniCover[28464:3d570c] [com.apple.dt.xctest:Default] Got main window <AXUIElementRef 0x123b300f0> {pid=28464} {uid=[ID:4 hash:0x107a0c400]}
2026-08-12 15:42:01.011 Df IlliniCover[28464:3d570c] [com.apple.dt.xctest:Default] Capturing hierarchy with attributes XC_kAXXCAttributeElementType, XC_kAXXCAttributeElementBaseType, XC_kAXXCAttributeParent, XC_kAXXCAttributeIdentifier, XC_kAXXCAttributeAutomationType, XC_kAXXCAttributeTraits
2026-08-12 15:42:01.011 Df IlliniCover[28464:3d570c] [com.apple.dt.xctest:Default] Capturing hierarchy with parameters {
    attributes =     (
        5003,
        5004,
        5002,
        5019,
        5058,
        2004
    );
    maxArrayCount = 2147483647;
    maxChildren = 2147483647;
    maxDepth = 2147483647;
    snapshotKeyHonorModalViews = 0;
    traverseFromParentsToChildren = 1;
}
2026-08-12 15:42:01.011 Df IlliniCover[28464:3d570c] [com.apple.dt.xctest:Default] Snapshot attributes 5003, 5004, 5002, 5019, 5058, 2004
2026-08-12 15:42:01.098 Df IlliniCover[28464:3d570c] [com.apple.dt.xctest:Default] Got snapshot for <AXUIElementRef 0x11eaa22b0> {pid=28464} {uid=[ID:1 hash:0x0]}
2026-08-12 15:42:01.099 Df IlliniCover[28464:3d570c] [com.apple.dt.xctest:Default] Got app orientation 0
2026-08-12 15:42:01.099 Df IlliniCover[28464:3d570c] [com.apple.dt.xctest:Default] Captured accessibility snapshot data in 0.09s
2026-08-12 15:42:01.099 Df IlliniCover[28464:3d674f] [com.apple.dt.xctest:Default] Found main window: Window
2026-08-12 15:42:01.099 Df IlliniCover[28464:3d674f] [com.apple.dt.xctest:Default] Preferring automation type 48 instead of legacy element type OTHER derived from class/trait: UILabel:UILabel 8590000128
2026-08-12 15:42:01.100 Df IlliniCover[28464:3d674f] [com.apple.dt.xctest:Default] Preferring automation type 14 instead of legacy element type OTHER derived from class/trait: SwiftUI.AccessibilityNode:UIResponder 1108101562369
2026-08-12 15:42:01.100 E  IlliniCover[28464:3d674f] [com.apple.dt.xctest:Default] Automation type mismatch; legacy system derived element type 9 from class SwiftUI.AccessibilityNode:UIResponder, traits 1108101562369, but AXAutomationType returned 14 which maps to 14
2026-08-12 15:42:01.100 Df IlliniCover[28464:3d674f] [com.apple.dt.xctest:Default] StaticText is not actually a child of Button, including at this point anyway (rdar://problem/20738636)
2026-08-12 15:42:01.100 Df IlliniCover[28464:3d674f] [com.apple.dt.xctest:Default] Image, identifier: 'chevron.down' is not actually a child of Button, including at this point anyway (rdar://problem/20738636)
2026-08-12 15:42:01.100 Df IlliniCover[28464:3d674f] [com.apple.dt.xctest:Default] Button is not actually a child of Button, identifier: 'deal-timing-kind-picker', including at this point anyway (rdar://problem/20738636)
2026-08-12 15:42:01.100 Df IlliniCover[28464:3d674f] [com.apple.dt.xctest:Default] Preferring automation type 14 instead of legacy element type OTHER derived from class/trait: SwiftUI.AccessibilityNode:UIResponder 1108101562369
2026-08-12 15:42:01.100 E  IlliniCover[28464:3d674f] [com.apple.dt.xctest:Default] Automation type mismatch; legacy system derived element type 9 from class SwiftUI.AccessibilityNode:UIResponder, traits 1108101562369, but AXAutomationType returned 14 which maps to 14
2026-08-12 15:42:01.100 Df IlliniCover[28464:3d674f] [com.apple.dt.xctest:Default] StaticText is not actually a child of Button, including at this point anyway (rdar://problem/20738636)
2026-08-12 15:42:01.100 Df IlliniCover[28464:3d674f] [com.apple.dt.xctest:Default] Image, identifier: 'chevron.down' is not actually a child of Button, including at this point anyway (rdar://problem/20738636)
2026-08-12 15:42:01.100 Df IlliniCover[28464:3d674f] [com.apple.dt.xctest:Default] Button is not actually a child of Button, identifier: 'deal-serving-picker', including at this point anyway (rdar://problem/20738636)
2026-08-12 15:42:01.100 Df IlliniCover[28464:3d674f] [com.apple.dt.xctest:Default] App orientation is 0 (not portrait) and UITextEffectsWindow window Window is not main window
2026-08-12 15:42:01.100 Df IlliniCover[28464:3d674f] [com.apple.dt.xctest:Default] Leaving frame unchanged for Window: either already correct or we can't detect it.
2026-08-12 15:42:01.100 Df IlliniCover[28464:3d674f] [com.apple.dt.xctest:Default] App orientation is 0 (not portrait) and UIRemoteKeyboardWindow window Window is not main window
2026-08-12 15:42:01.100 Df IlliniCover[28464:3d674f] [com.apple.dt.xctest:Default] Leaving frame unchanged for Window: either already correct or we can't detect it.
2026-08-12 15:42:01.101 Df IlliniCover[28464:3d674f] [com.apple.dt.xctest:Default] Preferring automation type 20 instead of legacy element type OTHER derived from class/trait: UIAccessibilityElementKBKey:UIAccessibilityElement 8589934649
2026-08-12 15:42:01.101 E  IlliniCover[28464:3d674f] [com.apple.dt.xctest:Default] Automation type mismatch; legacy system derived element type 9 from class UIAccessibilityElementKBKey:UIAccessibilityElement, traits 8589934649, but AXAutomationType returned 20 which maps to 20
2026-08-12 15:42:01.101 Df IlliniCover[28464:3d674f] [com.apple.dt.xctest:Default] Preferring automation type 20 instead of legacy element type OTHER derived from class/trait: UIAccessibilityElementKBKey:UIAccessibilityElement 8589934641
2026-08-12 15:42:01.101 E  IlliniCover[28464:3d674f] [com.apple.dt.xctest:Default] Automation type mismatch; legacy system derived element type 9 from class UIAccessibilityElementKBKey:UIAccessibilityElement, traits 8589934641, but AXAutomationType returned 20 which maps to 20
2026-08-12 15:42:01.101 Df IlliniCover[28464:3d674f] [com.apple.dt.xctest:Default] Query  found matching snapshots: {(
    Application, pid: 28464
)} (error: (null))
2026-08-12 15:42:01.101 Df IlliniCover[28464:3d674f] [com.apple.dt.xctest:Default] Replying to query  with results: <XCTElementQueryResults: 0x1221f3b70> (error: (null))
2026-08-12 15:42:02.283 Df IlliniCover[28464:3d674f] [com.apple.xpc:connection] [0x12234f480] invalidated because the client process (pid 29330) either cancelled the connection or exited
2026-08-12 15:42:02.284 Df IlliniCover[28464:3d674f] [com.apple.dt.xctest:Default] Connection from client with pid 29330 was invalidated.
2026-08-12 15:42:02.299 Df IlliniCover[28464:3d674f] [com.apple.dt.automationmode:Default] Handling posted change notification (com.apple.dt.automationmode.state-changed)
2026-08-12 15:42:02.299 Df IlliniCover[28464:3d674f] [com.apple.dt.automationmode:Default] XAM shared observer connecting to com.apple.dt.automationmode.reader
2026-08-12 15:42:02.299 Df IlliniCover[28464:3d674f] [com.apple.xpc:connection] [0x1238a7480] activating connection: mach=true listener=false peer=false name=com.apple.dt.automationmode.reader
2026-08-12 15:42:02.301 Df IlliniCover[28464:3d674f] [com.apple.xpc:connection] [0x1238a7480] invalidated because the current process cancelled the connection by calling xpc_connection_cancel()
2026-08-12 15:42:02.301 Df IlliniCover[28464:3d674f] [com.apple.dt.automationmode:Default] Comparing previous enabled state (1) to current enabled state (0)
2026-08-12 15:42:02.301 Df IlliniCover[28464:3d74b7] [com.apple.dt.xctest:Default] Automation Mode has been disabled, existing connections will be invalidated.
2026-08-12 15:42:03.253 Df IlliniCover[28464:3d674f] [com.apple.launchservices:db] NotifyToken::RegisterDispatch(com.apple.LaunchServices.database) fired for session key LSSessionKey(system: 0 uid: 501)
2026-08-12 15:42:05.692 Df IlliniCover[28464:3d674f] [com.apple.CFNetwork:Default] Task <C0D7018C-A0CE-4E68-9659-BB6503715F66>.<12> resuming, timeouts(0.0, 604800.0) qos(0x19) voucher((null)) activity(00000000-0000-0000-0000-000000000000)
2026-08-12 15:42:05.694 Df IlliniCover[28464:3d76d9] [com.apple.network:connection] [C2] event: client:connection_reused @121.169s
2026-08-12 15:42:05.695 Df IlliniCover[28464:3d76d9] [com.apple.CFNetwork:Default] Task <C0D7018C-A0CE-4E68-9659-BB6503715F66>.<12> now using Connection 2
2026-08-12 15:42:05.696 Df IlliniCover[28464:3d76d9] [com.apple.cfnetwork:h3stream] 0x125d65198 ID=36 Task <C0D7018C-A0CE-4E68-9659-BB6503715F66>.<12> sent request, body N 0
2026-08-12 15:42:05.722 E  IlliniCover[28464:3d570c] [com.apple.UIKit:RefreshControl] A UIRefreshControl received offscreen beginRefreshing. Ignored. Break on UIRefreshControlReceivedOffscreenBeginRefreshing to debug. <UIRefreshControl: 0x11f1a6080; frame = (0 0; 390 60); autoresize = W; layer = <CALayer: 0x11f347ae0>>
2026-08-12 15:42:06.172 Df IlliniCover[28464:3d674f] [com.apple.cfnetwork:h3stream] 0x125d65198 ID=36 Task <C0D7018C-A0CE-4E68-9659-BB6503715F66>.<12> received response, status 200 content K
2026-08-12 15:42:06.174 Df IlliniCover[28464:3d674f] [com.apple.CFNetwork:Default] Task <C0D7018C-A0CE-4E68-9659-BB6503715F66>.<12> response ended
2026-08-12 15:42:06.174 Df IlliniCover[28464:3d674f] [com.apple.network:connection] [C2] event: client:connection_idle @121.648s
2026-08-12 15:42:06.174 Df IlliniCover[28464:3d674f] [com.apple.CFNetwork:Default] Task <C0D7018C-A0CE-4E68-9659-BB6503715F66>.<12> done using Connection 2
2026-08-12 15:42:06.175 Df IlliniCover[28464:3d74b7] [com.apple.CFNetwork:Summary] Task <C0D7018C-A0CE-4E68-9659-BB6503715F66>.<12> summary for task success {transaction_duration_ms=481, response_status=200, connection=2, reused=1, reused_after_ms=30014, request_start_ms=2, request_duration_ms=0, response_start_ms=479, response_duration_ms=2, request_bytes=368, request_throughput_kbps=4266, response_bytes=2622, response_throughput_kbps=9014, cache_hit=true}
2026-08-12 15:42:06.175 Df IlliniCover[28464:3d74b7] [com.apple.CFNetwork:Default] Task <C0D7018C-A0CE-4E68-9659-BB6503715F66>.<12> finished successfully
2026-08-12 15:42:08.658 Df IlliniCover[28464:3d76d9] [com.apple.dt.automationmode:Default] Handling posted change notification (com.apple.dt.automationmode.state-changed)
2026-08-12 15:42:08.658 Df IlliniCover[28464:3d76d9] [com.apple.dt.automationmode:Default] XAM shared observer connecting to com.apple.dt.automationmode.reader
2026-08-12 15:42:08.658 Df IlliniCover[28464:3d76d9] [com.apple.xpc:connection] [0x1238a4c80] activating connection: mach=true listener=false peer=false name=com.apple.dt.automationmode.reader
2026-08-12 15:42:08.658 Df IlliniCover[28464:3d76d9] [com.apple.xpc:connection] [0x1238a4c80] invalidated because the current process cancelled the connection by calling xpc_connection_cancel()
2026-08-12 15:42:08.658 Df IlliniCover[28464:3d76d9] [com.apple.dt.automationmode:Default] Comparing previous enabled state (0) to current enabled state (1)
2026-08-12 15:42:09.636 Df IlliniCover[28464:3d674f] [com.apple.dt.xctest:Default] Received request for endpoint.
2026-08-12 15:42:09.636 Df IlliniCover[28464:3d674f] [com.apple.dt.xctest:Default] Sending anonymous endpoint.
2026-08-12 15:42:09.636 Df IlliniCover[28464:3d674f] [com.apple.xpc:connection] [0x1079e1540] Connection returned listener port: 0x760b
2026-08-12 15:42:09.638 Df IlliniCover[28464:3d674f] [com.apple.dt.xctest:Default] Received client to target connection.
2026-08-12 15:42:09.638 Df IlliniCover[28464:3d674f] [com.apple.dt.automationmode:Default] Returning 1 for enabled state
2026-08-12 15:42:09.638 Df IlliniCover[28464:3d674f] [com.apple.xpc:connection] [0x12234ea00] activating connection: mach=false listener=false peer=true name=com.apple.xpc.anonymous.0x1079e1540.peer[29545].0x12234ea00
2026-08-12 15:42:09.638 Df IlliniCover[28464:3d674f] [com.apple.dt.xctest:Default] Received request to exchange capabilities, remote interface capabilities are: <XCTCapabilities: 0x125f093f0>: {
    "query runtime issue reporting" = 1;
    "query runtime issue reporting/automation type mismatch" = 1;
}
2026-08-12 15:42:09.639 Df IlliniCover[28464:3d674f] [com.apple.dt.xctest:Default] Received request to fetch matches for query:
2026-08-12 15:42:09.639 Df IlliniCover[28464:3d76d9] [com.apple.dt.xctest:Default] Evaluating query:
2026-08-12 15:42:09.639 Df IlliniCover[28464:3d76d9] [com.apple.dt.xctest:Default] Getting root element snapshot
2026-08-12 15:42:09.639 Df IlliniCover[28464:3d76d9] [com.apple.dt.xctest:Default] Getting snapshot for App element pid: 28464 for query
2026-08-12 15:42:09.639 Df IlliniCover[28464:3d76d9] [com.apple.dt.xctest:Default] Query requires iOS snapshot attributes .
2026-08-12 15:42:09.639 Df IlliniCover[28464:3d76d9] [com.apple.dt.xctest:Default] XCTPerformOnMainRunLoop[not MT]: about to CFRunLoopPerform
2026-08-12 15:42:09.639 Df IlliniCover[28464:3d76d9] [com.apple.dt.xctest:Default] XCTPerformOnMainRunLoop[not MT]: waiting with 30.00s responsiveness timeout
2026-08-12 15:42:09.639 Df IlliniCover[28464:3d570c] [com.apple.dt.xctest:Default] XCTPerformOnMainRunLoop[MT]: inside CFRunLoopPerform
2026-08-12 15:42:09.639 Df IlliniCover[28464:3d570c] [com.apple.dt.xctest:Default] XCTPerformOnMainRunLoop[MT]: MT responded in time (won the race to the busy flag)
2026-08-12 15:42:09.639 Df IlliniCover[28464:3d76d9] [com.apple.dt.xctest:Default] XCTPerformOnMainRunLoop[not MT]: waiting 60.00s for work to complete
2026-08-12 15:42:09.640 Df IlliniCover[28464:3d570c] [com.apple.dt.xctest:Default] Got main window <AXUIElementRef 0x125eed320> {pid=28464} {uid=[ID:4 hash:0x107a0c400]}
2026-08-12 15:42:09.640 Df IlliniCover[28464:3d570c] [com.apple.dt.xctest:Default] Capturing hierarchy with attributes XC_kAXXCAttributeElementType, XC_kAXXCAttributeElementBaseType, XC_kAXXCAttributeParent, XC_kAXXCAttributeIdentifier, XC_kAXXCAttributeAutomationType, XC_kAXXCAttributeTraits
2026-08-12 15:42:09.640 Df IlliniCover[28464:3d570c] [com.apple.dt.xctest:Default] Capturing hierarchy with parameters {
    attributes =     (
        5003,
        5004,
        5002,
        5019,
        5058,
        2004
    );
    maxArrayCount = 2147483647;
    maxChildren = 2147483647;
    maxDepth = 2147483647;
    snapshotKeyHonorModalViews = 0;
    traverseFromParentsToChildren = 1;
}
2026-08-12 15:42:09.640 Df IlliniCover[28464:3d570c] [com.apple.dt.xctest:Default] Snapshot attributes 5003, 5004, 5002, 5019, 5058, 2004
2026-08-12 15:42:09.733 Df IlliniCover[28464:3d570c] [com.apple.dt.xctest:Default] Got snapshot for <AXUIElementRef 0x11eaa1650> {pid=28464} {uid=[ID:1 hash:0x0]}
2026-08-12 15:42:09.733 Df IlliniCover[28464:3d570c] [com.apple.dt.xctest:Default] Got app orientation 0
2026-08-12 15:42:09.733 Df IlliniCover[28464:3d570c] [com.apple.dt.xctest:Default] Captured accessibility snapshot data in 0.09s
2026-08-12 15:42:09.733 Df IlliniCover[28464:3d76d9] [com.apple.dt.xctest:Default] Found main window: Window
2026-08-12 15:42:09.734 Df IlliniCover[28464:3d76d9] [com.apple.dt.xctest:Default] Preferring automation type 48 instead of legacy element type OTHER derived from class/trait: UILabel:UILabel 8590000128
2026-08-12 15:42:09.735 Df IlliniCover[28464:3d76d9] [com.apple.dt.xctest:Default] Preferring automation type 14 instead of legacy element type OTHER derived from class/trait: SwiftUI.AccessibilityNode:UIResponder 1108101562369
2026-08-12 15:42:09.735 E  IlliniCover[28464:3d76d9] [com.apple.dt.xctest:Default] Automation type mismatch; legacy system derived element type 9 from class SwiftUI.AccessibilityNode:UIResponder, traits 1108101562369, but AXAutomationType returned 14 which maps to 14
2026-08-12 15:42:09.735 Df IlliniCover[28464:3d76d9] [com.apple.dt.xctest:Default] StaticText is not actually a child of Button, including at this point anyway (rdar://problem/20738636)
2026-08-12 15:42:09.735 Df IlliniCover[28464:3d76d9] [com.apple.dt.xctest:Default] Image, identifier: 'chevron.down' is not actually a child of Button, including at this point anyway (rdar://problem/20738636)
2026-08-12 15:42:09.735 Df IlliniCover[28464:3d76d9] [com.apple.dt.xctest:Default] Button is not actually a child of Button, identifier: 'deal-timing-kind-picker', including at this point anyway (rdar://problem/20738636)
2026-08-12 15:42:09.735 Df IlliniCover[28464:3d76d9] [com.apple.dt.xctest:Default] Preferring automation type 14 instead of legacy element type OTHER derived from class/trait: SwiftUI.AccessibilityNode:UIResponder 1108101562369
2026-08-12 15:42:09.735 E  IlliniCover[28464:3d76d9] [com.apple.dt.xctest:Default] Automation type mismatch; legacy system derived element type 9 from class SwiftUI.AccessibilityNode:UIResponder, traits 1108101562369, but AXAutomationType returned 14 which maps to 14
2026-08-12 15:42:09.735 Df IlliniCover[28464:3d76d9] [com.apple.dt.xctest:Default] StaticText is not actually a child of Button, including at this point anyway (rdar://problem/20738636)
2026-08-12 15:42:09.735 Df IlliniCover[28464:3d76d9] [com.apple.dt.xctest:Default] Image, identifier: 'chevron.down' is not actually a child of Button, including at this point anyway (rdar://problem/20738636)
2026-08-12 15:42:09.735 Df IlliniCover[28464:3d76d9] [com.apple.dt.xctest:Default] Button is not actually a child of Button, identifier: 'deal-serving-picker', including at this point anyway (rdar://problem/20738636)
2026-08-12 15:42:09.735 Df IlliniCover[28464:3d76d9] [com.apple.dt.xctest:Default] App orientation is 0 (not portrait) and UITextEffectsWindow window Window is not main window
2026-08-12 15:42:09.735 Df IlliniCover[28464:3d76d9] [com.apple.dt.xctest:Default] Leaving frame unchanged for Window: either already correct or we can't detect it.
2026-08-12 15:42:09.735 Df IlliniCover[28464:3d76d9] [com.apple.dt.xctest:Default] App orientation is 0 (not portrait) and UIRemoteKeyboardWindow window Window is not main window
2026-08-12 15:42:09.735 Df IlliniCover[28464:3d76d9] [com.apple.dt.xctest:Default] Leaving frame unchanged for Window: either already correct or we can't detect it.
2026-08-12 15:42:09.735 Df IlliniCover[28464:3d76d9] [com.apple.dt.xctest:Default] Preferring automation type 20 instead of legacy element type OTHER derived from class/trait: UIAccessibilityElementKBKey:UIAccessibilityElement 8589934649
2026-08-12 15:42:09.735 E  IlliniCover[28464:3d76d9] [com.apple.dt.xctest:Default] Automation type mismatch; legacy system derived element type 9 from class UIAccessibilityElementKBKey:UIAccessibilityElement, traits 8589934649, but AXAutomationType returned 20 which maps to 20
2026-08-12 15:42:09.735 Df IlliniCover[28464:3d76d9] [com.apple.dt.xctest:Default] Preferring automation type 20 instead of legacy element type OTHER derived from class/trait: UIAccessibilityElementKBKey:UIAccessibilityElement 8589934641
2026-08-12 15:42:09.736 E  IlliniCover[28464:3d76d9] [com.apple.dt.xctest:Default] Automation type mismatch; legacy system derived element type 9 from class UIAccessibilityElementKBKey:UIAccessibilityElement, traits 8589934641, but AXAutomationType returned 20 which maps to 20
2026-08-12 15:42:09.736 Df IlliniCover[28464:3d76d9] [com.apple.dt.xctest:Default] Query  found matching snapshots: {(
    Application, pid: 28464
)} (error: (null))
2026-08-12 15:42:09.736 Df IlliniCover[28464:3d76d9] [com.apple.dt.xctest:Default] Replying to query  with results: <XCTElementQueryResults: 0x1221f05d0> (error: (null))
2026-08-12 15:42:09.899 Df IlliniCover[28464:3d76d9] [com.apple.dt.xctest:Default] Received request to fetch matches for query:
2026-08-12 15:42:09.899 Df IlliniCover[28464:3d76d9] [com.apple.dt.xctest:Default] Evaluating query:
2026-08-12 15:42:09.899 Df IlliniCover[28464:3d76d9] [com.apple.dt.xctest:Default] Getting root element snapshot
2026-08-12 15:42:09.899 Df IlliniCover[28464:3d76d9] [com.apple.dt.xctest:Default] Getting snapshot for App element pid: 28464 for query
2026-08-12 15:42:09.899 Df IlliniCover[28464:3d76d9] [com.apple.dt.xctest:Default] Query requires iOS snapshot attributes .
2026-08-12 15:42:09.899 Df IlliniCover[28464:3d76d9] [com.apple.dt.xctest:Default] XCTPerformOnMainRunLoop[not MT]: about to CFRunLoopPerform
2026-08-12 15:42:09.899 Df IlliniCover[28464:3d76d9] [com.apple.dt.xctest:Default] XCTPerformOnMainRunLoop[not MT]: waiting with 30.00s responsiveness timeout
2026-08-12 15:42:09.899 Df IlliniCover[28464:3d570c] [com.apple.dt.xctest:Default] XCTPerformOnMainRunLoop[MT]: inside CFRunLoopPerform
2026-08-12 15:42:09.899 Df IlliniCover[28464:3d570c] [com.apple.dt.xctest:Default] XCTPerformOnMainRunLoop[MT]: MT responded in time (won the race to the busy flag)
2026-08-12 15:42:09.899 Df IlliniCover[28464:3d76d9] [com.apple.dt.xctest:Default] XCTPerformOnMainRunLoop[not MT]: waiting 60.00s for work to complete
2026-08-12 15:42:09.900 Df IlliniCover[28464:3d570c] [com.apple.dt.xctest:Default] Got main window <AXUIElementRef 0x11eb9c0c0> {pid=28464} {uid=[ID:4 hash:0x107a0c400]}
2026-08-12 15:42:09.900 Df IlliniCover[28464:3d570c] [com.apple.dt.xctest:Default] Capturing hierarchy with attributes XC_kAXXCAttributeElementType, XC_kAXXCAttributeElementBaseType, XC_kAXXCAttributeParent, XC_kAXXCAttributeIdentifier, XC_kAXXCAttributeAutomationType, XC_kAXXCAttributeTraits
2026-08-12 15:42:09.900 Df IlliniCover[28464:3d570c] [com.apple.dt.xctest:Default] Capturing hierarchy with parameters {
    attributes =     (
        5003,
        5004,
        5002,
        5019,
        5058,
        2004
    );
    maxArrayCount = 2147483647;
    maxChildren = 2147483647;
    maxDepth = 2147483647;
    snapshotKeyHonorModalViews = 0;
    traverseFromParentsToChildren = 1;
}
2026-08-12 15:42:09.900 Df IlliniCover[28464:3d570c] [com.apple.dt.xctest:Default] Snapshot attributes 5003, 5004, 5002, 5019, 5058, 2004
2026-08-12 15:42:09.995 Df IlliniCover[28464:3d570c] [com.apple.dt.xctest:Default] Got snapshot for <AXUIElementRef 0x12383a8e0> {pid=28464} {uid=[ID:1 hash:0x0]}
2026-08-12 15:42:09.995 Df IlliniCover[28464:3d570c] [com.apple.dt.xctest:Default] Got app orientation 0
2026-08-12 15:42:09.995 Df IlliniCover[28464:3d570c] [com.apple.dt.xctest:Default] Captured accessibility snapshot data in 0.10s
2026-08-12 15:42:09.995 Df IlliniCover[28464:3d76d9] [com.apple.dt.xctest:Default] Found main window: Window
2026-08-12 15:42:09.995 Df IlliniCover[28464:3d76d9] [com.apple.dt.xctest:Default] Preferring automation type 48 instead of legacy element type OTHER derived from class/trait: UILabel:UILabel 8590000128
2026-08-12 15:42:09.996 Df IlliniCover[28464:3d76d9] [com.apple.dt.xctest:Default] Preferring automation type 14 instead of legacy element type OTHER derived from class/trait: SwiftUI.AccessibilityNode:UIResponder 1108101562369
2026-08-12 15:42:09.996 E  IlliniCover[28464:3d76d9] [com.apple.dt.xctest:Default] Automation type mismatch; legacy system derived element type 9 from class SwiftUI.AccessibilityNode:UIResponder, traits 1108101562369, but AXAutomationType returned 14 which maps to 14
2026-08-12 15:42:09.996 Df IlliniCover[28464:3d76d9] [com.apple.dt.xctest:Default] StaticText is not actually a child of Button, including at this point anyway (rdar://problem/20738636)
2026-08-12 15:42:09.996 Df IlliniCover[28464:3d76d9] [com.apple.dt.xctest:Default] Image, identifier: 'chevron.down' is not actually a child of Button, including at this point anyway (rdar://problem/20738636)
2026-08-12 15:42:09.996 Df IlliniCover[28464:3d76d9] [com.apple.dt.xctest:Default] Button is not actually a child of Button, identifier: 'deal-timing-kind-picker', including at this point anyway (rdar://problem/20738636)
2026-08-12 15:42:09.996 Df IlliniCover[28464:3d76d9] [com.apple.dt.xctest:Default] Preferring automation type 14 instead of legacy element type OTHER derived from class/trait: SwiftUI.AccessibilityNode:UIResponder 1108101562369
2026-08-12 15:42:09.996 E  IlliniCover[28464:3d76d9] [com.apple.dt.xctest:Default] Automation type mismatch; legacy system derived element type 9 from class SwiftUI.AccessibilityNode:UIResponder, traits 1108101562369, but AXAutomationType returned 14 which maps to 14
2026-08-12 15:42:09.996 Df IlliniCover[28464:3d76d9] [com.apple.dt.xctest:Default] StaticText is not actually a child of Button, including at this point anyway (rdar://problem/20738636)
2026-08-12 15:42:09.996 Df IlliniCover[28464:3d76d9] [com.apple.dt.xctest:Default] Image, identifier: 'chevron.down' is not actually a child of Button, including at this point anyway (rdar://problem/20738636)
2026-08-12 15:42:09.996 Df IlliniCover[28464:3d76d9] [com.apple.dt.xctest:Default] Button is not actually a child of Button, identifier: 'deal-serving-picker', including at this point anyway (rdar://problem/20738636)
2026-08-12 15:42:09.997 Df IlliniCover[28464:3d76d9] [com.apple.dt.xctest:Default] App orientation is 0 (not portrait) and UITextEffectsWindow window Window is not main window
2026-08-12 15:42:09.997 Df IlliniCover[28464:3d76d9] [com.apple.dt.xctest:Default] Leaving frame unchanged for Window: either already correct or we can't detect it.
2026-08-12 15:42:09.997 Df IlliniCover[28464:3d76d9] [com.apple.dt.xctest:Default] App orientation is 0 (not portrait) and UIRemoteKeyboardWindow window Window is not main window
2026-08-12 15:42:09.997 Df IlliniCover[28464:3d76d9] [com.apple.dt.xctest:Default] Leaving frame unchanged for Window: either already correct or we can't detect it.
2026-08-12 15:42:09.997 Df IlliniCover[28464:3d76d9] [com.apple.dt.xctest:Default] Preferring automation type 20 instead of legacy element type OTHER derived from class/trait: UIAccessibilityElementKBKey:UIAccessibilityElement 8589934649
2026-08-12 15:42:09.997 E  IlliniCover[28464:3d76d9] [com.apple.dt.xctest:Default] Automation type mismatch; legacy system derived element type 9 from class UIAccessibilityElementKBKey:UIAccessibilityElement, traits 8589934649, but AXAutomationType returned 20 which maps to 20
2026-08-12 15:42:09.997 Df IlliniCover[28464:3d76d9] [com.apple.dt.xctest:Default] Preferring automation type 20 instead of legacy element type OTHER derived from class/trait: UIAccessibilityElementKBKey:UIAccessibilityElement 8589934641
2026-08-12 15:42:09.997 E  IlliniCover[28464:3d76d9] [com.apple.dt.xctest:Default] Automation type mismatch; legacy system derived element type 9 from class UIAccessibilityElementKBKey:UIAccessibilityElement, traits 8589934641, but AXAutomationType returned 20 which maps to 20
2026-08-12 15:42:09.997 Df IlliniCover[28464:3d76d9] [com.apple.dt.xctest:Default] Query  found matching snapshots: {(
    Application, pid: 28464
)} (error: (null))
2026-08-12 15:42:09.998 Df IlliniCover[28464:3d76d9] [com.apple.dt.xctest:Default] Replying to query  with results: <XCTElementQueryResults: 0x1221f1560> (error: (null))
