Timestamp               Ty Process[PID:TID]
2026-08-12 15:28:30.407 Df IlliniCover[22474:3c9345] [com.apple.KeyboardArbiter:Client] TX focusApplication (peekAppEvent) stealKB:Y scene:com.illinicover.app-default
2026-08-12 15:28:30.407 Df IlliniCover[22474:3c9345] [com.apple.UIKit:EventDispatch] Evaluating dispatch of UIEvent: 0x10a191800; type: 0; subtype: 0; backing type: 11; shouldSend: 1; ignoreInteractionEvents: 0, systemGestureStateChange: 0
2026-08-12 15:28:30.407 Df IlliniCover[22474:3c9345] [com.apple.UIKit:EventDispatch] Sending UIEvent type: 0; subtype: 0; to windows: 1
2026-08-12 15:28:30.407 Df IlliniCover[22474:3c9345] [com.apple.UIKit:EventDispatch] Sending UIEvent type: 0; subtype: 0; to window: <UIWindow: 0x10a20c400>; contextId: 0xDD590829
2026-08-12 15:28:30.411 Df IlliniCover[22474:3c9345] [com.apple.UIKit:EventDispatch] Evaluating dispatch of UIEvent: 0x10a191800; type: 0; subtype: 0; backing type: 11; shouldSend: 0; ignoreInteractionEvents: 0, systemGestureStateChange: 0
2026-08-12 15:28:30.422 Df IlliniCover[22474:3c9345] [com.apple.UIKit:EventDispatch] Evaluating dispatch of UIEvent: 0x10a191800; type: 0; subtype: 0; backing type: 11; shouldSend: 0; ignoreInteractionEvents: 0, systemGestureStateChange: 0
2026-08-12 15:28:30.455 Df IlliniCover[22474:3c9345] [com.apple.UIKit:EventDispatch] Evaluating dispatch of UIEvent: 0x10a191800; type: 0; subtype: 0; backing type: 11; shouldSend: 0; ignoreInteractionEvents: 0, systemGestureStateChange: 0
2026-08-12 15:28:30.472 Df IlliniCover[22474:3c9345] [com.apple.UIKit:EventDispatch] Evaluating dispatch of UIEvent: 0x10a191800; type: 0; subtype: 0; backing type: 11; shouldSend: 0; ignoreInteractionEvents: 0, systemGestureStateChange: 0
2026-08-12 15:28:30.488 Df IlliniCover[22474:3c9345] [com.apple.UIKit:EventDispatch] Evaluating dispatch of UIEvent: 0x10a191800; type: 0; subtype: 0; backing type: 11; shouldSend: 0; ignoreInteractionEvents: 0, systemGestureStateChange: 0
2026-08-12 15:28:30.488 Df IlliniCover[22474:3c9345] [com.apple.UIKit:EventDispatch] Evaluating dispatch of UIEvent: 0x10a191800; type: 0; subtype: 0; backing type: 11; shouldSend: 0; ignoreInteractionEvents: 0, systemGestureStateChange: 1
2026-08-12 15:28:30.489 A  IlliniCover[22474:3c9345] (UIKitCore) send gesture actions
2026-08-12 15:28:30.505 Df IlliniCover[22474:3c9345] [com.apple.UIKit:EventDispatch] Evaluating dispatch of UIEvent: 0x10a191800; type: 0; subtype: 0; backing type: 11; shouldSend: 0; ignoreInteractionEvents: 0, systemGestureStateChange: 0
2026-08-12 15:28:30.522 Df IlliniCover[22474:3c9345] [com.apple.UIKit:EventDispatch] Evaluating dispatch of UIEvent: 0x10a191800; type: 0; subtype: 0; backing type: 11; shouldSend: 0; ignoreInteractionEvents: 0, systemGestureStateChange: 0
2026-08-12 15:28:30.522 Df IlliniCover[22474:3c9345] [com.apple.UIKit:EventDispatch] Evaluating dispatch of UIEvent: 0x10a191800; type: 0; subtype: 0; backing type: 11; shouldSend: 1; ignoreInteractionEvents: 0, systemGestureStateChange: 0
2026-08-12 15:28:30.522 Df IlliniCover[22474:3c9345] [com.apple.UIKit:EventDispatch] Sending UIEvent type: 0; subtype: 0; to windows: 1
2026-08-12 15:28:30.522 Df IlliniCover[22474:3c9345] [com.apple.UIKit:EventDispatch] Sending UIEvent type: 0; subtype: 0; to window: <UIWindow: 0x10a20c400>; contextId: 0xDD590829
2026-08-12 15:28:30.522 A  IlliniCover[22474:3c9345] (UIKitCore) send gesture actions
2026-08-12 15:28:30.969 Df IlliniCover[22474:3c9367] [com.apple.dt.xctest:Default] Received request to fetch matches for query:
2026-08-12 15:28:30.969 Df IlliniCover[22474:3c9367] [com.apple.dt.xctest:Default] Evaluating query:
2026-08-12 15:28:30.969 Df IlliniCover[22474:3c9367] [com.apple.dt.xctest:Default] Getting root element snapshot
2026-08-12 15:28:30.969 Df IlliniCover[22474:3c9367] [com.apple.dt.xctest:Default] Getting snapshot for App element pid: 22474 for query
2026-08-12 15:28:30.969 Df IlliniCover[22474:3c9367] [com.apple.dt.xctest:Default] Query requires iOS snapshot attributes .
2026-08-12 15:28:30.969 Df IlliniCover[22474:3c9367] [com.apple.dt.xctest:Default] XCTPerformOnMainRunLoop[not MT]: about to CFRunLoopPerform
2026-08-12 15:28:30.969 Df IlliniCover[22474:3c9367] [com.apple.dt.xctest:Default] XCTPerformOnMainRunLoop[not MT]: waiting with 30.00s responsiveness timeout
2026-08-12 15:28:30.969 Df IlliniCover[22474:3c9345] [com.apple.dt.xctest:Default] XCTPerformOnMainRunLoop[MT]: inside CFRunLoopPerform
2026-08-12 15:28:30.969 Df IlliniCover[22474:3c9345] [com.apple.dt.xctest:Default] XCTPerformOnMainRunLoop[MT]: MT responded in time (won the race to the busy flag)
2026-08-12 15:28:30.969 Df IlliniCover[22474:3c9367] [com.apple.dt.xctest:Default] XCTPerformOnMainRunLoop[not MT]: waiting 60.00s for work to complete
2026-08-12 15:28:30.969 Df IlliniCover[22474:3c9345] [com.apple.dt.xctest:Default] Got main window <AXUIElementRef 0x12578c450> {pid=22474} {uid=[ID:4 hash:0x10a20c400]}
2026-08-12 15:28:30.969 Df IlliniCover[22474:3c9345] [com.apple.dt.xctest:Default] Capturing hierarchy with attributes XC_kAXXCAttributeElementType, XC_kAXXCAttributeElementBaseType, XC_kAXXCAttributeParent, XC_kAXXCAttributeIdentifier, XC_kAXXCAttributeAutomationType, XC_kAXXCAttributeTraits
2026-08-12 15:28:30.969 Df IlliniCover[22474:3c9345] [com.apple.dt.xctest:Default] Capturing hierarchy with parameters {
    attributes =     (
        5003,
        5004,
        5002,
        5019,
        5058,
        2004
    );
    maxArrayCount = 2147483647;
    maxChildren = 2147483647;
    maxDepth = 2147483647;
    snapshotKeyHonorModalViews = 0;
    traverseFromParentsToChildren = 1;
}
2026-08-12 15:28:30.969 Df IlliniCover[22474:3c9345] [com.apple.dt.xctest:Default] Snapshot attributes 5003, 5004, 5002, 5019, 5058, 2004
2026-08-12 15:28:31.023 Df IlliniCover[22474:3c9345] [com.apple.dt.xctest:Default] Got snapshot for <AXUIElementRef 0x125356bb0> {pid=22474} {uid=[ID:1 hash:0x0]}
2026-08-12 15:28:31.023 Df IlliniCover[22474:3c9345] [com.apple.dt.xctest:Default] Got app orientation 0
2026-08-12 15:28:31.023 Df IlliniCover[22474:3c9345] [com.apple.dt.xctest:Default] Captured accessibility snapshot data in 0.05s
2026-08-12 15:28:31.023 Df IlliniCover[22474:3c9367] [com.apple.dt.xctest:Default] Found main window: Window
2026-08-12 15:28:31.023 Df IlliniCover[22474:3c9367] [com.apple.dt.xctest:Default] Preferring automation type 48 instead of legacy element type OTHER derived from class/trait: UILabel:UILabel 8590000128
2026-08-12 15:28:31.023 Df IlliniCover[22474:3c9367] [com.apple.dt.xctest:Default] Other is not actually a child of Other, including at this point anyway (rdar://problem/20738636)
2026-08-12 15:28:31.023 Df IlliniCover[22474:3c9367] [com.apple.dt.xctest:Default] Other is not actually a child of Other, including at this point anyway (rdar://problem/20738636)
2026-08-12 15:28:31.024 Df IlliniCover[22474:3c9367] [com.apple.dt.xctest:Default] Other is not actually a child of Other, including at this point anyway (rdar://problem/20738636)
2026-08-12 15:28:31.024 Df IlliniCover[22474:3c9367] [com.apple.dt.xctest:Default] Other is not actually a child of Other, including at this point anyway (rdar://problem/20738636)
2026-08-12 15:28:31.024 Df IlliniCover[22474:3c9367] [com.apple.dt.xctest:Default] Other is not actually a child of Other, including at this point anyway (rdar://problem/20738636)
2026-08-12 15:28:31.024 Df IlliniCover[22474:3c9367] [com.apple.dt.xctest:Default] Other is not actually a child of Other, including at this point anyway (rdar://problem/20738636)
2026-08-12 15:28:31.024 Df IlliniCover[22474:3c9367] [com.apple.dt.xctest:Default] Other is not actually a child of Other, including at this point anyway (rdar://problem/20738636)
2026-08-12 15:28:31.024 Df IlliniCover[22474:3c9367] [com.apple.dt.xctest:Default] Other is not actually a child of Other, including at this point anyway (rdar://problem/20738636)
2026-08-12 15:28:31.024 Df IlliniCover[22474:3c9367] [com.apple.dt.xctest:Default] Other is not actually a child of Other, including at this point anyway (rdar://problem/20738636)
2026-08-12 15:28:31.024 Df IlliniCover[22474:3c9367] [com.apple.dt.xctest:Default] Other is not actually a child of Other, including at this point anyway (rdar://problem/20738636)
2026-08-12 15:28:31.024 Df IlliniCover[22474:3c9367] [com.apple.dt.xctest:Default] Other is not actually a child of Other, including at this point anyway (rdar://problem/20738636)
2026-08-12 15:28:31.024 Df IlliniCover[22474:3c9367] [com.apple.dt.xctest:Default] Other is not actually a child of Other, including at this point anyway (rdar://problem/20738636)
2026-08-12 15:28:31.024 Df IlliniCover[22474:3c9367] [com.apple.dt.xctest:Default] App orientation is 0 (not portrait) and UITextEffectsWindow window Window is not main window
2026-08-12 15:28:31.024 Df IlliniCover[22474:3c9367] [com.apple.dt.xctest:Default] Leaving frame unchanged for Window: either already correct or we can't detect it.
2026-08-12 15:28:31.025 Df IlliniCover[22474:3c9367] [com.apple.dt.xctest:Default] Query  found matching snapshots: {(
    Application, pid: 22474
)} (error: (null))
2026-08-12 15:28:31.025 Df IlliniCover[22474:3c9367] [com.apple.dt.xctest:Default] Replying to query  with results: <XCTElementQueryResults: 0x1247b0ae0> (error: (null))
2026-08-12 15:28:31.973 Df IlliniCover[22474:3c9345] [com.apple.KeyboardArbiter:Client] TX focusApplication (peekAppEvent) stealKB:Y scene:com.illinicover.app-default
2026-08-12 15:28:31.973 Df IlliniCover[22474:3c9345] [com.apple.UIKit:EventDispatch] Evaluating dispatch of UIEvent: 0x10a191800; type: 0; subtype: 0; backing type: 11; shouldSend: 1; ignoreInteractionEvents: 0, systemGestureStateChange: 0
2026-08-12 15:28:31.973 Df IlliniCover[22474:3c9345] [com.apple.UIKit:EventDispatch] Sending UIEvent type: 0; subtype: 0; to windows: 1
2026-08-12 15:28:31.973 Df IlliniCover[22474:3c9345] [com.apple.UIKit:EventDispatch] Sending UIEvent type: 0; subtype: 0; to window: <UIWindow: 0x10a20c400>; contextId: 0xDD590829
2026-08-12 15:28:31.975 Df IlliniCover[22474:3c9345] [com.apple.UIKit:EventDispatch] Evaluating dispatch of UIEvent: 0x10a191800; type: 0; subtype: 0; backing type: 11; shouldSend: 0; ignoreInteractionEvents: 0, systemGestureStateChange: 0
2026-08-12 15:28:31.988 Df IlliniCover[22474:3c9345] [com.apple.UIKit:EventDispatch] Evaluating dispatch of UIEvent: 0x10a191800; type: 0; subtype: 0; backing type: 11; shouldSend: 0; ignoreInteractionEvents: 0, systemGestureStateChange: 0
2026-08-12 15:28:32.005 Df IlliniCover[22474:3c9345] [com.apple.UIKit:EventDispatch] Evaluating dispatch of UIEvent: 0x10a191800; type: 0; subtype: 0; backing type: 11; shouldSend: 0; ignoreInteractionEvents: 0, systemGestureStateChange: 0
2026-08-12 15:28:32.022 Df IlliniCover[22474:3c9345] [com.apple.UIKit:EventDispatch] Evaluating dispatch of UIEvent: 0x10a191800; type: 0; subtype: 0; backing type: 11; shouldSend: 0; ignoreInteractionEvents: 0, systemGestureStateChange: 0
2026-08-12 15:28:32.038 Df IlliniCover[22474:3c9345] [com.apple.UIKit:EventDispatch] Evaluating dispatch of UIEvent: 0x10a191800; type: 0; subtype: 0; backing type: 11; shouldSend: 0; ignoreInteractionEvents: 0, systemGestureStateChange: 0
2026-08-12 15:28:32.055 Df IlliniCover[22474:3c9345] [com.apple.UIKit:EventDispatch] Evaluating dispatch of UIEvent: 0x10a191800; type: 0; subtype: 0; backing type: 11; shouldSend: 0; ignoreInteractionEvents: 0, systemGestureStateChange: 1
2026-08-12 15:28:32.055 Df IlliniCover[22474:3c9345] [com.apple.UIKit:EventDispatch] Evaluating dispatch of UIEvent: 0x10a191800; type: 0; subtype: 0; backing type: 11; shouldSend: 0; ignoreInteractionEvents: 0, systemGestureStateChange: 0
2026-08-12 15:28:32.055 A  IlliniCover[22474:3c9345] (UIKitCore) send gesture actions
2026-08-12 15:28:32.072 Df IlliniCover[22474:3c9345] [com.apple.UIKit:EventDispatch] Evaluating dispatch of UIEvent: 0x10a191800; type: 0; subtype: 0; backing type: 11; shouldSend: 0; ignoreInteractionEvents: 0, systemGestureStateChange: 0
2026-08-12 15:28:32.088 Df IlliniCover[22474:3c9345] [com.apple.UIKit:EventDispatch] Evaluating dispatch of UIEvent: 0x10a191800; type: 0; subtype: 0; backing type: 11; shouldSend: 0; ignoreInteractionEvents: 0, systemGestureStateChange: 0
2026-08-12 15:28:32.088 Df IlliniCover[22474:3c9345] [com.apple.UIKit:EventDispatch] Evaluating dispatch of UIEvent: 0x10a191800; type: 0; subtype: 0; backing type: 11; shouldSend: 1; ignoreInteractionEvents: 0, systemGestureStateChange: 0
2026-08-12 15:28:32.088 Df IlliniCover[22474:3c9345] [com.apple.UIKit:EventDispatch] Sending UIEvent type: 0; subtype: 0; to windows: 1
2026-08-12 15:28:32.088 Df IlliniCover[22474:3c9345] [com.apple.UIKit:EventDispatch] Sending UIEvent type: 0; subtype: 0; to window: <UIWindow: 0x10a20c400>; contextId: 0xDD590829
2026-08-12 15:28:32.089 A  IlliniCover[22474:3c9345] (UIKitCore) send gesture actions
2026-08-12 15:28:32.128 E  IlliniCover[22474:3c9345] [com.apple.UIKit:UIFocus] RCTScrollViewComponentView implements focusItemsInRect: - caching for linear focus movement is limited as long as this view is on screen.
2026-08-12 15:28:32.165 E  IlliniCover[22474:3c9345] [com.apple.UIKit:Assert] button text attributes only respected for UIControlStateNormal, UIControlStateHighlighted, UIControlStateDisabled and UIControlStateFocused. state = 4 is interpreted as UIControlStateHighlighted.
2026-08-12 15:28:32.165 E  IlliniCover[22474:3c9345] [com.apple.UIKit:Assert] button text attributes only respected for UIControlStateNormal, UIControlStateHighlighted, UIControlStateDisabled and UIControlStateFocused. state = 4 is interpreted as UIControlStateHighlighted.
2026-08-12 15:28:32.185 E  IlliniCover[22474:3c9345] [com.apple.UIKit:Assert] button text attributes only respected for UIControlStateNormal, UIControlStateHighlighted, UIControlStateDisabled and UIControlStateFocused. state = 4 is interpreted as UIControlStateHighlighted.
2026-08-12 15:28:32.185 E  IlliniCover[22474:3c9345] [com.apple.UIKit:Assert] button text attributes only respected for UIControlStateNormal, UIControlStateHighlighted, UIControlStateDisabled and UIControlStateFocused. state = 4 is interpreted as UIControlStateHighlighted.
2026-08-12 15:28:33.131 Df IlliniCover[22474:3c9367] [com.apple.dt.xctest:Default] Received request to fetch matches for query:
2026-08-12 15:28:33.131 Df IlliniCover[22474:3c9367] [com.apple.dt.xctest:Default] Evaluating query:
2026-08-12 15:28:33.131 Df IlliniCover[22474:3c9367] [com.apple.dt.xctest:Default] Getting root element snapshot
2026-08-12 15:28:33.131 Df IlliniCover[22474:3c9367] [com.apple.dt.xctest:Default] Getting snapshot for App element pid: 22474 for query
2026-08-12 15:28:33.131 Df IlliniCover[22474:3c9367] [com.apple.dt.xctest:Default] Query requires iOS snapshot attributes .
2026-08-12 15:28:33.131 Df IlliniCover[22474:3c9367] [com.apple.dt.xctest:Default] XCTPerformOnMainRunLoop[not MT]: about to CFRunLoopPerform
2026-08-12 15:28:33.131 Df IlliniCover[22474:3c9367] [com.apple.dt.xctest:Default] XCTPerformOnMainRunLoop[not MT]: waiting with 30.00s responsiveness timeout
2026-08-12 15:28:33.131 Df IlliniCover[22474:3c9345] [com.apple.dt.xctest:Default] XCTPerformOnMainRunLoop[MT]: inside CFRunLoopPerform
2026-08-12 15:28:33.131 Df IlliniCover[22474:3c9345] [com.apple.dt.xctest:Default] XCTPerformOnMainRunLoop[MT]: MT responded in time (won the race to the busy flag)
2026-08-12 15:28:33.131 Df IlliniCover[22474:3c9367] [com.apple.dt.xctest:Default] XCTPerformOnMainRunLoop[not MT]: waiting 60.00s for work to complete
2026-08-12 15:28:33.132 Df IlliniCover[22474:3c9345] [com.apple.dt.xctest:Default] Got main window <AXUIElementRef 0x12578c6c0> {pid=22474} {uid=[ID:4 hash:0x10a20c400]}
2026-08-12 15:28:33.132 Df IlliniCover[22474:3c9345] [com.apple.dt.xctest:Default] Capturing hierarchy with attributes XC_kAXXCAttributeElementType, XC_kAXXCAttributeElementBaseType, XC_kAXXCAttributeParent, XC_kAXXCAttributeIdentifier, XC_kAXXCAttributeAutomationType, XC_kAXXCAttributeTraits
2026-08-12 15:28:33.132 Df IlliniCover[22474:3c9345] [com.apple.dt.xctest:Default] Capturing hierarchy with parameters {
    attributes =     (
        5003,
        5004,
        5002,
        5019,
        5058,
        2004
    );
    maxArrayCount = 2147483647;
    maxChildren = 2147483647;
    maxDepth = 2147483647;
    snapshotKeyHonorModalViews = 0;
    traverseFromParentsToChildren = 1;
}
2026-08-12 15:28:33.132 Df IlliniCover[22474:3c9345] [com.apple.dt.xctest:Default] Snapshot attributes 5003, 5004, 5002, 5019, 5058, 2004
2026-08-12 15:28:33.219 Df IlliniCover[22474:3c9345] [com.apple.dt.xctest:Default] Got snapshot for <AXUIElementRef 0x1256f1c20> {pid=22474} {uid=[ID:1 hash:0x0]}
2026-08-12 15:28:33.219 Df IlliniCover[22474:3c9345] [com.apple.dt.xctest:Default] Got app orientation 0
2026-08-12 15:28:33.219 Df IlliniCover[22474:3c9345] [com.apple.dt.xctest:Default] Captured accessibility snapshot data in 0.09s
2026-08-12 15:28:33.219 Df IlliniCover[22474:3c9367] [com.apple.dt.xctest:Default] Found main window: Window
2026-08-12 15:28:33.219 Df IlliniCover[22474:3c9367] [com.apple.dt.xctest:Default] Preferring automation type 48 instead of legacy element type OTHER derived from class/trait: UILabel:UILabel 8590000128
2026-08-12 15:28:33.220 Df IlliniCover[22474:3c9367] [com.apple.dt.xctest:Default] Other is not actually a child of Other, including at this point anyway (rdar://problem/20738636)
2026-08-12 15:28:33.220 Df IlliniCover[22474:3c9367] [com.apple.dt.xctest:Default] Other is not actually a child of Other, including at this point anyway (rdar://problem/20738636)
2026-08-12 15:28:33.220 Df IlliniCover[22474:3c9367] [com.apple.dt.xctest:Default] Other is not actually a child of Other, including at this point anyway (rdar://problem/20738636)
2026-08-12 15:28:33.220 Df IlliniCover[22474:3c9367] [com.apple.dt.xctest:Default] Other is not actually a child of Other, including at this point anyway (rdar://problem/20738636)
2026-08-12 15:28:33.220 Df IlliniCover[22474:3c9367] [com.apple.dt.xctest:Default] Other is not actually a child of Other, including at this point anyway (rdar://problem/20738636)
2026-08-12 15:28:33.220 Df IlliniCover[22474:3c9367] [com.apple.dt.xctest:Default] Other is not actually a child of Other, including at this point anyway (rdar://problem/20738636)
2026-08-12 15:28:33.221 Df IlliniCover[22474:3c9367] [com.apple.dt.xctest:Default] Other is not actually a child of Other, including at this point anyway (rdar://problem/20738636)
2026-08-12 15:28:33.221 Df IlliniCover[22474:3c9367] [com.apple.dt.xctest:Default] Other is not actually a child of Other, including at this point anyway (rdar://problem/20738636)
2026-08-12 15:28:33.221 Df IlliniCover[22474:3c9367] [com.apple.dt.xctest:Default] Other is not actually a child of Other, including at this point anyway (rdar://problem/20738636)
2026-08-12 15:28:33.221 Df IlliniCover[22474:3c9367] [com.apple.dt.xctest:Default] Other is not actually a child of Other, including at this point anyway (rdar://problem/20738636)
2026-08-12 15:28:33.221 Df IlliniCover[22474:3c9367] [com.apple.dt.xctest:Default] Other is not actually a child of Other, including at this point anyway (rdar://problem/20738636)
2026-08-12 15:28:33.221 Df IlliniCover[22474:3c9367] [com.apple.dt.xctest:Default] Other is not actually a child of Other, including at this point anyway (rdar://problem/20738636)
2026-08-12 15:28:33.222 Df IlliniCover[22474:3c9367] [com.apple.dt.xctest:Default] App orientation is 0 (not portrait) and UITextEffectsWindow window Window is not main window
2026-08-12 15:28:33.222 Df IlliniCover[22474:3c9367] [com.apple.dt.xctest:Default] Leaving frame unchanged for Window: either already correct or we can't detect it.
2026-08-12 15:28:33.222 Df IlliniCover[22474:3c9367] [com.apple.dt.xctest:Default] Query  found matching snapshots: {(
    Application, pid: 22474
)} (error: (null))
2026-08-12 15:28:33.222 Df IlliniCover[22474:3c9367] [com.apple.dt.xctest:Default] Replying to query  with results: <XCTElementQueryResults: 0x1247b1ce0> (error: (null))
2026-08-12 15:28:33.822 Df IlliniCover[22474:3c9345] [com.apple.KeyboardArbiter:Client] TX focusApplication (peekAppEvent) stealKB:Y scene:com.illinicover.app-default
2026-08-12 15:28:33.822 Df IlliniCover[22474:3c9345] [com.apple.UIKit:EventDispatch] Evaluating dispatch of UIEvent: 0x10a191800; type: 0; subtype: 0; backing type: 11; shouldSend: 1; ignoreInteractionEvents: 0, systemGestureStateChange: 0
2026-08-12 15:28:33.822 Df IlliniCover[22474:3c9345] [com.apple.UIKit:EventDispatch] Sending UIEvent type: 0; subtype: 0; to windows: 1
2026-08-12 15:28:33.822 Df IlliniCover[22474:3c9345] [com.apple.UIKit:EventDispatch] Sending UIEvent type: 0; subtype: 0; to window: <UIWindow: 0x10a20c400>; contextId: 0xDD590829
2026-08-12 15:28:33.824 A  IlliniCover[22474:3c9345] (UIKitCore) send gesture actions
2026-08-12 15:28:33.827 Df IlliniCover[22474:3c9345] [com.apple.UIKit:EventDispatch] Evaluating dispatch of UIEvent: 0x10a191800; type: 0; subtype: 0; backing type: 11; shouldSend: 0; ignoreInteractionEvents: 0, systemGestureStateChange: 0
2026-08-12 15:28:33.838 Df IlliniCover[22474:3c9345] [com.apple.UIKit:EventDispatch] Evaluating dispatch of UIEvent: 0x10a191800; type: 0; subtype: 0; backing type: 11; shouldSend: 0; ignoreInteractionEvents: 0, systemGestureStateChange: 0
2026-08-12 15:28:33.855 Df IlliniCover[22474:3c9345] [com.apple.UIKit:EventDispatch] Evaluating dispatch of UIEvent: 0x10a191800; type: 0; subtype: 0; backing type: 11; shouldSend: 0; ignoreInteractionEvents: 0, systemGestureStateChange: 0
2026-08-12 15:28:33.872 Df IlliniCover[22474:3c9345] [com.apple.UIKit:EventDispatch] Evaluating dispatch of UIEvent: 0x10a191800; type: 0; subtype: 0; backing type: 11; shouldSend: 0; ignoreInteractionEvents: 0, systemGestureStateChange: 0
2026-08-12 15:28:33.888 Df IlliniCover[22474:3c9345] [com.apple.UIKit:EventDispatch] Evaluating dispatch of UIEvent: 0x10a191800; type: 0; subtype: 0; backing type: 11; shouldSend: 0; ignoreInteractionEvents: 0, systemGestureStateChange: 0
2026-08-12 15:28:33.905 Df IlliniCover[22474:3c9345] [com.apple.UIKit:EventDispatch] Evaluating dispatch of UIEvent: 0x10a191800; type: 0; subtype: 0; backing type: 11; shouldSend: 0; ignoreInteractionEvents: 0, systemGestureStateChange: 1
2026-08-12 15:28:33.905 Df IlliniCover[22474:3c9345] [com.apple.UIKit:EventDispatch] Evaluating dispatch of UIEvent: 0x10a191800; type: 0; subtype: 0; backing type: 11; shouldSend: 0; ignoreInteractionEvents: 0, systemGestureStateChange: 0
2026-08-12 15:28:33.922 Df IlliniCover[22474:3c9345] [com.apple.UIKit:EventDispatch] Evaluating dispatch of UIEvent: 0x10a191800; type: 0; subtype: 0; backing type: 11; shouldSend: 0; ignoreInteractionEvents: 0, systemGestureStateChange: 0
2026-08-12 15:28:33.938 Df IlliniCover[22474:3c9345] [com.apple.UIKit:EventDispatch] Evaluating dispatch of UIEvent: 0x10a191800; type: 0; subtype: 0; backing type: 11; shouldSend: 0; ignoreInteractionEvents: 0, systemGestureStateChange: 0
2026-08-12 15:28:33.938 Df IlliniCover[22474:3c9345] [com.apple.UIKit:EventDispatch] Evaluating dispatch of UIEvent: 0x10a191800; type: 0; subtype: 0; backing type: 11; shouldSend: 1; ignoreInteractionEvents: 0, systemGestureStateChange: 0
2026-08-12 15:28:33.938 Df IlliniCover[22474:3c9345] [com.apple.UIKit:EventDispatch] Sending UIEvent type: 0; subtype: 0; to windows: 1
2026-08-12 15:28:33.938 Df IlliniCover[22474:3c9345] [com.apple.UIKit:EventDispatch] Sending UIEvent type: 0; subtype: 0; to window: <UIWindow: 0x10a20c400>; contextId: 0xDD590829
2026-08-12 15:28:33.939 A  IlliniCover[22474:3c9345] (UIKitCore) send gesture actions
2026-08-12 15:28:33.939 A  IlliniCover[22474:3c9345] (UIKitCore) send gesture actions
2026-08-12 15:28:33.939 A  IlliniCover[22474:3c9345] (UIKitCore) send gesture actions
2026-08-12 15:28:33.959 A  IlliniCover[22474:3c9345] (UIKitCore) send control actions
2026-08-12 15:28:33.969 Df IlliniCover[22474:3c9345] [com.apple.UIKit:KeyboardSceneDelegate] Reloading input views for key-window scene responder: <RCTUITextField: 0x125075900; baseClass = UITextField; frame = (0 0; 96 56); opaque = NO; > force:N
2026-08-12 15:28:33.969 Df IlliniCover[22474:3c9345] [com.apple.BackBoard:Keyboard] currently observing: YES
2026-08-12 15:28:33.970 Df IlliniCover[22474:3c9345] [com.apple.BackBoard:Keyboard] currently observing: NO
2026-08-12 15:28:33.970 E  IlliniCover[22474:3c9345] [com.apple.RemoteTextInput:RTILog] -[RTIInputSystemClient remoteTextInputSessionWithID:performInputOperation:]  perform input operation requires a valid sessionID. inputModality = Keyboard, inputOperation = <null selector>, customInfoType = UIEmojiSearchOperations
2026-08-12 15:28:33.970 Df IlliniCover[22474:3c9345] [com.apple.xpc:connection] [0x121ba2bc0] activating connection: mach=true listener=false peer=false name=com.apple.TextInput
2026-08-12 15:28:33.970 Df IlliniCover[22474:3c9345] [com.apple.UIKit:KeyboardSceneDelegate] _reloadInputViewsForKeyWindowSceneResponder: 1 force: 0, fromBecomeFirstResponder: 1 (automaticKeyboard: 1, reloadIdentifier: 161CA26C-B6EB-4F23-B5E3-48ED6F89C952)
2026-08-12 15:28:33.970 Df IlliniCover[22474:3c9345] [com.apple.UIKit:KeyboardSceneDelegate] _inputViewsForResponder: <RCTUITextField: 0x125075900; baseClass = UITextField; frame = (0 0; 96 56); opaque = NO; >, automaticKeyboard: 1, force: 0
2026-08-12 15:28:33.970 Df IlliniCover[22474:3c9345] [com.apple.UIKit:KeyboardSceneDelegate] _inputViewsForResponder, found custom inputView: <(null): 0x0>, customInputViewController: <(null): 0x0>
2026-08-12 15:28:33.971 Df IlliniCover[22474:3c9345] [com.apple.UIKit:KeyboardSceneDelegate] _inputViewsForResponder, found inputAccessoryView: <UIToolbar: 0x121a1bc00; frame = {{0, 0}, {0, 48}}; alpha = 1.000000; isHidden = 0; tAMIC = 1>
2026-08-12 15:28:33.971 Df IlliniCover[22474:3c9345] [com.apple.UIKit:KeyboardSceneDelegate] _inputViewsForResponder, responderRequiresKeyboard 1 (automaticKeyboardEnabled: 1, activeInstance: <UIKeyboardAutomatic: 0x121a36800; frame = {{0, 0}, {390, 233}}; alpha = 1.000000; isHidden = 0; tAMIC = 0>, self.isOnScreen: 0, requiresKBWhenFirstResponder: 1)
2026-08-12 15:28:33.971 Df IlliniCover[22474:3c9345] [com.apple.UIKit:KeyboardSceneDelegate] _inputViewsForResponder, useKeyboard 1 (allowsSystemInputView: 1, !inputView <(null): 0x0>, responderRequiresKeyboard 1)
2026-08-12 15:28:33.976 Df IlliniCover[22474:3c9345] [com.apple.UIKit:KeyboardSceneDelegate] _inputViewsForResponder, found assistantVC: <UISystemInputAssistantViewController: 0x11a06cf00; frame = {{0, 0}, {390, 0}}> (should suppress: 0, _dontNeed: 0)
2026-08-12 15:28:33.976 Df IlliniCover[22474:3c9345] [com.apple.UIKit:KeyboardSceneDelegate] _inputViewsForResponder, configuring _responderWithoutAutomaticAppearanceEnabled: <(null): 0x0> (_automaticAppearEnabled: 1)
2026-08-12 15:28:33.976 Df IlliniCover[22474:3c9345] [com.apple.UIKit:KeyboardSceneDelegate] _inputViewsForResponder, useKeyboard ivs: <UIInputViewSet: 0x126680c00>
2026-08-12 15:28:33.976 Df IlliniCover[22474:3c9345] [com.apple.UIKit:KeyboardSceneDelegate] _inputViewsForResponder returning: <<UIInputViewSet: 0x126680c00>; keyboard = <UIKeyboardAutomatic: 0x121a36800; frame = (0 0; 390 233); opaque = NO; layer = <CALayer: 0x121a58210>>%; assistant = <TUISystemInputAssistantView: 0x10d5e8600; frame = (0 0; 390 0); hidden = YES; >; accessory = <UIToolbar: 0x121a1bc00; frame = (0 0; 0 48); >; usesKeyClicks = NO;  >
2026-08-12 15:28:33.977 Df IlliniCover[22474:3c9345] [com.apple.BackBoard:Keyboard] currently observing: YES
2026-08-12 15:28:33.977 Df IlliniCover[22474:3c9345] [com.apple.BackBoard:Keyboard] currently observing: NO
2026-08-12 15:28:33.977 Df IlliniCover[22474:3c9345] [com.apple.UIKit:InputSessionChange] -_teardownExistingDelegate:(nil) forSetDelegate:<RCTUITextField: 0x125075900> force:NO delayEndInputSession:YES
2026-08-12 15:28:33.977 Df IlliniCover[22474:3c9345] [com.apple.RemoteTextInput:RTILog] -[RTIInputSystemClient remoteTextInputSessionWithID:textSuggestionsChanged:]  Text input session suggestions changed. sessionID = (null)
2026-08-12 15:28:33.978 Df IlliniCover[22474:3c9345] [com.apple.UIKit:SmartReply] Handling responseContextDidChange - existing: (null), new: (null)
2026-08-12 15:28:34.026 Df IlliniCover[22474:3c9345] [com.apple.TextInputUI:DynamicKeyplaneView] Setting dynamic keyplane: Dynamic-DecimalPad-Small_NumberPad
2026-08-12 15:28:34.034 Df IlliniCover[22474:3c9345] [com.apple.RemoteTextInput:InputSessionChange] -[RTIInputSystemClient beginAllowingRemoteTextInput:]  Begin allowing remote text input: 95011A75-7A77-4C9D-8810-D16DEBF28D48
2026-08-12 15:28:34.034 Df IlliniCover[22474:3c9345] [com.apple.RemoteTextInput:InputSessionChange] -[RTIInputSystemClient _modifyTextEditingAllowedForReason:notify:animated:modifyAllowancesBlock:completion:]  Text editing allowed did change (editingAllowedAfter = YES)
2026-08-12 15:28:34.039 Df IlliniCover[22474:3c9345] [com.apple.RemoteTextInput:InputSessionChange] -[RTIInputSystemClient beginRemoteTextInputSessionWithID:options:documentTraits:initialDocumentState:]_block_invoke  Connection to service with mach name com.apple.rti-screencontinuity was invalidated. Attempting to create a new connection.
2026-08-12 15:28:34.040 Df IlliniCover[22474:3c9345] [com.apple.xpc:connection] [0x121ba0140] activating connection: mach=true listener=false peer=false name=com.apple.rti-screencontinuity
2026-08-12 15:28:34.040 Df IlliniCover[22474:3c9345] [com.apple.xpc:connection] [0x121ba0140] failed to do a bootstrap look-up: xpc_error=[3: No such process]
2026-08-12 15:28:34.040 Df IlliniCover[22474:3c9345] [com.apple.xpc:connection] [0x121ba0140] invalidated after a failed init
2026-08-12 15:28:34.040 Df IlliniCover[22474:3c9364] [com.apple.RemoteTextInput:InputSessionChange] -[RTIInputSystemClient _configureConnection:withMachName:]_block_invoke_2  Client connection to service was invalidated: <NSXPCConnection: 0x1264aa800> connection to service named com.apple.rti-screencontinuity
2026-08-12 15:28:34.040 Df IlliniCover[22474:3c9345] [com.apple.RemoteTextInput:InputSessionChange] -[RTIInputSystemClient _beginSessionWithID:forServices:force:]  Begin text input session. sessionID = 95011A75-7A77-4C9D-8810-D16DEBF28D48, options = <RTISessionOptions: 0x12577e240; shouldResign = NO; animated = YES; offscreenDirection = 0; enhancedWindowingModeEnabled = NO
2026-08-12 15:28:34.065 Df IlliniCover[22474:3c9361] [com.apple.TextInputUI:CandidateGeneration] All generators are not complete.
2026-08-12 15:28:34.077 Df IlliniCover[22474:3c9345] [com.apple.KeyboardArbiter:Client] TX setWindowContextID:0 windowState:Disabled level:5.0
    focusContext:<contextID:3713599529 sceneID:com.illinicover.app-default>
2026-08-12 15:28:34.077 Df IlliniCover[22474:3c9345] [com.apple.UIKit:UIPeripheralHost] endPlacementForInputViewSet: <<UIInputViewSet: 0x126680c00>; keyboard = <UIKeyboardAutomatic: 0x121a36800; frame = (0 0; 390 233); opaque = NO; layer = <CALayer: 0x121a58210>>%; assistant = <TUISystemInputAssistantView: 0x10d5e8600; frame = (0 0; 390 0); hidden = YES; >; accessory = <UIToolbar: 0x121a1bc00; frame = (0 0; 0 48); >; usesKeyClicks = NO;  > windowScene: <UIWindowScene: 0x10d467a00; role: UIWindowSceneSessionRoleApplication; persistentIdentifier: 2050C5AC-6A26-42BC-8E8F-FBAE5EDC0388; activationState: UISceneActivationStateForegroundActive>
2026-08-12 15:28:34.077 Df IlliniCover[22474:3c9345] [com.apple.UIKit:UIPeripheralHost] endPlacementForInputViewSet, returning -> <UIInputViewSetPlacementOnScreenWithAccessory>
2026-08-12 15:28:34.078 Df IlliniCover[22474:3c9345] [com.apple.UIKit:KeyboardArbiterClientLog] -[_UIRemoteKeyboards prepareToMoveKeyboard:withIAV:isIAVRelevant:showing:notifyRemote:forScene:] position: {{0, 0}, {390, 308}} visible: 1; notifyRemote: 1; isMinimized: NO
2026-08-12 15:28:34.080 Df IlliniCover[22474:3c9345] [com.apple.UIKit:InputWindowController] Change from input view set: (null)
2026-08-12 15:28:34.080 Df IlliniCover[22474:3c9345] [com.apple.UIKit:InputWindowController] Change to input view set: (null)
2026-08-12 15:28:34.081 Df IlliniCover[22474:3c9345] [com.apple.UIKit:InputWindowController] Change from input view set: (null)
2026-08-12 15:28:34.081 Df IlliniCover[22474:3c9345] [com.apple.UIKit:InputWindowController] Change to input view set: <<UIInputViewSet: 0x126680f00>; (empty)>
2026-08-12 15:28:34.088 Df IlliniCover[22474:3c9345] [com.apple.UIKit:InputWindowController] updatePlacementWithPlacement: <UIInputViewSetPlacementOffScreenDown>
2026-08-12 15:28:34.089 Df IlliniCover[22474:3c9345] [com.apple.KeyboardArbiter:Client] prepareToMoveKeyboard: set currentKeyboard:Y
2026-08-12 15:28:34.090 Df IlliniCover[22474:3c9345] [com.apple.KeyboardArbiter:Client] TX signalKeyboardChanged
2026-08-12 15:28:34.090 Df IlliniCover[22474:3c9345] [com.apple.UIKit:KeyboardArbiterClientLog] -[_UIRemoteKeyboards signalToProxyKeyboardChanged:onCompletion:]  Signaling keyboard changed <<<_UIKeyboardChangedInformation: 0x10a173300>; appId (null) bundleId (null) animation fence <BKSAnimationFenceHandle:0x121bb8b40 -> <CAFenceHandle:0x1265726f0 name=7 fence=756000000f8 usable=YES>>; position {{0, 536}, {390, 308}}; animated YES; on screen YES; tracking NO; resizing NO; local NO, dock state: Unknown, hasValidNotif: NO>; source canvas com.apple.frontboard.systemappservices/FBSceneManager:sceneID%3Acom.illinicover.app-default; source display Main; source bundle com.illinicover.app; host bundle (null); animation fence <BKSAnimationFenceHandle:0x121bb8b40 -> <CAFenceHandle:0x1265726f0 name=7 fence=756000000f8 usable=YES>>; position {{0, 536}, {390, 308}} (with IAV {{0, 488}, {390, 356}}); floating 0; on screen YES;  intersectable YES; snapshot YES>
2026-08-12 15:28:34.090 Df IlliniCover[22474:3c9345] [com.apple.KeyboardArbiter:Client] TX setWindowContextID:2211489234 windowState:Enabled level:5.0
    focusContext:<contextID:3713599529 sceneID:com.illinicover.app-default>
2026-08-12 15:28:34.090 Df IlliniCover[22474:3c9345] [com.apple.UIKit:UIKeyboardExtended] Requesting scene for autofill UI
2026-08-12 15:28:34.090 Df IlliniCover[22474:3c9345] [com.apple.UIKit:KeyboardVisualMode] Show keyboard with visual mode windowed (0)
2026-08-12 15:28:34.092 Df IlliniCover[22474:3c9345] [com.apple.UIKit:InputWindowController] Setting input views: <<UIInputViewSet: 0x126681080>; keyboard = [uninitialized]; assistant = <TUISystemInputAssistantView: 0x10d5e8600; frame = (0 0; 390 0); hidden = YES; >; accessory = <_UIRemoteKeyboardPlaceholderView: 0x1256f8a00; frame = (0 0; 0 48); >; usesKeyClicks = NO;  >
2026-08-12 15:28:34.096 Df IlliniCover[22474:3c9345] [com.apple.UIKit:UIPeripheralHost] endPlacementForInputViewSet: <<UIInputViewSet: 0x126681080>; keyboard = <UIKeyboardAutomatic: 0x121a36800; frame = (0 0; 390 233); opaque = NO; layer = <CALayer: 0x121a58210>>%; assistant = <TUISystemInputAssistantView: 0x10d5e8600; frame = (0 0; 390 0); hidden = YES; >; accessory = <_UIRemoteKeyboardPlaceholderView: 0x1256f8a00; frame = (0 0; 0 48); >; usesKeyClicks = NO;  > windowScene: <_UIKeyboardWindowScene: 0x121b32800; role: _UIScreenBasedSceneSession; persistentIdentifier: C026E52F-F855-4951-B745-753E48BA295C; activationState: UISceneActivationStateForegroundActive>
2026-08-12 15:28:34.096 Df IlliniCover[22474:3c9345] [com.apple.UIKit:UIPeripheralHost] endPlacementForInputViewSet, returning -> <UIInputViewSetPlacementOnScreenWithAccessory>
2026-08-12 15:28:34.096 Df IlliniCover[22474:3c9345] [com.apple.UIKit:InputWindowController] Moving from placement: <UIInputViewSetPlacementOffScreenDown> to placement: <UIInputViewSetPlacementOnScreenWithAccessory> (currentPlacement: <UIInputViewSetPlacementOffScreenDown>)
2026-08-12 15:28:34.097 Df IlliniCover[22474:3c9345] [com.apple.UIKit:InputWindowController] Change from input view set: <<UIInputViewSet: 0x126680f00>; (empty)>
2026-08-12 15:28:34.097 Df IlliniCover[22474:3c9345] [com.apple.UIKit:InputWindowController] Change to input view set: <<UIInputViewSet: 0x126681080>; keyboard = <UIKeyboardAutomatic: 0x121a36800; frame = (0 0; 390 233); opaque = NO; layer = <CALayer: 0x121a58210>>%; assistant = <TUISystemInputAssistantView: 0x10d5e8600; frame = (0 0; 390 0); hidden = YES; >; accessory = <_UIRemoteKeyboardPlaceholderView: 0x1256f8a00; frame = (0 0; 0 48); >; usesKeyClicks = NO;  >
2026-08-12 15:28:34.097 Df IlliniCover[22474:3c9345] [com.apple.UIKit:UIKBFeedbackGenerator] <_UIKBFeedbackGenerator: 0x10a24af40>: -[_UIKBFeedbackGenerator activateWithCompletionBlock:]
2026-08-12 15:28:34.097 Df IlliniCover[22474:3c9361] [com.apple.UIKit:UIKBFeedbackGenerator] <_UIKBFeedbackGenerator: 0x10a24af40>: Releasing engine and players.
2026-08-12 15:28:34.097 Df IlliniCover[22474:3c9361] [com.apple.UIKit:UIKBFeedbackGenerator] <_UIKBFeedbackGenerator: 0x10a24af40>: Recreating engine with reason -[_UIKBFeedbackGenerator activateWithCompletionBlock:]_block_invoke.
2026-08-12 15:28:34.098 Df IlliniCover[22474:3c9361] (libMobileGestalt.dylib) MGIsDeviceOfType is not supported on this platform.
2026-08-12 15:28:34.099 E  IlliniCover[22474:3c9361] (CoreHaptics)        CHHapticPattern.mm:487   +[CHHapticPattern patternForKey:error:]: Failed to read pattern library data: Error Domain=NSCocoaErrorDomain Code=260 "The file “hapticpatternlibrary.plist” couldn’t be opened because there is no such file." UserInfo={NSFilePath=/Library/Audio/Tunings/Generic/Haptics/Library/hapticpatternlibrary.plist, NSURL=file:///Library/Audio/Tunings/Generic/Haptics/Library/hapticpatternlibrary.plist, NSUnderlyingError=0x1247b21c0 {Error Domain=NSPOSIXErrorDomain Code=2 "No such file or directory"}}
2026-08-12 15:28:34.100 E  IlliniCover[22474:3c9361] [com.apple.UIKit:UIKBFeedbackGenerator] <_UIKBFeedbackGenerator: 0x10a24af40>: Error creating CHHapticPattern: Error Domain=NSCocoaErrorDomain Code=260 "The file “hapticpatternlibrary.plist” couldn’t be opened because there is no such file." UserInfo={NSFilePath=/Library/Audio/Tunings/Generic/Haptics/Library/hapticpatternlibrary.plist, NSURL=file:///Library/Audio/Tunings/Generic/Haptics/Library/hapticpatternlibrary.plist, NSUnderlyingError=0x1247b21c0 {Error Domain=NSPOSIXErrorDomain Code=2 "No such file or directory"}}
2026-08-12 15:28:34.100 E  IlliniCover[22474:3c9361] (CoreHaptics)        CHHapticPattern.mm:487   +[CHHapticPattern patternForKey:error:]: Failed to read pattern library data: Error Domain=NSCocoaErrorDomain Code=260 "The file “hapticpatternlibrary.plist” couldn’t be opened because there is no such file." UserInfo={NSFilePath=/Library/Audio/Tunings/Generic/Haptics/Library/hapticpatternlibrary.plist, NSURL=file:///Library/Audio/Tunings/Generic/Haptics/Library/hapticpatternlibrary.plist, NSUnderlyingError=0x1247b1a70 {Error Domain=NSPOSIXErrorDomain Code=2 "No such file or directory"}}
2026-08-12 15:28:34.100 E  IlliniCover[22474:3c9361] [com.apple.UIKit:UIKBFeedbackGenerator] <_UIKBFeedbackGenerator: 0x10a24af40>: Error creating CHHapticPattern: Error Domain=NSCocoaErrorDomain Code=260 "The file “hapticpatternlibrary.plist” couldn’t be opened because there is no such file." UserInfo={NSFilePath=/Library/Audio/Tunings/Generic/Haptics/Library/hapticpatternlibrary.plist, NSURL=file:///Library/Audio/Tunings/Generic/Haptics/Library/hapticpatternlibrary.plist, NSUnderlyingError=0x1247b1a70 {Error Domain=NSPOSIXErrorDomain Code=2 "No such file or directory"}}
2026-08-12 15:28:34.100 E  IlliniCover[22474:3c9361] (CoreHaptics)        CHHapticPattern.mm:487   +[CHHapticPattern patternForKey:error:]: Failed to read pattern library data: Error Domain=NSCocoaErrorDomain Code=260 "The file “hapticpatternlibrary.plist” couldn’t be opened because there is no such file." UserInfo={NSFilePath=/Library/Audio/Tunings/Generic/Haptics/Library/hapticpatternlibrary.plist, NSURL=file:///Library/Audio/Tunings/Generic/Haptics/Library/hapticpatternlibrary.plist, NSUnderlyingError=0x1247b21c0 {Error Domain=NSPOSIXErrorDomain Code=2 "No such file or directory"}}
2026-08-12 15:28:34.100 E  IlliniCover[22474:3c9361] [com.apple.UIKit:UIKBFeedbackGenerator] <_UIKBFeedbackGenerator: 0x10a24af40>: Error creating CHHapticPattern: Error Domain=NSCocoaErrorDomain Code=260 "The file “hapticpatternlibrary.plist” couldn’t be opened because there is no such file." UserInfo={NSFilePath=/Library/Audio/Tunings/Generic/Haptics/Library/hapticpatternlibrary.plist, NSURL=file:///Library/Audio/Tunings/Generic/Haptics/Library/hapticpatternlibrary.plist, NSUnderlyingError=0x1247b21c0 {Error Domain=NSPOSIXErrorDomain Code=2 "No such file or directory"}}
2026-08-12 15:28:34.100 E  IlliniCover[22474:3c9361] (CoreHaptics)        CHHapticPattern.mm:487   +[CHHapticPattern patternForKey:error:]: Failed to read pattern library data: Error Domain=NSCocoaErrorDomain Code=260 "The file “hapticpatternlibrary.plist” couldn’t be opened because there is no such file." UserInfo={NSFilePath=/Library/Audio/Tunings/Generic/Haptics/Library/hapticpatternlibrary.plist, NSURL=file:///Library/Audio/Tunings/Generic/Haptics/Library/hapticpatternlibrary.plist, NSUnderlyingError=0x1247b1a70 {Error Domain=NSPOSIXErrorDomain Code=2 "No such file or directory"}}
2026-08-12 15:28:34.101 E  IlliniCover[22474:3c9361] [com.apple.UIKit:UIKBFeedbackGenerator] <_UIKBFeedbackGenerator: 0x10a24af40>: Error creating CHHapticPattern: Error Domain=NSCocoaErrorDomain Code=260 "The file “hapticpatternlibrary.plist” couldn’t be opened because there is no such file." UserInfo={NSFilePath=/Library/Audio/Tunings/Generic/Haptics/Library/hapticpatternlibrary.plist, NSURL=file:///Library/Audio/Tunings/Generic/Haptics/Library/hapticpatternlibrary.plist, NSUnderlyingError=0x1247b1a70 {Error Domain=NSPOSIXErrorDomain Code=2 "No such file or directory"}}
2026-08-12 15:28:34.101 E  IlliniCover[22474:3c9361] (CoreHaptics)        CHHapticPattern.mm:487   +[CHHapticPattern patternForKey:error:]: Failed to read pattern library data: Error Domain=NSCocoaErrorDomain Code=260 "The file “hapticpatternlibrary.plist” couldn’t be opened because there is no such file." UserInfo={NSFilePath=/Library/Audio/Tunings/Generic/Haptics/Library/hapticpatternlibrary.plist, NSURL=file:///Library/Audio/Tunings/Generic/Haptics/Library/hapticpatternlibrary.plist, NSUnderlyingError=0x1247b21c0 {Error Domain=NSPOSIXErrorDomain Code=2 "No such file or directory"}}
2026-08-12 15:28:34.101 E  IlliniCover[22474:3c9361] [com.apple.UIKit:UIKBFeedbackGenerator] <_UIKBFeedbackGenerator: 0x10a24af40>: Error creating CHHapticPattern: Error Domain=NSCocoaErrorDomain Code=260 "The file “hapticpatternlibrary.plist” couldn’t be opened because there is no such file." UserInfo={NSFilePath=/Library/Audio/Tunings/Generic/Haptics/Library/hapticpatternlibrary.plist, NSURL=file:///Library/Audio/Tunings/Generic/Haptics/Library/hapticpatternlibrary.plist, NSUnderlyingError=0x1247b21c0 {Error Domain=NSPOSIXErrorDomain Code=2 "No such file or directory"}}
2026-08-12 15:28:34.102 E  IlliniCover[22474:3c9361] (CoreHaptics)        CHHapticPattern.mm:487   +[CHHapticPattern patternForKey:error:]: Failed to read pattern library data: Error Domain=NSCocoaErrorDomain Code=260 "The file “hapticpatternlibrary.plist” couldn’t be opened because there is no such file." UserInfo={NSFilePath=/Library/Audio/Tunings/Generic/Haptics/Library/hapticpatternlibrary.plist, NSURL=file:///Library/Audio/Tunings/Generic/Haptics/Library/hapticpatternlibrary.plist, NSUnderlyingError=0x1247b1a70 {Error Domain=NSPOSIXErrorDomain Code=2 "No such file or directory"}}
2026-08-12 15:28:34.102 E  IlliniCover[22474:3c9361] [com.apple.UIKit:UIKBFeedbackGenerator] <_UIKBFeedbackGenerator: 0x10a24af40>: Error creating CHHapticPattern: Error Domain=NSCocoaErrorDomain Code=260 "The file “hapticpatternlibrary.plist” couldn’t be opened because there is no such file." UserInfo={NSFilePath=/Library/Audio/Tunings/Generic/Haptics/Library/hapticpatternlibrary.plist, NSURL=file:///Library/Audio/Tunings/Generic/Haptics/Library/hapticpatternlibrary.plist, NSUnderlyingError=0x1247b1a70 {Error Domain=NSPOSIXErrorDomain Code=2 "No such file or directory"}}
2026-08-12 15:28:34.103 E  IlliniCover[22474:3c9361] (CoreHaptics)        CHHapticPattern.mm:487   +[CHHapticPattern patternForKey:error:]: Failed to read pattern library data: Error Domain=NSCocoaErrorDomain Code=260 "The file “hapticpatternlibrary.plist” couldn’t be opened because there is no such file." UserInfo={NSFilePath=/Library/Audio/Tunings/Generic/Haptics/Library/hapticpatternlibrary.plist, NSURL=file:///Library/Audio/Tunings/Generic/Haptics/Library/hapticpatternlibrary.plist, NSUnderlyingError=0x1247b21c0 {Error Domain=NSPOSIXErrorDomain Code=2 "No such file or directory"}}
2026-08-12 15:28:34.103 E  IlliniCover[22474:3c9361] [com.apple.UIKit:UIKBFeedbackGenerator] <_UIKBFeedbackGenerator: 0x10a24af40>: Error creating CHHapticPattern: Error Domain=NSCocoaErrorDomain Code=260 "The file “hapticpatternlibrary.plist” couldn’t be opened because there is no such file." UserInfo={NSFilePath=/Library/Audio/Tunings/Generic/Haptics/Library/hapticpatternlibrary.plist, NSURL=file:///Library/Audio/Tunings/Generic/Haptics/Library/hapticpatternlibrary.plist, NSUnderlyingError=0x1247b21c0 {Error Domain=NSPOSIXErrorDomain Code=2 "No such file or directory"}}
2026-08-12 15:28:34.103 E  IlliniCover[22474:3c9361] (CoreHaptics)        CHHapticPattern.mm:487   +[CHHapticPattern patternForKey:error:]: Failed to read pattern library data: Error Domain=NSCocoaErrorDomain Code=260 "The file “hapticpatternlibrary.plist” couldn’t be opened because there is no such file." UserInfo={NSFilePath=/Library/Audio/Tunings/Generic/Haptics/Library/hapticpatternlibrary.plist, NSURL=file:///Library/Audio/Tunings/Generic/Haptics/Library/hapticpatternlibrary.plist, NSUnderlyingError=0x1247b1a70 {Error Domain=NSPOSIXErrorDomain Code=2 "No such file or directory"}}
2026-08-12 15:28:34.103 E  IlliniCover[22474:3c9361] [com.apple.UIKit:UIKBFeedbackGenerator] <_UIKBFeedbackGenerator: 0x10a24af40>: Error creating CHHapticPattern: Error Domain=NSCocoaErrorDomain Code=260 "The file “hapticpatternlibrary.plist” couldn’t be opened because there is no such file." UserInfo={NSFilePath=/Library/Audio/Tunings/Generic/Haptics/Library/hapticpatternlibrary.plist, NSURL=file:///Library/Audio/Tunings/Generic/Haptics/Library/hapticpatternlibrary.plist, NSUnderlyingError=0x1247b1a70 {Error Domain=NSPOSIXErrorDomain Code=2 "No such file or directory"}}
2026-08-12 15:28:34.104 E  IlliniCover[22474:3c9361] (CoreHaptics)        CHHapticPattern.mm:487   +[CHHapticPattern patternForKey:error:]: Failed to read pattern library data: Error Domain=NSCocoaErrorDomain Code=260 "The file “hapticpatternlibrary.plist” couldn’t be opened because there is no such file." UserInfo={NSFilePath=/Library/Audio/Tunings/Generic/Haptics/Library/hapticpatternlibrary.plist, NSURL=file:///Library/Audio/Tunings/Generic/Haptics/Library/hapticpatternlibrary.plist, NSUnderlyingError=0x1247b21c0 {Error Domain=NSPOSIXErrorDomain Code=2 "No such file or directory"}}
2026-08-12 15:28:34.104 Df IlliniCover[22474:3c9345] [com.apple.UIKit:UIPeripheralHost] endPlacementForInputViewSet: <<UIInputViewSet: 0x126681080>; keyboard = <UIKeyboardAutomatic: 0x121a36800; frame = (0 0; 390 233); opaque = NO; layer = <CALayer: 0x121a58210>>%; assistant = <TUISystemInputAssistantView: 0x10d5e8600; frame = (0 0; 390 0); hidden = YES; >; accessory = <_UIRemoteKeyboardPlaceholderView: 0x1256f8a00; frame = (0 0; 0 48); >; usesKeyClicks = NO;  > windowScene: <_UIKeyboardWindowScene: 0x121b32800; role: _UIScreenBasedSceneSession; persistentIdentifier: C026E52F-F855-4951-B745-753E48BA295C; activationState: UISceneActivationStateForegroundActive>
2026-08-12 15:28:34.104 E  IlliniCover[22474:3c9361] [com.apple.UIKit:UIKBFeedbackGenerator] <_UIKBFeedbackGenerator: 0x10a24af40>: Error creating CHHapticPattern: Error Domain=NSCocoaErrorDomain Code=260 "The file “hapticpatternlibrary.plist” couldn’t be opened because there is no such file." UserInfo={NSFilePath=/Library/Audio/Tunings/Generic/Haptics/Library/hapticpatternlibrary.plist, NSURL=file:///Library/Audio/Tunings/Generic/Haptics/Library/hapticpatternlibrary.plist, NSUnderlyingError=0x1247b21c0 {Error Domain=NSPOSIXErrorDomain Code=2 "No such file or directory"}}
2026-08-12 15:28:34.105 Df IlliniCover[22474:3c9345] [com.apple.UIKit:UIPeripheralHost] endPlacementForInputViewSet, returning -> <UIInputViewSetPlacementOnScreenWithAccessory>
2026-08-12 15:28:34.105 Df IlliniCover[22474:3c9345] [com.apple.UIKit:UIPeripheralHost] endPlacementForInputViewSet: <<UIInputViewSet: 0x126681080>; keyboard = <UIKeyboardAutomatic: 0x121a36800; frame = (0 0; 390 233); opaque = NO; layer = <CALayer: 0x121a58210>>%; assistant = <TUISystemInputAssistantView: 0x10d5e8600; frame = (0 0; 390 0); hidden = YES; >; accessory = <_UIRemoteKeyboardPlaceholderView: 0x1256f8a00; frame = (0 0; 0 48); >; usesKeyClicks = NO;  > windowScene: <_UIKeyboardWindowScene: 0x121b32800; role: _UIScreenBasedSceneSession; persistentIdentifier: C026E52F-F855-4951-B745-753E48BA295C; activationState: UISceneActivationStateForegroundActive>
2026-08-12 15:28:34.105 Df IlliniCover[22474:3c9345] [com.apple.UIKit:UIPeripheralHost] endPlacementForInputViewSet, returning -> <UIInputViewSetPlacementOnScreenWithAccessory>
2026-08-12 15:28:34.107 Df IlliniCover[22474:3c9345] [com.apple.UIKit:UIPeripheralHost] endPlacementForInputViewSet: <<UIInputViewSet: 0x126681080>; keyboard = <UIKeyboardAutomatic: 0x121a36800; frame = (0 0; 390 233); opaque = NO; layer = <CALayer: 0x121a58210>>%; assistant = <TUISystemInputAssistantView: 0x10d5e8600; frame = (0 0; 390 0); hidden = YES; >; accessory = <_UIRemoteKeyboardPlaceholderView: 0x1256f8a00; frame = (0 0; 0 48); >; usesKeyClicks = NO;  > windowScene: <_UIKeyboardWindowScene: 0x121b32800; role: _UIScreenBasedSceneSession; persistentIdentifier: C026E52F-F855-4951-B745-753E48BA295C; activationState: UISceneActivationStateForegroundActive>
2026-08-12 15:28:34.108 Df IlliniCover[22474:3c9345] [com.apple.UIKit:UIPeripheralHost] endPlacementForInputViewSet, returning -> <UIInputViewSetPlacementOnScreenWithAccessory>
2026-08-12 15:28:34.109 Df IlliniCover[22474:3c9345] [com.apple.UIKit:UIPeripheralHost] endPlacementForInputViewSet: <<UIInputViewSet: 0x126681080>; keyboard = <UIKeyboardAutomatic: 0x121a36800; frame = (0 0; 390 233); opaque = NO; layer = <CALayer: 0x121a58210>>%; assistant = <TUISystemInputAssistantView: 0x10d5e8600; frame = (0 0; 390 0); hidden = YES; >; accessory = <_UIRemoteKeyboardPlaceholderView: 0x1256f8a00; frame = (0 0; 0 48); >; usesKeyClicks = NO;  > windowScene: <_UIKeyboardWindowScene: 0x121b32800; role: _UIScreenBasedSceneSession; persistentIdentifier: C026E52F-F855-4951-B745-753E48BA295C; activationState: UISceneActivationStateForegroundActive>
2026-08-12 15:28:34.109 Df IlliniCover[22474:3c9345] [com.apple.UIKit:UIPeripheralHost] endPlacementForInputViewSet, returning -> <UIInputViewSetPlacementOnScreenWithAccessory>
2026-08-12 15:28:34.112 Df IlliniCover[22474:3c9361] [com.apple.coremedia:] -AVSystemController- +[AVSystemController sharedInstance]: Failed to allocate AVSystemController, numberOfAttempts=1
2026-08-12 15:28:34.112 Df IlliniCover[22474:3c9361] [com.apple.coremedia:] -AVSystemController- +[AVSystemController sharedInstance]: Failed to allocate AVSystemController, numberOfAttempts=2
2026-08-12 15:28:34.112 Df IlliniCover[22474:3c9361] [com.apple.coremedia:] -AVSystemController- +[AVSystemController sharedInstance]: Failed to allocate AVSystemController, numberOfAttempts=3
2026-08-12 15:28:34.112 Df IlliniCover[22474:3c9361] [com.apple.UIKit:UIKBFeedbackGenerator] <_UIKBFeedbackGenerator: 0x10a24af40>: Preheating CoreHaptics.
2026-08-12 15:28:34.112 Df IlliniCover[22474:3c9345] [com.apple.UIKit:UIPeripheralHost] endPlacementForInputViewSet: <<UIInputViewSet: 0x126681080>; keyboard = <UIKeyboardAutomatic: 0x121a36800; frame = (0 0; 390 233); opaque = NO; layer = <CALayer: 0x121a58210>>%; assistant = <TUISystemInputAssistantView: 0x10d5e8600; frame = (0 0; 390 0); hidden = YES; >; accessory = <_UIRemoteKeyboardPlaceholderView: 0x1256f8a00; frame = (0 0; 0 48); >; usesKeyClicks = NO;  > windowScene: <_UIKeyboardWindowScene: 0x121b32800; role: _UIScreenBasedSceneSession; persistentIdentifier: C026E52F-F855-4951-B745-753E48BA295C; activationState: UISceneActivationStateForegroundActive>
2026-08-12 15:28:34.112 Df IlliniCover[22474:3c9366] [com.apple.TextInputUI:CandidateGeneration] All generators are not complete.
2026-08-12 15:28:34.113 Df IlliniCover[22474:3c9345] [com.apple.UIKit:UIPeripheralHost] endPlacementForInputViewSet, returning -> <UIInputViewSetPlacementOnScreenWithAccessory>
2026-08-12 15:28:34.113 Df IlliniCover[22474:3c9345] [com.apple.UIKit:UIPeripheralHost] endPlacementForInputViewSet: <<UIInputViewSet: 0x126681080>; keyboard = <UIKeyboardAutomatic: 0x121a36800; frame = (0 0; 390 233); opaque = NO; layer = <CALayer: 0x121a58210>>%; assistant = <TUISystemInputAssistantView: 0x10d5e8600; frame = (0 0; 390 0); hidden = YES; >; accessory = <_UIRemoteKeyboardPlaceholderView: 0x1256f8a00; frame = (0 0; 0 48); >; usesKeyClicks = NO;  > windowScene: <_UIKeyboardWindowScene: 0x121b32800; role: _UIScreenBasedSceneSession; persistentIdentifier: C026E52F-F855-4951-B745-753E48BA295C; activationState: UISceneActivationStateForegroundActive>
2026-08-12 15:28:34.113 Df IlliniCover[22474:3c9345] [com.apple.UIKit:UIPeripheralHost] endPlacementForInputViewSet, returning -> <UIInputViewSetPlacementOnScreenWithAccessory>
2026-08-12 15:28:34.114 Df IlliniCover[22474:3c9345] [com.apple.UIKit:UIPeripheralHost] endPlacementForInputViewSet: <<UIInputViewSet: 0x126681080>; keyboard = <UIKeyboardAutomatic: 0x121a36800; frame = (0 0; 390 233); opaque = NO; layer = <CALayer: 0x121a58210>>%; assistant = <TUISystemInputAssistantView: 0x10d5e8600; frame = (0 0; 390 0); hidden = YES; >; accessory = <_UIRemoteKeyboardPlaceholderView: 0x1256f8a00; frame = (0 0; 0 48); >; usesKeyClicks = NO;  > windowScene: <_UIKeyboardWindowScene: 0x121b32800; role: _UIScreenBasedSceneSession; persistentIdentifier: C026E52F-F855-4951-B745-753E48BA295C; activationState: UISceneActivationStateForegroundActive>
2026-08-12 15:28:34.114 Df IlliniCover[22474:3c9345] [com.apple.UIKit:UIPeripheralHost] endPlacementForInputViewSet, returning -> <UIInputViewSetPlacementOnScreenWithAccessory>
2026-08-12 15:28:34.114 Df IlliniCover[22474:3c9345] [com.apple.UIKit:UIPeripheralHost] endPlacementForInputViewSet: <<UIInputViewSet: 0x126681080>; keyboard = <UIKeyboardAutomatic: 0x121a36800; frame = (0 0; 390 233); opaque = NO; layer = <CALayer: 0x121a58210>>%; assistant = <TUISystemInputAssistantView: 0x10d5e8600; frame = (0 0; 390 0); hidden = YES; >; accessory = <_UIRemoteKeyboardPlaceholderView: 0x1256f8a00; frame = (0 0; 0 48); >; usesKeyClicks = NO;  > windowScene: <_UIKeyboardWindowScene: 0x121b32800; role: _UIScreenBasedSceneSession; persistentIdentifier: C026E52F-F855-4951-B745-753E48BA295C; activationState: UISceneActivationStateForegroundActive>
2026-08-12 15:28:34.114 Df IlliniCover[22474:3c9345] [com.apple.UIKit:UIPeripheralHost] endPlacementForInputViewSet, returning -> <UIInputViewSetPlacementOnScreenWithAccessory>
2026-08-12 15:28:34.121 Df IlliniCover[22474:3c9345] [com.apple.UIKit:InputWindowController] updatePlacementWithPlacement: <UIInputViewSetPlacementOnScreenWithAccessory>
2026-08-12 15:28:34.121 Df IlliniCover[22474:3c9345] [com.apple.UIKit:UIPeripheralHost] endPlacementForInputViewSet: <<UIInputViewSet: 0x126681080>; keyboard = <UIKeyboardAutomatic: 0x121a36800; frame = (0 0; 390 233); opaque = NO; layer = <CALayer: 0x121a58210>>%; assistant = <TUISystemInputAssistantView: 0x10d5e8600; frame = (0 48; 390 0); hidden = YES; >; accessory = <_UIRemoteKeyboardPlaceholderView: 0x1256f8a00; frame = (0 0; 390 48); >; usesKeyClicks = NO;  > windowScene: <_UIKeyboardWindowScene: 0x121b32800; role: _UIScreenBasedSceneSession; persistentIdentifier: C026E52F-F855-4951-B745-753E48BA295C; activationState: UISceneActivationStateForegroundActive>
2026-08-12 15:28:34.121 Df IlliniCover[22474:3c9345] [com.apple.UIKit:UIPeripheralHost] endPlacementForInputViewSet, returning -> <UIInputViewSetPlacementOnScreenWithAccessory>
2026-08-12 15:28:34.121 Df IlliniCover[22474:3c9345] [com.apple.UIKit:UIPeripheralHost] endPlacementForInputViewSet: <<UIInputViewSet: 0x126681080>; keyboard = <UIKeyboardAutomatic: 0x121a36800; frame = (0 0; 390 233); opaque = NO; layer = <CALayer: 0x121a58210>>%; assistant = <TUISystemInputAssistantView: 0x10d5e8600; frame = (0 48; 390 0); hidden = YES; >; accessory = <_UIRemoteKeyboardPlaceholderView: 0x1256f8a00; frame = (0 0; 390 48); >; usesKeyClicks = NO;  > windowScene: <_UIKeyboardWindowScene: 0x121b32800; role: _UIScreenBasedSceneSession; persistentIdentifier: C026E52F-F855-4951-B745-753E48BA295C; activationState: UISceneActivationStateForegroundActive>
2026-08-12 15:28:34.121 Df IlliniCover[22474:3c9345] [com.apple.UIKit:UIPeripheralHost] endPlacementForInputViewSet, returning -> <UIInputViewSetPlacementOnScreenWithAccessory>
2026-08-12 15:28:34.122 Df IlliniCover[22474:3c9345] [com.apple.UIKit:UIPeripheralHost] endPlacementForInputViewSet: <<UIInputViewSet: 0x126681080>; keyboard = <UIKeyboardAutomatic: 0x121a36800; frame = (0 0; 390 233); opaque = NO; layer = <CALayer: 0x121a58210>>%; assistant = <TUISystemInputAssistantView: 0x10d5e8600; frame = (0 48; 390 0); hidden = YES; >; accessory = <_UIRemoteKeyboardPlaceholderView: 0x1256f8a00; frame = (0 0; 390 48); >; usesKeyClicks = NO;  > windowScene: <_UIKeyboardWindowScene: 0x121b32800; role: _UIScreenBasedSceneSession; persistentIdentifier: C026E52F-F855-4951-B745-753E48BA295C; activationState: UISceneActivationStateForegroundActive>
2026-08-12 15:28:34.122 Df IlliniCover[22474:3c9345] [com.apple.UIKit:UIPeripheralHost] endPlacementForInputViewSet, returning -> <UIInputViewSetPlacementOnScreenWithAccessory>
2026-08-12 15:28:34.122 Df IlliniCover[22474:3c9345] [com.apple.UIKit:UIPeripheralHost] endPlacementForInputViewSet: <<UIInputViewSet: 0x126681080>; keyboard = <UIKeyboardAutomatic: 0x121a36800; frame = (0 0; 390 233); opaque = NO; layer = <CALayer: 0x121a58210>>%; assistant = <TUISystemInputAssistantView: 0x10d5e8600; frame = (0 48; 390 0); hidden = YES; >; accessory = <_UIRemoteKeyboardPlaceholderView: 0x1256f8a00; frame = (0 0; 390 48); >; usesKeyClicks = NO;  > windowScene: <_UIKeyboardWindowScene: 0x121b32800; role: _UIScreenBasedSceneSession; persistentIdentifier: C026E52F-F855-4951-B745-753E48BA295C; activationState: UISceneActivationStateForegroundActive>
2026-08-12 15:28:34.122 Df IlliniCover[22474:3c9345] [com.apple.UIKit:UIPeripheralHost] endPlacementForInputViewSet, returning -> <UIInputViewSetPlacementOnScreenWithAccessory>
2026-08-12 15:28:34.125 Df IlliniCover[22474:3c9345] [com.apple.UIKit:InputWindowController] Tracking provider: moveFromPlacement: <UIInputViewSetPlacementOffScreenDown> toPlacement: <UIInputViewSetPlacementOnScreenWithAccessory> update to: {{0, 536}, {390, 308}}
2026-08-12 15:28:34.125 Df IlliniCover[22474:3c9345] [com.apple.TextInputUI:KeyboardTrackingCoordinator] Updating tracking clients for start <TUIKeyboardTrackingCoordinator:0x121a7f700 state=<TUIKeyboardState: 0x125735f00 State: onscreen with input view; has IAV; is docked>; frame={{0, 536}, {390, 308}}; animation=<TUIKeyboardAnimationInfo: 0x1230b3f80, duration: 0.38, from local keyboard, is not rotating, should animate, type: 0, notificationInfo: {
    UIKeyboardAnimationCurveUserInfoKey = 7;
    UIKeyboardAnimationDurationUserInfoKey = "0.3833";
    UIKeyboardBoundsUserInfoKey = "NSRect: {{0, 0}, {390, 356}}";
    UIKeyboardCenterBeginUserInfoKey = "NSPoint: {195, 844}";
    UIKeyboardCenterEndUserInfoKey = "NSPoint: {195, 666}";
    UIKeyboardFrameBeginUserInfoKey = "NSRect: {{0, 844}, {390, 0}}";
    UIKeyboardFrameEndUserInfoKey = "NSRect: {{0, 488}, {390, 356}}";
    UIKeyboardIsLocalUserInfoKey = 1;
}notificationsDebug: >>
2026-08-12 15:28:34.126 Df IlliniCover[22474:3c9345] [com.apple.UIKit:KeyboardLayoutGuide] changeSizingConstants: size is changing [not transitioning] to {390, 308} [previous size: {390, 0}]
2026-08-12 15:28:34.126 Df IlliniCover[22474:3c9345] [com.apple.UIKit:KeyboardLayoutGuide] changeSizingConstants: size is changing [not transitioning] to {390, 308} [previous size: {390, 0}]
2026-08-12 15:28:34.127 Df IlliniCover[22474:3c9345] [com.apple.UIKit:TrackingElementWindowController] Setting tracking element input views: <<UIInputViewSet: 0x126681140>; keyboard = [uninitialized]; accessory = <UIToolbar: 0x121a1bc00; frame = (0 0; 0 48); >; usesKeyClicks = NO;  >
2026-08-12 15:28:34.127 Df IlliniCover[22474:3c9345] [com.apple.UIKit:UIPeripheralHost] endPlacementForInputViewSet: <<UIInputViewSet: 0x126681140>; keyboard = [uninitialized]; accessory = <UIToolbar: 0x121a1bc00; frame = (0 0; 0 48); >; usesKeyClicks = NO;  > windowScene: <UIWindowScene: 0x10d467a00; role: UIWindowSceneSessionRoleApplication; persistentIdentifier: 2050C5AC-6A26-42BC-8E8F-FBAE5EDC0388; activationState: UISceneActivationStateForegroundActive>
2026-08-12 15:28:34.127 Df IlliniCover[22474:3c9345] [com.apple.UIKit:UIPeripheralHost] endPlacementForInputViewSet, returning -> <UIInputViewSetPlacementOnScreenWithAccessory>
2026-08-12 15:28:34.127 Df IlliniCover[22474:3c9345] [com.apple.UIKit:TrackingElementWindowController] Moving from placement: <UIInputViewSetPlacementOffScreenDown> to placement: <UIInputViewSetPlacementOnScreenWithAccessory> (currentPlacement: <UIInputViewSetPlacementOffScreenDown>)
2026-08-12 15:28:34.127 Df IlliniCover[22474:3c9345] [com.apple.UIKit:TrackingElementWindowController] Change from input view set: <<UIInputViewSet: 0x121b61bc0>; (empty)>
2026-08-12 15:28:34.127 Df IlliniCover[22474:3c9345] [com.apple.UIKit:TrackingElementWindowController] Change to input view set: <<UIInputViewSet: 0x126681140>; keyboard = <UIKeyboardAutomatic: 0x121a36800; frame = (0 0; 390 233); opaque = NO; layer = <CALayer: 0x121a58210>>%; accessory = <UIToolbar: 0x121a1bc00; frame = (0 0; 0 48); >; usesKeyClicks = NO;  >
2026-08-12 15:28:34.127 Df IlliniCover[22474:3c9345] [com.apple.UIKit:KeyboardArbiterClientLog] -[_UIRemoteKeyboardPlaceholderView refreshPlaceholder]  refreshPlaceholder: size={390, 308} [previous size={390, 0}]
2026-08-12 15:28:34.128 Df IlliniCover[22474:3c9345] [com.apple.UIKit:UIPeripheralHost] endPlacementForInputViewSet: <<UIInputViewSet: 0x126681140>; keyboard = <UIKeyboardAutomatic: 0x121a36800; frame = (0 0; 390 233); opaque = NO; layer = <CALayer: 0x121a58210>>%; accessory = <UIToolbar: 0x121a1bc00; frame = (0 0; 0 48); >; usesKeyClicks = NO;  > windowScene: <UIWindowScene: 0x10d467a00; role: UIWindowSceneSessionRoleApplication; persistentIdentifier: 2050C5AC-6A26-42BC-8E8F-FBAE5EDC0388; activationState: UISceneActivationStateForegroundActive>
2026-08-12 15:28:34.128 Df IlliniCover[22474:3c9345] [com.apple.UIKit:UIPeripheralHost] endPlacementForInputViewSet, returning -> <UIInputViewSetPlacementOnScreenWithAccessory>
2026-08-12 15:28:34.131 Df IlliniCover[22474:3c9345] [com.apple.UIKit:KeyboardLayoutGuide] changeSizingConstants: size is changing [not transitioning] to {390, 356} [previous size: {390, 308}]
2026-08-12 15:28:34.181 Df IlliniCover[22474:3c9366] [com.apple.TextInputUI:CandidateGeneration] All generators are complete, dispatching to `completionBlockJustOnce`
2026-08-12 15:28:34.181 Df IlliniCover[22474:3c9360] [com.apple.TextInputUI:CandidateGeneration] Assigning candidates of source type kbd to `containerToPush, for autocorrection flow only` - 8A32AEA0
2026-08-12 15:28:34.182 Df IlliniCover[22474:3c9360] [com.apple.TextInputUI:CandidateGeneration] Preparing to push <_TUIKeyboardCandidateContainer: 0x125737ba0> to candidate receiver, for request token: 8A32AEA0
2026-08-12 15:28:34.182 Df IlliniCover[22474:3c9364] [com.apple.TextInputUI:CandidateGeneration] containerToPush has an autocorrection list.  pushing to candidate receiver with request token. 8A32AEA0.
2026-08-12 15:28:34.194 A  IlliniCover[22474:3c9364] (RunningBoardServices) didChangeInheritances
2026-08-12 15:28:34.219 Df IlliniCover[22474:3c9345] [com.apple.UIKit:TrackingElementWindowController] updatePlacementWithPlacement: <UIInputViewSetPlacementOnScreenWithAccessory>
2026-08-12 15:28:34.250 Df IlliniCover[22474:3c9345] [com.apple.TextInputUI:KeyboardTrackingCoordinator] Posted notification willShow with {
    UIKeyboardAnimationCurveUserInfoKey = 7;
    UIKeyboardAnimationDurationUserInfoKey = "0.3833";
    UIKeyboardBoundsUserInfoKey = "NSRect: {{0, 0}, {390, 356}}";
    UIKeyboardCenterBeginUserInfoKey = "NSPoint: {195, 844}";
    UIKeyboardCenterEndUserInfoKey = "NSPoint: {195, 666}";
    UIKeyboardFrameBeginUserInfoKey = "NSRect: {{0, 844}, {390, 0}}";
    UIKeyboardFrameEndUserInfoKey = "NSRect: {{0, 488}, {390, 356}}";
    UIKeyboardIsLocalUserInfoKey = 1;
} (null); Update from coordinator for IAV bounds change to {{0, 0}, {0, 48}}; Update from coordinator for IAV bounds change to {{0, 0}, {390, 48}}
2026-08-12 15:28:34.252 Df IlliniCover[22474:3c9345] [com.apple.UIKit:KeyboardArbiterClientLog] -[_UIRemoteKeyboardPlaceholderView refreshPlaceholder]  refreshPlaceholder: size={390, 308} [previous size={390, 308}]
2026-08-12 15:28:34.347 Df IlliniCover[22474:3c9345] [com.apple.KeyboardArbiter:Client] RX keyboardArbiterClientHandle:Y
2026-08-12 15:28:34.370 Df IlliniCover[22474:3c9345] [com.apple.UIKit:UIKBFeedbackGenerator] <_UIKBFeedbackGenerator: 0x10a24af40>: -[_UIKBFeedbackGenerator activateWithCompletionBlock:]
2026-08-12 15:28:34.371 Df IlliniCover[22474:3c9360] [com.apple.UIKit:UIKBFeedbackGenerator] <_UIKBFeedbackGenerator: 0x10a24af40>: Releasing engine and players.
2026-08-12 15:28:34.371 Df IlliniCover[22474:3c9360] [com.apple.UIKit:UIKBFeedbackGenerator] <_UIKBFeedbackGenerator: 0x10a24af40>: Recreating engine with reason -[_UIKBFeedbackGenerator activateWithCompletionBlock:]_block_invoke.
2026-08-12 15:28:34.372 E  IlliniCover[22474:3c9360] (CoreHaptics)        CHHapticPattern.mm:487   +[CHHapticPattern patternForKey:error:]: Failed to read pattern library data: Error Domain=NSCocoaErrorDomain Code=260 "The file “hapticpatternlibrary.plist” couldn’t be opened because there is no such file." UserInfo={NSFilePath=/Library/Audio/Tunings/Generic/Haptics/Library/hapticpatternlibrary.plist, NSURL=file:///Library/Audio/Tunings/Generic/Haptics/Library/hapticpatternlibrary.plist, NSUnderlyingError=0x1247b20a0 {Error Domain=NSPOSIXErrorDomain Code=2 "No such file or directory"}}
2026-08-12 15:28:34.373 E  IlliniCover[22474:3c9360] [com.apple.UIKit:UIKBFeedbackGenerator] <_UIKBFeedbackGenerator: 0x10a24af40>: Error creating CHHapticPattern: Error Domain=NSCocoaErrorDomain Code=260 "The file “hapticpatternlibrary.plist” couldn’t be opened because there is no such file." UserInfo={NSFilePath=/Library/Audio/Tunings/Generic/Haptics/Library/hapticpatternlibrary.plist, NSURL=file:///Library/Audio/Tunings/Generic/Haptics/Library/hapticpatternlibrary.plist, NSUnderlyingError=0x1247b20a0 {Error Domain=NSPOSIXErrorDomain Code=2 "No such file or directory"}}
2026-08-12 15:28:34.374 E  IlliniCover[22474:3c9360] (CoreHaptics)        CHHapticPattern.mm:487   +[CHHapticPattern patternForKey:error:]: Failed to read pattern library data: Error Domain=NSCocoaErrorDomain Code=260 "The file “hapticpatternlibrary.plist” couldn’t be opened because there is no such file." UserInfo={NSFilePath=/Library/Audio/Tunings/Generic/Haptics/Library/hapticpatternlibrary.plist, NSURL=file:///Library/Audio/Tunings/Generic/Haptics/Library/hapticpatternlibrary.plist, NSUnderlyingError=0x1247b13b0 {Error Domain=NSPOSIXErrorDomain Code=2 "No such file or directory"}}
2026-08-12 15:28:34.374 E  IlliniCover[22474:3c9360] [com.apple.UIKit:UIKBFeedbackGenerator] <_UIKBFeedbackGenerator: 0x10a24af40>: Error creating CHHapticPattern: Error Domain=NSCocoaErrorDomain Code=260 "The file “hapticpatternlibrary.plist” couldn’t be opened because there is no such file." UserInfo={NSFilePath=/Library/Audio/Tunings/Generic/Haptics/Library/hapticpatternlibrary.plist, NSURL=file:///Library/Audio/Tunings/Generic/Haptics/Library/hapticpatternlibrary.plist, NSUnderlyingError=0x1247b13b0 {Error Domain=NSPOSIXErrorDomain Code=2 "No such file or directory"}}
2026-08-12 15:28:34.375 E  IlliniCover[22474:3c9360] (CoreHaptics)        CHHapticPattern.mm:487   +[CHHapticPattern patternForKey:error:]: Failed to read pattern library data: Error Domain=NSCocoaErrorDomain Code=260 "The file “hapticpatternlibrary.plist” couldn’t be opened because there is no such file." UserInfo={NSFilePath=/Library/Audio/Tunings/Generic/Haptics/Library/hapticpatternlibrary.plist, NSURL=file:///Library/Audio/Tunings/Generic/Haptics/Library/hapticpatternlibrary.plist, NSUnderlyingError=0x1247b20a0 {Error Domain=NSPOSIXErrorDomain Code=2 "No such file or directory"}}
2026-08-12 15:28:34.376 E  IlliniCover[22474:3c9360] [com.apple.UIKit:UIKBFeedbackGenerator] <_UIKBFeedbackGenerator: 0x10a24af40>: Error creating CHHapticPattern: Error Domain=NSCocoaErrorDomain Code=260 "The file “hapticpatternlibrary.plist” couldn’t be opened because there is no such file." UserInfo={NSFilePath=/Library/Audio/Tunings/Generic/Haptics/Library/hapticpatternlibrary.plist, NSURL=file:///Library/Audio/Tunings/Generic/Haptics/Library/hapticpatternlibrary.plist, NSUnderlyingError=0x1247b20a0 {Error Domain=NSPOSIXErrorDomain Code=2 "No such file or directory"}}
2026-08-12 15:28:34.377 E  IlliniCover[22474:3c9360] (CoreHaptics)        CHHapticPattern.mm:487   +[CHHapticPattern patternForKey:error:]: Failed to read pattern library data: Error Domain=NSCocoaErrorDomain Code=260 "The file “hapticpatternlibrary.plist” couldn’t be opened because there is no such file." UserInfo={NSFilePath=/Library/Audio/Tunings/Generic/Haptics/Library/hapticpatternlibrary.plist, NSURL=file:///Library/Audio/Tunings/Generic/Haptics/Library/hapticpatternlibrary.plist, NSUnderlyingError=0x1247b13b0 {Error Domain=NSPOSIXErrorDomain Code=2 "No such file or directory"}}
2026-08-12 15:28:34.377 E  IlliniCover[22474:3c9360] [com.apple.UIKit:UIKBFeedbackGenerator] <_UIKBFeedbackGenerator: 0x10a24af40>: Error creating CHHapticPattern: Error Domain=NSCocoaErrorDomain Code=260 "The file “hapticpatternlibrary.plist” couldn’t be opened because there is no such file." UserInfo={NSFilePath=/Library/Audio/Tunings/Generic/Haptics/Library/hapticpatternlibrary.plist, NSURL=file:///Library/Audio/Tunings/Generic/Haptics/Library/hapticpatternlibrary.plist, NSUnderlyingError=0x1247b13b0 {Error Domain=NSPOSIXErrorDomain Code=2 "No such file or directory"}}
2026-08-12 15:28:34.377 E  IlliniCover[22474:3c9360] (CoreHaptics)        CHHapticPattern.mm:487   +[CHHapticPattern patternForKey:error:]: Failed to read pattern library data: Error Domain=NSCocoaErrorDomain Code=260 "The file “hapticpatternlibrary.plist” couldn’t be opened because there is no such file." UserInfo={NSFilePath=/Library/Audio/Tunings/Generic/Haptics/Library/hapticpatternlibrary.plist, NSURL=file:///Library/Audio/Tunings/Generic/Haptics/Library/hapticpatternlibrary.plist, NSUnderlyingError=0x1247b20a0 {Error Domain=NSPOSIXErrorDomain Code=2 "No such file or directory"}}
2026-08-12 15:28:34.377 E  IlliniCover[22474:3c9360] [com.apple.UIKit:UIKBFeedbackGenerator] <_UIKBFeedbackGenerator: 0x10a24af40>: Error creating CHHapticPattern: Error Domain=NSCocoaErrorDomain Code=260 "The file “hapticpatternlibrary.plist” couldn’t be opened because there is no such file." UserInfo={NSFilePath=/Library/Audio/Tunings/Generic/Haptics/Library/hapticpatternlibrary.plist, NSURL=file:///Library/Audio/Tunings/Generic/Haptics/Library/hapticpatternlibrary.plist, NSUnderlyingError=0x1247b20a0 {Error Domain=NSPOSIXErrorDomain Code=2 "No such file or directory"}}
2026-08-12 15:28:34.377 E  IlliniCover[22474:3c9360] (CoreHaptics)        CHHapticPattern.mm:487   +[CHHapticPattern patternForKey:error:]: Failed to read pattern library data: Error Domain=NSCocoaErrorDomain Code=260 "The file “hapticpatternlibrary.plist” couldn’t be opened because there is no such file." UserInfo={NSFilePath=/Library/Audio/Tunings/Generic/Haptics/Library/hapticpatternlibrary.plist, NSURL=file:///Library/Audio/Tunings/Generic/Haptics/Library/hapticpatternlibrary.plist, NSUnderlyingError=0x1247b13b0 {Error Domain=NSPOSIXErrorDomain Code=2 "No such file or directory"}}
2026-08-12 15:28:34.378 E  IlliniCover[22474:3c9360] [com.apple.UIKit:UIKBFeedbackGenerator] <_UIKBFeedbackGenerator: 0x10a24af40>: Error creating CHHapticPattern: Error Domain=NSCocoaErrorDomain Code=260 "The file “hapticpatternlibrary.plist” couldn’t be opened because there is no such file." UserInfo={NSFilePath=/Library/Audio/Tunings/Generic/Haptics/Library/hapticpatternlibrary.plist, NSURL=file:///Library/Audio/Tunings/Generic/Haptics/Library/hapticpatternlibrary.plist, NSUnderlyingError=0x1247b13b0 {Error Domain=NSPOSIXErrorDomain Code=2 "No such file or directory"}}
2026-08-12 15:28:34.378 E  IlliniCover[22474:3c9360] (CoreHaptics)        CHHapticPattern.mm:487   +[CHHapticPattern patternForKey:error:]: Failed to read pattern library data: Error Domain=NSCocoaErrorDomain Code=260 "The file “hapticpatternlibrary.plist” couldn’t be opened because there is no such file." UserInfo={NSFilePath=/Library/Audio/Tunings/Generic/Haptics/Library/hapticpatternlibrary.plist, NSURL=file:///Library/Audio/Tunings/Generic/Haptics/Library/hapticpatternlibrary.plist, NSUnderlyingError=0x1247b20a0 {Error Domain=NSPOSIXErrorDomain Code=2 "No such file or directory"}}
2026-08-12 15:28:34.378 E  IlliniCover[22474:3c9360] [com.apple.UIKit:UIKBFeedbackGenerator] <_UIKBFeedbackGenerator: 0x10a24af40>: Error creating CHHapticPattern: Error Domain=NSCocoaErrorDomain Code=260 "The file “hapticpatternlibrary.plist” couldn’t be opened because there is no such file." UserInfo={NSFilePath=/Library/Audio/Tunings/Generic/Haptics/Library/hapticpatternlibrary.plist, NSURL=file:///Library/Audio/Tunings/Generic/Haptics/Library/hapticpatternlibrary.plist, NSUnderlyingError=0x1247b20a0 {Error Domain=NSPOSIXErrorDomain Code=2 "No such file or directory"}}
2026-08-12 15:28:34.378 E  IlliniCover[22474:3c9360] (CoreHaptics)        CHHapticPattern.mm:487   +[CHHapticPattern patternForKey:error:]: Failed to read pattern library data: Error Domain=NSCocoaErrorDomain Code=260 "The file “hapticpatternlibrary.plist” couldn’t be opened because there is no such file." UserInfo={NSFilePath=/Library/Audio/Tunings/Generic/Haptics/Library/hapticpatternlibrary.plist, NSURL=file:///Library/Audio/Tunings/Generic/Haptics/Library/hapticpatternlibrary.plist, NSUnderlyingError=0x1247b13b0 {Error Domain=NSPOSIXErrorDomain Code=2 "No such file or directory"}}
2026-08-12 15:28:34.379 E  IlliniCover[22474:3c9360] [com.apple.UIKit:UIKBFeedbackGenerator] <_UIKBFeedbackGenerator: 0x10a24af40>: Error creating CHHapticPattern: Error Domain=NSCocoaErrorDomain Code=260 "The file “hapticpatternlibrary.plist” couldn’t be opened because there is no such file." UserInfo={NSFilePath=/Library/Audio/Tunings/Generic/Haptics/Library/hapticpatternlibrary.plist, NSURL=file:///Library/Audio/Tunings/Generic/Haptics/Library/hapticpatternlibrary.plist, NSUnderlyingError=0x1247b13b0 {Error Domain=NSPOSIXErrorDomain Code=2 "No such file or directory"}}
2026-08-12 15:28:34.380 E  IlliniCover[22474:3c9360] (CoreHaptics)        CHHapticPattern.mm:487   +[CHHapticPattern patternForKey:error:]: Failed to read pattern library data: Error Domain=NSCocoaErrorDomain Code=260 "The file “hapticpatternlibrary.plist” couldn’t be opened because there is no such file." UserInfo={NSFilePath=/Library/Audio/Tunings/Generic/Haptics/Library/hapticpatternlibrary.plist, NSURL=file:///Library/Audio/Tunings/Generic/Haptics/Library/hapticpatternlibrary.plist, NSUnderlyingError=0x1247b20a0 {Error Domain=NSPOSIXErrorDomain Code=2 "No such file or directory"}}
2026-08-12 15:28:34.380 E  IlliniCover[22474:3c9360] [com.apple.UIKit:UIKBFeedbackGenerator] <_UIKBFeedbackGenerator: 0x10a24af40>: Error creating CHHapticPattern: Error Domain=NSCocoaErrorDomain Code=260 "The file “hapticpatternlibrary.plist” couldn’t be opened because there is no such file." UserInfo={NSFilePath=/Library/Audio/Tunings/Generic/Haptics/Library/hapticpatternlibrary.plist, NSURL=file:///Library/Audio/Tunings/Generic/Haptics/Library/hapticpatternlibrary.plist, NSUnderlyingError=0x1247b20a0 {Error Domain=NSPOSIXErrorDomain Code=2 "No such file or directory"}}
2026-08-12 15:28:34.380 Df IlliniCover[22474:3c9360] [com.apple.coremedia:] -AVSystemController- +[AVSystemController sharedInstance]: Failed to allocate AVSystemController, numberOfAttempts=1
2026-08-12 15:28:34.380 Df IlliniCover[22474:3c9360] [com.apple.coremedia:] -AVSystemController- +[AVSystemController sharedInstance]: Failed to allocate AVSystemController, numberOfAttempts=2
2026-08-12 15:28:34.380 Df IlliniCover[22474:3c9360] [com.apple.coremedia:] -AVSystemController- +[AVSystemController sharedInstance]: Failed to allocate AVSystemController, numberOfAttempts=3
2026-08-12 15:28:34.380 Df IlliniCover[22474:3c9360] [com.apple.UIKit:UIKBFeedbackGenerator] <_UIKBFeedbackGenerator: 0x10a24af40>: Preheating CoreHaptics.
2026-08-12 15:28:34.697 Df IlliniCover[22474:3c9345] [com.apple.KeyboardArbiter:Client] TX setWindowContextID:2211489234 windowState:Enabled level:5.0
    focusContext:<contextID:3713599529 sceneID:com.illinicover.app-default>
2026-08-12 15:28:34.698 Df IlliniCover[22474:3c9345] [com.apple.TextInputUI:KeyboardTrackingCoordinator] Posted notification didShow with {
    UIKeyboardAnimationCurveUserInfoKey = 7;
    UIKeyboardAnimationDurationUserInfoKey = "0.3833";
    UIKeyboardBoundsUserInfoKey = "NSRect: {{0, 0}, {390, 356}}";
    UIKeyboardCenterBeginUserInfoKey = "NSPoint: {195, 844}";
    UIKeyboardCenterEndUserInfoKey = "NSPoint: {195, 666}";
    UIKeyboardFrameBeginUserInfoKey = "NSRect: {{0, 844}, {390, 0}}";
    UIKeyboardFrameEndUserInfoKey = "NSRect: {{0, 488}, {390, 356}}";
    UIKeyboardIsLocalUserInfoKey = 1;
} (null); Update from coordinator for IAV bounds change to {{0, 0}, {0, 48}}; Update from coordinator for IAV bounds change to {{0, 0}, {390, 48}}
2026-08-12 15:28:35.757 Df IlliniCover[22474:3c9513] [com.apple.TextInputUI:CandidateGeneration] Performing delayed generation for token=8A32AEA0
2026-08-12 15:28:35.796 Df IlliniCover[22474:3c9513] [com.apple.dt.xctest:Default] Received request to fetch matches for query:
2026-08-12 15:28:35.796 Df IlliniCover[22474:3c9513] [com.apple.dt.xctest:Default] Evaluating query:
2026-08-12 15:28:35.796 Df IlliniCover[22474:3c9513] [com.apple.dt.xctest:Default] Getting root element snapshot
2026-08-12 15:28:35.796 Df IlliniCover[22474:3c9513] [com.apple.dt.xctest:Default] Getting snapshot for App element pid: 22474 for query
2026-08-12 15:28:35.796 Df IlliniCover[22474:3c9513] [com.apple.dt.xctest:Default] Query requires iOS snapshot attributes .
2026-08-12 15:28:35.796 Df IlliniCover[22474:3c9513] [com.apple.dt.xctest:Default] XCTPerformOnMainRunLoop[not MT]: about to CFRunLoopPerform
2026-08-12 15:28:35.796 Df IlliniCover[22474:3c9513] [com.apple.dt.xctest:Default] XCTPerformOnMainRunLoop[not MT]: waiting with 30.00s responsiveness timeout
2026-08-12 15:28:35.796 Df IlliniCover[22474:3c9345] [com.apple.dt.xctest:Default] XCTPerformOnMainRunLoop[MT]: inside CFRunLoopPerform
2026-08-12 15:28:35.796 Df IlliniCover[22474:3c9345] [com.apple.dt.xctest:Default] XCTPerformOnMainRunLoop[MT]: MT responded in time (won the race to the busy flag)
2026-08-12 15:28:35.797 Df IlliniCover[22474:3c9513] [com.apple.dt.xctest:Default] XCTPerformOnMainRunLoop[not MT]: waiting 60.00s for work to complete
2026-08-12 15:28:35.797 Df IlliniCover[22474:3c9345] [com.apple.dt.xctest:Default] Got main window <AXUIElementRef 0x12573e250> {pid=22474} {uid=[ID:4 hash:0x10a20c400]}
2026-08-12 15:28:35.797 Df IlliniCover[22474:3c9345] [com.apple.dt.xctest:Default] Capturing hierarchy with attributes XC_kAXXCAttributeElementType, XC_kAXXCAttributeElementBaseType, XC_kAXXCAttributeParent, XC_kAXXCAttributeIdentifier, XC_kAXXCAttributeAutomationType, XC_kAXXCAttributeTraits
2026-08-12 15:28:35.798 Df IlliniCover[22474:3c9345] [com.apple.dt.xctest:Default] Capturing hierarchy with parameters {
    attributes =     (
        5003,
        5004,
        5002,
        5019,
        5058,
        2004
    );
    maxArrayCount = 2147483647;
    maxChildren = 2147483647;
    maxDepth = 2147483647;
    snapshotKeyHonorModalViews = 0;
    traverseFromParentsToChildren = 1;
}
2026-08-12 15:28:35.798 Df IlliniCover[22474:3c9345] [com.apple.dt.xctest:Default] Snapshot attributes 5003, 5004, 5002, 5019, 5058, 2004
2026-08-12 15:28:35.878 Df IlliniCover[22474:3c9345] [com.apple.dt.xctest:Default] Got snapshot for <AXUIElementRef 0x1256f0870> {pid=22474} {uid=[ID:1 hash:0x0]}
2026-08-12 15:28:35.878 Df IlliniCover[22474:3c9345] [com.apple.dt.xctest:Default] Got app orientation 0
2026-08-12 15:28:35.878 Df IlliniCover[22474:3c9345] [com.apple.dt.xctest:Default] Captured accessibility snapshot data in 0.08s
2026-08-12 15:28:35.878 Df IlliniCover[22474:3c9513] [com.apple.dt.xctest:Default] Found main window: Window
2026-08-12 15:28:35.878 Df IlliniCover[22474:3c9513] [com.apple.dt.xctest:Default] Preferring automation type 48 instead of legacy element type OTHER derived from class/trait: UILabel:UILabel 8590000128
2026-08-12 15:28:35.878 Df IlliniCover[22474:3c9513] [com.apple.dt.xctest:Default] Other is not actually a child of Other, including at this point anyway (rdar://problem/20738636)
2026-08-12 15:28:35.878 Df IlliniCover[22474:3c9513] [com.apple.dt.xctest:Default] Other is not actually a child of Other, including at this point anyway (rdar://problem/20738636)
2026-08-12 15:28:35.879 Df IlliniCover[22474:3c9513] [com.apple.dt.xctest:Default] Other is not actually a child of Other, including at this point anyway (rdar://problem/20738636)
2026-08-12 15:28:35.879 Df IlliniCover[22474:3c9513] [com.apple.dt.xctest:Default] Other is not actually a child of Other, including at this point anyway (rdar://problem/20738636)
2026-08-12 15:28:35.879 Df IlliniCover[22474:3c9513] [com.apple.dt.xctest:Default] Other is not actually a child of Other, including at this point anyway (rdar://problem/20738636)
2026-08-12 15:28:35.879 Df IlliniCover[22474:3c9513] [com.apple.dt.xctest:Default] Other is not actually a child of Other, including at this point anyway (rdar://problem/20738636)
2026-08-12 15:28:35.879 Df IlliniCover[22474:3c9513] [com.apple.dt.xctest:Default] Other is not actually a child of Other, including at this point anyway (rdar://problem/20738636)
2026-08-12 15:28:35.879 Df IlliniCover[22474:3c9513] [com.apple.dt.xctest:Default] Other is not actually a child of Other, including at this point anyway (rdar://problem/20738636)
2026-08-12 15:28:35.879 Df IlliniCover[22474:3c9513] [com.apple.dt.xctest:Default] Other is not actually a child of Other, including at this point anyway (rdar://problem/20738636)
2026-08-12 15:28:35.879 Df IlliniCover[22474:3c9513] [com.apple.dt.xctest:Default] Other is not actually a child of Other, including at this point anyway (rdar://problem/20738636)
2026-08-12 15:28:35.879 Df IlliniCover[22474:3c9513] [com.apple.dt.xctest:Default] Other is not actually a child of Other, including at this point anyway (rdar://problem/20738636)
2026-08-12 15:28:35.879 Df IlliniCover[22474:3c9513] [com.apple.dt.xctest:Default] Other is not actually a child of Other, including at this point anyway (rdar://problem/20738636)
2026-08-12 15:28:35.880 Df IlliniCover[22474:3c9513] [com.apple.dt.xctest:Default] App orientation is 0 (not portrait) and UITextEffectsWindow window Window is not main window
2026-08-12 15:28:35.880 Df IlliniCover[22474:3c9513] [com.apple.dt.xctest:Default] Leaving frame unchanged for Window: either already correct or we can't detect it.
2026-08-12 15:28:35.880 Df IlliniCover[22474:3c9513] [com.apple.dt.xctest:Default] App orientation is 0 (not portrait) and UIRemoteKeyboardWindow window Window is not main window
2026-08-12 15:28:35.880 Df IlliniCover[22474:3c9513] [com.apple.dt.xctest:Default] Leaving frame unchanged for Window: either already correct or we can't detect it.
2026-08-12 15:28:35.880 Df IlliniCover[22474:3c9513] [com.apple.dt.xctest:Default] Query  found matching snapshots: {(
    Application, pid: 22474
)} (error: (null))
2026-08-12 15:28:35.880 Df IlliniCover[22474:3c9513] [com.apple.dt.xctest:Default] Replying to query  with results: <XCTElementQueryResults: 0x1247b1680> (error: (null))
2026-08-12 15:28:36.079 Df IlliniCover[22474:3c9513] [com.apple.dt.xctest:Default] Received request to fetch matches for query:
2026-08-12 15:28:36.079 Df IlliniCover[22474:3c9513] [com.apple.dt.xctest:Default] Evaluating query:
2026-08-12 15:28:36.079 Df IlliniCover[22474:3c9513] [com.apple.dt.xctest:Default] Getting root element snapshot
2026-08-12 15:28:36.079 Df IlliniCover[22474:3c9513] [com.apple.dt.xctest:Default] Getting snapshot for App element pid: 22474 for query
2026-08-12 15:28:36.079 Df IlliniCover[22474:3c9513] [com.apple.dt.xctest:Default] Query requires iOS snapshot attributes .
2026-08-12 15:28:36.079 Df IlliniCover[22474:3c9513] [com.apple.dt.xctest:Default] XCTPerformOnMainRunLoop[not MT]: about to CFRunLoopPerform
2026-08-12 15:28:36.079 Df IlliniCover[22474:3c9513] [com.apple.dt.xctest:Default] XCTPerformOnMainRunLoop[not MT]: waiting with 30.00s responsiveness timeout
2026-08-12 15:28:36.079 Df IlliniCover[22474:3c9345] [com.apple.dt.xctest:Default] XCTPerformOnMainRunLoop[MT]: inside CFRunLoopPerform
2026-08-12 15:28:36.080 Df IlliniCover[22474:3c9345] [com.apple.dt.xctest:Default] XCTPerformOnMainRunLoop[MT]: MT responded in time (won the race to the busy flag)
2026-08-12 15:28:36.080 Df IlliniCover[22474:3c9513] [com.apple.dt.xctest:Default] XCTPerformOnMainRunLoop[not MT]: waiting 60.00s for work to complete
2026-08-12 15:28:36.080 Df IlliniCover[22474:3c9345] [com.apple.dt.xctest:Default] Got main window <AXUIElementRef 0x125772d00> {pid=22474} {uid=[ID:4 hash:0x10a20c400]}
2026-08-12 15:28:36.080 Df IlliniCover[22474:3c9345] [com.apple.dt.xctest:Default] Capturing hierarchy with attributes XC_kAXXCAttributeElementType, XC_kAXXCAttributeElementBaseType, XC_kAXXCAttributeParent, XC_kAXXCAttributeIdentifier, XC_kAXXCAttributeAutomationType, XC_kAXXCAttributeTraits
2026-08-12 15:28:36.080 Df IlliniCover[22474:3c9345] [com.apple.dt.xctest:Default] Capturing hierarchy with parameters {
    attributes =     (
        5003,
        5004,
        5002,
        5019,
        5058,
        2004
    );
    maxArrayCount = 2147483647;
    maxChildren = 2147483647;
    maxDepth = 2147483647;
    snapshotKeyHonorModalViews = 0;
    traverseFromParentsToChildren = 1;
}
2026-08-12 15:28:36.080 Df IlliniCover[22474:3c9345] [com.apple.dt.xctest:Default] Snapshot attributes 5003, 5004, 5002, 5019, 5058, 2004
2026-08-12 15:28:36.166 Df IlliniCover[22474:3c9345] [com.apple.dt.xctest:Default] Got snapshot for <AXUIElementRef 0x12477f570> {pid=22474} {uid=[ID:1 hash:0x0]}
2026-08-12 15:28:36.166 Df IlliniCover[22474:3c9345] [com.apple.dt.xctest:Default] Got app orientation 0
2026-08-12 15:28:36.166 Df IlliniCover[22474:3c9345] [com.apple.dt.xctest:Default] Captured accessibility snapshot data in 0.09s
2026-08-12 15:28:36.166 Df IlliniCover[22474:3c9513] [com.apple.dt.xctest:Default] Found main window: Window
2026-08-12 15:28:36.166 Df IlliniCover[22474:3c9513] [com.apple.dt.xctest:Default] Preferring automation type 48 instead of legacy element type OTHER derived from class/trait: UILabel:UILabel 8590000128
2026-08-12 15:28:36.167 Df IlliniCover[22474:3c9513] [com.apple.dt.xctest:Default] Other is not actually a child of Other, including at this point anyway (rdar://problem/20738636)
2026-08-12 15:28:36.167 Df IlliniCover[22474:3c9513] [com.apple.dt.xctest:Default] Other is not actually a child of Other, including at this point anyway (rdar://problem/20738636)
2026-08-12 15:28:36.167 Df IlliniCover[22474:3c9513] [com.apple.dt.xctest:Default] Other is not actually a child of Other, including at this point anyway (rdar://problem/20738636)
2026-08-12 15:28:36.167 Df IlliniCover[22474:3c9513] [com.apple.dt.xctest:Default] Other is not actually a child of Other, including at this point anyway (rdar://problem/20738636)
2026-08-12 15:28:36.167 Df IlliniCover[22474:3c9513] [com.apple.dt.xctest:Default] Other is not actually a child of Other, including at this point anyway (rdar://problem/20738636)
2026-08-12 15:28:36.167 Df IlliniCover[22474:3c9513] [com.apple.dt.xctest:Default] Other is not actually a child of Other, including at this point anyway (rdar://problem/20738636)
2026-08-12 15:28:36.167 Df IlliniCover[22474:3c9513] [com.apple.dt.xctest:Default] Other is not actually a child of Other, including at this point anyway (rdar://problem/20738636)
2026-08-12 15:28:36.167 Df IlliniCover[22474:3c9513] [com.apple.dt.xctest:Default] Other is not actually a child of Other, including at this point anyway (rdar://problem/20738636)
2026-08-12 15:28:36.167 Df IlliniCover[22474:3c9513] [com.apple.dt.xctest:Default] Other is not actually a child of Other, including at this point anyway (rdar://problem/20738636)
2026-08-12 15:28:36.167 Df IlliniCover[22474:3c9513] [com.apple.dt.xctest:Default] Other is not actually a child of Other, including at this point anyway (rdar://problem/20738636)
2026-08-12 15:28:36.167 Df IlliniCover[22474:3c9513] [com.apple.dt.xctest:Default] Other is not actually a child of Other, including at this point anyway (rdar://problem/20738636)
2026-08-12 15:28:36.167 Df IlliniCover[22474:3c9513] [com.apple.dt.xctest:Default] Other is not actually a child of Other, including at this point anyway (rdar://problem/20738636)
2026-08-12 15:28:36.168 Df IlliniCover[22474:3c9513] [com.apple.dt.xctest:Default] App orientation is 0 (not portrait) and UITextEffectsWindow window Window is not main window
2026-08-12 15:28:36.168 Df IlliniCover[22474:3c9513] [com.apple.dt.xctest:Default] Leaving frame unchanged for Window: either already correct or we can't detect it.
2026-08-12 15:28:36.168 Df IlliniCover[22474:3c9513] [com.apple.dt.xctest:Default] App orientation is 0 (not portrait) and UIRemoteKeyboardWindow window Window is not main window
2026-08-12 15:28:36.168 Df IlliniCover[22474:3c9513] [com.apple.dt.xctest:Default] Leaving frame unchanged for Window: either already correct or we can't detect it.
2026-08-12 15:28:36.168 Df IlliniCover[22474:3c9513] [com.apple.dt.xctest:Default] Query  found matching snapshots: {(
    Application, pid: 22474
)} (error: (null))
2026-08-12 15:28:36.168 Df IlliniCover[22474:3c9513] [com.apple.dt.xctest:Default] Replying to query  with results: <XCTElementQueryResults: 0x1247b0bd0> (error: (null))
2026-08-12 15:28:37.067 Df IlliniCover[22474:3c9513] [com.apple.xpc:connection] [0x10a170f00] invalidated because the client process (pid 22439) either cancelled the connection or exited
2026-08-12 15:28:37.067 Df IlliniCover[22474:3c9513] [com.apple.dt.xctest:Default] Connection from client with pid 22439 was invalidated.
2026-08-12 15:28:37.082 Df IlliniCover[22474:3c9366] [com.apple.dt.automationmode:Default] Handling posted change notification (com.apple.dt.automationmode.state-changed)
2026-08-12 15:28:37.082 Df IlliniCover[22474:3c9366] [com.apple.dt.automationmode:Default] XAM shared observer connecting to com.apple.dt.automationmode.reader
2026-08-12 15:28:37.082 Df IlliniCover[22474:3c9366] [com.apple.xpc:connection] [0x121b3be80] activating connection: mach=true listener=false peer=false name=com.apple.dt.automationmode.reader
2026-08-12 15:28:37.085 Df IlliniCover[22474:3c9366] [com.apple.xpc:connection] [0x121b3be80] invalidated because the current process cancelled the connection by calling xpc_connection_cancel()
2026-08-12 15:28:37.085 Df IlliniCover[22474:3c9366] [com.apple.dt.automationmode:Default] Comparing previous enabled state (1) to current enabled state (0)
2026-08-12 15:28:37.085 Df IlliniCover[22474:3c9366] [com.apple.dt.xctest:Default] Automation Mode has been disabled, existing connections will be invalidated.
2026-08-12 15:28:37.988 Df IlliniCover[22474:3c9513] [com.apple.launchservices:db] NotifyToken::RegisterDispatch(com.apple.LaunchServices.database) fired for session key LSSessionKey(system: 0 uid: 501)
2026-08-12 15:28:44.551 Df IlliniCover[22474:3c9366] [com.apple.dt.automationmode:Default] Handling posted change notification (com.apple.dt.automationmode.state-changed)
2026-08-12 15:28:44.551 Df IlliniCover[22474:3c9366] [com.apple.dt.automationmode:Default] XAM shared observer connecting to com.apple.dt.automationmode.reader
2026-08-12 15:28:44.551 Df IlliniCover[22474:3c9366] [com.apple.xpc:connection] [0x121b3be80] activating connection: mach=true listener=false peer=false name=com.apple.dt.automationmode.reader
2026-08-12 15:28:44.554 Df IlliniCover[22474:3c9366] [com.apple.xpc:connection] [0x121b3be80] invalidated because the current process cancelled the connection by calling xpc_connection_cancel()
2026-08-12 15:28:44.555 Df IlliniCover[22474:3c9366] [com.apple.dt.automationmode:Default] Comparing previous enabled state (0) to current enabled state (1)
2026-08-12 15:28:47.082 Df IlliniCover[22474:3c994a] [com.apple.dt.xctest:Default] Received request for endpoint.
2026-08-12 15:28:47.082 Df IlliniCover[22474:3c994a] [com.apple.dt.xctest:Default] Sending anonymous endpoint.
2026-08-12 15:28:47.082 Df IlliniCover[22474:3c994a] [com.apple.xpc:connection] [0x10a1e1900] Connection returned listener port: 0x600b
2026-08-12 15:28:47.083 Df IlliniCover[22474:3c994a] [com.apple.dt.xctest:Default] Received client to target connection.
2026-08-12 15:28:47.083 Df IlliniCover[22474:3c994a] [com.apple.dt.automationmode:Default] Returning 1 for enabled state
2026-08-12 15:28:47.083 Df IlliniCover[22474:3c994a] [com.apple.xpc:connection] [0x10a172280] activating connection: mach=false listener=false peer=true name=com.apple.xpc.anonymous.0x10a1e1900.peer[22644].0x10a172280
2026-08-12 15:28:47.083 Df IlliniCover[22474:3c994a] [com.apple.dt.xctest:Default] Received request to exchange capabilities, remote interface capabilities are: <XCTCapabilities: 0x125227f00>: {
    "query runtime issue reporting" = 1;
    "query runtime issue reporting/automation type mismatch" = 1;
}
2026-08-12 15:28:47.085 Df IlliniCover[22474:3c994a] [com.apple.dt.xctest:Default] Received request to fetch matches for query:
2026-08-12 15:28:47.085 Df IlliniCover[22474:3c994a] [com.apple.dt.xctest:Default] Evaluating query:
2026-08-12 15:28:47.085 Df IlliniCover[22474:3c994a] [com.apple.dt.xctest:Default] Getting root element snapshot
2026-08-12 15:28:47.085 Df IlliniCover[22474:3c994a] [com.apple.dt.xctest:Default] Getting snapshot for App element pid: 22474 for query
2026-08-12 15:28:47.085 Df IlliniCover[22474:3c994a] [com.apple.dt.xctest:Default] Query requires iOS snapshot attributes .
2026-08-12 15:28:47.085 Df IlliniCover[22474:3c994a] [com.apple.dt.xctest:Default] XCTPerformOnMainRunLoop[not MT]: about to CFRunLoopPerform
2026-08-12 15:28:47.085 Df IlliniCover[22474:3c994a] [com.apple.dt.xctest:Default] XCTPerformOnMainRunLoop[not MT]: waiting with 30.00s responsiveness timeout
2026-08-12 15:28:47.085 Df IlliniCover[22474:3c9345] [com.apple.dt.xctest:Default] XCTPerformOnMainRunLoop[MT]: inside CFRunLoopPerform
2026-08-12 15:28:47.085 Df IlliniCover[22474:3c994a] [com.apple.dt.xctest:Default] XCTPerformOnMainRunLoop[not MT]: waiting 60.00s for work to complete
2026-08-12 15:28:47.085 Df IlliniCover[22474:3c9345] [com.apple.dt.xctest:Default] XCTPerformOnMainRunLoop[MT]: MT responded in time (won the race to the busy flag)
2026-08-12 15:28:47.085 Df IlliniCover[22474:3c9345] [com.apple.dt.xctest:Default] Got main window <AXUIElementRef 0x1257669a0> {pid=22474} {uid=[ID:4 hash:0x10a20c400]}
2026-08-12 15:28:47.085 Df IlliniCover[22474:3c9345] [com.apple.dt.xctest:Default] Capturing hierarchy with attributes XC_kAXXCAttributeElementType, XC_kAXXCAttributeElementBaseType, XC_kAXXCAttributeParent, XC_kAXXCAttributeIdentifier, XC_kAXXCAttributeAutomationType, XC_kAXXCAttributeTraits
2026-08-12 15:28:47.085 Df IlliniCover[22474:3c9345] [com.apple.dt.xctest:Default] Capturing hierarchy with parameters {
    attributes =     (
        5003,
        5004,
        5002,
        5019,
        5058,
        2004
    );
    maxArrayCount = 2147483647;
    maxChildren = 2147483647;
    maxDepth = 2147483647;
    snapshotKeyHonorModalViews = 0;
    traverseFromParentsToChildren = 1;
}
2026-08-12 15:28:47.085 Df IlliniCover[22474:3c9345] [com.apple.dt.xctest:Default] Snapshot attributes 5003, 5004, 5002, 5019, 5058, 2004
2026-08-12 15:28:47.176 Df IlliniCover[22474:3c9345] [com.apple.dt.xctest:Default] Got snapshot for <AXUIElementRef 0x12578eb50> {pid=22474} {uid=[ID:1 hash:0x0]}
2026-08-12 15:28:47.177 Df IlliniCover[22474:3c9345] [com.apple.dt.xctest:Default] Got app orientation 0
2026-08-12 15:28:47.177 Df IlliniCover[22474:3c9345] [com.apple.dt.xctest:Default] Captured accessibility snapshot data in 0.09s
2026-08-12 15:28:47.177 Df IlliniCover[22474:3c994a] [com.apple.dt.xctest:Default] Found main window: Window
2026-08-12 15:28:47.177 Df IlliniCover[22474:3c994a] [com.apple.dt.xctest:Default] Preferring automation type 48 instead of legacy element type OTHER derived from class/trait: UILabel:UILabel 8590000128
2026-08-12 15:28:47.177 Df IlliniCover[22474:3c994a] [com.apple.dt.xctest:Default] Other is not actually a child of Other, including at this point anyway (rdar://problem/20738636)
2026-08-12 15:28:47.177 Df IlliniCover[22474:3c994a] [com.apple.dt.xctest:Default] Other is not actually a child of Other, including at this point anyway (rdar://problem/20738636)
2026-08-12 15:28:47.177 Df IlliniCover[22474:3c994a] [com.apple.dt.xctest:Default] Other is not actually a child of Other, including at this point anyway (rdar://problem/20738636)
2026-08-12 15:28:47.177 Df IlliniCover[22474:3c994a] [com.apple.dt.xctest:Default] Other is not actually a child of Other, including at this point anyway (rdar://problem/20738636)
2026-08-12 15:28:47.177 Df IlliniCover[22474:3c994a] [com.apple.dt.xctest:Default] Other is not actually a child of Other, including at this point anyway (rdar://problem/20738636)
2026-08-12 15:28:47.177 Df IlliniCover[22474:3c994a] [com.apple.dt.xctest:Default] Other is not actually a child of Other, including at this point anyway (rdar://problem/20738636)
2026-08-12 15:28:47.177 Df IlliniCover[22474:3c994a] [com.apple.dt.xctest:Default] Other is not actually a child of Other, including at this point anyway (rdar://problem/20738636)
2026-08-12 15:28:47.177 Df IlliniCover[22474:3c994a] [com.apple.dt.xctest:Default] Other is not actually a child of Other, including at this point anyway (rdar://problem/20738636)
2026-08-12 15:28:47.178 Df IlliniCover[22474:3c994a] [com.apple.dt.xctest:Default] Other is not actually a child of Other, including at this point anyway (rdar://problem/20738636)
2026-08-12 15:28:47.178 Df IlliniCover[22474:3c994a] [com.apple.dt.xctest:Default] Other is not actually a child of Other, including at this point anyway (rdar://problem/20738636)
2026-08-12 15:28:47.178 Df IlliniCover[22474:3c994a] [com.apple.dt.xctest:Default] Other is not actually a child of Other, including at this point anyway (rdar://problem/20738636)
2026-08-12 15:28:47.178 Df IlliniCover[22474:3c994a] [com.apple.dt.xctest:Default] Other is not actually a child of Other, including at this point anyway (rdar://problem/20738636)
2026-08-12 15:28:47.178 Df IlliniCover[22474:3c994a] [com.apple.dt.xctest:Default] App orientation is 0 (not portrait) and UITextEffectsWindow window Window is not main window
2026-08-12 15:28:47.178 Df IlliniCover[22474:3c994a] [com.apple.dt.xctest:Default] Leaving frame unchanged for Window: either already correct or we can't detect it.
2026-08-12 15:28:47.178 Df IlliniCover[22474:3c994a] [com.apple.dt.xctest:Default] App orientation is 0 (not portrait) and UIRemoteKeyboardWindow window Window is not main window
2026-08-12 15:28:47.178 Df IlliniCover[22474:3c994a] [com.apple.dt.xctest:Default] Leaving frame unchanged for Window: either already correct or we can't detect it.
2026-08-12 15:28:47.179 Df IlliniCover[22474:3c994a] [com.apple.dt.xctest:Default] Query  found matching snapshots: {(
    Application, pid: 22474
)} (error: (null))
2026-08-12 15:28:47.179 Df IlliniCover[22474:3c994a] [com.apple.dt.xctest:Default] Replying to query  with results: <XCTElementQueryResults: 0x1247b1530> (error: (null))
2026-08-12 15:28:47.359 Df IlliniCover[22474:3c994a] [com.apple.dt.xctest:Default] Received request to fetch matches for query:
2026-08-12 15:28:47.359 Df IlliniCover[22474:3c9366] [com.apple.dt.xctest:Default] Evaluating query:
2026-08-12 15:28:47.359 Df IlliniCover[22474:3c9366] [com.apple.dt.xctest:Default] Getting root element snapshot
2026-08-12 15:28:47.359 Df IlliniCover[22474:3c9366] [com.apple.dt.xctest:Default] Getting snapshot for App element pid: 22474 for query
2026-08-12 15:28:47.359 Df IlliniCover[22474:3c9366] [com.apple.dt.xctest:Default] Query requires iOS snapshot attributes .
2026-08-12 15:28:47.359 Df IlliniCover[22474:3c9366] [com.apple.dt.xctest:Default] XCTPerformOnMainRunLoop[not MT]: about to CFRunLoopPerform
2026-08-12 15:28:47.359 Df IlliniCover[22474:3c9366] [com.apple.dt.xctest:Default] XCTPerformOnMainRunLoop[not MT]: waiting with 30.00s responsiveness timeout
2026-08-12 15:28:47.359 Df IlliniCover[22474:3c9345] [com.apple.dt.xctest:Default] XCTPerformOnMainRunLoop[MT]: inside CFRunLoopPerform
2026-08-12 15:28:47.359 Df IlliniCover[22474:3c9345] [com.apple.dt.xctest:Default] XCTPerformOnMainRunLoop[MT]: MT responded in time (won the race to the busy flag)
2026-08-12 15:28:47.359 Df IlliniCover[22474:3c9366] [com.apple.dt.xctest:Default] XCTPerformOnMainRunLoop[not MT]: waiting 60.00s for work to complete
2026-08-12 15:28:47.359 Df IlliniCover[22474:3c9345] [com.apple.dt.xctest:Default] Got main window <AXUIElementRef 0x12570ed00> {pid=22474} {uid=[ID:4 hash:0x10a20c400]}
2026-08-12 15:28:47.359 Df IlliniCover[22474:3c9345] [com.apple.dt.xctest:Default] Capturing hierarchy with attributes XC_kAXXCAttributeElementType, XC_kAXXCAttributeElementBaseType, XC_kAXXCAttributeParent, XC_kAXXCAttributeIdentifier, XC_kAXXCAttributeAutomationType, XC_kAXXCAttributeTraits
2026-08-12 15:28:47.359 Df IlliniCover[22474:3c9345] [com.apple.dt.xctest:Default] Capturing hierarchy with parameters {
    attributes =     (
        5003,
        5004,
        5002,
        5019,
        5058,
        2004
    );
    maxArrayCount = 2147483647;
    maxChildren = 2147483647;
    maxDepth = 2147483647;
    snapshotKeyHonorModalViews = 0;
    traverseFromParentsToChildren = 1;
}
2026-08-12 15:28:47.359 Df IlliniCover[22474:3c9345] [com.apple.dt.xctest:Default] Snapshot attributes 5003, 5004, 5002, 5019, 5058, 2004
2026-08-12 15:28:47.444 Df IlliniCover[22474:3c9345] [com.apple.dt.xctest:Default] Got snapshot for <AXUIElementRef 0x1254c7120> {pid=22474} {uid=[ID:1 hash:0x0]}
2026-08-12 15:28:47.444 Df IlliniCover[22474:3c9345] [com.apple.dt.xctest:Default] Got app orientation 0
2026-08-12 15:28:47.444 Df IlliniCover[22474:3c9345] [com.apple.dt.xctest:Default] Captured accessibility snapshot data in 0.09s
2026-08-12 15:28:47.445 Df IlliniCover[22474:3c9366] [com.apple.dt.xctest:Default] Found main window: Window
2026-08-12 15:28:47.445 Df IlliniCover[22474:3c9366] [com.apple.dt.xctest:Default] Preferring automation type 48 instead of legacy element type OTHER derived from class/trait: UILabel:UILabel 8590000128
2026-08-12 15:28:47.445 Df IlliniCover[22474:3c9366] [com.apple.dt.xctest:Default] Other is not actually a child of Other, including at this point anyway (rdar://problem/20738636)
2026-08-12 15:28:47.445 Df IlliniCover[22474:3c9366] [com.apple.dt.xctest:Default] Other is not actually a child of Other, including at this point anyway (rdar://problem/20738636)
2026-08-12 15:28:47.445 Df IlliniCover[22474:3c9366] [com.apple.dt.xctest:Default] Other is not actually a child of Other, including at this point anyway (rdar://problem/20738636)
2026-08-12 15:28:47.445 Df IlliniCover[22474:3c9366] [com.apple.dt.xctest:Default] Other is not actually a child of Other, including at this point anyway (rdar://problem/20738636)
2026-08-12 15:28:47.446 Df IlliniCover[22474:3c9366] [com.apple.dt.xctest:Default] Other is not actually a child of Other, including at this point anyway (rdar://problem/20738636)
2026-08-12 15:28:47.446 Df IlliniCover[22474:3c9366] [com.apple.dt.xctest:Default] Other is not actually a child of Other, including at this point anyway (rdar://problem/20738636)
2026-08-12 15:28:47.446 Df IlliniCover[22474:3c9366] [com.apple.dt.xctest:Default] Other is not actually a child of Other, including at this point anyway (rdar://problem/20738636)
2026-08-12 15:28:47.446 Df IlliniCover[22474:3c9366] [com.apple.dt.xctest:Default] Other is not actually a child of Other, including at this point anyway (rdar://problem/20738636)
2026-08-12 15:28:47.446 Df IlliniCover[22474:3c9366] [com.apple.dt.xctest:Default] Other is not actually a child of Other, including at this point anyway (rdar://problem/20738636)
2026-08-12 15:28:47.446 Df IlliniCover[22474:3c9366] [com.apple.dt.xctest:Default] Other is not actually a child of Other, including at this point anyway (rdar://problem/20738636)
2026-08-12 15:28:47.446 Df IlliniCover[22474:3c9366] [com.apple.dt.xctest:Default] Other is not actually a child of Other, including at this point anyway (rdar://problem/20738636)
2026-08-12 15:28:47.447 Df IlliniCover[22474:3c9366] [com.apple.dt.xctest:Default] Other is not actually a child of Other, including at this point anyway (rdar://problem/20738636)
2026-08-12 15:28:47.447 Df IlliniCover[22474:3c9366] [com.apple.dt.xctest:Default] App orientation is 0 (not portrait) and UITextEffectsWindow window Window is not main window
2026-08-12 15:28:47.447 Df IlliniCover[22474:3c9366] [com.apple.dt.xctest:Default] Leaving frame unchanged for Window: either already correct or we can't detect it.
2026-08-12 15:28:47.447 Df IlliniCover[22474:3c9366] [com.apple.dt.xctest:Default] App orientation is 0 (not portrait) and UIRemoteKeyboardWindow window Window is not main window
2026-08-12 15:28:47.447 Df IlliniCover[22474:3c9366] [com.apple.dt.xctest:Default] Leaving frame unchanged for Window: either already correct or we can't detect it.
2026-08-12 15:28:47.448 Df IlliniCover[22474:3c9366] [com.apple.dt.xctest:Default] Query  found matching snapshots: {(
    Application, pid: 22474
)} (error: (null))
2026-08-12 15:28:47.448 Df IlliniCover[22474:3c9366] [com.apple.dt.xctest:Default] Replying to query  with results: <XCTElementQueryResults: 0x1247b13e0> (error: (null))
