Timestamp               Ty Process[PID:TID]
2026-08-12 15:25:12.223 Df IlliniCover[21089:3c5ff2] [com.apple.KeyboardArbiter:Client] TX focusApplication (peekAppEvent) stealKB:Y scene:com.illinicover.app-default
2026-08-12 15:25:12.223 Df IlliniCover[21089:3c5ff2] [com.apple.UIKit:EventDispatch] Evaluating dispatch of UIEvent: 0x1081a5500; type: 0; subtype: 0; backing type: 11; shouldSend: 1; ignoreInteractionEvents: 0, systemGestureStateChange: 0
2026-08-12 15:25:12.223 Df IlliniCover[21089:3c5ff2] [com.apple.UIKit:EventDispatch] Sending UIEvent type: 0; subtype: 0; to windows: 1
2026-08-12 15:25:12.223 Df IlliniCover[21089:3c5ff2] [com.apple.UIKit:EventDispatch] Sending UIEvent type: 0; subtype: 0; to window: <UIWindow: 0x108204400>; contextId: 0xC4A8C3F3
2026-08-12 15:25:12.228 Df IlliniCover[21089:3c5ff2] [com.apple.UIKit:EventDispatch] Evaluating dispatch of UIEvent: 0x1081a5500; type: 0; subtype: 0; backing type: 11; shouldSend: 0; ignoreInteractionEvents: 0, systemGestureStateChange: 0
2026-08-12 15:25:12.238 Df IlliniCover[21089:3c5ff2] [com.apple.UIKit:EventDispatch] Evaluating dispatch of UIEvent: 0x1081a5500; type: 0; subtype: 0; backing type: 11; shouldSend: 0; ignoreInteractionEvents: 0, systemGestureStateChange: 0
2026-08-12 15:25:12.255 Df IlliniCover[21089:3c5ff2] [com.apple.UIKit:EventDispatch] Evaluating dispatch of UIEvent: 0x1081a5500; type: 0; subtype: 0; backing type: 11; shouldSend: 0; ignoreInteractionEvents: 0, systemGestureStateChange: 0
2026-08-12 15:25:12.272 Df IlliniCover[21089:3c5ff2] [com.apple.UIKit:EventDispatch] Evaluating dispatch of UIEvent: 0x1081a5500; type: 0; subtype: 0; backing type: 11; shouldSend: 0; ignoreInteractionEvents: 0, systemGestureStateChange: 0
2026-08-12 15:25:12.288 Df IlliniCover[21089:3c5ff2] [com.apple.UIKit:EventDispatch] Evaluating dispatch of UIEvent: 0x1081a5500; type: 0; subtype: 0; backing type: 11; shouldSend: 0; ignoreInteractionEvents: 0, systemGestureStateChange: 0
2026-08-12 15:25:12.305 Df IlliniCover[21089:3c5ff2] [com.apple.UIKit:EventDispatch] Evaluating dispatch of UIEvent: 0x1081a5500; type: 0; subtype: 0; backing type: 11; shouldSend: 0; ignoreInteractionEvents: 0, systemGestureStateChange: 0
2026-08-12 15:25:12.322 Df IlliniCover[21089:3c5ff2] [com.apple.UIKit:EventDispatch] Evaluating dispatch of UIEvent: 0x1081a5500; type: 0; subtype: 0; backing type: 11; shouldSend: 0; ignoreInteractionEvents: 0, systemGestureStateChange: 1
2026-08-12 15:25:12.322 A  IlliniCover[21089:3c5ff2] (UIKitCore) send gesture actions
2026-08-12 15:25:12.338 Df IlliniCover[21089:3c5ff2] [com.apple.UIKit:EventDispatch] Evaluating dispatch of UIEvent: 0x1081a5500; type: 0; subtype: 0; backing type: 11; shouldSend: 0; ignoreInteractionEvents: 0, systemGestureStateChange: 0
2026-08-12 15:25:12.340 Df IlliniCover[21089:3c5ff2] [com.apple.UIKit:EventDispatch] Evaluating dispatch of UIEvent: 0x1081a5500; type: 0; subtype: 0; backing type: 11; shouldSend: 1; ignoreInteractionEvents: 0, systemGestureStateChange: 0
2026-08-12 15:25:12.340 Df IlliniCover[21089:3c5ff2] [com.apple.UIKit:EventDispatch] Sending UIEvent type: 0; subtype: 0; to windows: 1
2026-08-12 15:25:12.340 Df IlliniCover[21089:3c5ff2] [com.apple.UIKit:EventDispatch] Sending UIEvent type: 0; subtype: 0; to window: <UIWindow: 0x108204400>; contextId: 0xC4A8C3F3
2026-08-12 15:25:12.340 A  IlliniCover[21089:3c5ff2] (UIKitCore) send gesture actions
2026-08-12 15:25:12.815 Df IlliniCover[21089:3c5fff] [com.apple.dt.xctest:Default] Received request to fetch matches for query:
2026-08-12 15:25:12.815 Df IlliniCover[21089:3c6000] [com.apple.dt.xctest:Default] Evaluating query:
2026-08-12 15:25:12.815 Df IlliniCover[21089:3c6000] [com.apple.dt.xctest:Default] Getting root element snapshot
2026-08-12 15:25:12.815 Df IlliniCover[21089:3c6000] [com.apple.dt.xctest:Default] Getting snapshot for App element pid: 21089 for query
2026-08-12 15:25:12.815 Df IlliniCover[21089:3c6000] [com.apple.dt.xctest:Default] Query requires iOS snapshot attributes .
2026-08-12 15:25:12.816 Df IlliniCover[21089:3c6000] [com.apple.dt.xctest:Default] XCTPerformOnMainRunLoop[not MT]: about to CFRunLoopPerform
2026-08-12 15:25:12.816 Df IlliniCover[21089:3c6000] [com.apple.dt.xctest:Default] XCTPerformOnMainRunLoop[not MT]: waiting with 30.00s responsiveness timeout
2026-08-12 15:25:12.816 Df IlliniCover[21089:3c5ff2] [com.apple.dt.xctest:Default] XCTPerformOnMainRunLoop[MT]: inside CFRunLoopPerform
2026-08-12 15:25:12.816 Df IlliniCover[21089:3c5ff2] [com.apple.dt.xctest:Default] XCTPerformOnMainRunLoop[MT]: MT responded in time (won the race to the busy flag)
2026-08-12 15:25:12.816 Df IlliniCover[21089:3c6000] [com.apple.dt.xctest:Default] XCTPerformOnMainRunLoop[not MT]: waiting 60.00s for work to complete
2026-08-12 15:25:12.816 Df IlliniCover[21089:3c5ff2] [com.apple.dt.xctest:Default] Got main window <AXUIElementRef 0x12377c3f0> {pid=21089} {uid=[ID:4 hash:0x108204400]}
2026-08-12 15:25:12.816 Df IlliniCover[21089:3c5ff2] [com.apple.dt.xctest:Default] Capturing hierarchy with attributes XC_kAXXCAttributeElementType, XC_kAXXCAttributeElementBaseType, XC_kAXXCAttributeParent, XC_kAXXCAttributeIdentifier, XC_kAXXCAttributeAutomationType, XC_kAXXCAttributeTraits
2026-08-12 15:25:12.816 Df IlliniCover[21089:3c5ff2] [com.apple.dt.xctest:Default] Capturing hierarchy with parameters {
    attributes =     (
        5003,
        5004,
        5002,
        5019,
        5058,
        2004
    );
    maxArrayCount = 2147483647;
    maxChildren = 2147483647;
    maxDepth = 2147483647;
    snapshotKeyHonorModalViews = 0;
    traverseFromParentsToChildren = 1;
}
2026-08-12 15:25:12.816 Df IlliniCover[21089:3c5ff2] [com.apple.dt.xctest:Default] Snapshot attributes 5003, 5004, 5002, 5019, 5058, 2004
2026-08-12 15:25:12.868 Df IlliniCover[21089:3c5ff2] [com.apple.dt.xctest:Default] Got snapshot for <AXUIElementRef 0x123178840> {pid=21089} {uid=[ID:1 hash:0x0]}
2026-08-12 15:25:12.868 Df IlliniCover[21089:3c5ff2] [com.apple.dt.xctest:Default] Got app orientation 0
2026-08-12 15:25:12.868 Df IlliniCover[21089:3c5ff2] [com.apple.dt.xctest:Default] Captured accessibility snapshot data in 0.05s
2026-08-12 15:25:12.868 Df IlliniCover[21089:3c6000] [com.apple.dt.xctest:Default] Found main window: Window
2026-08-12 15:25:12.868 Df IlliniCover[21089:3c6000] [com.apple.dt.xctest:Default] Preferring automation type 48 instead of legacy element type OTHER derived from class/trait: UILabel:UILabel 8590000128
2026-08-12 15:25:12.868 Df IlliniCover[21089:3c6000] [com.apple.dt.xctest:Default] Other is not actually a child of Other, including at this point anyway (rdar://problem/20738636)
2026-08-12 15:25:12.868 Df IlliniCover[21089:3c6000] [com.apple.dt.xctest:Default] Other is not actually a child of Other, including at this point anyway (rdar://problem/20738636)
2026-08-12 15:25:12.868 Df IlliniCover[21089:3c6000] [com.apple.dt.xctest:Default] Other is not actually a child of Other, including at this point anyway (rdar://problem/20738636)
2026-08-12 15:25:12.869 Df IlliniCover[21089:3c6000] [com.apple.dt.xctest:Default] Other is not actually a child of Other, including at this point anyway (rdar://problem/20738636)
2026-08-12 15:25:12.869 Df IlliniCover[21089:3c6000] [com.apple.dt.xctest:Default] Other is not actually a child of Other, including at this point anyway (rdar://problem/20738636)
2026-08-12 15:25:12.869 Df IlliniCover[21089:3c6000] [com.apple.dt.xctest:Default] Other is not actually a child of Other, including at this point anyway (rdar://problem/20738636)
2026-08-12 15:25:12.869 Df IlliniCover[21089:3c6000] [com.apple.dt.xctest:Default] Other is not actually a child of Other, including at this point anyway (rdar://problem/20738636)
2026-08-12 15:25:12.869 Df IlliniCover[21089:3c6000] [com.apple.dt.xctest:Default] Other is not actually a child of Other, including at this point anyway (rdar://problem/20738636)
2026-08-12 15:25:12.869 Df IlliniCover[21089:3c6000] [com.apple.dt.xctest:Default] Other is not actually a child of Other, including at this point anyway (rdar://problem/20738636)
2026-08-12 15:25:12.869 Df IlliniCover[21089:3c6000] [com.apple.dt.xctest:Default] Other is not actually a child of Other, including at this point anyway (rdar://problem/20738636)
2026-08-12 15:25:12.869 Df IlliniCover[21089:3c6000] [com.apple.dt.xctest:Default] Other is not actually a child of Other, including at this point anyway (rdar://problem/20738636)
2026-08-12 15:25:12.869 Df IlliniCover[21089:3c6000] [com.apple.dt.xctest:Default] Other is not actually a child of Other, including at this point anyway (rdar://problem/20738636)
2026-08-12 15:25:12.869 Df IlliniCover[21089:3c6000] [com.apple.dt.xctest:Default] App orientation is 0 (not portrait) and UITextEffectsWindow window Window is not main window
2026-08-12 15:25:12.869 Df IlliniCover[21089:3c6000] [com.apple.dt.xctest:Default] Leaving frame unchanged for Window: either already correct or we can't detect it.
2026-08-12 15:25:12.869 Df IlliniCover[21089:3c6000] [com.apple.dt.xctest:Default] Query  found matching snapshots: {(
    Application, pid: 21089
)} (error: (null))
2026-08-12 15:25:12.870 Df IlliniCover[21089:3c6000] [com.apple.dt.xctest:Default] Replying to query  with results: <XCTElementQueryResults: 0x1227a11a0> (error: (null))
2026-08-12 15:25:13.856 Df IlliniCover[21089:3c5ff2] [com.apple.KeyboardArbiter:Client] TX focusApplication (peekAppEvent) stealKB:Y scene:com.illinicover.app-default
2026-08-12 15:25:13.857 Df IlliniCover[21089:3c5ff2] [com.apple.UIKit:EventDispatch] Evaluating dispatch of UIEvent: 0x1081a5500; type: 0; subtype: 0; backing type: 11; shouldSend: 1; ignoreInteractionEvents: 0, systemGestureStateChange: 0
2026-08-12 15:25:13.857 Df IlliniCover[21089:3c5ff2] [com.apple.UIKit:EventDispatch] Sending UIEvent type: 0; subtype: 0; to windows: 1
2026-08-12 15:25:13.857 Df IlliniCover[21089:3c5ff2] [com.apple.UIKit:EventDispatch] Sending UIEvent type: 0; subtype: 0; to window: <UIWindow: 0x108204400>; contextId: 0xC4A8C3F3
2026-08-12 15:25:13.858 Df IlliniCover[21089:3c5ff2] [com.apple.UIKit:EventDispatch] Evaluating dispatch of UIEvent: 0x1081a5500; type: 0; subtype: 0; backing type: 11; shouldSend: 0; ignoreInteractionEvents: 0, systemGestureStateChange: 0
2026-08-12 15:25:13.872 Df IlliniCover[21089:3c5ff2] [com.apple.UIKit:EventDispatch] Evaluating dispatch of UIEvent: 0x1081a5500; type: 0; subtype: 0; backing type: 11; shouldSend: 0; ignoreInteractionEvents: 0, systemGestureStateChange: 0
2026-08-12 15:25:13.888 Df IlliniCover[21089:3c5ff2] [com.apple.UIKit:EventDispatch] Evaluating dispatch of UIEvent: 0x1081a5500; type: 0; subtype: 0; backing type: 11; shouldSend: 0; ignoreInteractionEvents: 0, systemGestureStateChange: 0
2026-08-12 15:25:13.905 Df IlliniCover[21089:3c5ff2] [com.apple.UIKit:EventDispatch] Evaluating dispatch of UIEvent: 0x1081a5500; type: 0; subtype: 0; backing type: 11; shouldSend: 0; ignoreInteractionEvents: 0, systemGestureStateChange: 0
2026-08-12 15:25:13.922 Df IlliniCover[21089:3c5ff2] [com.apple.UIKit:EventDispatch] Evaluating dispatch of UIEvent: 0x1081a5500; type: 0; subtype: 0; backing type: 11; shouldSend: 0; ignoreInteractionEvents: 0, systemGestureStateChange: 0
2026-08-12 15:25:13.938 Df IlliniCover[21089:3c5ff2] [com.apple.UIKit:EventDispatch] Evaluating dispatch of UIEvent: 0x1081a5500; type: 0; subtype: 0; backing type: 11; shouldSend: 0; ignoreInteractionEvents: 0, systemGestureStateChange: 0
2026-08-12 15:25:13.938 Df IlliniCover[21089:3c5ff2] [com.apple.UIKit:EventDispatch] Evaluating dispatch of UIEvent: 0x1081a5500; type: 0; subtype: 0; backing type: 11; shouldSend: 0; ignoreInteractionEvents: 0, systemGestureStateChange: 1
2026-08-12 15:25:13.939 A  IlliniCover[21089:3c5ff2] (UIKitCore) send gesture actions
2026-08-12 15:25:13.955 Df IlliniCover[21089:3c5ff2] [com.apple.UIKit:EventDispatch] Evaluating dispatch of UIEvent: 0x1081a5500; type: 0; subtype: 0; backing type: 11; shouldSend: 0; ignoreInteractionEvents: 0, systemGestureStateChange: 0
2026-08-12 15:25:13.972 Df IlliniCover[21089:3c5ff2] [com.apple.UIKit:EventDispatch] Evaluating dispatch of UIEvent: 0x1081a5500; type: 0; subtype: 0; backing type: 11; shouldSend: 0; ignoreInteractionEvents: 0, systemGestureStateChange: 0
2026-08-12 15:25:13.988 Df IlliniCover[21089:3c5ff2] [com.apple.UIKit:EventDispatch] Evaluating dispatch of UIEvent: 0x1081a5500; type: 0; subtype: 0; backing type: 11; shouldSend: 0; ignoreInteractionEvents: 0, systemGestureStateChange: 0
2026-08-12 15:25:14.005 Df IlliniCover[21089:3c5ff2] [com.apple.UIKit:EventDispatch] Evaluating dispatch of UIEvent: 0x1081a5500; type: 0; subtype: 0; backing type: 11; shouldSend: 0; ignoreInteractionEvents: 0, systemGestureStateChange: 0
2026-08-12 15:25:14.009 A  IlliniCover[21089:3c5ff2] (UIKitCore) send gesture actions
2026-08-12 15:25:14.077 Df IlliniCover[21089:3c5ff2] [com.apple.UIKit:EventDispatch] Evaluating dispatch of UIEvent: 0x1081a5500; type: 0; subtype: 0; backing type: 11; shouldSend: 0; ignoreInteractionEvents: 0, systemGestureStateChange: 0
2026-08-12 15:25:14.077 A  IlliniCover[21089:3c5ff2] (UIKitCore) send gesture actions
2026-08-12 15:25:14.084 F  IlliniCover[21089:3c5ff2] [com.apple.runtime-issues:SwiftUI] Adding '_UIGravityWellEffectAnchorView' as a subview of UIHostingController.view is not supported and may result in a broken view hierarchy. Add your view above UIHostingController.view in a common superview or insert it into your SwiftUI content in a UIViewRepresentable instead.
2026-08-12 15:25:14.084 A  IlliniCover[21089:3c5ff2] (libsystem_trace.dylib) Activity for state dumps
2026-08-12 15:25:14.085 F  IlliniCover[21089:3c5ff2] [com.apple.runtime-issues:SwiftUI] Adding '_UIGravityWellEffectAnchorView' as a subview of UIHostingController.view is not supported and may result in a broken view hierarchy. Add your view above UIHostingController.view in a common superview or insert it into your SwiftUI content in a UIViewRepresentable instead.
2026-08-12 15:25:14.085 A  IlliniCover[21089:3c5ff2] (libsystem_trace.dylib) Activity for state dumps
2026-08-12 15:25:14.085 F  IlliniCover[21089:3c5ff2] [com.apple.runtime-issues:SwiftUI] Adding '_UIGravityWellEffectAnchorView' as a subview of UIHostingController.view is not supported and may result in a broken view hierarchy. Add your view above UIHostingController.view in a common superview or insert it into your SwiftUI content in a UIViewRepresentable instead.
2026-08-12 15:25:14.085 A  IlliniCover[21089:3c5ff2] (libsystem_trace.dylib) Activity for state dumps
2026-08-12 15:25:14.085 Sd IlliniCover[21089:0] (21AB2359-DEEC-3444-94FE-B7257E43BE34) IOHIDManager State
{
    DispatchQueue = 0;
    RunLoop = 1;
    createOptions = 0;
    isOpen = 0;
    openOptions = 0;
}
2026-08-12 15:25:14.085 Sd IlliniCover[21089:0] (21AB2359-DEEC-3444-94FE-B7257E43BE34) IOHIDManager State
{
    DispatchQueue = 0;
    RunLoop = 1;
    createOptions = 0;
    isOpen = 0;
    openOptions = 0;
}
2026-08-12 15:25:14.088 Df IlliniCover[21089:3c5ff2] [com.apple.UIKit:EventDispatch] Evaluating dispatch of UIEvent: 0x1081a5500; type: 0; subtype: 0; backing type: 11; shouldSend: 0; ignoreInteractionEvents: 0, systemGestureStateChange: 0
2026-08-12 15:25:14.091 A  IlliniCover[21089:3c5ff2] (UIKitCore) send gesture actions
2026-08-12 15:25:14.105 Df IlliniCover[21089:3c5ff2] [com.apple.UIKit:EventDispatch] Evaluating dispatch of UIEvent: 0x1081a5500; type: 0; subtype: 0; backing type: 11; shouldSend: 0; ignoreInteractionEvents: 0, systemGestureStateChange: 0
2026-08-12 15:25:14.122 Df IlliniCover[21089:3c5ff2] [com.apple.UIKit:EventDispatch] Evaluating dispatch of UIEvent: 0x1081a5500; type: 0; subtype: 0; backing type: 11; shouldSend: 0; ignoreInteractionEvents: 0, systemGestureStateChange: 0
2026-08-12 15:25:14.122 A  IlliniCover[21089:3c5ff2] (UIKitCore) send gesture actions
2026-08-12 15:25:14.138 Df IlliniCover[21089:3c5ff2] [com.apple.UIKit:EventDispatch] Evaluating dispatch of UIEvent: 0x1081a5500; type: 0; subtype: 0; backing type: 11; shouldSend: 0; ignoreInteractionEvents: 0, systemGestureStateChange: 0
2026-08-12 15:25:14.139 A  IlliniCover[21089:3c5ff2] (UIKitCore) send gesture actions
2026-08-12 15:25:14.155 Df IlliniCover[21089:3c5ff2] [com.apple.UIKit:EventDispatch] Evaluating dispatch of UIEvent: 0x1081a5500; type: 0; subtype: 0; backing type: 11; shouldSend: 0; ignoreInteractionEvents: 0, systemGestureStateChange: 0
2026-08-12 15:25:14.156 A  IlliniCover[21089:3c5ff2] (UIKitCore) send gesture actions
2026-08-12 15:25:14.172 Df IlliniCover[21089:3c5ff2] [com.apple.UIKit:EventDispatch] Evaluating dispatch of UIEvent: 0x1081a5500; type: 0; subtype: 0; backing type: 11; shouldSend: 0; ignoreInteractionEvents: 0, systemGestureStateChange: 0
2026-08-12 15:25:14.172 A  IlliniCover[21089:3c5ff2] (UIKitCore) send gesture actions
2026-08-12 15:25:14.188 Df IlliniCover[21089:3c5ff2] [com.apple.UIKit:EventDispatch] Evaluating dispatch of UIEvent: 0x1081a5500; type: 0; subtype: 0; backing type: 11; shouldSend: 0; ignoreInteractionEvents: 0, systemGestureStateChange: 0
2026-08-12 15:25:14.189 A  IlliniCover[21089:3c5ff2] (UIKitCore) send gesture actions
2026-08-12 15:25:14.205 Df IlliniCover[21089:3c5ff2] [com.apple.UIKit:EventDispatch] Evaluating dispatch of UIEvent: 0x1081a5500; type: 0; subtype: 0; backing type: 11; shouldSend: 0; ignoreInteractionEvents: 0, systemGestureStateChange: 0
2026-08-12 15:25:14.206 A  IlliniCover[21089:3c5ff2] (UIKitCore) send gesture actions
2026-08-12 15:25:14.222 Df IlliniCover[21089:3c5ff2] [com.apple.UIKit:EventDispatch] Evaluating dispatch of UIEvent: 0x1081a5500; type: 0; subtype: 0; backing type: 11; shouldSend: 0; ignoreInteractionEvents: 0, systemGestureStateChange: 0
2026-08-12 15:25:14.222 A  IlliniCover[21089:3c5ff2] (UIKitCore) send gesture actions
2026-08-12 15:25:14.238 Df IlliniCover[21089:3c5ff2] [com.apple.UIKit:EventDispatch] Evaluating dispatch of UIEvent: 0x1081a5500; type: 0; subtype: 0; backing type: 11; shouldSend: 0; ignoreInteractionEvents: 0, systemGestureStateChange: 0
2026-08-12 15:25:14.239 A  IlliniCover[21089:3c5ff2] (UIKitCore) send gesture actions
2026-08-12 15:25:14.255 Df IlliniCover[21089:3c5ff2] [com.apple.UIKit:EventDispatch] Evaluating dispatch of UIEvent: 0x1081a5500; type: 0; subtype: 0; backing type: 11; shouldSend: 0; ignoreInteractionEvents: 0, systemGestureStateChange: 0
2026-08-12 15:25:14.256 A  IlliniCover[21089:3c5ff2] (UIKitCore) send gesture actions
2026-08-12 15:25:14.272 Df IlliniCover[21089:3c5ff2] [com.apple.UIKit:EventDispatch] Evaluating dispatch of UIEvent: 0x1081a5500; type: 0; subtype: 0; backing type: 11; shouldSend: 0; ignoreInteractionEvents: 0, systemGestureStateChange: 0
2026-08-12 15:25:14.272 A  IlliniCover[21089:3c5ff2] (UIKitCore) send gesture actions
2026-08-12 15:25:14.274 Df IlliniCover[21089:3c5ff2] [com.apple.UIKit:Feedback] generator <_UIClickPresentationFeedbackGenerator: 0x123316da0> cannot play feedback <_UIFeedbackPattern: 0x123584960> (enabled=0)
2026-08-12 15:25:14.274 A  IlliniCover[21089:3c5ff2] (UIKitCore) send gesture actions
2026-08-12 15:25:14.274 A  IlliniCover[21089:3c5ff2] (UIKitCore) send gesture actions
2026-08-12 15:25:14.288 Df IlliniCover[21089:3c5ff2] [com.apple.UIKit:EventDispatch] Evaluating dispatch of UIEvent: 0x1081a5500; type: 0; subtype: 0; backing type: 11; shouldSend: 0; ignoreInteractionEvents: 0, systemGestureStateChange: 0
2026-08-12 15:25:14.289 A  IlliniCover[21089:3c5ff2] (UIKitCore) send gesture actions
2026-08-12 15:25:14.305 Df IlliniCover[21089:3c5ff2] [com.apple.UIKit:EventDispatch] Evaluating dispatch of UIEvent: 0x1081a5500; type: 0; subtype: 0; backing type: 11; shouldSend: 0; ignoreInteractionEvents: 0, systemGestureStateChange: 0
2026-08-12 15:25:14.306 A  IlliniCover[21089:3c5ff2] (UIKitCore) send gesture actions
2026-08-12 15:25:14.322 Df IlliniCover[21089:3c5ff2] [com.apple.UIKit:EventDispatch] Evaluating dispatch of UIEvent: 0x1081a5500; type: 0; subtype: 0; backing type: 11; shouldSend: 0; ignoreInteractionEvents: 0, systemGestureStateChange: 0
2026-08-12 15:25:14.322 A  IlliniCover[21089:3c5ff2] (UIKitCore) send gesture actions
2026-08-12 15:25:14.338 Df IlliniCover[21089:3c5ff2] [com.apple.UIKit:EventDispatch] Evaluating dispatch of UIEvent: 0x1081a5500; type: 0; subtype: 0; backing type: 11; shouldSend: 0; ignoreInteractionEvents: 0, systemGestureStateChange: 0
2026-08-12 15:25:14.339 A  IlliniCover[21089:3c5ff2] (UIKitCore) send gesture actions
2026-08-12 15:25:14.355 Df IlliniCover[21089:3c5ff2] [com.apple.UIKit:EventDispatch] Evaluating dispatch of UIEvent: 0x1081a5500; type: 0; subtype: 0; backing type: 11; shouldSend: 0; ignoreInteractionEvents: 0, systemGestureStateChange: 0
2026-08-12 15:25:14.356 A  IlliniCover[21089:3c5ff2] (UIKitCore) send gesture actions
2026-08-12 15:25:14.372 Df IlliniCover[21089:3c5ff2] [com.apple.UIKit:EventDispatch] Evaluating dispatch of UIEvent: 0x1081a5500; type: 0; subtype: 0; backing type: 11; shouldSend: 0; ignoreInteractionEvents: 0, systemGestureStateChange: 0
2026-08-12 15:25:14.372 A  IlliniCover[21089:3c5ff2] (UIKitCore) send gesture actions
2026-08-12 15:25:14.388 Df IlliniCover[21089:3c5ff2] [com.apple.UIKit:EventDispatch] Evaluating dispatch of UIEvent: 0x1081a5500; type: 0; subtype: 0; backing type: 11; shouldSend: 0; ignoreInteractionEvents: 0, systemGestureStateChange: 0
2026-08-12 15:25:14.389 A  IlliniCover[21089:3c5ff2] (UIKitCore) send gesture actions
2026-08-12 15:25:14.405 Df IlliniCover[21089:3c5ff2] [com.apple.UIKit:EventDispatch] Evaluating dispatch of UIEvent: 0x1081a5500; type: 0; subtype: 0; backing type: 11; shouldSend: 0; ignoreInteractionEvents: 0, systemGestureStateChange: 0
2026-08-12 15:25:14.406 A  IlliniCover[21089:3c5ff2] (UIKitCore) send gesture actions
2026-08-12 15:25:14.422 Df IlliniCover[21089:3c5ff2] [com.apple.UIKit:EventDispatch] Evaluating dispatch of UIEvent: 0x1081a5500; type: 0; subtype: 0; backing type: 11; shouldSend: 0; ignoreInteractionEvents: 0, systemGestureStateChange: 0
2026-08-12 15:25:14.423 A  IlliniCover[21089:3c5ff2] (UIKitCore) send gesture actions
2026-08-12 15:25:14.438 Df IlliniCover[21089:3c5ff2] [com.apple.UIKit:EventDispatch] Evaluating dispatch of UIEvent: 0x1081a5500; type: 0; subtype: 0; backing type: 11; shouldSend: 0; ignoreInteractionEvents: 0, systemGestureStateChange: 0
2026-08-12 15:25:14.439 A  IlliniCover[21089:3c5ff2] (UIKitCore) send gesture actions
2026-08-12 15:25:14.455 Df IlliniCover[21089:3c5ff2] [com.apple.UIKit:EventDispatch] Evaluating dispatch of UIEvent: 0x1081a5500; type: 0; subtype: 0; backing type: 11; shouldSend: 0; ignoreInteractionEvents: 0, systemGestureStateChange: 0
2026-08-12 15:25:14.456 A  IlliniCover[21089:3c5ff2] (UIKitCore) send gesture actions
2026-08-12 15:25:14.472 Df IlliniCover[21089:3c5ff2] [com.apple.UIKit:EventDispatch] Evaluating dispatch of UIEvent: 0x1081a5500; type: 0; subtype: 0; backing type: 11; shouldSend: 0; ignoreInteractionEvents: 0, systemGestureStateChange: 0
2026-08-12 15:25:14.472 A  IlliniCover[21089:3c5ff2] (UIKitCore) send gesture actions
2026-08-12 15:25:14.488 Df IlliniCover[21089:3c5ff2] [com.apple.UIKit:EventDispatch] Evaluating dispatch of UIEvent: 0x1081a5500; type: 0; subtype: 0; backing type: 11; shouldSend: 0; ignoreInteractionEvents: 0, systemGestureStateChange: 0
2026-08-12 15:25:14.490 A  IlliniCover[21089:3c5ff2] (UIKitCore) send gesture actions
2026-08-12 15:25:14.505 Df IlliniCover[21089:3c5ff2] [com.apple.UIKit:EventDispatch] Evaluating dispatch of UIEvent: 0x1081a5500; type: 0; subtype: 0; backing type: 11; shouldSend: 0; ignoreInteractionEvents: 0, systemGestureStateChange: 0
2026-08-12 15:25:14.507 A  IlliniCover[21089:3c5ff2] (UIKitCore) send gesture actions
2026-08-12 15:25:14.522 Df IlliniCover[21089:3c5ff2] [com.apple.UIKit:EventDispatch] Evaluating dispatch of UIEvent: 0x1081a5500; type: 0; subtype: 0; backing type: 11; shouldSend: 0; ignoreInteractionEvents: 0, systemGestureStateChange: 0
2026-08-12 15:25:14.523 A  IlliniCover[21089:3c5ff2] (UIKitCore) send gesture actions
2026-08-12 15:25:14.538 Df IlliniCover[21089:3c5ff2] [com.apple.UIKit:EventDispatch] Evaluating dispatch of UIEvent: 0x1081a5500; type: 0; subtype: 0; backing type: 11; shouldSend: 0; ignoreInteractionEvents: 0, systemGestureStateChange: 0
2026-08-12 15:25:14.541 A  IlliniCover[21089:3c5ff2] (UIKitCore) send gesture actions
2026-08-12 15:25:14.555 Df IlliniCover[21089:3c5ff2] [com.apple.UIKit:EventDispatch] Evaluating dispatch of UIEvent: 0x1081a5500; type: 0; subtype: 0; backing type: 11; shouldSend: 0; ignoreInteractionEvents: 0, systemGestureStateChange: 0
2026-08-12 15:25:14.557 A  IlliniCover[21089:3c5ff2] (UIKitCore) send gesture actions
2026-08-12 15:25:14.572 Df IlliniCover[21089:3c5ff2] [com.apple.UIKit:EventDispatch] Evaluating dispatch of UIEvent: 0x1081a5500; type: 0; subtype: 0; backing type: 11; shouldSend: 0; ignoreInteractionEvents: 0, systemGestureStateChange: 0
2026-08-12 15:25:14.573 A  IlliniCover[21089:3c5ff2] (UIKitCore) send gesture actions
2026-08-12 15:25:14.588 Df IlliniCover[21089:3c5ff2] [com.apple.UIKit:EventDispatch] Evaluating dispatch of UIEvent: 0x1081a5500; type: 0; subtype: 0; backing type: 11; shouldSend: 0; ignoreInteractionEvents: 0, systemGestureStateChange: 0
2026-08-12 15:25:14.590 A  IlliniCover[21089:3c5ff2] (UIKitCore) send gesture actions
2026-08-12 15:25:14.616 Df IlliniCover[21089:3c5ff2] [com.apple.UIKit:UIFocusSystemSceneComponent] Override focusSystemState: (ENABLED) for reason(s): {(
    "<UIContextMenuInteraction 0x10b683400>"
)}
2026-08-12 15:25:14.616 Df IlliniCover[21089:3c5ff2] [com.apple.UIKit:InterfaceStyle] Not push traits update to screen for new style 2, <UIWindowScene: 0x10b467800> (2050C5AC-6A26-42BC-8E8F-FBAE5EDC0388)
2026-08-12 15:25:14.630 Df IlliniCover[21089:3c5ff2] [com.apple.UIKit:UIPeripheralHost] setDeactivatedKeyboard: 1 forScene: (null) forSuppressionAssertion: 1
2026-08-12 15:25:14.630 Df IlliniCover[21089:3c5ff2] [com.apple.UIKit:UIPeripheralHost] setDeactivatedKeyboard, shouldUpdatePlacement: 1
2026-08-12 15:25:14.630 Df IlliniCover[21089:3c5ff2] [com.apple.UIKit:KeyboardSceneDelegate] _placementForDeactivatedKeyboard, deactivated: 1, curPlacement: <UIInputViewSetPlacementOffScreenDown>, forSuppressionAssertion: 1 -> <UIInputViewSetPlacementOffScreenDown>
2026-08-12 15:25:14.630 Df IlliniCover[21089:3c5ff2] [com.apple.UIKit:TrackingElementWindowController] setPlacementChangeDisabled: 1, placement: <UIInputViewSetPlacementOffScreenDown> (self: <UITrackingElementWindowController: 0x10821d400>)
2026-08-12 15:25:14.630 Df IlliniCover[21089:3c5ff2] [com.apple.UIKit:TrackingElementWindowController] Moving from placement: <UIInputViewSetPlacementOffScreenDown> to placement: <UIInputViewSetPlacementOffScreenDown> (currentPlacement: <UIInputViewSetPlacementOffScreenDown>)
2026-08-12 15:25:14.630 Df IlliniCover[21089:3c5ff2] [com.apple.UIKit:UIPeripheralHost] endPlacementForInputViewSet: <<UIInputViewSet: 0x11fb21bc0>; (empty)> windowScene: <UIWindowScene: 0x10b467800; role: UIWindowSceneSessionRoleApplication; persistentIdentifier: 2050C5AC-6A26-42BC-8E8F-FBAE5EDC0388; activationState: UISceneActivationStateForegroundActive>
2026-08-12 15:25:14.631 Df IlliniCover[21089:3c5ff2] [com.apple.UIKit:TrackingElementWindowController] updatePlacementWithPlacement: <UIInputViewSetPlacementOffScreenDown>
2026-08-12 15:25:14.663 F  IlliniCover[21089:3c5ff2] [com.apple.runtime-issues:SwiftUI] Adding '_UIReparentingView' as a subview of UIHostingController.view is not supported and may result in a broken view hierarchy. Add your view above UIHostingController.view in a common superview or insert it into your SwiftUI content in a UIViewRepresentable instead.
2026-08-12 15:25:14.663 A  IlliniCover[21089:3c5ff2] (libsystem_trace.dylib) Activity for state dumps
2026-08-12 15:25:14.668 Df IlliniCover[21089:3c5ff2] [com.apple.UIKit:UICMILifecycle] performAllAnimations for animator: <_UIContextMenuAnimator: 0x123744ba0>
2026-08-12 15:25:14.672 Df IlliniCover[21089:3c5ff2] [com.apple.UIKit:EventDispatch] Evaluating dispatch of UIEvent: 0x1081a5500; type: 0; subtype: 0; backing type: 11; shouldSend: 0; ignoreInteractionEvents: 0, systemGestureStateChange: 0
2026-08-12 15:25:14.682 A  IlliniCover[21089:3c5ff2] (UIKitCore) send gesture actions
2026-08-12 15:25:14.682 A  IlliniCover[21089:3c5ff2] (UIKitCore) send gesture actions
2026-08-12 15:25:14.682 A  IlliniCover[21089:3c5ff2] (UIKitCore) send gesture actions
2026-08-12 15:25:14.688 Df IlliniCover[21089:3c5ff2] [com.apple.UIKit:EventDispatch] Evaluating dispatch of UIEvent: 0x1081a5500; type: 0; subtype: 0; backing type: 11; shouldSend: 0; ignoreInteractionEvents: 0, systemGestureStateChange: 0
2026-08-12 15:25:14.705 Df IlliniCover[21089:3c5ff2] [com.apple.UIKit:EventDispatch] Evaluating dispatch of UIEvent: 0x1081a5500; type: 0; subtype: 0; backing type: 11; shouldSend: 0; ignoreInteractionEvents: 0, systemGestureStateChange: 0
2026-08-12 15:25:14.722 Df IlliniCover[21089:3c5ff2] [com.apple.UIKit:EventDispatch] Evaluating dispatch of UIEvent: 0x1081a5500; type: 0; subtype: 0; backing type: 11; shouldSend: 0; ignoreInteractionEvents: 0, systemGestureStateChange: 0
2026-08-12 15:25:14.738 Df IlliniCover[21089:3c5ff2] [com.apple.UIKit:EventDispatch] Evaluating dispatch of UIEvent: 0x1081a5500; type: 0; subtype: 0; backing type: 11; shouldSend: 0; ignoreInteractionEvents: 0, systemGestureStateChange: 0
2026-08-12 15:25:14.756 Df IlliniCover[21089:3c5ff2] [com.apple.UIKit:EventDispatch] Evaluating dispatch of UIEvent: 0x1081a5500; type: 0; subtype: 0; backing type: 11; shouldSend: 0; ignoreInteractionEvents: 0, systemGestureStateChange: 0
2026-08-12 15:25:14.772 Df IlliniCover[21089:3c5ff2] [com.apple.UIKit:EventDispatch] Evaluating dispatch of UIEvent: 0x1081a5500; type: 0; subtype: 0; backing type: 11; shouldSend: 0; ignoreInteractionEvents: 0, systemGestureStateChange: 0
2026-08-12 15:25:14.788 Df IlliniCover[21089:3c5ff2] [com.apple.UIKit:EventDispatch] Evaluating dispatch of UIEvent: 0x1081a5500; type: 0; subtype: 0; backing type: 11; shouldSend: 0; ignoreInteractionEvents: 0, systemGestureStateChange: 0
2026-08-12 15:25:14.805 Df IlliniCover[21089:3c5ff2] [com.apple.UIKit:EventDispatch] Evaluating dispatch of UIEvent: 0x1081a5500; type: 0; subtype: 0; backing type: 11; shouldSend: 0; ignoreInteractionEvents: 0, systemGestureStateChange: 0
2026-08-12 15:25:14.822 Df IlliniCover[21089:3c5ff2] [com.apple.UIKit:EventDispatch] Evaluating dispatch of UIEvent: 0x1081a5500; type: 0; subtype: 0; backing type: 11; shouldSend: 0; ignoreInteractionEvents: 0, systemGestureStateChange: 0
2026-08-12 15:25:14.838 Df IlliniCover[21089:3c5ff2] [com.apple.UIKit:EventDispatch] Evaluating dispatch of UIEvent: 0x1081a5500; type: 0; subtype: 0; backing type: 11; shouldSend: 0; ignoreInteractionEvents: 0, systemGestureStateChange: 0
2026-08-12 15:25:14.855 Df IlliniCover[21089:3c5ff2] [com.apple.UIKit:EventDispatch] Evaluating dispatch of UIEvent: 0x1081a5500; type: 0; subtype: 0; backing type: 11; shouldSend: 0; ignoreInteractionEvents: 0, systemGestureStateChange: 0
2026-08-12 15:25:14.872 Df IlliniCover[21089:3c5ff2] [com.apple.UIKit:EventDispatch] Evaluating dispatch of UIEvent: 0x1081a5500; type: 0; subtype: 0; backing type: 11; shouldSend: 0; ignoreInteractionEvents: 0, systemGestureStateChange: 0
2026-08-12 15:25:14.888 Df IlliniCover[21089:3c5ff2] [com.apple.UIKit:EventDispatch] Evaluating dispatch of UIEvent: 0x1081a5500; type: 0; subtype: 0; backing type: 11; shouldSend: 0; ignoreInteractionEvents: 0, systemGestureStateChange: 0
2026-08-12 15:25:14.905 Df IlliniCover[21089:3c5ff2] [com.apple.UIKit:EventDispatch] Evaluating dispatch of UIEvent: 0x1081a5500; type: 0; subtype: 0; backing type: 11; shouldSend: 0; ignoreInteractionEvents: 0, systemGestureStateChange: 0
2026-08-12 15:25:14.922 Df IlliniCover[21089:3c5ff2] [com.apple.UIKit:EventDispatch] Evaluating dispatch of UIEvent: 0x1081a5500; type: 0; subtype: 0; backing type: 11; shouldSend: 0; ignoreInteractionEvents: 0, systemGestureStateChange: 0
2026-08-12 15:25:14.938 Df IlliniCover[21089:3c5ff2] [com.apple.UIKit:EventDispatch] Evaluating dispatch of UIEvent: 0x1081a5500; type: 0; subtype: 0; backing type: 11; shouldSend: 0; ignoreInteractionEvents: 0, systemGestureStateChange: 0
2026-08-12 15:25:14.955 Df IlliniCover[21089:3c5ff2] [com.apple.UIKit:EventDispatch] Evaluating dispatch of UIEvent: 0x1081a5500; type: 0; subtype: 0; backing type: 11; shouldSend: 0; ignoreInteractionEvents: 0, systemGestureStateChange: 0
2026-08-12 15:25:14.972 Df IlliniCover[21089:3c5ff2] [com.apple.UIKit:EventDispatch] Evaluating dispatch of UIEvent: 0x1081a5500; type: 0; subtype: 0; backing type: 11; shouldSend: 0; ignoreInteractionEvents: 0, systemGestureStateChange: 0
2026-08-12 15:25:14.988 Df IlliniCover[21089:3c5ff2] [com.apple.UIKit:EventDispatch] Evaluating dispatch of UIEvent: 0x1081a5500; type: 0; subtype: 0; backing type: 11; shouldSend: 0; ignoreInteractionEvents: 0, systemGestureStateChange: 0
2026-08-12 15:25:15.005 Df IlliniCover[21089:3c5ff2] [com.apple.UIKit:EventDispatch] Evaluating dispatch of UIEvent: 0x1081a5500; type: 0; subtype: 0; backing type: 11; shouldSend: 0; ignoreInteractionEvents: 0, systemGestureStateChange: 0
2026-08-12 15:25:15.022 Df IlliniCover[21089:3c5ff2] [com.apple.UIKit:EventDispatch] Evaluating dispatch of UIEvent: 0x1081a5500; type: 0; subtype: 0; backing type: 11; shouldSend: 0; ignoreInteractionEvents: 0, systemGestureStateChange: 0
2026-08-12 15:25:15.038 Df IlliniCover[21089:3c5ff2] [com.apple.UIKit:EventDispatch] Evaluating dispatch of UIEvent: 0x1081a5500; type: 0; subtype: 0; backing type: 11; shouldSend: 0; ignoreInteractionEvents: 0, systemGestureStateChange: 0
2026-08-12 15:25:15.055 Df IlliniCover[21089:3c5ff2] [com.apple.UIKit:EventDispatch] Evaluating dispatch of UIEvent: 0x1081a5500; type: 0; subtype: 0; backing type: 11; shouldSend: 0; ignoreInteractionEvents: 0, systemGestureStateChange: 0
2026-08-12 15:25:15.072 Df IlliniCover[21089:3c5ff2] [com.apple.UIKit:EventDispatch] Evaluating dispatch of UIEvent: 0x1081a5500; type: 0; subtype: 0; backing type: 11; shouldSend: 0; ignoreInteractionEvents: 0, systemGestureStateChange: 0
2026-08-12 15:25:15.088 Df IlliniCover[21089:3c5ff2] [com.apple.UIKit:EventDispatch] Evaluating dispatch of UIEvent: 0x1081a5500; type: 0; subtype: 0; backing type: 11; shouldSend: 0; ignoreInteractionEvents: 0, systemGestureStateChange: 0
2026-08-12 15:25:15.105 Df IlliniCover[21089:3c5ff2] [com.apple.UIKit:EventDispatch] Evaluating dispatch of UIEvent: 0x1081a5500; type: 0; subtype: 0; backing type: 11; shouldSend: 0; ignoreInteractionEvents: 0, systemGestureStateChange: 0
2026-08-12 15:25:15.122 Df IlliniCover[21089:3c5ff2] [com.apple.UIKit:EventDispatch] Evaluating dispatch of UIEvent: 0x1081a5500; type: 0; subtype: 0; backing type: 11; shouldSend: 0; ignoreInteractionEvents: 0, systemGestureStateChange: 0
2026-08-12 15:25:15.138 Df IlliniCover[21089:3c5ff2] [com.apple.UIKit:EventDispatch] Evaluating dispatch of UIEvent: 0x1081a5500; type: 0; subtype: 0; backing type: 11; shouldSend: 0; ignoreInteractionEvents: 0, systemGestureStateChange: 0
2026-08-12 15:25:15.155 Df IlliniCover[21089:3c5ff2] [com.apple.UIKit:EventDispatch] Evaluating dispatch of UIEvent: 0x1081a5500; type: 0; subtype: 0; backing type: 11; shouldSend: 0; ignoreInteractionEvents: 0, systemGestureStateChange: 0
2026-08-12 15:25:15.172 Df IlliniCover[21089:3c5ff2] [com.apple.UIKit:EventDispatch] Evaluating dispatch of UIEvent: 0x1081a5500; type: 0; subtype: 0; backing type: 11; shouldSend: 0; ignoreInteractionEvents: 0, systemGestureStateChange: 0
2026-08-12 15:25:15.172 Df IlliniCover[21089:3c5ff2] [com.apple.UIKit:UICMILifecycle] _animateUsingFluidSpringWithType 0 completion: finished 1, retargeted 0, count: 0
2026-08-12 15:25:15.188 Df IlliniCover[21089:3c5ff2] [com.apple.UIKit:EventDispatch] Evaluating dispatch of UIEvent: 0x1081a5500; type: 0; subtype: 0; backing type: 11; shouldSend: 0; ignoreInteractionEvents: 0, systemGestureStateChange: 0
2026-08-12 15:25:15.205 Df IlliniCover[21089:3c5ff2] [com.apple.UIKit:EventDispatch] Evaluating dispatch of UIEvent: 0x1081a5500; type: 0; subtype: 0; backing type: 11; shouldSend: 0; ignoreInteractionEvents: 0, systemGestureStateChange: 0
2026-08-12 15:25:15.222 Df IlliniCover[21089:3c5ff2] [com.apple.UIKit:EventDispatch] Evaluating dispatch of UIEvent: 0x1081a5500; type: 0; subtype: 0; backing type: 11; shouldSend: 0; ignoreInteractionEvents: 0, systemGestureStateChange: 0
2026-08-12 15:25:15.238 Df IlliniCover[21089:3c5ff2] [com.apple.UIKit:EventDispatch] Evaluating dispatch of UIEvent: 0x1081a5500; type: 0; subtype: 0; backing type: 11; shouldSend: 0; ignoreInteractionEvents: 0, systemGestureStateChange: 0
2026-08-12 15:25:15.255 Df IlliniCover[21089:3c5ff2] [com.apple.UIKit:EventDispatch] Evaluating dispatch of UIEvent: 0x1081a5500; type: 0; subtype: 0; backing type: 11; shouldSend: 0; ignoreInteractionEvents: 0, systemGestureStateChange: 0
2026-08-12 15:25:15.272 Df IlliniCover[21089:3c5ff2] [com.apple.UIKit:EventDispatch] Evaluating dispatch of UIEvent: 0x1081a5500; type: 0; subtype: 0; backing type: 11; shouldSend: 0; ignoreInteractionEvents: 0, systemGestureStateChange: 0
2026-08-12 15:25:15.288 Df IlliniCover[21089:3c5ff2] [com.apple.UIKit:EventDispatch] Evaluating dispatch of UIEvent: 0x1081a5500; type: 0; subtype: 0; backing type: 11; shouldSend: 0; ignoreInteractionEvents: 0, systemGestureStateChange: 0
2026-08-12 15:25:15.305 Df IlliniCover[21089:3c5ff2] [com.apple.UIKit:EventDispatch] Evaluating dispatch of UIEvent: 0x1081a5500; type: 0; subtype: 0; backing type: 11; shouldSend: 0; ignoreInteractionEvents: 0, systemGestureStateChange: 0
2026-08-12 15:25:15.322 Df IlliniCover[21089:3c5ff2] [com.apple.UIKit:EventDispatch] Evaluating dispatch of UIEvent: 0x1081a5500; type: 0; subtype: 0; backing type: 11; shouldSend: 0; ignoreInteractionEvents: 0, systemGestureStateChange: 0
2026-08-12 15:25:15.338 Df IlliniCover[21089:3c5ff2] [com.apple.UIKit:EventDispatch] Evaluating dispatch of UIEvent: 0x1081a5500; type: 0; subtype: 0; backing type: 11; shouldSend: 0; ignoreInteractionEvents: 0, systemGestureStateChange: 0
2026-08-12 15:25:15.355 Df IlliniCover[21089:3c5ff2] [com.apple.UIKit:EventDispatch] Evaluating dispatch of UIEvent: 0x1081a5500; type: 0; subtype: 0; backing type: 11; shouldSend: 0; ignoreInteractionEvents: 0, systemGestureStateChange: 0
2026-08-12 15:25:15.372 Df IlliniCover[21089:3c5ff2] [com.apple.UIKit:EventDispatch] Evaluating dispatch of UIEvent: 0x1081a5500; type: 0; subtype: 0; backing type: 11; shouldSend: 0; ignoreInteractionEvents: 0, systemGestureStateChange: 0
2026-08-12 15:25:15.388 Df IlliniCover[21089:3c5ff2] [com.apple.UIKit:EventDispatch] Evaluating dispatch of UIEvent: 0x1081a5500; type: 0; subtype: 0; backing type: 11; shouldSend: 0; ignoreInteractionEvents: 0, systemGestureStateChange: 0
2026-08-12 15:25:15.405 Df IlliniCover[21089:3c5ff2] [com.apple.UIKit:EventDispatch] Evaluating dispatch of UIEvent: 0x1081a5500; type: 0; subtype: 0; backing type: 11; shouldSend: 0; ignoreInteractionEvents: 0, systemGestureStateChange: 0
2026-08-12 15:25:15.422 Df IlliniCover[21089:3c5ff2] [com.apple.UIKit:EventDispatch] Evaluating dispatch of UIEvent: 0x1081a5500; type: 0; subtype: 0; backing type: 11; shouldSend: 0; ignoreInteractionEvents: 0, systemGestureStateChange: 0
2026-08-12 15:25:15.438 Df IlliniCover[21089:3c5ff2] [com.apple.UIKit:EventDispatch] Evaluating dispatch of UIEvent: 0x1081a5500; type: 0; subtype: 0; backing type: 11; shouldSend: 0; ignoreInteractionEvents: 0, systemGestureStateChange: 0
2026-08-12 15:25:15.455 Df IlliniCover[21089:3c5ff2] [com.apple.UIKit:EventDispatch] Evaluating dispatch of UIEvent: 0x1081a5500; type: 0; subtype: 0; backing type: 11; shouldSend: 0; ignoreInteractionEvents: 0, systemGestureStateChange: 0
2026-08-12 15:25:15.472 Df IlliniCover[21089:3c5ff2] [com.apple.UIKit:EventDispatch] Evaluating dispatch of UIEvent: 0x1081a5500; type: 0; subtype: 0; backing type: 11; shouldSend: 0; ignoreInteractionEvents: 0, systemGestureStateChange: 0
2026-08-12 15:25:15.488 Df IlliniCover[21089:3c5ff2] [com.apple.UIKit:EventDispatch] Evaluating dispatch of UIEvent: 0x1081a5500; type: 0; subtype: 0; backing type: 11; shouldSend: 0; ignoreInteractionEvents: 0, systemGestureStateChange: 0
2026-08-12 15:25:15.505 Df IlliniCover[21089:3c5ff2] [com.apple.UIKit:EventDispatch] Evaluating dispatch of UIEvent: 0x1081a5500; type: 0; subtype: 0; backing type: 11; shouldSend: 0; ignoreInteractionEvents: 0, systemGestureStateChange: 0
2026-08-12 15:25:15.522 Df IlliniCover[21089:3c5ff2] [com.apple.UIKit:EventDispatch] Evaluating dispatch of UIEvent: 0x1081a5500; type: 0; subtype: 0; backing type: 11; shouldSend: 0; ignoreInteractionEvents: 0, systemGestureStateChange: 0
2026-08-12 15:25:15.538 Df IlliniCover[21089:3c5ff2] [com.apple.UIKit:EventDispatch] Evaluating dispatch of UIEvent: 0x1081a5500; type: 0; subtype: 0; backing type: 11; shouldSend: 0; ignoreInteractionEvents: 0, systemGestureStateChange: 0
2026-08-12 15:25:15.555 Df IlliniCover[21089:3c5ff2] [com.apple.UIKit:EventDispatch] Evaluating dispatch of UIEvent: 0x1081a5500; type: 0; subtype: 0; backing type: 11; shouldSend: 0; ignoreInteractionEvents: 0, systemGestureStateChange: 0
2026-08-12 15:25:15.572 Df IlliniCover[21089:3c5ff2] [com.apple.UIKit:EventDispatch] Evaluating dispatch of UIEvent: 0x1081a5500; type: 0; subtype: 0; backing type: 11; shouldSend: 0; ignoreInteractionEvents: 0, systemGestureStateChange: 0
2026-08-12 15:25:15.588 Df IlliniCover[21089:3c5ff2] [com.apple.UIKit:EventDispatch] Evaluating dispatch of UIEvent: 0x1081a5500; type: 0; subtype: 0; backing type: 11; shouldSend: 0; ignoreInteractionEvents: 0, systemGestureStateChange: 0
2026-08-12 15:25:15.605 Df IlliniCover[21089:3c5ff2] [com.apple.UIKit:EventDispatch] Evaluating dispatch of UIEvent: 0x1081a5500; type: 0; subtype: 0; backing type: 11; shouldSend: 0; ignoreInteractionEvents: 0, systemGestureStateChange: 0
2026-08-12 15:25:15.622 Df IlliniCover[21089:3c5ff2] [com.apple.UIKit:EventDispatch] Evaluating dispatch of UIEvent: 0x1081a5500; type: 0; subtype: 0; backing type: 11; shouldSend: 0; ignoreInteractionEvents: 0, systemGestureStateChange: 0
2026-08-12 15:25:15.630 Df IlliniCover[21089:3c5ff2] [com.apple.UIKit:UICMILifecycle] performAllCompletions for animator: <_UIContextMenuAnimator: 0x123744ba0>
2026-08-12 15:25:15.646 Df IlliniCover[21089:3c5ff2] [com.apple.UIKit:EventDispatch] Evaluating dispatch of UIEvent: 0x1081a5500; type: 0; subtype: 0; backing type: 11; shouldSend: 0; ignoreInteractionEvents: 0, systemGestureStateChange: 0
2026-08-12 15:25:15.665 Df IlliniCover[21089:3c5ff2] [com.apple.UIKit:EventDispatch] Evaluating dispatch of UIEvent: 0x1081a5500; type: 0; subtype: 0; backing type: 11; shouldSend: 0; ignoreInteractionEvents: 0, systemGestureStateChange: 0
2026-08-12 15:25:15.672 Df IlliniCover[21089:3c5ff2] [com.apple.UIKit:EventDispatch] Evaluating dispatch of UIEvent: 0x1081a5500; type: 0; subtype: 0; backing type: 11; shouldSend: 0; ignoreInteractionEvents: 0, systemGestureStateChange: 0
2026-08-12 15:25:15.688 Df IlliniCover[21089:3c5ff2] [com.apple.UIKit:EventDispatch] Evaluating dispatch of UIEvent: 0x1081a5500; type: 0; subtype: 0; backing type: 11; shouldSend: 0; ignoreInteractionEvents: 0, systemGestureStateChange: 0
2026-08-12 15:25:15.705 Df IlliniCover[21089:3c5ff2] [com.apple.UIKit:EventDispatch] Evaluating dispatch of UIEvent: 0x1081a5500; type: 0; subtype: 0; backing type: 11; shouldSend: 0; ignoreInteractionEvents: 0, systemGestureStateChange: 0
2026-08-12 15:25:15.722 Df IlliniCover[21089:3c5ff2] [com.apple.UIKit:EventDispatch] Evaluating dispatch of UIEvent: 0x1081a5500; type: 0; subtype: 0; backing type: 11; shouldSend: 0; ignoreInteractionEvents: 0, systemGestureStateChange: 0
2026-08-12 15:25:15.738 Df IlliniCover[21089:3c5ff2] [com.apple.UIKit:EventDispatch] Evaluating dispatch of UIEvent: 0x1081a5500; type: 0; subtype: 0; backing type: 11; shouldSend: 0; ignoreInteractionEvents: 0, systemGestureStateChange: 0
2026-08-12 15:25:15.755 Df IlliniCover[21089:3c5ff2] [com.apple.UIKit:EventDispatch] Evaluating dispatch of UIEvent: 0x1081a5500; type: 0; subtype: 0; backing type: 11; shouldSend: 0; ignoreInteractionEvents: 0, systemGestureStateChange: 0
2026-08-12 15:25:15.772 Df IlliniCover[21089:3c5ff2] [com.apple.UIKit:EventDispatch] Evaluating dispatch of UIEvent: 0x1081a5500; type: 0; subtype: 0; backing type: 11; shouldSend: 0; ignoreInteractionEvents: 0, systemGestureStateChange: 0
2026-08-12 15:25:15.788 Df IlliniCover[21089:3c5ff2] [com.apple.UIKit:EventDispatch] Evaluating dispatch of UIEvent: 0x1081a5500; type: 0; subtype: 0; backing type: 11; shouldSend: 0; ignoreInteractionEvents: 0, systemGestureStateChange: 0
2026-08-12 15:25:15.805 Df IlliniCover[21089:3c5ff2] [com.apple.UIKit:EventDispatch] Evaluating dispatch of UIEvent: 0x1081a5500; type: 0; subtype: 0; backing type: 11; shouldSend: 0; ignoreInteractionEvents: 0, systemGestureStateChange: 0
2026-08-12 15:25:15.822 Df IlliniCover[21089:3c5ff2] [com.apple.UIKit:EventDispatch] Evaluating dispatch of UIEvent: 0x1081a5500; type: 0; subtype: 0; backing type: 11; shouldSend: 0; ignoreInteractionEvents: 0, systemGestureStateChange: 0
2026-08-12 15:25:15.838 Df IlliniCover[21089:3c5ff2] [com.apple.UIKit:EventDispatch] Evaluating dispatch of UIEvent: 0x1081a5500; type: 0; subtype: 0; backing type: 11; shouldSend: 0; ignoreInteractionEvents: 0, systemGestureStateChange: 0
2026-08-12 15:25:15.855 Df IlliniCover[21089:3c5ff2] [com.apple.UIKit:EventDispatch] Evaluating dispatch of UIEvent: 0x1081a5500; type: 0; subtype: 0; backing type: 11; shouldSend: 0; ignoreInteractionEvents: 0, systemGestureStateChange: 0
2026-08-12 15:25:15.872 Df IlliniCover[21089:3c5ff2] [com.apple.UIKit:EventDispatch] Evaluating dispatch of UIEvent: 0x1081a5500; type: 0; subtype: 0; backing type: 11; shouldSend: 0; ignoreInteractionEvents: 0, systemGestureStateChange: 0
2026-08-12 15:25:15.888 Df IlliniCover[21089:3c5ff2] [com.apple.UIKit:EventDispatch] Evaluating dispatch of UIEvent: 0x1081a5500; type: 0; subtype: 0; backing type: 11; shouldSend: 0; ignoreInteractionEvents: 0, systemGestureStateChange: 0
2026-08-12 15:25:15.905 Df IlliniCover[21089:3c5ff2] [com.apple.UIKit:EventDispatch] Evaluating dispatch of UIEvent: 0x1081a5500; type: 0; subtype: 0; backing type: 11; shouldSend: 0; ignoreInteractionEvents: 0, systemGestureStateChange: 0
2026-08-12 15:25:15.922 Df IlliniCover[21089:3c5ff2] [com.apple.UIKit:EventDispatch] Evaluating dispatch of UIEvent: 0x1081a5500; type: 0; subtype: 0; backing type: 11; shouldSend: 0; ignoreInteractionEvents: 0, systemGestureStateChange: 0
2026-08-12 15:25:15.938 Df IlliniCover[21089:3c5ff2] [com.apple.UIKit:EventDispatch] Evaluating dispatch of UIEvent: 0x1081a5500; type: 0; subtype: 0; backing type: 11; shouldSend: 0; ignoreInteractionEvents: 0, systemGestureStateChange: 0
2026-08-12 15:25:15.955 Df IlliniCover[21089:3c5ff2] [com.apple.UIKit:EventDispatch] Evaluating dispatch of UIEvent: 0x1081a5500; type: 0; subtype: 0; backing type: 11; shouldSend: 0; ignoreInteractionEvents: 0, systemGestureStateChange: 0
2026-08-12 15:25:15.972 Df IlliniCover[21089:3c5ff2] [com.apple.UIKit:EventDispatch] Evaluating dispatch of UIEvent: 0x1081a5500; type: 0; subtype: 0; backing type: 11; shouldSend: 0; ignoreInteractionEvents: 0, systemGestureStateChange: 0
2026-08-12 15:25:15.988 Df IlliniCover[21089:3c5ff2] [com.apple.UIKit:EventDispatch] Evaluating dispatch of UIEvent: 0x1081a5500; type: 0; subtype: 0; backing type: 11; shouldSend: 0; ignoreInteractionEvents: 0, systemGestureStateChange: 0
2026-08-12 15:25:16.005 Df IlliniCover[21089:3c5ff2] [com.apple.UIKit:EventDispatch] Evaluating dispatch of UIEvent: 0x1081a5500; type: 0; subtype: 0; backing type: 11; shouldSend: 0; ignoreInteractionEvents: 0, systemGestureStateChange: 0
2026-08-12 15:25:16.022 Df IlliniCover[21089:3c5ff2] [com.apple.UIKit:EventDispatch] Evaluating dispatch of UIEvent: 0x1081a5500; type: 0; subtype: 0; backing type: 11; shouldSend: 0; ignoreInteractionEvents: 0, systemGestureStateChange: 0
2026-08-12 15:25:16.038 Df IlliniCover[21089:3c5ff2] [com.apple.UIKit:EventDispatch] Evaluating dispatch of UIEvent: 0x1081a5500; type: 0; subtype: 0; backing type: 11; shouldSend: 0; ignoreInteractionEvents: 0, systemGestureStateChange: 0
2026-08-12 15:25:16.055 Df IlliniCover[21089:3c5ff2] [com.apple.UIKit:EventDispatch] Evaluating dispatch of UIEvent: 0x1081a5500; type: 0; subtype: 0; backing type: 11; shouldSend: 0; ignoreInteractionEvents: 0, systemGestureStateChange: 0
2026-08-12 15:25:16.072 Df IlliniCover[21089:3c5ff2] [com.apple.UIKit:EventDispatch] Evaluating dispatch of UIEvent: 0x1081a5500; type: 0; subtype: 0; backing type: 11; shouldSend: 0; ignoreInteractionEvents: 0, systemGestureStateChange: 0
2026-08-12 15:25:16.088 Df IlliniCover[21089:3c5ff2] [com.apple.UIKit:EventDispatch] Evaluating dispatch of UIEvent: 0x1081a5500; type: 0; subtype: 0; backing type: 11; shouldSend: 0; ignoreInteractionEvents: 0, systemGestureStateChange: 0
2026-08-12 15:25:16.105 Df IlliniCover[21089:3c5ff2] [com.apple.UIKit:EventDispatch] Evaluating dispatch of UIEvent: 0x1081a5500; type: 0; subtype: 0; backing type: 11; shouldSend: 0; ignoreInteractionEvents: 0, systemGestureStateChange: 0
2026-08-12 15:25:16.122 Df IlliniCover[21089:3c5ff2] [com.apple.UIKit:EventDispatch] Evaluating dispatch of UIEvent: 0x1081a5500; type: 0; subtype: 0; backing type: 11; shouldSend: 0; ignoreInteractionEvents: 0, systemGestureStateChange: 0
2026-08-12 15:25:16.138 Df IlliniCover[21089:3c5ff2] [com.apple.UIKit:EventDispatch] Evaluating dispatch of UIEvent: 0x1081a5500; type: 0; subtype: 0; backing type: 11; shouldSend: 0; ignoreInteractionEvents: 0, systemGestureStateChange: 0
2026-08-12 15:25:16.155 Df IlliniCover[21089:3c5ff2] [com.apple.UIKit:EventDispatch] Evaluating dispatch of UIEvent: 0x1081a5500; type: 0; subtype: 0; backing type: 11; shouldSend: 0; ignoreInteractionEvents: 0, systemGestureStateChange: 0
2026-08-12 15:25:16.172 Df IlliniCover[21089:3c5ff2] [com.apple.UIKit:EventDispatch] Evaluating dispatch of UIEvent: 0x1081a5500; type: 0; subtype: 0; backing type: 11; shouldSend: 0; ignoreInteractionEvents: 0, systemGestureStateChange: 0
2026-08-12 15:25:16.188 Df IlliniCover[21089:3c5ff2] [com.apple.UIKit:EventDispatch] Evaluating dispatch of UIEvent: 0x1081a5500; type: 0; subtype: 0; backing type: 11; shouldSend: 0; ignoreInteractionEvents: 0, systemGestureStateChange: 0
2026-08-12 15:25:16.205 Df IlliniCover[21089:3c5ff2] [com.apple.UIKit:EventDispatch] Evaluating dispatch of UIEvent: 0x1081a5500; type: 0; subtype: 0; backing type: 11; shouldSend: 0; ignoreInteractionEvents: 0, systemGestureStateChange: 0
2026-08-12 15:25:16.222 Df IlliniCover[21089:3c5ff2] [com.apple.UIKit:EventDispatch] Evaluating dispatch of UIEvent: 0x1081a5500; type: 0; subtype: 0; backing type: 11; shouldSend: 0; ignoreInteractionEvents: 0, systemGestureStateChange: 0
2026-08-12 15:25:16.238 Df IlliniCover[21089:3c5ff2] [com.apple.UIKit:EventDispatch] Evaluating dispatch of UIEvent: 0x1081a5500; type: 0; subtype: 0; backing type: 11; shouldSend: 0; ignoreInteractionEvents: 0, systemGestureStateChange: 0
2026-08-12 15:25:16.255 Df IlliniCover[21089:3c5ff2] [com.apple.UIKit:EventDispatch] Evaluating dispatch of UIEvent: 0x1081a5500; type: 0; subtype: 0; backing type: 11; shouldSend: 0; ignoreInteractionEvents: 0, systemGestureStateChange: 0
2026-08-12 15:25:16.272 Df IlliniCover[21089:3c5ff2] [com.apple.UIKit:EventDispatch] Evaluating dispatch of UIEvent: 0x1081a5500; type: 0; subtype: 0; backing type: 11; shouldSend: 0; ignoreInteractionEvents: 0, systemGestureStateChange: 0
2026-08-12 15:25:16.288 Df IlliniCover[21089:3c5ff2] [com.apple.UIKit:EventDispatch] Evaluating dispatch of UIEvent: 0x1081a5500; type: 0; subtype: 0; backing type: 11; shouldSend: 0; ignoreInteractionEvents: 0, systemGestureStateChange: 0
2026-08-12 15:25:16.305 Df IlliniCover[21089:3c5ff2] [com.apple.UIKit:EventDispatch] Evaluating dispatch of UIEvent: 0x1081a5500; type: 0; subtype: 0; backing type: 11; shouldSend: 0; ignoreInteractionEvents: 0, systemGestureStateChange: 0
2026-08-12 15:25:16.322 Df IlliniCover[21089:3c5ff2] [com.apple.UIKit:EventDispatch] Evaluating dispatch of UIEvent: 0x1081a5500; type: 0; subtype: 0; backing type: 11; shouldSend: 0; ignoreInteractionEvents: 0, systemGestureStateChange: 0
2026-08-12 15:25:16.338 Df IlliniCover[21089:3c5ff2] [com.apple.UIKit:EventDispatch] Evaluating dispatch of UIEvent: 0x1081a5500; type: 0; subtype: 0; backing type: 11; shouldSend: 0; ignoreInteractionEvents: 0, systemGestureStateChange: 0
2026-08-12 15:25:16.355 Df IlliniCover[21089:3c5ff2] [com.apple.UIKit:EventDispatch] Evaluating dispatch of UIEvent: 0x1081a5500; type: 0; subtype: 0; backing type: 11; shouldSend: 0; ignoreInteractionEvents: 0, systemGestureStateChange: 0
2026-08-12 15:25:16.372 Df IlliniCover[21089:3c5ff2] [com.apple.UIKit:EventDispatch] Evaluating dispatch of UIEvent: 0x1081a5500; type: 0; subtype: 0; backing type: 11; shouldSend: 0; ignoreInteractionEvents: 0, systemGestureStateChange: 0
2026-08-12 15:25:16.388 Df IlliniCover[21089:3c5ff2] [com.apple.UIKit:EventDispatch] Evaluating dispatch of UIEvent: 0x1081a5500; type: 0; subtype: 0; backing type: 11; shouldSend: 0; ignoreInteractionEvents: 0, systemGestureStateChange: 0
2026-08-12 15:25:16.405 Df IlliniCover[21089:3c5ff2] [com.apple.UIKit:EventDispatch] Evaluating dispatch of UIEvent: 0x1081a5500; type: 0; subtype: 0; backing type: 11; shouldSend: 0; ignoreInteractionEvents: 0, systemGestureStateChange: 0
2026-08-12 15:25:16.422 Df IlliniCover[21089:3c5ff2] [com.apple.UIKit:EventDispatch] Evaluating dispatch of UIEvent: 0x1081a5500; type: 0; subtype: 0; backing type: 11; shouldSend: 0; ignoreInteractionEvents: 0, systemGestureStateChange: 0
2026-08-12 15:25:16.438 Df IlliniCover[21089:3c5ff2] [com.apple.UIKit:EventDispatch] Evaluating dispatch of UIEvent: 0x1081a5500; type: 0; subtype: 0; backing type: 11; shouldSend: 0; ignoreInteractionEvents: 0, systemGestureStateChange: 0
2026-08-12 15:25:16.455 Df IlliniCover[21089:3c5ff2] [com.apple.UIKit:EventDispatch] Evaluating dispatch of UIEvent: 0x1081a5500; type: 0; subtype: 0; backing type: 11; shouldSend: 0; ignoreInteractionEvents: 0, systemGestureStateChange: 0
2026-08-12 15:25:16.472 Df IlliniCover[21089:3c5ff2] [com.apple.UIKit:EventDispatch] Evaluating dispatch of UIEvent: 0x1081a5500; type: 0; subtype: 0; backing type: 11; shouldSend: 0; ignoreInteractionEvents: 0, systemGestureStateChange: 0
2026-08-12 15:25:16.488 Df IlliniCover[21089:3c5ff2] [com.apple.UIKit:EventDispatch] Evaluating dispatch of UIEvent: 0x1081a5500; type: 0; subtype: 0; backing type: 11; shouldSend: 0; ignoreInteractionEvents: 0, systemGestureStateChange: 0
2026-08-12 15:25:16.505 Df IlliniCover[21089:3c5ff2] [com.apple.UIKit:EventDispatch] Evaluating dispatch of UIEvent: 0x1081a5500; type: 0; subtype: 0; backing type: 11; shouldSend: 0; ignoreInteractionEvents: 0, systemGestureStateChange: 0
2026-08-12 15:25:16.522 Df IlliniCover[21089:3c5ff2] [com.apple.UIKit:EventDispatch] Evaluating dispatch of UIEvent: 0x1081a5500; type: 0; subtype: 0; backing type: 11; shouldSend: 0; ignoreInteractionEvents: 0, systemGestureStateChange: 0
2026-08-12 15:25:16.538 Df IlliniCover[21089:3c5ff2] [com.apple.UIKit:EventDispatch] Evaluating dispatch of UIEvent: 0x1081a5500; type: 0; subtype: 0; backing type: 11; shouldSend: 0; ignoreInteractionEvents: 0, systemGestureStateChange: 0
2026-08-12 15:25:16.555 Df IlliniCover[21089:3c5ff2] [com.apple.UIKit:EventDispatch] Evaluating dispatch of UIEvent: 0x1081a5500; type: 0; subtype: 0; backing type: 11; shouldSend: 0; ignoreInteractionEvents: 0, systemGestureStateChange: 0
2026-08-12 15:25:16.572 Df IlliniCover[21089:3c5ff2] [com.apple.UIKit:EventDispatch] Evaluating dispatch of UIEvent: 0x1081a5500; type: 0; subtype: 0; backing type: 11; shouldSend: 0; ignoreInteractionEvents: 0, systemGestureStateChange: 0
2026-08-12 15:25:16.588 Df IlliniCover[21089:3c5ff2] [com.apple.UIKit:EventDispatch] Evaluating dispatch of UIEvent: 0x1081a5500; type: 0; subtype: 0; backing type: 11; shouldSend: 0; ignoreInteractionEvents: 0, systemGestureStateChange: 0
2026-08-12 15:25:16.605 Df IlliniCover[21089:3c5ff2] [com.apple.UIKit:EventDispatch] Evaluating dispatch of UIEvent: 0x1081a5500; type: 0; subtype: 0; backing type: 11; shouldSend: 0; ignoreInteractionEvents: 0, systemGestureStateChange: 0
2026-08-12 15:25:16.622 Df IlliniCover[21089:3c5ff2] [com.apple.UIKit:EventDispatch] Evaluating dispatch of UIEvent: 0x1081a5500; type: 0; subtype: 0; backing type: 11; shouldSend: 0; ignoreInteractionEvents: 0, systemGestureStateChange: 0
2026-08-12 15:25:16.638 Df IlliniCover[21089:3c5ff2] [com.apple.UIKit:EventDispatch] Evaluating dispatch of UIEvent: 0x1081a5500; type: 0; subtype: 0; backing type: 11; shouldSend: 0; ignoreInteractionEvents: 0, systemGestureStateChange: 0
2026-08-12 15:25:16.655 Df IlliniCover[21089:3c5ff2] [com.apple.UIKit:EventDispatch] Evaluating dispatch of UIEvent: 0x1081a5500; type: 0; subtype: 0; backing type: 11; shouldSend: 0; ignoreInteractionEvents: 0, systemGestureStateChange: 0
2026-08-12 15:25:16.672 Df IlliniCover[21089:3c5ff2] [com.apple.UIKit:EventDispatch] Evaluating dispatch of UIEvent: 0x1081a5500; type: 0; subtype: 0; backing type: 11; shouldSend: 0; ignoreInteractionEvents: 0, systemGestureStateChange: 0
2026-08-12 15:25:16.688 Df IlliniCover[21089:3c5ff2] [com.apple.UIKit:EventDispatch] Evaluating dispatch of UIEvent: 0x1081a5500; type: 0; subtype: 0; backing type: 11; shouldSend: 0; ignoreInteractionEvents: 0, systemGestureStateChange: 0
2026-08-12 15:25:16.705 Df IlliniCover[21089:3c5ff2] [com.apple.UIKit:EventDispatch] Evaluating dispatch of UIEvent: 0x1081a5500; type: 0; subtype: 0; backing type: 11; shouldSend: 0; ignoreInteractionEvents: 0, systemGestureStateChange: 0
2026-08-12 15:25:16.722 Df IlliniCover[21089:3c5ff2] [com.apple.UIKit:EventDispatch] Evaluating dispatch of UIEvent: 0x1081a5500; type: 0; subtype: 0; backing type: 11; shouldSend: 0; ignoreInteractionEvents: 0, systemGestureStateChange: 0
2026-08-12 15:25:16.738 Df IlliniCover[21089:3c5ff2] [com.apple.UIKit:EventDispatch] Evaluating dispatch of UIEvent: 0x1081a5500; type: 0; subtype: 0; backing type: 11; shouldSend: 0; ignoreInteractionEvents: 0, systemGestureStateChange: 0
2026-08-12 15:25:16.755 Df IlliniCover[21089:3c5ff2] [com.apple.UIKit:EventDispatch] Evaluating dispatch of UIEvent: 0x1081a5500; type: 0; subtype: 0; backing type: 11; shouldSend: 0; ignoreInteractionEvents: 0, systemGestureStateChange: 0
2026-08-12 15:25:16.772 Df IlliniCover[21089:3c5ff2] [com.apple.UIKit:EventDispatch] Evaluating dispatch of UIEvent: 0x1081a5500; type: 0; subtype: 0; backing type: 11; shouldSend: 0; ignoreInteractionEvents: 0, systemGestureStateChange: 0
2026-08-12 15:25:16.788 Df IlliniCover[21089:3c5ff2] [com.apple.UIKit:EventDispatch] Evaluating dispatch of UIEvent: 0x1081a5500; type: 0; subtype: 0; backing type: 11; shouldSend: 0; ignoreInteractionEvents: 0, systemGestureStateChange: 0
2026-08-12 15:25:16.805 Df IlliniCover[21089:3c5ff2] [com.apple.UIKit:EventDispatch] Evaluating dispatch of UIEvent: 0x1081a5500; type: 0; subtype: 0; backing type: 11; shouldSend: 0; ignoreInteractionEvents: 0, systemGestureStateChange: 0
2026-08-12 15:25:16.822 Df IlliniCover[21089:3c5ff2] [com.apple.UIKit:EventDispatch] Evaluating dispatch of UIEvent: 0x1081a5500; type: 0; subtype: 0; backing type: 11; shouldSend: 0; ignoreInteractionEvents: 0, systemGestureStateChange: 0
2026-08-12 15:25:16.838 Df IlliniCover[21089:3c5ff2] [com.apple.UIKit:EventDispatch] Evaluating dispatch of UIEvent: 0x1081a5500; type: 0; subtype: 0; backing type: 11; shouldSend: 0; ignoreInteractionEvents: 0, systemGestureStateChange: 0
2026-08-12 15:25:16.855 Df IlliniCover[21089:3c5ff2] [com.apple.UIKit:EventDispatch] Evaluating dispatch of UIEvent: 0x1081a5500; type: 0; subtype: 0; backing type: 11; shouldSend: 0; ignoreInteractionEvents: 0, systemGestureStateChange: 0
2026-08-12 15:25:16.855 Df IlliniCover[21089:3c5ff2] [com.apple.UIKit:EventDispatch] Evaluating dispatch of UIEvent: 0x1081a5500; type: 0; subtype: 0; backing type: 11; shouldSend: 1; ignoreInteractionEvents: 0, systemGestureStateChange: 0
2026-08-12 15:25:16.856 Df IlliniCover[21089:3c5ff2] [com.apple.UIKit:EventDispatch] Sending UIEvent type: 0; subtype: 0; to windows: 1
2026-08-12 15:25:16.856 Df IlliniCover[21089:3c5ff2] [com.apple.UIKit:EventDispatch] Sending UIEvent type: 0; subtype: 0; to window: <UIWindow: 0x108204400>; contextId: 0xC4A8C3F3
2026-08-12 15:25:16.856 A  IlliniCover[21089:3c5ff2] (UIKitCore) send gesture actions
2026-08-12 15:25:17.362 Df IlliniCover[21089:3c5fff] [com.apple.dt.xctest:Default] Received request to fetch matches for query:
2026-08-12 15:25:17.362 Df IlliniCover[21089:3c6000] [com.apple.dt.xctest:Default] Evaluating query:
2026-08-12 15:25:17.362 Df IlliniCover[21089:3c6000] [com.apple.dt.xctest:Default] Getting root element snapshot
2026-08-12 15:25:17.362 Df IlliniCover[21089:3c6000] [com.apple.dt.xctest:Default] Getting snapshot for App element pid: 21089 for query
2026-08-12 15:25:17.362 Df IlliniCover[21089:3c6000] [com.apple.dt.xctest:Default] Query requires iOS snapshot attributes .
2026-08-12 15:25:17.362 Df IlliniCover[21089:3c6000] [com.apple.dt.xctest:Default] XCTPerformOnMainRunLoop[not MT]: about to CFRunLoopPerform
2026-08-12 15:25:17.362 Df IlliniCover[21089:3c6000] [com.apple.dt.xctest:Default] XCTPerformOnMainRunLoop[not MT]: waiting with 30.00s responsiveness timeout
2026-08-12 15:25:17.362 Df IlliniCover[21089:3c5ff2] [com.apple.dt.xctest:Default] XCTPerformOnMainRunLoop[MT]: inside CFRunLoopPerform
2026-08-12 15:25:17.362 Df IlliniCover[21089:3c5ff2] [com.apple.dt.xctest:Default] XCTPerformOnMainRunLoop[MT]: MT responded in time (won the race to the busy flag)
2026-08-12 15:25:17.362 Df IlliniCover[21089:3c6000] [com.apple.dt.xctest:Default] XCTPerformOnMainRunLoop[not MT]: waiting 60.00s for work to complete
2026-08-12 15:25:17.362 Df IlliniCover[21089:3c5ff2] [com.apple.dt.xctest:Default] Got main window <AXUIElementRef 0x1236a7ba0> {pid=21089} {uid=[ID:4 hash:0x108204400]}
2026-08-12 15:25:17.362 Df IlliniCover[21089:3c5ff2] [com.apple.dt.xctest:Default] Capturing hierarchy with attributes XC_kAXXCAttributeElementType, XC_kAXXCAttributeElementBaseType, XC_kAXXCAttributeParent, XC_kAXXCAttributeIdentifier, XC_kAXXCAttributeAutomationType, XC_kAXXCAttributeTraits
2026-08-12 15:25:17.362 Df IlliniCover[21089:3c5ff2] [com.apple.dt.xctest:Default] Capturing hierarchy with parameters {
    attributes =     (
        5003,
        5004,
        5002,
        5019,
        5058,
        2004
    );
    maxArrayCount = 2147483647;
    maxChildren = 2147483647;
    maxDepth = 2147483647;
    snapshotKeyHonorModalViews = 0;
    traverseFromParentsToChildren = 1;
}
2026-08-12 15:25:17.362 Df IlliniCover[21089:3c5ff2] [com.apple.dt.xctest:Default] Snapshot attributes 5003, 5004, 5002, 5019, 5058, 2004
2026-08-12 15:25:17.423 Df IlliniCover[21089:3c5ff2] [com.apple.dt.xctest:Default] Got snapshot for <AXUIElementRef 0x12317b840> {pid=21089} {uid=[ID:1 hash:0x0]}
2026-08-12 15:25:17.423 Df IlliniCover[21089:3c5ff2] [com.apple.dt.xctest:Default] Got app orientation 0
2026-08-12 15:25:17.423 Df IlliniCover[21089:3c5ff2] [com.apple.dt.xctest:Default] Captured accessibility snapshot data in 0.06s
2026-08-12 15:25:17.423 Df IlliniCover[21089:3c6000] [com.apple.dt.xctest:Default] Found main window: Window
2026-08-12 15:25:17.423 Df IlliniCover[21089:3c6000] [com.apple.dt.xctest:Default] Preferring automation type 48 instead of legacy element type OTHER derived from class/trait: UILabel:UILabel 8590000128
2026-08-12 15:25:17.424 Df IlliniCover[21089:3c6000] [com.apple.dt.xctest:Default] Other is not actually a child of Other, including at this point anyway (rdar://problem/20738636)
2026-08-12 15:25:17.424 Df IlliniCover[21089:3c6000] [com.apple.dt.xctest:Default] Other is not actually a child of Other, including at this point anyway (rdar://problem/20738636)
2026-08-12 15:25:17.424 Df IlliniCover[21089:3c6000] [com.apple.dt.xctest:Default] Other is not actually a child of Other, including at this point anyway (rdar://problem/20738636)
2026-08-12 15:25:17.424 Df IlliniCover[21089:3c6000] [com.apple.dt.xctest:Default] Other is not actually a child of Other, including at this point anyway (rdar://problem/20738636)
2026-08-12 15:25:17.424 Df IlliniCover[21089:3c6000] [com.apple.dt.xctest:Default] Other is not actually a child of Other, including at this point anyway (rdar://problem/20738636)
2026-08-12 15:25:17.424 Df IlliniCover[21089:3c6000] [com.apple.dt.xctest:Default] Other is not actually a child of Other, including at this point anyway (rdar://problem/20738636)
2026-08-12 15:25:17.424 Df IlliniCover[21089:3c6000] [com.apple.dt.xctest:Default] Other is not actually a child of Other, including at this point anyway (rdar://problem/20738636)
2026-08-12 15:25:17.424 Df IlliniCover[21089:3c6000] [com.apple.dt.xctest:Default] Other is not actually a child of Other, including at this point anyway (rdar://problem/20738636)
2026-08-12 15:25:17.424 Df IlliniCover[21089:3c6000] [com.apple.dt.xctest:Default] Other is not actually a child of Other, including at this point anyway (rdar://problem/20738636)
2026-08-12 15:25:17.424 Df IlliniCover[21089:3c6000] [com.apple.dt.xctest:Default] Other is not actually a child of Other, including at this point anyway (rdar://problem/20738636)
2026-08-12 15:25:17.424 Df IlliniCover[21089:3c6000] [com.apple.dt.xctest:Default] Other is not actually a child of Other, including at this point anyway (rdar://problem/20738636)
2026-08-12 15:25:17.424 Df IlliniCover[21089:3c6000] [com.apple.dt.xctest:Default] Other is not actually a child of Other, including at this point anyway (rdar://problem/20738636)
2026-08-12 15:25:17.425 Df IlliniCover[21089:3c6000] [com.apple.dt.xctest:Default] Preferring automation type 75 instead of legacy element type OTHER derived from class/trait: _UIContextMenuCell:_UIContextMenuCell 146028888064
2026-08-12 15:25:17.425 Df IlliniCover[21089:3c6000] [com.apple.dt.xctest:Default] Preferring automation type 75 instead of legacy element type OTHER derived from class/trait: _UIContextMenuCell:_UIContextMenuCell 146028888064
2026-08-12 15:25:17.425 Df IlliniCover[21089:3c6000] [com.apple.dt.xctest:Default] Preferring automation type 75 instead of legacy element type OTHER derived from class/trait: _UIContextMenuCell:_UIContextMenuCell 146028888064
2026-08-12 15:25:17.425 Df IlliniCover[21089:3c6000] [com.apple.dt.xctest:Default] Preferring automation type 75 instead of legacy element type OTHER derived from class/trait: _UIContextMenuCell:_UIContextMenuCell 146028888064
2026-08-12 15:25:17.425 Df IlliniCover[21089:3c6000] [com.apple.dt.xctest:Default] App orientation is 0 (not portrait) and UITextEffectsWindow window Window is not main window
2026-08-12 15:25:17.425 Df IlliniCover[21089:3c6000] [com.apple.dt.xctest:Default] Leaving frame unchanged for Window: either already correct or we can't detect it.
2026-08-12 15:25:17.425 Df IlliniCover[21089:3c6000] [com.apple.dt.xctest:Default] Query  found matching snapshots: {(
    Application, pid: 21089
)} (error: (null))
2026-08-12 15:25:17.425 Df IlliniCover[21089:3c6000] [com.apple.dt.xctest:Default] Replying to query  with results: <XCTElementQueryResults: 0x1227a1830> (error: (null))
2026-08-12 15:25:17.540 Df IlliniCover[21089:3c6000] [com.apple.dt.xctest:Default] Received request to fetch matches for query:
2026-08-12 15:25:17.541 Df IlliniCover[21089:3c6000] [com.apple.dt.xctest:Default] Evaluating query:
2026-08-12 15:25:17.541 Df IlliniCover[21089:3c6000] [com.apple.dt.xctest:Default] Getting root element snapshot
2026-08-12 15:25:17.541 Df IlliniCover[21089:3c6000] [com.apple.dt.xctest:Default] Getting snapshot for App element pid: 21089 for query
2026-08-12 15:25:17.541 Df IlliniCover[21089:3c6000] [com.apple.dt.xctest:Default] Query requires iOS snapshot attributes .
2026-08-12 15:25:17.541 Df IlliniCover[21089:3c6000] [com.apple.dt.xctest:Default] XCTPerformOnMainRunLoop[not MT]: about to CFRunLoopPerform
2026-08-12 15:25:17.541 Df IlliniCover[21089:3c6000] [com.apple.dt.xctest:Default] XCTPerformOnMainRunLoop[not MT]: waiting with 30.00s responsiveness timeout
2026-08-12 15:25:17.541 Df IlliniCover[21089:3c5ff2] [com.apple.dt.xctest:Default] XCTPerformOnMainRunLoop[MT]: inside CFRunLoopPerform
2026-08-12 15:25:17.541 Df IlliniCover[21089:3c5ff2] [com.apple.dt.xctest:Default] XCTPerformOnMainRunLoop[MT]: MT responded in time (won the race to the busy flag)
2026-08-12 15:25:17.541 Df IlliniCover[21089:3c6000] [com.apple.dt.xctest:Default] XCTPerformOnMainRunLoop[not MT]: waiting 60.00s for work to complete
2026-08-12 15:25:17.541 Df IlliniCover[21089:3c5ff2] [com.apple.dt.xctest:Default] Got main window <AXUIElementRef 0x1236df360> {pid=21089} {uid=[ID:4 hash:0x108204400]}
2026-08-12 15:25:17.541 Df IlliniCover[21089:3c5ff2] [com.apple.dt.xctest:Default] Capturing hierarchy with attributes XC_kAXXCAttributeElementType, XC_kAXXCAttributeElementBaseType, XC_kAXXCAttributeParent, XC_kAXXCAttributeIdentifier, XC_kAXXCAttributeAutomationType, XC_kAXXCAttributeTraits
2026-08-12 15:25:17.541 Df IlliniCover[21089:3c5ff2] [com.apple.dt.xctest:Default] Capturing hierarchy with parameters {
    attributes =     (
        5003,
        5004,
        5002,
        5019,
        5058,
        2004
    );
    maxArrayCount = 2147483647;
    maxChildren = 2147483647;
    maxDepth = 2147483647;
    snapshotKeyHonorModalViews = 0;
    traverseFromParentsToChildren = 1;
}
2026-08-12 15:25:17.541 Df IlliniCover[21089:3c5ff2] [com.apple.dt.xctest:Default] Snapshot attributes 5003, 5004, 5002, 5019, 5058, 2004
2026-08-12 15:25:17.595 Df IlliniCover[21089:3c5ff2] [com.apple.dt.xctest:Default] Got snapshot for <AXUIElementRef 0x1232450b0> {pid=21089} {uid=[ID:1 hash:0x0]}
2026-08-12 15:25:17.595 Df IlliniCover[21089:3c5ff2] [com.apple.dt.xctest:Default] Got app orientation 0
2026-08-12 15:25:17.595 Df IlliniCover[21089:3c5ff2] [com.apple.dt.xctest:Default] Captured accessibility snapshot data in 0.05s
2026-08-12 15:25:17.595 Df IlliniCover[21089:3c6000] [com.apple.dt.xctest:Default] Found main window: Window
2026-08-12 15:25:17.596 Df IlliniCover[21089:3c6000] [com.apple.dt.xctest:Default] Preferring automation type 48 instead of legacy element type OTHER derived from class/trait: UILabel:UILabel 8590000128
2026-08-12 15:25:17.596 Df IlliniCover[21089:3c6000] [com.apple.dt.xctest:Default] Other is not actually a child of Other, including at this point anyway (rdar://problem/20738636)
2026-08-12 15:25:17.596 Df IlliniCover[21089:3c6000] [com.apple.dt.xctest:Default] Other is not actually a child of Other, including at this point anyway (rdar://problem/20738636)
2026-08-12 15:25:17.596 Df IlliniCover[21089:3c6000] [com.apple.dt.xctest:Default] Other is not actually a child of Other, including at this point anyway (rdar://problem/20738636)
2026-08-12 15:25:17.596 Df IlliniCover[21089:3c6000] [com.apple.dt.xctest:Default] Other is not actually a child of Other, including at this point anyway (rdar://problem/20738636)
2026-08-12 15:25:17.596 Df IlliniCover[21089:3c6000] [com.apple.dt.xctest:Default] Other is not actually a child of Other, including at this point anyway (rdar://problem/20738636)
2026-08-12 15:25:17.596 Df IlliniCover[21089:3c6000] [com.apple.dt.xctest:Default] Other is not actually a child of Other, including at this point anyway (rdar://problem/20738636)
2026-08-12 15:25:17.596 Df IlliniCover[21089:3c6000] [com.apple.dt.xctest:Default] Other is not actually a child of Other, including at this point anyway (rdar://problem/20738636)
2026-08-12 15:25:17.596 Df IlliniCover[21089:3c6000] [com.apple.dt.xctest:Default] Other is not actually a child of Other, including at this point anyway (rdar://problem/20738636)
2026-08-12 15:25:17.596 Df IlliniCover[21089:3c6000] [com.apple.dt.xctest:Default] Other is not actually a child of Other, including at this point anyway (rdar://problem/20738636)
2026-08-12 15:25:17.596 Df IlliniCover[21089:3c6000] [com.apple.dt.xctest:Default] Other is not actually a child of Other, including at this point anyway (rdar://problem/20738636)
2026-08-12 15:25:17.596 Df IlliniCover[21089:3c6000] [com.apple.dt.xctest:Default] Other is not actually a child of Other, including at this point anyway (rdar://problem/20738636)
2026-08-12 15:25:17.596 Df IlliniCover[21089:3c6000] [com.apple.dt.xctest:Default] Other is not actually a child of Other, including at this point anyway (rdar://problem/20738636)
2026-08-12 15:25:17.597 Df IlliniCover[21089:3c6000] [com.apple.dt.xctest:Default] Preferring automation type 75 instead of legacy element type OTHER derived from class/trait: _UIContextMenuCell:_UIContextMenuCell 146028888064
2026-08-12 15:25:17.597 Df IlliniCover[21089:3c6000] [com.apple.dt.xctest:Default] Preferring automation type 75 instead of legacy element type OTHER derived from class/trait: _UIContextMenuCell:_UIContextMenuCell 146028888064
2026-08-12 15:25:17.597 Df IlliniCover[21089:3c6000] [com.apple.dt.xctest:Default] Preferring automation type 75 instead of legacy element type OTHER derived from class/trait: _UIContextMenuCell:_UIContextMenuCell 146028888064
2026-08-12 15:25:17.597 Df IlliniCover[21089:3c6000] [com.apple.dt.xctest:Default] Preferring automation type 75 instead of legacy element type OTHER derived from class/trait: _UIContextMenuCell:_UIContextMenuCell 146028888064
2026-08-12 15:25:17.597 Df IlliniCover[21089:3c6000] [com.apple.dt.xctest:Default] App orientation is 0 (not portrait) and UITextEffectsWindow window Window is not main window
2026-08-12 15:25:17.597 Df IlliniCover[21089:3c6000] [com.apple.dt.xctest:Default] Leaving frame unchanged for Window: either already correct or we can't detect it.
2026-08-12 15:25:17.597 Df IlliniCover[21089:3c6000] [com.apple.dt.xctest:Default] Query  found matching snapshots: {(
    Application, pid: 21089
)} (error: (null))
2026-08-12 15:25:17.597 Df IlliniCover[21089:3c6000] [com.apple.dt.xctest:Default] Replying to query  with results: <XCTElementQueryResults: 0x1227a1530> (error: (null))
2026-08-12 15:25:17.705 Df IlliniCover[21089:3c6000] [com.apple.dt.xctest:Default] Received request to fetch matches for query:
2026-08-12 15:25:17.705 Df IlliniCover[21089:3c6000] [com.apple.dt.xctest:Default] Evaluating query:
2026-08-12 15:25:17.705 Df IlliniCover[21089:3c6000] [com.apple.dt.xctest:Default] Getting root element snapshot
2026-08-12 15:25:17.705 Df IlliniCover[21089:3c6000] [com.apple.dt.xctest:Default] Getting snapshot for App element pid: 21089 for query
2026-08-12 15:25:17.705 Df IlliniCover[21089:3c6000] [com.apple.dt.xctest:Default] Query requires iOS snapshot attributes .
2026-08-12 15:25:17.705 Df IlliniCover[21089:3c6000] [com.apple.dt.xctest:Default] XCTPerformOnMainRunLoop[not MT]: about to CFRunLoopPerform
2026-08-12 15:25:17.705 Df IlliniCover[21089:3c6000] [com.apple.dt.xctest:Default] XCTPerformOnMainRunLoop[not MT]: waiting with 30.00s responsiveness timeout
2026-08-12 15:25:17.705 Df IlliniCover[21089:3c5ff2] [com.apple.dt.xctest:Default] XCTPerformOnMainRunLoop[MT]: inside CFRunLoopPerform
2026-08-12 15:25:17.705 Df IlliniCover[21089:3c5ff2] [com.apple.dt.xctest:Default] XCTPerformOnMainRunLoop[MT]: MT responded in time (won the race to the busy flag)
2026-08-12 15:25:17.705 Df IlliniCover[21089:3c6000] [com.apple.dt.xctest:Default] XCTPerformOnMainRunLoop[not MT]: waiting 60.00s for work to complete
2026-08-12 15:25:17.706 Df IlliniCover[21089:3c5ff2] [com.apple.dt.xctest:Default] Got main window <AXUIElementRef 0x12317a2b0> {pid=21089} {uid=[ID:4 hash:0x108204400]}
2026-08-12 15:25:17.706 Df IlliniCover[21089:3c5ff2] [com.apple.dt.xctest:Default] Capturing hierarchy with attributes XC_kAXXCAttributeElementType, XC_kAXXCAttributeElementBaseType, XC_kAXXCAttributeParent, XC_kAXXCAttributeIdentifier, XC_kAXXCAttributeAutomationType, XC_kAXXCAttributeTraits
2026-08-12 15:25:17.706 Df IlliniCover[21089:3c5ff2] [com.apple.dt.xctest:Default] Capturing hierarchy with parameters {
    attributes =     (
        5003,
        5004,
        5002,
        5019,
        5058,
        2004
    );
    maxArrayCount = 2147483647;
    maxChildren = 2147483647;
    maxDepth = 2147483647;
    snapshotKeyHonorModalViews = 0;
    traverseFromParentsToChildren = 1;
}
2026-08-12 15:25:17.706 Df IlliniCover[21089:3c5ff2] [com.apple.dt.xctest:Default] Snapshot attributes 5003, 5004, 5002, 5019, 5058, 2004
2026-08-12 15:25:17.760 Df IlliniCover[21089:3c5ff2] [com.apple.dt.xctest:Default] Got snapshot for <AXUIElementRef 0x12113af70> {pid=21089} {uid=[ID:1 hash:0x0]}
2026-08-12 15:25:17.760 Df IlliniCover[21089:3c5ff2] [com.apple.dt.xctest:Default] Got app orientation 0
2026-08-12 15:25:17.760 Df IlliniCover[21089:3c5ff2] [com.apple.dt.xctest:Default] Captured accessibility snapshot data in 0.05s
2026-08-12 15:25:17.760 Df IlliniCover[21089:3c6000] [com.apple.dt.xctest:Default] Found main window: Window
2026-08-12 15:25:17.760 Df IlliniCover[21089:3c6000] [com.apple.dt.xctest:Default] Preferring automation type 48 instead of legacy element type OTHER derived from class/trait: UILabel:UILabel 8590000128
2026-08-12 15:25:17.760 Df IlliniCover[21089:3c6000] [com.apple.dt.xctest:Default] Other is not actually a child of Other, including at this point anyway (rdar://problem/20738636)
2026-08-12 15:25:17.760 Df IlliniCover[21089:3c6000] [com.apple.dt.xctest:Default] Other is not actually a child of Other, including at this point anyway (rdar://problem/20738636)
2026-08-12 15:25:17.760 Df IlliniCover[21089:3c6000] [com.apple.dt.xctest:Default] Other is not actually a child of Other, including at this point anyway (rdar://problem/20738636)
2026-08-12 15:25:17.760 Df IlliniCover[21089:3c6000] [com.apple.dt.xctest:Default] Other is not actually a child of Other, including at this point anyway (rdar://problem/20738636)
2026-08-12 15:25:17.761 Df IlliniCover[21089:3c6000] [com.apple.dt.xctest:Default] Other is not actually a child of Other, including at this point anyway (rdar://problem/20738636)
2026-08-12 15:25:17.761 Df IlliniCover[21089:3c6000] [com.apple.dt.xctest:Default] Other is not actually a child of Other, including at this point anyway (rdar://problem/20738636)
2026-08-12 15:25:17.761 Df IlliniCover[21089:3c6000] [com.apple.dt.xctest:Default] Other is not actually a child of Other, including at this point anyway (rdar://problem/20738636)
2026-08-12 15:25:17.761 Df IlliniCover[21089:3c6000] [com.apple.dt.xctest:Default] Other is not actually a child of Other, including at this point anyway (rdar://problem/20738636)
2026-08-12 15:25:17.761 Df IlliniCover[21089:3c6000] [com.apple.dt.xctest:Default] Other is not actually a child of Other, including at this point anyway (rdar://problem/20738636)
2026-08-12 15:25:17.761 Df IlliniCover[21089:3c6000] [com.apple.dt.xctest:Default] Other is not actually a child of Other, including at this point anyway (rdar://problem/20738636)
2026-08-12 15:25:17.761 Df IlliniCover[21089:3c6000] [com.apple.dt.xctest:Default] Other is not actually a child of Other, including at this point anyway (rdar://problem/20738636)
2026-08-12 15:25:17.761 Df IlliniCover[21089:3c6000] [com.apple.dt.xctest:Default] Other is not actually a child of Other, including at this point anyway (rdar://problem/20738636)
2026-08-12 15:25:17.761 Df IlliniCover[21089:3c6000] [com.apple.dt.xctest:Default] Preferring automation type 75 instead of legacy element type OTHER derived from class/trait: _UIContextMenuCell:_UIContextMenuCell 146028888064
2026-08-12 15:25:17.761 Df IlliniCover[21089:3c6000] [com.apple.dt.xctest:Default] Preferring automation type 75 instead of legacy element type OTHER derived from class/trait: _UIContextMenuCell:_UIContextMenuCell 146028888064
2026-08-12 15:25:17.761 Df IlliniCover[21089:3c6000] [com.apple.dt.xctest:Default] Preferring automation type 75 instead of legacy element type OTHER derived from class/trait: _UIContextMenuCell:_UIContextMenuCell 146028888064
2026-08-12 15:25:17.761 Df IlliniCover[21089:3c6000] [com.apple.dt.xctest:Default] Preferring automation type 75 instead of legacy element type OTHER derived from class/trait: _UIContextMenuCell:_UIContextMenuCell 146028888064
2026-08-12 15:25:17.761 Df IlliniCover[21089:3c6000] [com.apple.dt.xctest:Default] App orientation is 0 (not portrait) and UITextEffectsWindow window Window is not main window
2026-08-12 15:25:17.761 Df IlliniCover[21089:3c6000] [com.apple.dt.xctest:Default] Leaving frame unchanged for Window: either already correct or we can't detect it.
2026-08-12 15:25:17.762 Df IlliniCover[21089:3c6000] [com.apple.dt.xctest:Default] Query  found matching snapshots: {(
    Application, pid: 21089
)} (error: (null))
2026-08-12 15:25:17.762 Df IlliniCover[21089:3c6000] [com.apple.dt.xctest:Default] Replying to query  with results: <XCTElementQueryResults: 0x1227a19e0> (error: (null))
2026-08-12 15:25:17.875 Df IlliniCover[21089:3c6000] [com.apple.dt.xctest:Default] Received request to fetch matches for query:
2026-08-12 15:25:17.875 Df IlliniCover[21089:3c5fff] [com.apple.dt.xctest:Default] Evaluating query:
2026-08-12 15:25:17.875 Df IlliniCover[21089:3c5fff] [com.apple.dt.xctest:Default] Getting root element snapshot
2026-08-12 15:25:17.875 Df IlliniCover[21089:3c5fff] [com.apple.dt.xctest:Default] Getting snapshot for App element pid: 21089 for query
2026-08-12 15:25:17.875 Df IlliniCover[21089:3c5fff] [com.apple.dt.xctest:Default] Query requires iOS snapshot attributes .
2026-08-12 15:25:17.875 Df IlliniCover[21089:3c5fff] [com.apple.dt.xctest:Default] XCTPerformOnMainRunLoop[not MT]: about to CFRunLoopPerform
2026-08-12 15:25:17.875 Df IlliniCover[21089:3c5fff] [com.apple.dt.xctest:Default] XCTPerformOnMainRunLoop[not MT]: waiting with 30.00s responsiveness timeout
2026-08-12 15:25:17.875 Df IlliniCover[21089:3c5ff2] [com.apple.dt.xctest:Default] XCTPerformOnMainRunLoop[MT]: inside CFRunLoopPerform
2026-08-12 15:25:17.875 Df IlliniCover[21089:3c5ff2] [com.apple.dt.xctest:Default] XCTPerformOnMainRunLoop[MT]: MT responded in time (won the race to the busy flag)
2026-08-12 15:25:17.875 Df IlliniCover[21089:3c5fff] [com.apple.dt.xctest:Default] XCTPerformOnMainRunLoop[not MT]: waiting 60.00s for work to complete
2026-08-12 15:25:17.876 Df IlliniCover[21089:3c5ff2] [com.apple.dt.xctest:Default] Got main window <AXUIElementRef 0x12369b510> {pid=21089} {uid=[ID:4 hash:0x108204400]}
2026-08-12 15:25:17.876 Df IlliniCover[21089:3c5ff2] [com.apple.dt.xctest:Default] Capturing hierarchy with attributes XC_kAXXCAttributeElementType, XC_kAXXCAttributeElementBaseType, XC_kAXXCAttributeParent, XC_kAXXCAttributeIdentifier, XC_kAXXCAttributeAutomationType, XC_kAXXCAttributeTraits
2026-08-12 15:25:17.876 Df IlliniCover[21089:3c5ff2] [com.apple.dt.xctest:Default] Capturing hierarchy with parameters {
    attributes =     (
        5003,
        5004,
        5002,
        5019,
        5058,
        2004
    );
    maxArrayCount = 2147483647;
    maxChildren = 2147483647;
    maxDepth = 2147483647;
    snapshotKeyHonorModalViews = 0;
    traverseFromParentsToChildren = 1;
}
2026-08-12 15:25:17.876 Df IlliniCover[21089:3c5ff2] [com.apple.dt.xctest:Default] Snapshot attributes 5003, 5004, 5002, 5019, 5058, 2004
2026-08-12 15:25:17.930 Df IlliniCover[21089:3c5ff2] [com.apple.dt.xctest:Default] Got snapshot for <AXUIElementRef 0x11f852100> {pid=21089} {uid=[ID:1 hash:0x0]}
2026-08-12 15:25:17.930 Df IlliniCover[21089:3c5ff2] [com.apple.dt.xctest:Default] Got app orientation 0
2026-08-12 15:25:17.930 Df IlliniCover[21089:3c5ff2] [com.apple.dt.xctest:Default] Captured accessibility snapshot data in 0.06s
2026-08-12 15:25:17.931 Df IlliniCover[21089:3c5fff] [com.apple.dt.xctest:Default] Found main window: Window
2026-08-12 15:25:17.931 Df IlliniCover[21089:3c5fff] [com.apple.dt.xctest:Default] Preferring automation type 48 instead of legacy element type OTHER derived from class/trait: UILabel:UILabel 8590000128
2026-08-12 15:25:17.931 Df IlliniCover[21089:3c5fff] [com.apple.dt.xctest:Default] Other is not actually a child of Other, including at this point anyway (rdar://problem/20738636)
2026-08-12 15:25:17.931 Df IlliniCover[21089:3c5fff] [com.apple.dt.xctest:Default] Other is not actually a child of Other, including at this point anyway (rdar://problem/20738636)
2026-08-12 15:25:17.931 Df IlliniCover[21089:3c5fff] [com.apple.dt.xctest:Default] Other is not actually a child of Other, including at this point anyway (rdar://problem/20738636)
2026-08-12 15:25:17.931 Df IlliniCover[21089:3c5fff] [com.apple.dt.xctest:Default] Other is not actually a child of Other, including at this point anyway (rdar://problem/20738636)
2026-08-12 15:25:17.931 Df IlliniCover[21089:3c5fff] [com.apple.dt.xctest:Default] Other is not actually a child of Other, including at this point anyway (rdar://problem/20738636)
2026-08-12 15:25:17.931 Df IlliniCover[21089:3c5fff] [com.apple.dt.xctest:Default] Other is not actually a child of Other, including at this point anyway (rdar://problem/20738636)
2026-08-12 15:25:17.931 Df IlliniCover[21089:3c5fff] [com.apple.dt.xctest:Default] Other is not actually a child of Other, including at this point anyway (rdar://problem/20738636)
2026-08-12 15:25:17.931 Df IlliniCover[21089:3c5fff] [com.apple.dt.xctest:Default] Other is not actually a child of Other, including at this point anyway (rdar://problem/20738636)
2026-08-12 15:25:17.931 Df IlliniCover[21089:3c5fff] [com.apple.dt.xctest:Default] Other is not actually a child of Other, including at this point anyway (rdar://problem/20738636)
2026-08-12 15:25:17.932 Df IlliniCover[21089:3c5fff] [com.apple.dt.xctest:Default] Other is not actually a child of Other, including at this point anyway (rdar://problem/20738636)
2026-08-12 15:25:17.932 Df IlliniCover[21089:3c5fff] [com.apple.dt.xctest:Default] Other is not actually a child of Other, including at this point anyway (rdar://problem/20738636)
2026-08-12 15:25:17.932 Df IlliniCover[21089:3c5fff] [com.apple.dt.xctest:Default] Other is not actually a child of Other, including at this point anyway (rdar://problem/20738636)
2026-08-12 15:25:17.932 Df IlliniCover[21089:3c5fff] [com.apple.dt.xctest:Default] Preferring automation type 75 instead of legacy element type OTHER derived from class/trait: _UIContextMenuCell:_UIContextMenuCell 146028888064
2026-08-12 15:25:17.932 Df IlliniCover[21089:3c5fff] [com.apple.dt.xctest:Default] Preferring automation type 75 instead of legacy element type OTHER derived from class/trait: _UIContextMenuCell:_UIContextMenuCell 146028888064
2026-08-12 15:25:17.932 Df IlliniCover[21089:3c5fff] [com.apple.dt.xctest:Default] Preferring automation type 75 instead of legacy element type OTHER derived from class/trait: _UIContextMenuCell:_UIContextMenuCell 146028888064
2026-08-12 15:25:17.932 Df IlliniCover[21089:3c5fff] [com.apple.dt.xctest:Default] Preferring automation type 75 instead of legacy element type OTHER derived from class/trait: _UIContextMenuCell:_UIContextMenuCell 146028888064
2026-08-12 15:25:17.932 Df IlliniCover[21089:3c5fff] [com.apple.dt.xctest:Default] App orientation is 0 (not portrait) and UITextEffectsWindow window Window is not main window
2026-08-12 15:25:17.932 Df IlliniCover[21089:3c5fff] [com.apple.dt.xctest:Default] Leaving frame unchanged for Window: either already correct or we can't detect it.
2026-08-12 15:25:17.932 Df IlliniCover[21089:3c5fff] [com.apple.dt.xctest:Default] Query  found matching snapshots: {(
    Application, pid: 21089
)} (error: (null))
2026-08-12 15:25:17.932 Df IlliniCover[21089:3c5fff] [com.apple.dt.xctest:Default] Replying to query  with results: <XCTElementQueryResults: 0x1227a1680> (error: (null))
2026-08-12 15:25:18.779 Df IlliniCover[21089:3c5fff] [com.apple.xpc:connection] [0x108174780] invalidated because the client process (pid 21056) either cancelled the connection or exited
2026-08-12 15:25:18.779 Df IlliniCover[21089:3c5fff] [com.apple.dt.xctest:Default] Connection from client with pid 21056 was invalidated.
2026-08-12 15:25:18.783 Df IlliniCover[21089:3c5fff] [com.apple.dt.automationmode:Default] Handling posted change notification (com.apple.dt.automationmode.state-changed)
2026-08-12 15:25:18.783 Df IlliniCover[21089:3c5fff] [com.apple.dt.automationmode:Default] XAM shared observer connecting to com.apple.dt.automationmode.reader
2026-08-12 15:25:18.783 Df IlliniCover[21089:3c5fff] [com.apple.xpc:connection] [0x12346de00] activating connection: mach=true listener=false peer=false name=com.apple.dt.automationmode.reader
2026-08-12 15:25:18.785 Df IlliniCover[21089:3c5fff] [com.apple.xpc:connection] [0x12346de00] invalidated because the current process cancelled the connection by calling xpc_connection_cancel()
2026-08-12 15:25:18.785 Df IlliniCover[21089:3c5fff] [com.apple.dt.automationmode:Default] Comparing previous enabled state (1) to current enabled state (0)
2026-08-12 15:25:18.785 Df IlliniCover[21089:3c6000] [com.apple.dt.xctest:Default] Automation Mode has been disabled, existing connections will be invalidated.
2026-08-12 15:25:19.772 Df IlliniCover[21089:3c5ffa] [com.apple.launchservices:db] NotifyToken::RegisterDispatch(com.apple.LaunchServices.database) fired for session key LSSessionKey(system: 0 uid: 501)
2026-08-12 15:25:27.645 Df IlliniCover[21089:3c6000] [com.apple.dt.automationmode:Default] Handling posted change notification (com.apple.dt.automationmode.state-changed)
2026-08-12 15:25:27.645 Df IlliniCover[21089:3c6000] [com.apple.dt.automationmode:Default] XAM shared observer connecting to com.apple.dt.automationmode.reader
2026-08-12 15:25:27.645 Df IlliniCover[21089:3c6000] [com.apple.xpc:connection] [0x12346de00] activating connection: mach=true listener=false peer=false name=com.apple.dt.automationmode.reader
2026-08-12 15:25:27.647 A  IlliniCover[21089:3c5ffa] (CoreFoundation) Loading Preferences From User Session CFPrefsD
2026-08-12 15:25:27.650 Df IlliniCover[21089:3c6000] [com.apple.xpc:connection] [0x12346de00] invalidated because the current process cancelled the connection by calling xpc_connection_cancel()
2026-08-12 15:25:27.650 Df IlliniCover[21089:3c6000] [com.apple.dt.automationmode:Default] Comparing previous enabled state (0) to current enabled state (1)
2026-08-12 15:25:29.001 Df IlliniCover[21089:3c5ffa] [com.apple.dt.xctest:Default] Received request for endpoint.
2026-08-12 15:25:29.001 Df IlliniCover[21089:3c5ffa] [com.apple.dt.xctest:Default] Sending anonymous endpoint.
2026-08-12 15:25:29.001 Df IlliniCover[21089:3c5ffa] [com.apple.xpc:connection] [0x1081e17c0] Connection returned listener port: 0x7707
2026-08-12 15:25:29.001 Df IlliniCover[21089:3c5ffa] [com.apple.dt.xctest:Default] Received client to target connection.
2026-08-12 15:25:29.001 Df IlliniCover[21089:3c5ffa] [com.apple.dt.automationmode:Default] Returning 1 for enabled state
2026-08-12 15:25:29.001 Df IlliniCover[21089:3c5ffa] [com.apple.xpc:connection] [0x124510000] activating connection: mach=false listener=false peer=true name=com.apple.xpc.anonymous.0x1081e17c0.peer[21239].0x124510000
2026-08-12 15:25:29.001 Df IlliniCover[21089:3c5ffa] [com.apple.dt.xctest:Default] Received request to exchange capabilities, remote interface capabilities are: <XCTCapabilities: 0x1232727b0>: {
    "query runtime issue reporting" = 1;
    "query runtime issue reporting/automation type mismatch" = 1;
}
2026-08-12 15:25:29.002 Df IlliniCover[21089:3c5ffa] [com.apple.dt.xctest:Default] Received request to fetch matches for query:
2026-08-12 15:25:29.002 Df IlliniCover[21089:3c5ffa] [com.apple.dt.xctest:Default] Evaluating query:
2026-08-12 15:25:29.002 Df IlliniCover[21089:3c5ffa] [com.apple.dt.xctest:Default] Getting root element snapshot
2026-08-12 15:25:29.002 Df IlliniCover[21089:3c5ffa] [com.apple.dt.xctest:Default] Getting snapshot for App element pid: 21089 for query
2026-08-12 15:25:29.002 Df IlliniCover[21089:3c5ffa] [com.apple.dt.xctest:Default] Query requires iOS snapshot attributes .
2026-08-12 15:25:29.002 Df IlliniCover[21089:3c5ffa] [com.apple.dt.xctest:Default] XCTPerformOnMainRunLoop[not MT]: about to CFRunLoopPerform
2026-08-12 15:25:29.003 Df IlliniCover[21089:3c5ffa] [com.apple.dt.xctest:Default] XCTPerformOnMainRunLoop[not MT]: waiting with 30.00s responsiveness timeout
2026-08-12 15:25:29.003 Df IlliniCover[21089:3c5ff2] [com.apple.dt.xctest:Default] XCTPerformOnMainRunLoop[MT]: inside CFRunLoopPerform
2026-08-12 15:25:29.003 Df IlliniCover[21089:3c5ff2] [com.apple.dt.xctest:Default] XCTPerformOnMainRunLoop[MT]: MT responded in time (won the race to the busy flag)
2026-08-12 15:25:29.003 Df IlliniCover[21089:3c5ffa] [com.apple.dt.xctest:Default] XCTPerformOnMainRunLoop[not MT]: waiting 60.00s for work to complete
2026-08-12 15:25:29.003 Df IlliniCover[21089:3c5ff2] [com.apple.dt.xctest:Default] Got main window <AXUIElementRef 0x123698a20> {pid=21089} {uid=[ID:4 hash:0x108204400]}
2026-08-12 15:25:29.003 Df IlliniCover[21089:3c5ff2] [com.apple.dt.xctest:Default] Capturing hierarchy with attributes XC_kAXXCAttributeElementType, XC_kAXXCAttributeElementBaseType, XC_kAXXCAttributeParent, XC_kAXXCAttributeIdentifier, XC_kAXXCAttributeAutomationType, XC_kAXXCAttributeTraits
2026-08-12 15:25:29.003 Df IlliniCover[21089:3c5ff2] [com.apple.dt.xctest:Default] Capturing hierarchy with parameters {
    attributes =     (
        5003,
        5004,
        5002,
        5019,
        5058,
        2004
    );
    maxArrayCount = 2147483647;
    maxChildren = 2147483647;
    maxDepth = 2147483647;
    snapshotKeyHonorModalViews = 0;
    traverseFromParentsToChildren = 1;
}
2026-08-12 15:25:29.003 Df IlliniCover[21089:3c5ff2] [com.apple.dt.xctest:Default] Snapshot attributes 5003, 5004, 5002, 5019, 5058, 2004
2026-08-12 15:25:29.066 Df IlliniCover[21089:3c5ff2] [com.apple.dt.xctest:Default] Got snapshot for <AXUIElementRef 0x1236ff9f0> {pid=21089} {uid=[ID:1 hash:0x0]}
2026-08-12 15:25:29.066 Df IlliniCover[21089:3c5ff2] [com.apple.dt.xctest:Default] Got app orientation 0
2026-08-12 15:25:29.066 Df IlliniCover[21089:3c5ff2] [com.apple.dt.xctest:Default] Captured accessibility snapshot data in 0.06s
2026-08-12 15:25:29.066 Df IlliniCover[21089:3c5ffa] [com.apple.dt.xctest:Default] Found main window: Window
2026-08-12 15:25:29.066 Df IlliniCover[21089:3c5ffa] [com.apple.dt.xctest:Default] Preferring automation type 48 instead of legacy element type OTHER derived from class/trait: UILabel:UILabel 8590000128
2026-08-12 15:25:29.066 Df IlliniCover[21089:3c5ffa] [com.apple.dt.xctest:Default] Other is not actually a child of Other, including at this point anyway (rdar://problem/20738636)
2026-08-12 15:25:29.067 Df IlliniCover[21089:3c5ffa] [com.apple.dt.xctest:Default] Other is not actually a child of Other, including at this point anyway (rdar://problem/20738636)
2026-08-12 15:25:29.067 Df IlliniCover[21089:3c5ffa] [com.apple.dt.xctest:Default] Other is not actually a child of Other, including at this point anyway (rdar://problem/20738636)
2026-08-12 15:25:29.067 Df IlliniCover[21089:3c5ffa] [com.apple.dt.xctest:Default] Other is not actually a child of Other, including at this point anyway (rdar://problem/20738636)
2026-08-12 15:25:29.067 Df IlliniCover[21089:3c5ffa] [com.apple.dt.xctest:Default] Other is not actually a child of Other, including at this point anyway (rdar://problem/20738636)
2026-08-12 15:25:29.067 Df IlliniCover[21089:3c5ffa] [com.apple.dt.xctest:Default] Other is not actually a child of Other, including at this point anyway (rdar://problem/20738636)
2026-08-12 15:25:29.067 Df IlliniCover[21089:3c5ffa] [com.apple.dt.xctest:Default] Other is not actually a child of Other, including at this point anyway (rdar://problem/20738636)
2026-08-12 15:25:29.067 Df IlliniCover[21089:3c5ffa] [com.apple.dt.xctest:Default] Other is not actually a child of Other, including at this point anyway (rdar://problem/20738636)
2026-08-12 15:25:29.067 Df IlliniCover[21089:3c5ffa] [com.apple.dt.xctest:Default] Other is not actually a child of Other, including at this point anyway (rdar://problem/20738636)
2026-08-12 15:25:29.067 Df IlliniCover[21089:3c5ffa] [com.apple.dt.xctest:Default] Other is not actually a child of Other, including at this point anyway (rdar://problem/20738636)
2026-08-12 15:25:29.067 Df IlliniCover[21089:3c5ffa] [com.apple.dt.xctest:Default] Other is not actually a child of Other, including at this point anyway (rdar://problem/20738636)
2026-08-12 15:25:29.067 Df IlliniCover[21089:3c5ffa] [com.apple.dt.xctest:Default] Other is not actually a child of Other, including at this point anyway (rdar://problem/20738636)
2026-08-12 15:25:29.068 Df IlliniCover[21089:3c5ffa] [com.apple.dt.xctest:Default] Preferring automation type 75 instead of legacy element type OTHER derived from class/trait: _UIContextMenuCell:_UIContextMenuCell 146028888064
2026-08-12 15:25:29.068 Df IlliniCover[21089:3c5ffa] [com.apple.dt.xctest:Default] Preferring automation type 75 instead of legacy element type OTHER derived from class/trait: _UIContextMenuCell:_UIContextMenuCell 146028888064
2026-08-12 15:25:29.068 Df IlliniCover[21089:3c5ffa] [com.apple.dt.xctest:Default] Preferring automation type 75 instead of legacy element type OTHER derived from class/trait: _UIContextMenuCell:_UIContextMenuCell 146028888064
2026-08-12 15:25:29.068 Df IlliniCover[21089:3c5ffa] [com.apple.dt.xctest:Default] Preferring automation type 75 instead of legacy element type OTHER derived from class/trait: _UIContextMenuCell:_UIContextMenuCell 146028888064
2026-08-12 15:25:29.068 Df IlliniCover[21089:3c5ffa] [com.apple.dt.xctest:Default] App orientation is 0 (not portrait) and UITextEffectsWindow window Window is not main window
2026-08-12 15:25:29.068 Df IlliniCover[21089:3c5ffa] [com.apple.dt.xctest:Default] Leaving frame unchanged for Window: either already correct or we can't detect it.
2026-08-12 15:25:29.068 Df IlliniCover[21089:3c5ffa] [com.apple.dt.xctest:Default] Query  found matching snapshots: {(
    Application, pid: 21089
)} (error: (null))
2026-08-12 15:25:29.068 Df IlliniCover[21089:3c5ffa] [com.apple.dt.xctest:Default] Replying to query  with results: <XCTElementQueryResults: 0x1227a0d50> (error: (null))
2026-08-12 15:25:29.247 Df IlliniCover[21089:3c5ffa] [com.apple.dt.xctest:Default] Received request to fetch matches for query:
2026-08-12 15:25:29.247 Df IlliniCover[21089:3c6000] [com.apple.dt.xctest:Default] Evaluating query:
2026-08-12 15:25:29.247 Df IlliniCover[21089:3c6000] [com.apple.dt.xctest:Default] Getting root element snapshot
2026-08-12 15:25:29.247 Df IlliniCover[21089:3c6000] [com.apple.dt.xctest:Default] Getting snapshot for App element pid: 21089 for query
2026-08-12 15:25:29.247 Df IlliniCover[21089:3c6000] [com.apple.dt.xctest:Default] Query requires iOS snapshot attributes .
2026-08-12 15:25:29.247 Df IlliniCover[21089:3c6000] [com.apple.dt.xctest:Default] XCTPerformOnMainRunLoop[not MT]: about to CFRunLoopPerform
2026-08-12 15:25:29.247 Df IlliniCover[21089:3c6000] [com.apple.dt.xctest:Default] XCTPerformOnMainRunLoop[not MT]: waiting with 30.00s responsiveness timeout
2026-08-12 15:25:29.247 Df IlliniCover[21089:3c5ff2] [com.apple.dt.xctest:Default] XCTPerformOnMainRunLoop[MT]: inside CFRunLoopPerform
2026-08-12 15:25:29.247 Df IlliniCover[21089:3c5ff2] [com.apple.dt.xctest:Default] XCTPerformOnMainRunLoop[MT]: MT responded in time (won the race to the busy flag)
2026-08-12 15:25:29.247 Df IlliniCover[21089:3c6000] [com.apple.dt.xctest:Default] XCTPerformOnMainRunLoop[not MT]: waiting 60.00s for work to complete
2026-08-12 15:25:29.248 Df IlliniCover[21089:3c5ff2] [com.apple.dt.xctest:Default] Got main window <AXUIElementRef 0x123541650> {pid=21089} {uid=[ID:4 hash:0x108204400]}
2026-08-12 15:25:29.248 Df IlliniCover[21089:3c5ff2] [com.apple.dt.xctest:Default] Capturing hierarchy with attributes XC_kAXXCAttributeElementType, XC_kAXXCAttributeElementBaseType, XC_kAXXCAttributeParent, XC_kAXXCAttributeIdentifier, XC_kAXXCAttributeAutomationType, XC_kAXXCAttributeTraits
2026-08-12 15:25:29.248 Df IlliniCover[21089:3c5ff2] [com.apple.dt.xctest:Default] Capturing hierarchy with parameters {
    attributes =     (
        5003,
        5004,
        5002,
        5019,
        5058,
        2004
    );
    maxArrayCount = 2147483647;
    maxChildren = 2147483647;
    maxDepth = 2147483647;
    snapshotKeyHonorModalViews = 0;
    traverseFromParentsToChildren = 1;
}
2026-08-12 15:25:29.248 Df IlliniCover[21089:3c5ff2] [com.apple.dt.xctest:Default] Snapshot attributes 5003, 5004, 5002, 5019, 5058, 2004
2026-08-12 15:25:29.305 Df IlliniCover[21089:3c5ff2] [com.apple.dt.xctest:Default] Got snapshot for <AXUIElementRef 0x11f828cf0> {pid=21089} {uid=[ID:1 hash:0x0]}
2026-08-12 15:25:29.305 Df IlliniCover[21089:3c5ff2] [com.apple.dt.xctest:Default] Got app orientation 0
2026-08-12 15:25:29.305 Df IlliniCover[21089:3c5ff2] [com.apple.dt.xctest:Default] Captured accessibility snapshot data in 0.06s
2026-08-12 15:25:29.305 Df IlliniCover[21089:3c6000] [com.apple.dt.xctest:Default] Found main window: Window
2026-08-12 15:25:29.306 Df IlliniCover[21089:3c6000] [com.apple.dt.xctest:Default] Preferring automation type 48 instead of legacy element type OTHER derived from class/trait: UILabel:UILabel 8590000128
2026-08-12 15:25:29.306 Df IlliniCover[21089:3c6000] [com.apple.dt.xctest:Default] Other is not actually a child of Other, including at this point anyway (rdar://problem/20738636)
2026-08-12 15:25:29.306 Df IlliniCover[21089:3c6000] [com.apple.dt.xctest:Default] Other is not actually a child of Other, including at this point anyway (rdar://problem/20738636)
2026-08-12 15:25:29.306 Df IlliniCover[21089:3c6000] [com.apple.dt.xctest:Default] Other is not actually a child of Other, including at this point anyway (rdar://problem/20738636)
2026-08-12 15:25:29.306 Df IlliniCover[21089:3c6000] [com.apple.dt.xctest:Default] Other is not actually a child of Other, including at this point anyway (rdar://problem/20738636)
2026-08-12 15:25:29.306 Df IlliniCover[21089:3c6000] [com.apple.dt.xctest:Default] Other is not actually a child of Other, including at this point anyway (rdar://problem/20738636)
2026-08-12 15:25:29.306 Df IlliniCover[21089:3c6000] [com.apple.dt.xctest:Default] Other is not actually a child of Other, including at this point anyway (rdar://problem/20738636)
2026-08-12 15:25:29.306 Df IlliniCover[21089:3c6000] [com.apple.dt.xctest:Default] Other is not actually a child of Other, including at this point anyway (rdar://problem/20738636)
2026-08-12 15:25:29.306 Df IlliniCover[21089:3c6000] [com.apple.dt.xctest:Default] Other is not actually a child of Other, including at this point anyway (rdar://problem/20738636)
2026-08-12 15:25:29.306 Df IlliniCover[21089:3c6000] [com.apple.dt.xctest:Default] Other is not actually a child of Other, including at this point anyway (rdar://problem/20738636)
2026-08-12 15:25:29.306 Df IlliniCover[21089:3c6000] [com.apple.dt.xctest:Default] Other is not actually a child of Other, including at this point anyway (rdar://problem/20738636)
2026-08-12 15:25:29.306 Df IlliniCover[21089:3c6000] [com.apple.dt.xctest:Default] Other is not actually a child of Other, including at this point anyway (rdar://problem/20738636)
2026-08-12 15:25:29.306 Df IlliniCover[21089:3c6000] [com.apple.dt.xctest:Default] Other is not actually a child of Other, including at this point anyway (rdar://problem/20738636)
2026-08-12 15:25:29.307 Df IlliniCover[21089:3c6000] [com.apple.dt.xctest:Default] Preferring automation type 75 instead of legacy element type OTHER derived from class/trait: _UIContextMenuCell:_UIContextMenuCell 146028888064
2026-08-12 15:25:29.307 Df IlliniCover[21089:3c6000] [com.apple.dt.xctest:Default] Preferring automation type 75 instead of legacy element type OTHER derived from class/trait: _UIContextMenuCell:_UIContextMenuCell 146028888064
2026-08-12 15:25:29.307 Df IlliniCover[21089:3c6000] [com.apple.dt.xctest:Default] Preferring automation type 75 instead of legacy element type OTHER derived from class/trait: _UIContextMenuCell:_UIContextMenuCell 146028888064
2026-08-12 15:25:29.307 Df IlliniCover[21089:3c6000] [com.apple.dt.xctest:Default] Preferring automation type 75 instead of legacy element type OTHER derived from class/trait: _UIContextMenuCell:_UIContextMenuCell 146028888064
2026-08-12 15:25:29.307 Df IlliniCover[21089:3c6000] [com.apple.dt.xctest:Default] App orientation is 0 (not portrait) and UITextEffectsWindow window Window is not main window
2026-08-12 15:25:29.307 Df IlliniCover[21089:3c6000] [com.apple.dt.xctest:Default] Leaving frame unchanged for Window: either already correct or we can't detect it.
2026-08-12 15:25:29.307 Df IlliniCover[21089:3c6000] [com.apple.dt.xctest:Default] Query  found matching snapshots: {(
    Application, pid: 21089
)} (error: (null))
2026-08-12 15:25:29.307 Df IlliniCover[21089:3c6000] [com.apple.dt.xctest:Default] Replying to query  with results: <XCTElementQueryResults: 0x1227a1860> (error: (null))
