Timestamp               Ty Process[PID:TID]
2026-08-12 15:29:29.142 Df IlliniCover[22888:3ca218] [com.apple.TextInputUI:CandidateGeneration] Performing delayed generation for token=132EB50B
2026-08-12 15:29:29.179 Df IlliniCover[22888:3ca218] [com.apple.dt.xctest:Default] Received request to fetch matches for query: ↪︎ Descendants matching type Keyboard (First Match)
2026-08-12 15:29:29.179 Df IlliniCover[22888:3ca216] [com.apple.dt.xctest:Default] Evaluating query:
 ↪︎ Descendants matching type Keyboard (First Match)
2026-08-12 15:29:29.179 Df IlliniCover[22888:3ca216] [com.apple.dt.xctest:Default] Getting root element snapshot
2026-08-12 15:29:29.179 Df IlliniCover[22888:3ca216] [com.apple.dt.xctest:Default] Returning faulting root node. Data source will be attached when needed on MT.
2026-08-12 15:29:29.179 Df IlliniCover[22888:3ca216] [com.apple.dt.xctest:Default] Decomposed transformers into first match sequences:
↪︎ Descendants matching type Keyboard (First Match)
2026-08-12 15:29:29.179 Df IlliniCover[22888:3ca216] [com.apple.dt.xctest:Default] XCTPerformOnMainRunLoop[not MT]: about to CFRunLoopPerform
2026-08-12 15:29:29.179 Df IlliniCover[22888:3ca216] [com.apple.dt.xctest:Default] XCTPerformOnMainRunLoop[not MT]: waiting with 30.00s responsiveness timeout
2026-08-12 15:29:29.179 Df IlliniCover[22888:3ca202] [com.apple.dt.xctest:Default] XCTPerformOnMainRunLoop[MT]: inside CFRunLoopPerform
2026-08-12 15:29:29.179 Df IlliniCover[22888:3ca202] [com.apple.dt.xctest:Default] XCTPerformOnMainRunLoop[MT]: MT responded in time (won the race to the busy flag)
2026-08-12 15:29:29.179 Df IlliniCover[22888:3ca216] [com.apple.dt.xctest:Default] XCTPerformOnMainRunLoop[not MT]: waiting 60.00s for work to complete
2026-08-12 15:29:29.179 Df IlliniCover[22888:3ca202] [com.apple.dt.xctest:Default] XCTElementQuery: set data source for rootElementSnapshot to <XCTAutomationSession: 0x109652d60>
2026-08-12 15:29:29.179 Df IlliniCover[22888:3ca202] [com.apple.dt.xctest:Default] Beginning first match sequence for input App element pid: 22888 with transformers 
↪︎ Descendants matching type Keyboard (First Match)
2026-08-12 15:29:29.179 Df IlliniCover[22888:3ca202] [com.apple.dt.xctest:Default] Current tree:
0x120b1aa80 <App element pid: 22888>
2026-08-12 15:29:29.179 Df IlliniCover[22888:3ca202] [com.apple.dt.xctest:Default] Fetching AX attributes XC_kAXXCAttributeChildren for App element pid: 22888
2026-08-12 15:29:29.179 Df IlliniCover[22888:3ca202] [com.apple.dt.xctest:Default] Got attributes, transferring to dictionary for return.
2026-08-12 15:29:29.180 Df IlliniCover[22888:3ca202] [com.apple.dt.xctest:Default] App element pid: 22888 (App element pid: 22888) faulted in {
    "XC_kAXXCAttributeChildren" =     (
        "AX element pid: 22888, elementOrHash.elementID: 4452303872.4",
        "AX element pid: 22888, elementOrHash.elementID: 4714929664.13",
        "AX element pid: 22888, elementOrHash.elementID: 4899431168.313"
    );
}: (no error) for children using XC_kAXXCAttributeChildren
2026-08-12 15:29:29.180 Df IlliniCover[22888:3ca202] [com.apple.dt.xctest:Default] [First Match] iteration with input App element pid: 22888 and transformer `Descendants matching type Keyboard`
2026-08-12 15:29:29.180 Df IlliniCover[22888:3ca202] [com.apple.dt.xctest:Default] Fetching AX attributes XC_kAXXCAttributeElementType, XC_kAXXCAttributeElementBaseType, XC_kAXXCAttributeTraits, XC_kAXXCAttributeAutomationType for AX element pid: 22888, elementOrHash.elementID: 4452303872.4
2026-08-12 15:29:29.180 Df IlliniCover[22888:3ca202] [com.apple.dt.xctest:Default] Got attributes, transferring to dictionary for return.
2026-08-12 15:29:29.180 Df IlliniCover[22888:3ca202] [com.apple.dt.xctest:Default] AX element pid: 22888, elementOrHash.elementID: 4452303872.4 (AX element pid: 22888, elementOrHash.elementID: 4452303872.4) faulted in {
    "XC_kAXXCAttributeAutomationType" = 2;
    "XC_kAXXCAttributeElementBaseType" = UIWindow;
    "XC_kAXXCAttributeElementType" = UIWindow;
    "XC_kAXXCAttributeTraits" = 0;
}: (no error) for elementType using XC_kAXXCAttributeElementType, XC_kAXXCAttributeElementBaseType, XC_kAXXCAttributeTraits, XC_kAXXCAttributeAutomationType
2026-08-12 15:29:29.180 Df IlliniCover[22888:3ca202] [com.apple.dt.xctest:Default] Computed elementType Window.
2026-08-12 15:29:29.180 Df IlliniCover[22888:3ca202] [com.apple.dt.xctest:Default] Fetching AX attributes XC_kAXXCAttributeElementType, XC_kAXXCAttributeElementBaseType, XC_kAXXCAttributeTraits, XC_kAXXCAttributeAutomationType for AX element pid: 22888, elementOrHash.elementID: 4714929664.13
2026-08-12 15:29:29.180 Df IlliniCover[22888:3ca202] [com.apple.dt.xctest:Default] Got attributes, transferring to dictionary for return.
2026-08-12 15:29:29.180 Df IlliniCover[22888:3ca202] [com.apple.dt.xctest:Default] AX element pid: 22888, elementOrHash.elementID: 4714929664.13 (AX element pid: 22888, elementOrHash.elementID: 4714929664.13) faulted in {
    "XC_kAXXCAttributeAutomationType" = 2;
    "XC_kAXXCAttributeElementBaseType" = UITextEffectsWindow;
    "XC_kAXXCAttributeElementType" = UITextEffectsWindow;
    "XC_kAXXCAttributeTraits" = 0;
}: (no error) for elementType using XC_kAXXCAttributeElementType, XC_kAXXCAttributeElementBaseType, XC_kAXXCAttributeTraits, XC_kAXXCAttributeAutomationType
2026-08-12 15:29:29.180 Df IlliniCover[22888:3ca202] [com.apple.dt.xctest:Default] Computed elementType Window.
2026-08-12 15:29:29.180 Df IlliniCover[22888:3ca202] [com.apple.dt.xctest:Default] Fetching AX attributes XC_kAXXCAttributeElementType, XC_kAXXCAttributeElementBaseType, XC_kAXXCAttributeTraits, XC_kAXXCAttributeAutomationType for AX element pid: 22888, elementOrHash.elementID: 4899431168.313
2026-08-12 15:29:29.180 Df IlliniCover[22888:3ca202] [com.apple.dt.xctest:Default] Got attributes, transferring to dictionary for return.
2026-08-12 15:29:29.180 Df IlliniCover[22888:3ca202] [com.apple.dt.xctest:Default] AX element pid: 22888, elementOrHash.elementID: 4899431168.313 (AX element pid: 22888, elementOrHash.elementID: 4899431168.313) faulted in {
    "XC_kAXXCAttributeAutomationType" = 2;
    "XC_kAXXCAttributeElementBaseType" = UIRemoteKeyboardWindow;
    "XC_kAXXCAttributeElementType" = UIRemoteKeyboardWindow;
    "XC_kAXXCAttributeTraits" = 0;
}: (no error) for elementType using XC_kAXXCAttributeElementType, XC_kAXXCAttributeElementBaseType, XC_kAXXCAttributeTraits, XC_kAXXCAttributeAutomationType
2026-08-12 15:29:29.180 Df IlliniCover[22888:3ca202] [com.apple.dt.xctest:Default] Computed elementType Window.
2026-08-12 15:29:29.180 Df IlliniCover[22888:3ca202] [com.apple.dt.xctest:Default] Fetching AX attributes XC_kAXXCAttributeChildren for AX element pid: 22888, elementOrHash.elementID: 4452303872.4
2026-08-12 15:29:29.180 Df IlliniCover[22888:3ca202] [com.apple.dt.xctest:Default] Got attributes, transferring to dictionary for return.
2026-08-12 15:29:29.180 Df IlliniCover[22888:3ca202] [com.apple.dt.xctest:Default] Window (AX element pid: 22888, elementOrHash.elementID: 4452303872.4) faulted in {
    "XC_kAXXCAttributeChildren" =     (
        "AX element pid: 22888, elementOrHash.elementID: 4505408000.5",
        "AX element pid: 22888, elementOrHash.elementID: 4918992384.255"
    );
}: (no error) for children using XC_kAXXCAttributeChildren
2026-08-12 15:29:29.180 Df IlliniCover[22888:3ca202] [com.apple.dt.xctest:Default] Fetching AX attributes XC_kAXXCAttributeElementType, XC_kAXXCAttributeElementBaseType, XC_kAXXCAttributeTraits, XC_kAXXCAttributeAutomationType for AX element pid: 22888, elementOrHash.elementID: 4505408000.5
2026-08-12 15:29:29.181 Df IlliniCover[22888:3ca202] [com.apple.dt.xctest:Default] Got attributes, transferring to dictionary for return.
2026-08-12 15:29:29.181 Df IlliniCover[22888:3ca202] [com.apple.dt.xctest:Default] AX element pid: 22888, elementOrHash.elementID: 4505408000.5 (AX element pid: 22888, elementOrHash.elementID: 4505408000.5) faulted in {
    "XC_kAXXCAttributeAutomationType" = 0;
    "XC_kAXXCAttributeElementBaseType" = UITransitionView;
    "XC_kAXXCAttributeElementType" = UITransitionView;
    "XC_kAXXCAttributeTraits" = 0;
}: (no error) for elementType using XC_kAXXCAttributeElementType, XC_kAXXCAttributeElementBaseType, XC_kAXXCAttributeTraits, XC_kAXXCAttributeAutomationType
2026-08-12 15:29:29.181 Df IlliniCover[22888:3ca202] [com.apple.dt.xctest:Default] Computed elementType Other.
2026-08-12 15:29:29.181 Df IlliniCover[22888:3ca202] [com.apple.dt.xctest:Default] Fetching AX attributes XC_kAXXCAttributeElementType, XC_kAXXCAttributeElementBaseType, XC_kAXXCAttributeTraits, XC_kAXXCAttributeAutomationType for AX element pid: 22888, elementOrHash.elementID: 4918992384.255
2026-08-12 15:29:29.181 Df IlliniCover[22888:3ca202] [com.apple.dt.xctest:Default] Got attributes, transferring to dictionary for return.
2026-08-12 15:29:29.181 Df IlliniCover[22888:3ca202] [com.apple.dt.xctest:Default] AX element pid: 22888, elementOrHash.elementID: 4918992384.255 (AX element pid: 22888, elementOrHash.elementID: 4918992384.255) faulted in {
    "XC_kAXXCAttributeAutomationType" = 0;
    "XC_kAXXCAttributeElementBaseType" = UITransitionView;
    "XC_kAXXCAttributeElementType" = UITransitionView;
    "XC_kAXXCAttributeTraits" = 0;
}: (no error) for elementType using XC_kAXXCAttributeElementType, XC_kAXXCAttributeElementBaseType, XC_kAXXCAttributeTraits, XC_kAXXCAttributeAutomationType
2026-08-12 15:29:29.181 Df IlliniCover[22888:3ca202] [com.apple.dt.xctest:Default] Computed elementType Other.
2026-08-12 15:29:29.181 Df IlliniCover[22888:3ca202] [com.apple.dt.xctest:Default] Fetching AX attributes XC_kAXXCAttributeChildren for AX element pid: 22888, elementOrHash.elementID: 4714929664.13
2026-08-12 15:29:29.181 Df IlliniCover[22888:3ca202] [com.apple.dt.xctest:Default] Got attributes, transferring to dictionary for return.
2026-08-12 15:29:29.181 Df IlliniCover[22888:3ca202] [com.apple.dt.xctest:Default] Window (AX element pid: 22888, elementOrHash.elementID: 4714929664.13) faulted in {
    "XC_kAXXCAttributeChildren" =     (
        "AX element pid: 22888, elementOrHash.elementID: 4504751168.14"
    );
}: (no error) for children using XC_kAXXCAttributeChildren
2026-08-12 15:29:29.181 Df IlliniCover[22888:3ca202] [com.apple.dt.xctest:Default] Fetching AX attributes XC_kAXXCAttributeElementType, XC_kAXXCAttributeElementBaseType, XC_kAXXCAttributeTraits, XC_kAXXCAttributeAutomationType for AX element pid: 22888, elementOrHash.elementID: 4504751168.14
2026-08-12 15:29:29.181 Df IlliniCover[22888:3ca202] [com.apple.dt.xctest:Default] Got attributes, transferring to dictionary for return.
2026-08-12 15:29:29.181 Df IlliniCover[22888:3ca202] [com.apple.dt.xctest:Default] AX element pid: 22888, elementOrHash.elementID: 4504751168.14 (AX element pid: 22888, elementOrHash.elementID: 4504751168.14) faulted in {
    "XC_kAXXCAttributeAutomationType" = 0;
    "XC_kAXXCAttributeElementBaseType" = UITrackingWindowView;
    "XC_kAXXCAttributeElementType" = UITrackingWindowView;
    "XC_kAXXCAttributeTraits" = 8589934592;
}: (no error) for elementType using XC_kAXXCAttributeElementType, XC_kAXXCAttributeElementBaseType, XC_kAXXCAttributeTraits, XC_kAXXCAttributeAutomationType
2026-08-12 15:29:29.181 Df IlliniCover[22888:3ca202] [com.apple.dt.xctest:Default] Computed elementType Other.
2026-08-12 15:29:29.181 Df IlliniCover[22888:3ca202] [com.apple.dt.xctest:Default] Fetching AX attributes XC_kAXXCAttributeChildren for AX element pid: 22888, elementOrHash.elementID: 4899431168.313
2026-08-12 15:29:29.181 Df IlliniCover[22888:3ca202] [com.apple.dt.xctest:Default] Got attributes, transferring to dictionary for return.
2026-08-12 15:29:29.181 Df IlliniCover[22888:3ca202] [com.apple.dt.xctest:Default] Window (AX element pid: 22888, elementOrHash.elementID: 4899431168.313) faulted in {
    "XC_kAXXCAttributeChildren" =     (
        "AX element pid: 22888, elementOrHash.elementID: 4935261696.314"
    );
}: (no error) for children using XC_kAXXCAttributeChildren
2026-08-12 15:29:29.181 Df IlliniCover[22888:3ca202] [com.apple.dt.xctest:Default] Fetching AX attributes XC_kAXXCAttributeElementType, XC_kAXXCAttributeElementBaseType, XC_kAXXCAttributeTraits, XC_kAXXCAttributeAutomationType for AX element pid: 22888, elementOrHash.elementID: 4935261696.314
2026-08-12 15:29:29.182 Df IlliniCover[22888:3ca202] [com.apple.dt.xctest:Default] Got attributes, transferring to dictionary for return.
2026-08-12 15:29:29.182 Df IlliniCover[22888:3ca202] [com.apple.dt.xctest:Default] AX element pid: 22888, elementOrHash.elementID: 4935261696.314 (AX element pid: 22888, elementOrHash.elementID: 4935261696.314) faulted in {
    "XC_kAXXCAttributeAutomationType" = 0;
    "XC_kAXXCAttributeElementBaseType" = UIInputSetContainerView;
    "XC_kAXXCAttributeElementType" = UIInputSetContainerView;
    "XC_kAXXCAttributeTraits" = 8589934592;
}: (no error) for elementType using XC_kAXXCAttributeElementType, XC_kAXXCAttributeElementBaseType, XC_kAXXCAttributeTraits, XC_kAXXCAttributeAutomationType
2026-08-12 15:29:29.182 Df IlliniCover[22888:3ca202] [com.apple.dt.xctest:Default] Computed elementType Other.
2026-08-12 15:29:29.182 Df IlliniCover[22888:3ca202] [com.apple.dt.xctest:Default] Fetching AX attributes XC_kAXXCAttributeChildren for AX element pid: 22888, elementOrHash.elementID: 4505408000.5
2026-08-12 15:29:29.182 Df IlliniCover[22888:3ca202] [com.apple.dt.xctest:Default] Got attributes, transferring to dictionary for return.
2026-08-12 15:29:29.182 Df IlliniCover[22888:3ca202] [com.apple.dt.xctest:Default] Other (AX element pid: 22888, elementOrHash.elementID: 4505408000.5) faulted in {
    "XC_kAXXCAttributeChildren" =     (
        "AX element pid: 22888, elementOrHash.elementID: 4506127488.6"
    );
}: (no error) for children using XC_kAXXCAttributeChildren
2026-08-12 15:29:29.182 Df IlliniCover[22888:3ca202] [com.apple.dt.xctest:Default] Fetching AX attributes XC_kAXXCAttributeElementType, XC_kAXXCAttributeElementBaseType, XC_kAXXCAttributeTraits, XC_kAXXCAttributeAutomationType for AX element pid: 22888, elementOrHash.elementID: 4506127488.6
2026-08-12 15:29:29.182 Df IlliniCover[22888:3ca202] [com.apple.dt.xctest:Default] Got attributes, transferring to dictionary for return.
2026-08-12 15:29:29.182 Df IlliniCover[22888:3ca202] [com.apple.dt.xctest:Default] AX element pid: 22888, elementOrHash.elementID: 4506127488.6 (AX element pid: 22888, elementOrHash.elementID: 4506127488.6) faulted in {
    "XC_kAXXCAttributeAutomationType" = 0;
    "XC_kAXXCAttributeElementBaseType" = UIDropShadowView;
    "XC_kAXXCAttributeElementType" = UIDropShadowView;
    "XC_kAXXCAttributeTraits" = 0;
}: (no error) for elementType using XC_kAXXCAttributeElementType, XC_kAXXCAttributeElementBaseType, XC_kAXXCAttributeTraits, XC_kAXXCAttributeAutomationType
2026-08-12 15:29:29.182 Df IlliniCover[22888:3ca202] [com.apple.dt.xctest:Default] Computed elementType Other.
2026-08-12 15:29:29.182 Df IlliniCover[22888:3ca202] [com.apple.dt.xctest:Default] Fetching AX attributes XC_kAXXCAttributeChildren for AX element pid: 22888, elementOrHash.elementID: 4918992384.255
2026-08-12 15:29:29.182 Df IlliniCover[22888:3ca202] [com.apple.dt.xctest:Default] Got attributes, transferring to dictionary for return.
2026-08-12 15:29:29.182 Df IlliniCover[22888:3ca202] [com.apple.dt.xctest:Default] Other (AX element pid: 22888, elementOrHash.elementID: 4918992384.255) faulted in {
    "XC_kAXXCAttributeChildren" =     (
        "AX element pid: 22888, elementOrHash.elementID: 4842358016.256",
        "AX element pid: 22888, elementOrHash.elementID: 4842359296.257"
    );
}: (no error) for children using XC_kAXXCAttributeChildren
2026-08-12 15:29:29.182 Df IlliniCover[22888:3ca202] [com.apple.dt.xctest:Default] Fetching AX attributes XC_kAXXCAttributeElementType, XC_kAXXCAttributeElementBaseType, XC_kAXXCAttributeTraits, XC_kAXXCAttributeAutomationType for AX element pid: 22888, elementOrHash.elementID: 4842358016.256
2026-08-12 15:29:29.182 Df IlliniCover[22888:3ca202] [com.apple.dt.xctest:Default] Got attributes, transferring to dictionary for return.
2026-08-12 15:29:29.182 Df IlliniCover[22888:3ca202] [com.apple.dt.xctest:Default] AX element pid: 22888, elementOrHash.elementID: 4842358016.256 (AX element pid: 22888, elementOrHash.elementID: 4842358016.256) faulted in {
    "XC_kAXXCAttributeAutomationType" = 0;
    "XC_kAXXCAttributeElementBaseType" = UIDimmingView;
    "XC_kAXXCAttributeElementType" = UIDimmingView;
    "XC_kAXXCAttributeTraits" = 0;
}: (no error) for elementType using XC_kAXXCAttributeElementType, XC_kAXXCAttributeElementBaseType, XC_kAXXCAttributeTraits, XC_kAXXCAttributeAutomationType
2026-08-12 15:29:29.182 Df IlliniCover[22888:3ca202] [com.apple.dt.xctest:Default] Computed elementType Other.
2026-08-12 15:29:29.182 Df IlliniCover[22888:3ca202] [com.apple.dt.xctest:Default] Fetching AX attributes XC_kAXXCAttributeElementType, XC_kAXXCAttributeElementBaseType, XC_kAXXCAttributeTraits, XC_kAXXCAttributeAutomationType for AX element pid: 22888, elementOrHash.elementID: 4842359296.257
2026-08-12 15:29:29.182 Df IlliniCover[22888:3ca202] [com.apple.dt.xctest:Default] Got attributes, transferring to dictionary for return.
2026-08-12 15:29:29.182 Df IlliniCover[22888:3ca202] [com.apple.dt.xctest:Default] AX element pid: 22888, elementOrHash.elementID: 4842359296.257 (AX element pid: 22888, elementOrHash.elementID: 4842359296.257) faulted in {
    "XC_kAXXCAttributeAutomationType" = 0;
    "XC_kAXXCAttributeElementBaseType" = UIDropShadowView;
    "XC_kAXXCAttributeElementType" = UIDropShadowView;
    "XC_kAXXCAttributeTraits" = 8589934592;
}: (no error) for elementType using XC_kAXXCAttributeElementType, XC_kAXXCAttributeElementBaseType, XC_kAXXCAttributeTraits, XC_kAXXCAttributeAutomationType
2026-08-12 15:29:29.182 Df IlliniCover[22888:3ca202] [com.apple.dt.xctest:Default] Computed elementType Other.
2026-08-12 15:29:29.182 Df IlliniCover[22888:3ca202] [com.apple.dt.xctest:Default] Fetching AX attributes XC_kAXXCAttributeChildren for AX element pid: 22888, elementOrHash.elementID: 4504751168.14
2026-08-12 15:29:29.183 Df IlliniCover[22888:3ca202] [com.apple.dt.xctest:Default] Got attributes, transferring to dictionary for return.
2026-08-12 15:29:29.183 Df IlliniCover[22888:3ca202] [com.apple.dt.xctest:Default] Other (AX element pid: 22888, elementOrHash.elementID: 4504751168.14) faulted in {
    "XC_kAXXCAttributeChildren" =     (
        "AX element pid: 22888, elementOrHash.elementID: 4504752960.15",
        "AX element pid: 22888, elementOrHash.elementID: 4504752064.315"
    );
}: (no error) for children using XC_kAXXCAttributeChildren
2026-08-12 15:29:29.183 Df IlliniCover[22888:3ca202] [com.apple.dt.xctest:Default] Fetching AX attributes XC_kAXXCAttributeElementType, XC_kAXXCAttributeElementBaseType, XC_kAXXCAttributeTraits, XC_kAXXCAttributeAutomationType for AX element pid: 22888, elementOrHash.elementID: 4504752960.15
2026-08-12 15:29:29.183 Df IlliniCover[22888:3ca202] [com.apple.dt.xctest:Default] Got attributes, transferring to dictionary for return.
2026-08-12 15:29:29.183 Df IlliniCover[22888:3ca202] [com.apple.dt.xctest:Default] AX element pid: 22888, elementOrHash.elementID: 4504752960.15 (AX element pid: 22888, elementOrHash.elementID: 4504752960.15) faulted in {
    "XC_kAXXCAttributeAutomationType" = 0;
    "XC_kAXXCAttributeElementBaseType" = UIEditingOverlayGestureView;
    "XC_kAXXCAttributeElementType" = UIEditingOverlayGestureView;
    "XC_kAXXCAttributeTraits" = 8589934592;
}: (no error) for elementType using XC_kAXXCAttributeElementType, XC_kAXXCAttributeElementBaseType, XC_kAXXCAttributeTraits, XC_kAXXCAttributeAutomationType
2026-08-12 15:29:29.183 Df IlliniCover[22888:3ca202] [com.apple.dt.xctest:Default] Computed elementType Other.
2026-08-12 15:29:29.183 Df IlliniCover[22888:3ca202] [com.apple.dt.xctest:Default] Fetching AX attributes XC_kAXXCAttributeElementType, XC_kAXXCAttributeElementBaseType, XC_kAXXCAttributeTraits, XC_kAXXCAttributeAutomationType for AX element pid: 22888, elementOrHash.elementID: 4504752064.315
2026-08-12 15:29:29.183 Df IlliniCover[22888:3ca202] [com.apple.dt.xctest:Default] Got attributes, transferring to dictionary for return.
2026-08-12 15:29:29.183 Df IlliniCover[22888:3ca202] [com.apple.dt.xctest:Default] AX element pid: 22888, elementOrHash.elementID: 4504752064.315 (AX element pid: 22888, elementOrHash.elementID: 4504752064.315) faulted in {
    "XC_kAXXCAttributeAutomationType" = 0;
    "XC_kAXXCAttributeElementBaseType" = UIKeyboardItemContainerView;
    "XC_kAXXCAttributeElementType" = UIKeyboardItemContainerView;
    "XC_kAXXCAttributeTraits" = 8589934592;
}: (no error) for elementType using XC_kAXXCAttributeElementType, XC_kAXXCAttributeElementBaseType, XC_kAXXCAttributeTraits, XC_kAXXCAttributeAutomationType
2026-08-12 15:29:29.183 Df IlliniCover[22888:3ca202] [com.apple.dt.xctest:Default] Computed elementType Other.
2026-08-12 15:29:29.183 Df IlliniCover[22888:3ca202] [com.apple.dt.xctest:Default] Fetching AX attributes XC_kAXXCAttributeChildren for AX element pid: 22888, elementOrHash.elementID: 4935261696.314
2026-08-12 15:29:29.183 Df IlliniCover[22888:3ca202] [com.apple.dt.xctest:Default] Got attributes, transferring to dictionary for return.
2026-08-12 15:29:29.183 Df IlliniCover[22888:3ca202] [com.apple.dt.xctest:Default] Other (AX element pid: 22888, elementOrHash.elementID: 4935261696.314) faulted in {
    "XC_kAXXCAttributeChildren" =     (
        "AX element pid: 22888, elementOrHash.elementID: 4505135168.316"
    );
}: (no error) for children using XC_kAXXCAttributeChildren
2026-08-12 15:29:29.183 Df IlliniCover[22888:3ca202] [com.apple.dt.xctest:Default] Fetching AX attributes XC_kAXXCAttributeElementType, XC_kAXXCAttributeElementBaseType, XC_kAXXCAttributeTraits, XC_kAXXCAttributeAutomationType for AX element pid: 22888, elementOrHash.elementID: 4505135168.316
2026-08-12 15:29:29.184 Df IlliniCover[22888:3ca202] [com.apple.dt.xctest:Default] Got attributes, transferring to dictionary for return.
2026-08-12 15:29:29.184 Df IlliniCover[22888:3ca202] [com.apple.dt.xctest:Default] AX element pid: 22888, elementOrHash.elementID: 4505135168.316 (AX element pid: 22888, elementOrHash.elementID: 4505135168.316) faulted in {
    "XC_kAXXCAttributeAutomationType" = 0;
    "XC_kAXXCAttributeElementBaseType" = UIInputSetHostView;
    "XC_kAXXCAttributeElementType" = UIInputSetHostView;
    "XC_kAXXCAttributeTraits" = 8589934592;
}: (no error) for elementType using XC_kAXXCAttributeElementType, XC_kAXXCAttributeElementBaseType, XC_kAXXCAttributeTraits, XC_kAXXCAttributeAutomationType
2026-08-12 15:29:29.184 Df IlliniCover[22888:3ca202] [com.apple.dt.xctest:Default] Computed elementType Other.
2026-08-12 15:29:29.184 Df IlliniCover[22888:3ca202] [com.apple.dt.xctest:Default] Fetching AX attributes XC_kAXXCAttributeChildren for AX element pid: 22888, elementOrHash.elementID: 4506127488.6
2026-08-12 15:29:29.184 Df IlliniCover[22888:3ca202] [com.apple.dt.xctest:Default] Got attributes, transferring to dictionary for return.
2026-08-12 15:29:29.184 Df IlliniCover[22888:3ca202] [com.apple.dt.xctest:Default] Other (AX element pid: 22888, elementOrHash.elementID: 4506127488.6) faulted in {
    "XC_kAXXCAttributeChildren" =     (
        "AX element pid: 22888, elementOrHash.elementID: 4842358656.258",
        "AX element pid: 22888, elementOrHash.elementID: 4506124288.7"
    );
}: (no error) for children using XC_kAXXCAttributeChildren
2026-08-12 15:29:29.184 Df IlliniCover[22888:3ca202] [com.apple.dt.xctest:Default] Fetching AX attributes XC_kAXXCAttributeElementType, XC_kAXXCAttributeElementBaseType, XC_kAXXCAttributeTraits, XC_kAXXCAttributeAutomationType for AX element pid: 22888, elementOrHash.elementID: 4842358656.258
2026-08-12 15:29:29.184 Df IlliniCover[22888:3ca202] [com.apple.dt.xctest:Default] Got attributes, transferring to dictionary for return.
2026-08-12 15:29:29.184 Df IlliniCover[22888:3ca202] [com.apple.dt.xctest:Default] AX element pid: 22888, elementOrHash.elementID: 4842358656.258 (AX element pid: 22888, elementOrHash.elementID: 4842358656.258) faulted in {
    "XC_kAXXCAttributeAutomationType" = 0;
    "XC_kAXXCAttributeElementBaseType" = UIDimmingView;
    "XC_kAXXCAttributeElementType" = UIDimmingView;
    "XC_kAXXCAttributeTraits" = 0;
}: (no error) for elementType using XC_kAXXCAttributeElementType, XC_kAXXCAttributeElementBaseType, XC_kAXXCAttributeTraits, XC_kAXXCAttributeAutomationType
2026-08-12 15:29:29.184 Df IlliniCover[22888:3ca202] [com.apple.dt.xctest:Default] Computed elementType Other.
2026-08-12 15:29:29.184 Df IlliniCover[22888:3ca202] [com.apple.dt.xctest:Default] Fetching AX attributes XC_kAXXCAttributeElementType, XC_kAXXCAttributeElementBaseType, XC_kAXXCAttributeTraits, XC_kAXXCAttributeAutomationType for AX element pid: 22888, elementOrHash.elementID: 4506124288.7
2026-08-12 15:29:29.184 Df IlliniCover[22888:3ca202] [com.apple.dt.xctest:Default] Got attributes, transferring to dictionary for return.
2026-08-12 15:29:29.184 Df IlliniCover[22888:3ca202] [com.apple.dt.xctest:Default] AX element pid: 22888, elementOrHash.elementID: 4506124288.7 (AX element pid: 22888, elementOrHash.elementID: 4506124288.7) faulted in {
    "XC_kAXXCAttributeAutomationType" = 0;
    "XC_kAXXCAttributeElementBaseType" = UIView;
    "XC_kAXXCAttributeElementType" = RCTSurfaceHostingProxyRootView;
    "XC_kAXXCAttributeTraits" = 8589934592;
}: (no error) for elementType using XC_kAXXCAttributeElementType, XC_kAXXCAttributeElementBaseType, XC_kAXXCAttributeTraits, XC_kAXXCAttributeAutomationType
2026-08-12 15:29:29.184 Df IlliniCover[22888:3ca202] [com.apple.dt.xctest:Default] Computed elementType Other.
2026-08-12 15:29:29.184 Df IlliniCover[22888:3ca202] [com.apple.dt.xctest:Default] Fetching AX attributes XC_kAXXCAttributeChildren for AX element pid: 22888, elementOrHash.elementID: 4842358016.256
2026-08-12 15:29:29.184 Df IlliniCover[22888:3ca202] [com.apple.dt.xctest:Default] Got attributes, transferring to dictionary for return.
2026-08-12 15:29:29.184 Df IlliniCover[22888:3ca202] [com.apple.dt.xctest:Default] Other (AX element pid: 22888, elementOrHash.elementID: 4842358016.256) faulted in {
    "XC_kAXXCAttributeChildren" =     (
    );
}: (no error) for children using XC_kAXXCAttributeChildren
2026-08-12 15:29:29.184 Df IlliniCover[22888:3ca202] [com.apple.dt.xctest:Default] Fetching AX attributes XC_kAXXCAttributeChildren for AX element pid: 22888, elementOrHash.elementID: 4842359296.257
2026-08-12 15:29:29.184 Df IlliniCover[22888:3ca202] [com.apple.dt.xctest:Default] Got attributes, transferring to dictionary for return.
2026-08-12 15:29:29.184 Df IlliniCover[22888:3ca202] [com.apple.dt.xctest:Default] Other (AX element pid: 22888, elementOrHash.elementID: 4842359296.257) faulted in {
    "XC_kAXXCAttributeChildren" =     (
        "AX element pid: 22888, elementOrHash.elementID: 4918993920.259",
        "AX element pid: 22888, elementOrHash.elementID: 4505081984.260"
    );
}: (no error) for children using XC_kAXXCAttributeChildren
2026-08-12 15:29:29.184 Df IlliniCover[22888:3ca202] [com.apple.dt.xctest:Default] Fetching AX attributes XC_kAXXCAttributeElementType, XC_kAXXCAttributeElementBaseType, XC_kAXXCAttributeTraits, XC_kAXXCAttributeAutomationType for AX element pid: 22888, elementOrHash.elementID: 4918993920.259
2026-08-12 15:29:29.184 Df IlliniCover[22888:3ca202] [com.apple.dt.xctest:Default] Got attributes, transferring to dictionary for return.
2026-08-12 15:29:29.184 Df IlliniCover[22888:3ca202] [com.apple.dt.xctest:Default] AX element pid: 22888, elementOrHash.elementID: 4918993920.259 (AX element pid: 22888, elementOrHash.elementID: 4918993920.259) faulted in {
    "XC_kAXXCAttributeAutomationType" = 9;
    "XC_kAXXCAttributeElementBaseType" = "_UIGrabber";
    "XC_kAXXCAttributeElementType" = "_UIGrabber";
    "XC_kAXXCAttributeTraits" = 8589934593;
}: (no error) for elementType using XC_kAXXCAttributeElementType, XC_kAXXCAttributeElementBaseType, XC_kAXXCAttributeTraits, XC_kAXXCAttributeAutomationType
2026-08-12 15:29:29.184 Df IlliniCover[22888:3ca202] [com.apple.dt.xctest:Default] Computed elementType Button.
2026-08-12 15:29:29.184 Df IlliniCover[22888:3ca202] [com.apple.dt.xctest:Default] Fetching AX attributes XC_kAXXCAttributeElementType, XC_kAXXCAttributeElementBaseType, XC_kAXXCAttributeTraits, XC_kAXXCAttributeAutomationType for AX element pid: 22888, elementOrHash.elementID: 4505081984.260
2026-08-12 15:29:29.184 Df IlliniCover[22888:3ca202] [com.apple.dt.xctest:Default] Got attributes, transferring to dictionary for return.
2026-08-12 15:29:29.184 Df IlliniCover[22888:3ca202] [com.apple.dt.xctest:Default] AX element pid: 22888, elementOrHash.elementID: 4505081984.260 (AX element pid: 22888, elementOrHash.elementID: 4505081984.260) faulted in {
    "XC_kAXXCAttributeAutomationType" = 0;
    "XC_kAXXCAttributeElementBaseType" = UIView;
    "XC_kAXXCAttributeElementType" = UIView;
    "XC_kAXXCAttributeTraits" = 8589934592;
}: (no error) for elementType using XC_kAXXCAttributeElementType, XC_kAXXCAttributeElementBaseType, XC_kAXXCAttributeTraits, XC_kAXXCAttributeAutomationType
2026-08-12 15:29:29.185 Df IlliniCover[22888:3ca202] [com.apple.dt.xctest:Default] Computed elementType Other.
2026-08-12 15:29:29.185 Df IlliniCover[22888:3ca202] [com.apple.dt.xctest:Default] Fetching AX attributes XC_kAXXCAttributeChildren for AX element pid: 22888, elementOrHash.elementID: 4504752960.15
2026-08-12 15:29:29.185 Df IlliniCover[22888:3ca202] [com.apple.dt.xctest:Default] Got attributes, transferring to dictionary for return.
2026-08-12 15:29:29.185 Df IlliniCover[22888:3ca202] [com.apple.dt.xctest:Default] Other (AX element pid: 22888, elementOrHash.elementID: 4504752960.15) faulted in {
    "XC_kAXXCAttributeChildren" =     (
    );
}: (no error) for children using XC_kAXXCAttributeChildren
2026-08-12 15:29:29.185 Df IlliniCover[22888:3ca202] [com.apple.dt.xctest:Default] Fetching AX attributes XC_kAXXCAttributeChildren for AX element pid: 22888, elementOrHash.elementID: 4504752064.315
2026-08-12 15:29:29.185 Df IlliniCover[22888:3ca202] [com.apple.dt.xctest:Default] Got attributes, transferring to dictionary for return.
2026-08-12 15:29:29.185 Df IlliniCover[22888:3ca202] [com.apple.dt.xctest:Default] Other (AX element pid: 22888, elementOrHash.elementID: 4504752064.315) faulted in {
    "XC_kAXXCAttributeChildren" =     (
        "AX element pid: 22888, elementOrHash.elementID: 4842372096.317",
        "AX element pid: 22888, elementOrHash.elementID: 4935269888.318"
    );
}: (no error) for children using XC_kAXXCAttributeChildren
2026-08-12 15:29:29.185 Df IlliniCover[22888:3ca202] [com.apple.dt.xctest:Default] Fetching AX attributes XC_kAXXCAttributeElementType, XC_kAXXCAttributeElementBaseType, XC_kAXXCAttributeTraits, XC_kAXXCAttributeAutomationType for AX element pid: 22888, elementOrHash.elementID: 4842372096.317
2026-08-12 15:29:29.185 Df IlliniCover[22888:3ca202] [com.apple.dt.xctest:Default] Got attributes, transferring to dictionary for return.
2026-08-12 15:29:29.185 Df IlliniCover[22888:3ca202] [com.apple.dt.xctest:Default] AX element pid: 22888, elementOrHash.elementID: 4842372096.317 (AX element pid: 22888, elementOrHash.elementID: 4842372096.317) faulted in {
    "XC_kAXXCAttributeAutomationType" = 24;
    "XC_kAXXCAttributeElementBaseType" = UIToolbar;
    "XC_kAXXCAttributeElementType" = UIToolbar;
    "XC_kAXXCAttributeTraits" = 8589934592;
}: (no error) for elementType using XC_kAXXCAttributeElementType, XC_kAXXCAttributeElementBaseType, XC_kAXXCAttributeTraits, XC_kAXXCAttributeAutomationType
2026-08-12 15:29:29.185 Df IlliniCover[22888:3ca202] [com.apple.dt.xctest:Default] Computed elementType Toolbar.
2026-08-12 15:29:29.185 Df IlliniCover[22888:3ca202] [com.apple.dt.xctest:Default] Fetching AX attributes XC_kAXXCAttributeElementType, XC_kAXXCAttributeElementBaseType, XC_kAXXCAttributeTraits, XC_kAXXCAttributeAutomationType for AX element pid: 22888, elementOrHash.elementID: 4935269888.318
2026-08-12 15:29:29.185 Df IlliniCover[22888:3ca202] [com.apple.dt.xctest:Default] Got attributes, transferring to dictionary for return.
2026-08-12 15:29:29.185 Df IlliniCover[22888:3ca202] [com.apple.dt.xctest:Default] AX element pid: 22888, elementOrHash.elementID: 4935269888.318 (AX element pid: 22888, elementOrHash.elementID: 4935269888.318) faulted in {
    "XC_kAXXCAttributeAutomationType" = 0;
    "XC_kAXXCAttributeElementBaseType" = "_UIRemoteKeyboardPlaceholderView";
    "XC_kAXXCAttributeElementType" = "_UIRemoteKeyboardPlaceholderView";
    "XC_kAXXCAttributeTraits" = 8589934592;
}: (no error) for elementType using XC_kAXXCAttributeElementType, XC_kAXXCAttributeElementBaseType, XC_kAXXCAttributeTraits, XC_kAXXCAttributeAutomationType
2026-08-12 15:29:29.185 Df IlliniCover[22888:3ca202] [com.apple.dt.xctest:Default] Computed elementType Other.
2026-08-12 15:29:29.185 Df IlliniCover[22888:3ca202] [com.apple.dt.xctest:Default] Fetching AX attributes XC_kAXXCAttributeChildren for AX element pid: 22888, elementOrHash.elementID: 4505135168.316
2026-08-12 15:29:29.185 Df IlliniCover[22888:3ca202] [com.apple.dt.xctest:Default] Got attributes, transferring to dictionary for return.
2026-08-12 15:29:29.185 Df IlliniCover[22888:3ca202] [com.apple.dt.xctest:Default] Other (AX element pid: 22888, elementOrHash.elementID: 4505135168.316) faulted in {
    "XC_kAXXCAttributeChildren" =     (
        "AX element pid: 22888, elementOrHash.elementID: 4918987264.319",
        "AX element pid: 22888, elementOrHash.elementID: 4505354240.320",
        "AX element pid: 22888, elementOrHash.elementID: 4504748480.321",
        "AX element pid: 22888, elementOrHash.elementID: 4505128000.322"
    );
}: (no error) for children using XC_kAXXCAttributeChildren
2026-08-12 15:29:29.185 Df IlliniCover[22888:3ca202] [com.apple.dt.xctest:Default] Fetching AX attributes XC_kAXXCAttributeElementType, XC_kAXXCAttributeElementBaseType, XC_kAXXCAttributeTraits, XC_kAXXCAttributeAutomationType for AX element pid: 22888, elementOrHash.elementID: 4918987264.319
2026-08-12 15:29:29.185 Df IlliniCover[22888:3ca202] [com.apple.dt.xctest:Default] Got attributes, transferring to dictionary for return.
2026-08-12 15:29:29.185 Df IlliniCover[22888:3ca202] [com.apple.dt.xctest:Default] AX element pid: 22888, elementOrHash.elementID: 4918987264.319 (AX element pid: 22888, elementOrHash.elementID: 4918987264.319) faulted in {
    "XC_kAXXCAttributeAutomationType" = 0;
    "XC_kAXXCAttributeElementBaseType" = "_UIRemoteKeyboardPlaceholderView";
    "XC_kAXXCAttributeElementType" = "_UIRemoteKeyboardPlaceholderView";
    "XC_kAXXCAttributeTraits" = 8589934592;
}: (no error) for elementType using XC_kAXXCAttributeElementType, XC_kAXXCAttributeElementBaseType, XC_kAXXCAttributeTraits, XC_kAXXCAttributeAutomationType
2026-08-12 15:29:29.185 Df IlliniCover[22888:3ca202] [com.apple.dt.xctest:Default] Computed elementType Other.
2026-08-12 15:29:29.186 Df IlliniCover[22888:3ca202] [com.apple.dt.xctest:Default] Fetching AX attributes XC_kAXXCAttributeElementType, XC_kAXXCAttributeElementBaseType, XC_kAXXCAttributeTraits, XC_kAXXCAttributeAutomationType for AX element pid: 22888, elementOrHash.elementID: 4505354240.320
2026-08-12 15:29:29.186 Df IlliniCover[22888:3ca202] [com.apple.dt.xctest:Default] Got attributes, transferring to dictionary for return.
2026-08-12 15:29:29.186 Df IlliniCover[22888:3ca202] [com.apple.dt.xctest:Default] AX element pid: 22888, elementOrHash.elementID: 4505354240.320 (AX element pid: 22888, elementOrHash.elementID: 4505354240.320) faulted in {
    "XC_kAXXCAttributeAutomationType" = 0;
    "XC_kAXXCAttributeElementBaseType" = UIView;
    "XC_kAXXCAttributeElementType" = UIView;
    "XC_kAXXCAttributeTraits" = 8589934592;
}: (no error) for elementType using XC_kAXXCAttributeElementType, XC_kAXXCAttributeElementBaseType, XC_kAXXCAttributeTraits, XC_kAXXCAttributeAutomationType
2026-08-12 15:29:29.186 Df IlliniCover[22888:3ca202] [com.apple.dt.xctest:Default] Computed elementType Other.
2026-08-12 15:29:29.186 Df IlliniCover[22888:3ca202] [com.apple.dt.xctest:Default] Fetching AX attributes XC_kAXXCAttributeElementType, XC_kAXXCAttributeElementBaseType, XC_kAXXCAttributeTraits, XC_kAXXCAttributeAutomationType for AX element pid: 22888, elementOrHash.elementID: 4504748480.321
2026-08-12 15:29:29.186 Df IlliniCover[22888:3ca202] [com.apple.dt.xctest:Default] Got attributes, transferring to dictionary for return.
2026-08-12 15:29:29.186 Df IlliniCover[22888:3ca202] [com.apple.dt.xctest:Default] AX element pid: 22888, elementOrHash.elementID: 4504748480.321 (AX element pid: 22888, elementOrHash.elementID: 4504748480.321) faulted in {
    "XC_kAXXCAttributeAutomationType" = 0;
    "XC_kAXXCAttributeElementBaseType" = "_UIKBCompatInputView";
    "XC_kAXXCAttributeElementType" = "_UIKBCompatInputView";
    "XC_kAXXCAttributeTraits" = 8589934592;
}: (no error) for elementType using XC_kAXXCAttributeElementType, XC_kAXXCAttributeElementBaseType, XC_kAXXCAttributeTraits, XC_kAXXCAttributeAutomationType
2026-08-12 15:29:29.186 Df IlliniCover[22888:3ca202] [com.apple.dt.xctest:Default] Computed elementType Other.
2026-08-12 15:29:29.186 Df IlliniCover[22888:3ca202] [com.apple.dt.xctest:Default] Fetching AX attributes XC_kAXXCAttributeElementType, XC_kAXXCAttributeElementBaseType, XC_kAXXCAttributeTraits, XC_kAXXCAttributeAutomationType for AX element pid: 22888, elementOrHash.elementID: 4505128000.322
2026-08-12 15:29:29.186 Df IlliniCover[22888:3ca202] [com.apple.dt.xctest:Default] Got attributes, transferring to dictionary for return.
2026-08-12 15:29:29.186 Df IlliniCover[22888:3ca202] [com.apple.dt.xctest:Default] AX element pid: 22888, elementOrHash.elementID: 4505128000.322 (AX element pid: 22888, elementOrHash.elementID: 4505128000.322) faulted in {
    "XC_kAXXCAttributeAutomationType" = 0;
    "XC_kAXXCAttributeElementBaseType" = UIKeyboardDockView;
    "XC_kAXXCAttributeElementType" = UIKeyboardDockView;
    "XC_kAXXCAttributeTraits" = 25769803776;
}: (no error) for elementType using XC_kAXXCAttributeElementType, XC_kAXXCAttributeElementBaseType, XC_kAXXCAttributeTraits, XC_kAXXCAttributeAutomationType
2026-08-12 15:29:29.186 Df IlliniCover[22888:3ca202] [com.apple.dt.xctest:Default] Computed elementType Other.
2026-08-12 15:29:29.186 Df IlliniCover[22888:3ca202] [com.apple.dt.xctest:Default] Fetching AX attributes XC_kAXXCAttributeChildren for AX element pid: 22888, elementOrHash.elementID: 4842358656.258
2026-08-12 15:29:29.186 Df IlliniCover[22888:3ca202] [com.apple.dt.xctest:Default] Got attributes, transferring to dictionary for return.
2026-08-12 15:29:29.186 Df IlliniCover[22888:3ca202] [com.apple.dt.xctest:Default] Other (AX element pid: 22888, elementOrHash.elementID: 4842358656.258) faulted in {
    "XC_kAXXCAttributeChildren" =     (
    );
}: (no error) for children using XC_kAXXCAttributeChildren
2026-08-12 15:29:29.186 Df IlliniCover[22888:3ca202] [com.apple.dt.xctest:Default] Fetching AX attributes XC_kAXXCAttributeChildren for AX element pid: 22888, elementOrHash.elementID: 4506124288.7
2026-08-12 15:29:29.186 Df IlliniCover[22888:3ca202] [com.apple.dt.xctest:Default] Got attributes, transferring to dictionary for return.
2026-08-12 15:29:29.186 Df IlliniCover[22888:3ca202] [com.apple.dt.xctest:Default] Other (AX element pid: 22888, elementOrHash.elementID: 4506124288.7) faulted in {
    "XC_kAXXCAttributeChildren" =     (
        "AX element pid: 22888, elementOrHash.elementID: 4452661696.10"
    );
}: (no error) for children using XC_kAXXCAttributeChildren
2026-08-12 15:29:29.186 Df IlliniCover[22888:3ca202] [com.apple.dt.xctest:Default] Fetching AX attributes XC_kAXXCAttributeElementType, XC_kAXXCAttributeElementBaseType, XC_kAXXCAttributeTraits, XC_kAXXCAttributeAutomationType for AX element pid: 22888, elementOrHash.elementID: 4452661696.10
2026-08-12 15:29:29.186 Df IlliniCover[22888:3ca202] [com.apple.dt.xctest:Default] Got attributes, transferring to dictionary for return.
2026-08-12 15:29:29.186 Df IlliniCover[22888:3ca202] [com.apple.dt.xctest:Default] AX element pid: 22888, elementOrHash.elementID: 4452661696.10 (AX element pid: 22888, elementOrHash.elementID: 4452661696.10) faulted in {
    "XC_kAXXCAttributeAutomationType" = 0;
    "XC_kAXXCAttributeElementBaseType" = UIView;
    "XC_kAXXCAttributeElementType" = RCTSurfaceView;
    "XC_kAXXCAttributeTraits" = 8589934592;
}: (no error) for elementType using XC_kAXXCAttributeElementType, XC_kAXXCAttributeElementBaseType, XC_kAXXCAttributeTraits, XC_kAXXCAttributeAutomationType
2026-08-12 15:29:29.187 Df IlliniCover[22888:3ca202] [com.apple.dt.xctest:Default] Computed elementType Other.
2026-08-12 15:29:29.187 Df IlliniCover[22888:3ca202] [com.apple.dt.xctest:Default] Fetching AX attributes XC_kAXXCAttributeChildren for AX element pid: 22888, elementOrHash.elementID: 4918993920.259
2026-08-12 15:29:29.187 Df IlliniCover[22888:3ca202] [com.apple.dt.xctest:Default] Got attributes, transferring to dictionary for return.
2026-08-12 15:29:29.187 Df IlliniCover[22888:3ca202] [com.apple.dt.xctest:Default] Button (AX element pid: 22888, elementOrHash.elementID: 4918993920.259) faulted in {
    "XC_kAXXCAttributeChildren" =     (
    );
}: (no error) for children using XC_kAXXCAttributeChildren
2026-08-12 15:29:29.187 Df IlliniCover[22888:3ca202] [com.apple.dt.xctest:Default] Fetching AX attributes XC_kAXXCAttributeChildren for AX element pid: 22888, elementOrHash.elementID: 4505081984.260
2026-08-12 15:29:29.187 Df IlliniCover[22888:3ca202] [com.apple.dt.xctest:Default] Got attributes, transferring to dictionary for return.
2026-08-12 15:29:29.187 Df IlliniCover[22888:3ca202] [com.apple.dt.xctest:Default] Other (AX element pid: 22888, elementOrHash.elementID: 4505081984.260) faulted in {
    "XC_kAXXCAttributeChildren" =     (
        "AX element pid: 22888, elementOrHash.elementID: 4505082432.262"
    );
}: (no error) for children using XC_kAXXCAttributeChildren
2026-08-12 15:29:29.187 Df IlliniCover[22888:3ca202] [com.apple.dt.xctest:Default] Fetching AX attributes XC_kAXXCAttributeElementType, XC_kAXXCAttributeElementBaseType, XC_kAXXCAttributeTraits, XC_kAXXCAttributeAutomationType for AX element pid: 22888, elementOrHash.elementID: 4505082432.262
2026-08-12 15:29:29.187 Df IlliniCover[22888:3ca202] [com.apple.dt.xctest:Default] Got attributes, transferring to dictionary for return.
2026-08-12 15:29:29.187 Df IlliniCover[22888:3ca202] [com.apple.dt.xctest:Default] AX element pid: 22888, elementOrHash.elementID: 4505082432.262 (AX element pid: 22888, elementOrHash.elementID: 4505082432.262) faulted in {
    "XC_kAXXCAttributeAutomationType" = 0;
    "XC_kAXXCAttributeElementBaseType" = UIView;
    "XC_kAXXCAttributeElementType" = UIView;
    "XC_kAXXCAttributeTraits" = 8589934592;
}: (no error) for elementType using XC_kAXXCAttributeElementType, XC_kAXXCAttributeElementBaseType, XC_kAXXCAttributeTraits, XC_kAXXCAttributeAutomationType
2026-08-12 15:29:29.187 Df IlliniCover[22888:3ca202] [com.apple.dt.xctest:Default] Computed elementType Other.
2026-08-12 15:29:29.187 Df IlliniCover[22888:3ca202] [com.apple.dt.xctest:Default] Fetching AX attributes XC_kAXXCAttributeChildren for AX element pid: 22888, elementOrHash.elementID: 4842372096.317
2026-08-12 15:29:29.187 Df IlliniCover[22888:3ca202] [com.apple.dt.xctest:Default] Got attributes, transferring to dictionary for return.
2026-08-12 15:29:29.187 Df IlliniCover[22888:3ca202] [com.apple.dt.xctest:Default] Toolbar (AX element pid: 22888, elementOrHash.elementID: 4842372096.317) faulted in {
    "XC_kAXXCAttributeChildren" =     (
        "AX element pid: 22888, elementOrHash.elementID: 4505216640.323"
    );
}: (no error) for children using XC_kAXXCAttributeChildren
2026-08-12 15:29:29.187 Df IlliniCover[22888:3ca202] [com.apple.dt.xctest:Default] Fetching AX attributes XC_kAXXCAttributeElementType, XC_kAXXCAttributeElementBaseType, XC_kAXXCAttributeTraits, XC_kAXXCAttributeAutomationType for AX element pid: 22888, elementOrHash.elementID: 4505216640.323
2026-08-12 15:29:29.187 Df IlliniCover[22888:3ca202] [com.apple.dt.xctest:Default] Got attributes, transferring to dictionary for return.
2026-08-12 15:29:29.187 Df IlliniCover[22888:3ca202] [com.apple.dt.xctest:Default] AX element pid: 22888, elementOrHash.elementID: 4505216640.323 (AX element pid: 22888, elementOrHash.elementID: 4505216640.323) faulted in {
    "XC_kAXXCAttributeAutomationType" = 0;
    "XC_kAXXCAttributeElementBaseType" = "_TtGC5UIKit17UICoreHostingViewVCS_21ToolbarVisualProvider8RootView_";
    "XC_kAXXCAttributeElementType" = "_TtGC5UIKit17UICoreHostingViewVCS_21ToolbarVisualProvider8RootView_";
    "XC_kAXXCAttributeTraits" = 8589934592;
}: (no error) for elementType using XC_kAXXCAttributeElementType, XC_kAXXCAttributeElementBaseType, XC_kAXXCAttributeTraits, XC_kAXXCAttributeAutomationType
2026-08-12 15:29:29.187 Df IlliniCover[22888:3ca202] [com.apple.dt.xctest:Default] Computed elementType Other.
2026-08-12 15:29:29.187 Df IlliniCover[22888:3ca202] [com.apple.dt.xctest:Default] Fetching AX attributes XC_kAXXCAttributeChildren for AX element pid: 22888, elementOrHash.elementID: 4935269888.318
2026-08-12 15:29:29.187 Df IlliniCover[22888:3ca202] [com.apple.dt.xctest:Default] Got attributes, transferring to dictionary for return.
2026-08-12 15:29:29.187 Df IlliniCover[22888:3ca202] [com.apple.dt.xctest:Default] Other (AX element pid: 22888, elementOrHash.elementID: 4935269888.318) faulted in {
    "XC_kAXXCAttributeChildren" =     (
    );
}: (no error) for children using XC_kAXXCAttributeChildren
2026-08-12 15:29:29.187 Df IlliniCover[22888:3ca202] [com.apple.dt.xctest:Default] Fetching AX attributes XC_kAXXCAttributeChildren for AX element pid: 22888, elementOrHash.elementID: 4918987264.319
2026-08-12 15:29:29.187 Df IlliniCover[22888:3ca202] [com.apple.dt.xctest:Default] Got attributes, transferring to dictionary for return.
2026-08-12 15:29:29.187 Df IlliniCover[22888:3ca202] [com.apple.dt.xctest:Default] Other (AX element pid: 22888, elementOrHash.elementID: 4918987264.319) faulted in {
    "XC_kAXXCAttributeChildren" =     (
    );
}: (no error) for children using XC_kAXXCAttributeChildren
2026-08-12 15:29:29.187 Df IlliniCover[22888:3ca202] [com.apple.dt.xctest:Default] Fetching AX attributes XC_kAXXCAttributeChildren for AX element pid: 22888, elementOrHash.elementID: 4505354240.320
2026-08-12 15:29:29.187 Df IlliniCover[22888:3ca202] [com.apple.dt.xctest:Default] Got attributes, transferring to dictionary for return.
2026-08-12 15:29:29.187 Df IlliniCover[22888:3ca202] [com.apple.dt.xctest:Default] Other (AX element pid: 22888, elementOrHash.elementID: 4505354240.320) faulted in {
    "XC_kAXXCAttributeChildren" =     (
        "AX element pid: 22888, elementOrHash.elementID: 4933393152.324"
    );
}: (no error) for children using XC_kAXXCAttributeChildren
2026-08-12 15:29:29.187 Df IlliniCover[22888:3ca202] [com.apple.dt.xctest:Default] Fetching AX attributes XC_kAXXCAttributeElementType, XC_kAXXCAttributeElementBaseType, XC_kAXXCAttributeTraits, XC_kAXXCAttributeAutomationType for AX element pid: 22888, elementOrHash.elementID: 4933393152.324
2026-08-12 15:29:29.188 Df IlliniCover[22888:3ca202] [com.apple.dt.xctest:Default] Got attributes, transferring to dictionary for return.
2026-08-12 15:29:29.188 Df IlliniCover[22888:3ca202] [com.apple.dt.xctest:Default] AX element pid: 22888, elementOrHash.elementID: 4933393152.324 (AX element pid: 22888, elementOrHash.elementID: 4933393152.324) faulted in {
    "XC_kAXXCAttributeAutomationType" = 0;
    "XC_kAXXCAttributeElementBaseType" = UIKBInputBackdropView;
    "XC_kAXXCAttributeElementType" = UIKBInputBackdropView;
    "XC_kAXXCAttributeTraits" = 8589934592;
}: (no error) for elementType using XC_kAXXCAttributeElementType, XC_kAXXCAttributeElementBaseType, XC_kAXXCAttributeTraits, XC_kAXXCAttributeAutomationType
2026-08-12 15:29:29.188 Df IlliniCover[22888:3ca202] [com.apple.dt.xctest:Default] Computed elementType Other.
2026-08-12 15:29:29.188 Df IlliniCover[22888:3ca202] [com.apple.dt.xctest:Default] Fetching AX attributes XC_kAXXCAttributeChildren for AX element pid: 22888, elementOrHash.elementID: 4504748480.321
2026-08-12 15:29:29.188 Df IlliniCover[22888:3ca202] [com.apple.dt.xctest:Default] Got attributes, transferring to dictionary for return.
2026-08-12 15:29:29.188 Df IlliniCover[22888:3ca202] [com.apple.dt.xctest:Default] Other (AX element pid: 22888, elementOrHash.elementID: 4504748480.321) faulted in {
    "XC_kAXXCAttributeChildren" =     (
        "AX element pid: 22888, elementOrHash.elementID: 4842448896.325"
    );
}: (no error) for children using XC_kAXXCAttributeChildren
2026-08-12 15:29:29.188 Df IlliniCover[22888:3ca202] [com.apple.dt.xctest:Default] Fetching AX attributes XC_kAXXCAttributeElementType, XC_kAXXCAttributeElementBaseType, XC_kAXXCAttributeTraits, XC_kAXXCAttributeAutomationType for AX element pid: 22888, elementOrHash.elementID: 4842448896.325
2026-08-12 15:29:29.188 Df IlliniCover[22888:3ca202] [com.apple.dt.xctest:Default] Got attributes, transferring to dictionary for return.
2026-08-12 15:29:29.188 Df IlliniCover[22888:3ca202] [com.apple.dt.xctest:Default] AX element pid: 22888, elementOrHash.elementID: 4842448896.325 (AX element pid: 22888, elementOrHash.elementID: 4842448896.325) faulted in {
    "XC_kAXXCAttributeAutomationType" = 19;
    "XC_kAXXCAttributeElementBaseType" = UIKeyboardAutomatic;
    "XC_kAXXCAttributeElementType" = UIKeyboardAutomatic;
    "XC_kAXXCAttributeTraits" = 8589934592;
}: (no error) for elementType using XC_kAXXCAttributeElementType, XC_kAXXCAttributeElementBaseType, XC_kAXXCAttributeTraits, XC_kAXXCAttributeAutomationType
2026-08-12 15:29:29.188 Df IlliniCover[22888:3ca202] [com.apple.dt.xctest:Default] Computed elementType Keyboard.
2026-08-12 15:29:29.188 Df IlliniCover[22888:3ca202] [com.apple.dt.xctest:Default] [First Match] match found and no more transformers in the current sequence - done, returning Keyboard
2026-08-12 15:29:29.188 Df IlliniCover[22888:3ca202] [com.apple.dt.xctest:Default] [First Match] unioned related elements {(
)} from {(
)}
2026-08-12 15:29:29.188 Df IlliniCover[22888:3ca216] [com.apple.dt.xctest:Default] Current tree:
0x120b1aa80 <App element pid: 22888>
  Window, 0x120b18f00 <AX element pid: 22888, elementOrHash.elementID: 4452303872.4>
    Other, 0x120b1b200 <AX element pid: 22888, elementOrHash.elementID: 4505408000.5>
      Other, 0x120b1a440 <AX element pid: 22888, elementOrHash.elementID: 4506127488.6>
        Other, 0x120b82300 <AX element pid: 22888, elementOrHash.elementID: 4842358656.258>
        Other, 0x120b82d00 <AX element pid: 22888, elementOrHash.elementID: 4506124288.7>
          Other, 0x124022440 <AX element pid: 22888, elementOrHash.elementID: 4452661696.10>
    Other, 0x120b1a580 <AX element pid: 22888, elementOrHash.elementID: 4918992384.255>
      Other, 0x120b18280 <AX element pid: 22888, elementOrHash.elementID: 4842358016.256>
      Other, 0x120b1ae40 <AX element pid: 22888, elementOrHash.elementID: 4842359296.257>
        Button, 0x120b83ac0 <AX element pid: 22888, elementOrHash.elementID: 4918993920.259>
        Other, 0x120b83200 <AX element pid: 22888, elementOrHash.elementID: 4505081<…>
2026-08-12 15:29:29.188 Df IlliniCover[22888:3ca216] [com.apple.dt.xctest:Default] Query ↪︎ Descendants matching type Keyboard (First Match) found matching snapshots: {(
    Keyboard
)} (error: (null))
2026-08-12 15:29:29.188 Df IlliniCover[22888:3ca216] [com.apple.dt.xctest:Default] Replying to query ↪︎ Descendants matching type Keyboard (First Match) with results: <XCTElementQueryResults: 0x126205c20> (error: (null))
2026-08-12 15:29:29.222 Df IlliniCover[22888:3ca202] [com.apple.UIKit:KeyboardUI] Keyboard receives keyEvent type: 4; subtype: 0
2026-08-12 15:29:29.229 Df IlliniCover[22888:3ca202] [com.apple.UIKit:KeyboardUI] Keyboard sends inputEvent to kbd
2026-08-12 15:29:29.229 Df IlliniCover[22888:3ca202] [com.apple.UIKit:EventDispatch] Evaluating dispatch of UIEvent: 0x126179b80; type: 4; subtype: 0; backing type: 30; shouldSend: 0; ignoreInteractionEvents: 0, systemGestureStateChange: 0
2026-08-12 15:29:29.233 Df IlliniCover[22888:3ca218] [com.apple.UIKit:KeyboardUI] Keyboard receives output from kbd
2026-08-12 15:29:29.238 A  IlliniCover[22888:3ca202] (UIKitCore) send control actions
2026-08-12 15:29:29.250 Df IlliniCover[22888:3ca216] [com.apple.DataDeliveryServices:Default] Adding observer for DDS asset update notification for asset type: (com.apple.MobileAsset.LinguisticData)
2026-08-12 15:29:29.250 Df IlliniCover[22888:3ca216] [com.apple.DataDeliveryServices:Default] Adding observer for DDS asset update notification for asset type: (com.apple.MobileAsset.LinguisticDataAuto)
2026-08-12 15:29:29.253 Df IlliniCover[22888:3ca216] [com.apple.DataDeliveryServices:Default] Auto asset specifier: Priority_en is not supported
2026-08-12 15:29:29.253 Df IlliniCover[22888:3ca216] [com.apple.DataDeliveryServices:Default] Auto asset specifier: Priority_en is not supported
2026-08-12 15:29:29.253 Df IlliniCover[22888:3ca216] [com.apple.DataDeliveryServices:AutoAsset] Auto asset is not supported for query: <query: com.apple.MobileAsset.LinguisticDataAuto, locO: 1, iO: 1, latO: 1, cO: 0, <filter: {
    AssetLocale = "{(\134n    \134"en_US\134",\134n    en\134n)}";
}>>
2026-08-12 15:29:29.253 Df IlliniCover[22888:3ca216] [com.apple.DataDeliveryServices:Query] Updated cache for query: <query: com.apple.MobileAsset.LinguisticDataAuto, locO: 1, iO: 1, latO: 1, cO: 0, <filter: {
    AssetLocale = "{(\134n    \134"en_US\134",\134n    en\134n)}";
}>> assets: (
) was cached: 0, cachedOnly: 0
2026-08-12 15:29:29.254 Df IlliniCover[22888:3ca216] [com.apple.DataDeliveryServices:Query] assetsForQuery: <query: com.apple.MobileAsset.LinguisticDataAuto, locO: 1, iO: 1, latO: 1, cO: 0, <filter: {
    AssetLocale = "{(\134n    \134"en_US\134",\134n    en\134n)}";
}>> final result: (
) was cached: 0, cachedOnly: 0
2026-08-12 15:29:29.254 Df IlliniCover[22888:3ca216] [com.apple.DataDeliveryServices:Default] Supported compatibility version = 18 in file: Info.plist
2026-08-12 15:29:29.254 Df IlliniCover[22888:3ca216] [com.apple.DataDeliveryServices:Default] Supported compatibility version for LinguisticData assets = 18
2026-08-12 15:29:29.256 Df IlliniCover[22888:3ca219] [com.apple.TextInputUI:CandidateGeneration] All generators are not complete.
2026-08-12 15:29:29.257 Df IlliniCover[22888:3ca216] [com.apple.xpc:connection] [0x124022300] activating connection: mach=true listener=false peer=false name=com.apple.mobileassetd.v2
2026-08-12 15:29:29.257 Df IlliniCover[22888:3ca216] [com.apple.MobileAsset:V2] Creating client/daemon connection: 48A1799E-7726-4073-A4C8-8F5100C1D201
2026-08-12 15:29:29.270 Df IlliniCover[22888:3ca27a] [com.apple.TextInputUI:CandidateGeneration] All generators are not complete.
2026-08-12 15:29:29.271 Df IlliniCover[22888:3ca27a] [com.apple.TextInputUI:CandidateGeneration] All generators are complete, dispatching to `completionBlockJustOnce`
2026-08-12 15:29:29.271 Df IlliniCover[22888:3ca219] [com.apple.TextInputUI:CandidateGeneration] Assigning candidates of source type kbd to `containerToPush, for autocorrection flow only` - C0A9B65B
2026-08-12 15:29:29.271 Df IlliniCover[22888:3ca219] [com.apple.TextInputUI:CandidateGeneration] Preparing to push <_TUIKeyboardCandidateContainer: 0x1253233a0> to candidate receiver, for request token: C0A9B65B
2026-08-12 15:29:29.271 Df IlliniCover[22888:3ca27a] [com.apple.TextInputUI:CandidateGeneration] containerToPush has an autocorrection list.  pushing to candidate receiver with request token. C0A9B65B.
2026-08-12 15:29:29.287 Df IlliniCover[22888:3ca218] [com.apple.DataDeliveryServices:Query] assetsForQuery: <query: com.apple.MobileAsset.LinguisticDataAuto, locO: 1, iO: 1, latO: 1, cO: 1, <filter: {
    AssetLocale = "{(\134n    \134"en_US\134",\134n    en\134n)}";
}>> final result: (
) was cached: 1, cachedOnly: 1
2026-08-12 15:29:29.288 Df IlliniCover[22888:3ca218] [com.apple.DataDeliveryServices:Query] assetsForQuery: <query: com.apple.MobileAsset.LinguisticData, locO: 1, iO: 1, latO: 1, cO: 1, <filter: {
    AssetLocale = "{(\134n    \134"en_US\134",\134n    en\134n)}";
}>> final result: (
) was cached: 0, cachedOnly: 1
2026-08-12 15:29:29.299 Df IlliniCover[22888:3ca218] [com.apple.DataDeliveryServices:Query] assetsForQuery: <query: com.apple.MobileAsset.LinguisticDataAuto, locO: 1, iO: 1, latO: 1, cO: 1, <filter: {
    AssetLocale = "{(\134n    \134"en_US\134",\134n    en\134n)}";
}>> final result: (
) was cached: 1, cachedOnly: 1
2026-08-12 15:29:29.300 Df IlliniCover[22888:3ca218] [com.apple.DataDeliveryServices:Query] assetsForQuery: <query: com.apple.MobileAsset.LinguisticData, locO: 1, iO: 1, latO: 1, cO: 1, <filter: {
    AssetLocale = "{(\134n    \134"en_US\134",\134n    en\134n)}";
}>> final result: (
) was cached: 0, cachedOnly: 1
2026-08-12 15:29:29.300 Df IlliniCover[22888:3ca218] [com.apple.DataDeliveryServices:Query] assetsForQuery: <query: com.apple.MobileAsset.LinguisticDataAuto, locO: 1, iO: 1, latO: 1, cO: 1, <filter: {
    AssetLocale = "{(\134n    \134"en_US\134",\134n    en\134n)}";
}>> final result: (
) was cached: 1, cachedOnly: 1
2026-08-12 15:29:29.300 Df IlliniCover[22888:3ca218] [com.apple.DataDeliveryServices:Query] assetsForQuery: <query: com.apple.MobileAsset.LinguisticData, locO: 1, iO: 1, latO: 1, cO: 1, <filter: {
    AssetLocale = "{(\134n    \134"en_US\134",\134n    en\134n)}";
}>> final result: (
) was cached: 0, cachedOnly: 1
2026-08-12 15:29:29.301 Df IlliniCover[22888:3ca218] [com.apple.DataDeliveryServices:Query] assetsForQuery: <query: com.apple.MobileAsset.LinguisticDataAuto, locO: 1, iO: 1, latO: 1, cO: 1, <filter: {
    AssetLocale = "{(\134n    \134"en_US\134",\134n    en\134n)}";
}>> final result: (
) was cached: 1, cachedOnly: 1
2026-08-12 15:29:29.301 Df IlliniCover[22888:3ca218] [com.apple.DataDeliveryServices:Query] assetsForQuery: <query: com.apple.MobileAsset.LinguisticData, locO: 1, iO: 1, latO: 1, cO: 1, <filter: {
    AssetLocale = "{(\134n    \134"en_US\134",\134n    en\134n)}";
}>> final result: (
) was cached: 0, cachedOnly: 1
2026-08-12 15:29:29.309 Df IlliniCover[22888:3ca27a] [com.apple.DataDeliveryServices:Query] assetsForQuery: <query: com.apple.MobileAsset.LinguisticDataAuto, locO: 1, iO: 1, latO: 1, cO: 0, <filter: {
    AssetLocale = "{(\134n    \134"en_US\134",\134n    en\134n)}";
}>> final result: (
) was cached: 1, cachedOnly: 0
2026-08-12 15:29:29.321 Df IlliniCover[22888:3ca216] [com.apple.MobileAsset:V2] Got the query meta data reply for: com.apple.MobileAsset.LinguisticData, response: 0
2026-08-12 15:29:29.321 Df IlliniCover[22888:3ca216] [com.apple.DataDeliveryServices:Query] assetsForQuery: <query: com.apple.MobileAsset.LinguisticData, locO: 1, iO: 1, latO: 1, cO: 0, <filter: {
    AssetLocale = "{(\134n    \134"en_US\134",\134n    en\134n)}";
}>> final result: (
) was cached: 0, cachedOnly: 0
2026-08-12 15:29:29.362 Df IlliniCover[22888:3ca27a] [com.apple.MobileAsset:V2] Got the query meta data reply for: com.apple.MobileAsset.LinguisticData, response: 0
2026-08-12 15:29:29.362 Df IlliniCover[22888:3ca27a] [com.apple.DataDeliveryServices:Query] assetsForQuery: <query: com.apple.MobileAsset.LinguisticData, locO: 1, iO: 1, latO: 1, cO: 0, <filter: {
    AssetLocale = "{(\134n    \134"en_US\134",\134n    en\134n)}";
}>> final result: (
) was cached: 0, cachedOnly: 0
2026-08-12 15:29:29.363 Df IlliniCover[22888:3ca27a] [com.apple.DataDeliveryServices:Query] assetsForQuery: <query: com.apple.MobileAsset.LinguisticDataAuto, locO: 1, iO: 1, latO: 1, cO: 0, <filter: {
    AssetLocale = "{(\134n    \134"en_US\134",\134n    en\134n)}";
}>> final result: (
) was cached: 1, cachedOnly: 0
2026-08-12 15:29:29.363 Df IlliniCover[22888:3ca27a] [com.apple.DataDeliveryServices:Query] assetsForQuery: <query: com.apple.MobileAsset.LinguisticData, locO: 1, iO: 1, latO: 1, cO: 0, <filter: {
    AssetLocale = "{(\134n    \134"en_US\134",\134n    en\134n)}";
}>> final result: (
) was cached: 1, cachedOnly: 0
2026-08-12 15:29:29.364 Df IlliniCover[22888:3ca27a] [com.apple.DataDeliveryServices:Query] assetsForQuery: <query: com.apple.MobileAsset.LinguisticDataAuto, locO: 1, iO: 1, latO: 1, cO: 0, <filter: {
    AssetLocale = "{(\134n    \134"en_US\134",\134n    en\134n)}";
}>> final result: (
) was cached: 1, cachedOnly: 0
2026-08-12 15:29:29.364 Df IlliniCover[22888:3ca27a] [com.apple.DataDeliveryServices:Query] assetsForQuery: <query: com.apple.MobileAsset.LinguisticData, locO: 1, iO: 1, latO: 1, cO: 0, <filter: {
    AssetLocale = "{(\134n    \134"en_US\134",\134n    en\134n)}";
}>> final result: (
) was cached: 1, cachedOnly: 0
2026-08-12 15:29:29.364 Df IlliniCover[22888:3ca27a] [com.apple.DataDeliveryServices:Query] assetsForQuery: <query: com.apple.MobileAsset.LinguisticDataAuto, locO: 1, iO: 1, latO: 1, cO: 0, <filter: {
    AssetLocale = "{(\134n    \134"en_US\134",\134n    en\134n)}";
}>> final result: (
) was cached: 1, cachedOnly: 0
2026-08-12 15:29:29.364 Df IlliniCover[22888:3ca27a] [com.apple.DataDeliveryServices:Query] assetsForQuery: <query: com.apple.MobileAsset.LinguisticData, locO: 1, iO: 1, latO: 1, cO: 0, <filter: {
    AssetLocale = "{(\134n    \134"en_US\134",\134n    en\134n)}";
}>> final result: (
) was cached: 1, cachedOnly: 0
2026-08-12 15:29:29.938 Df IlliniCover[22888:3ca202] [com.apple.UIKit:KeyboardUI] Keyboard receives keyEvent type: 4; subtype: 0
2026-08-12 15:29:29.939 Df IlliniCover[22888:3ca202] [com.apple.UIKit:KeyboardUI] Keyboard sends inputEvent to kbd
2026-08-12 15:29:29.939 Df IlliniCover[22888:3ca202] [com.apple.UIKit:EventDispatch] Evaluating dispatch of UIEvent: 0x126179b80; type: 4; subtype: 0; backing type: 30; shouldSend: 0; ignoreInteractionEvents: 0, systemGestureStateChange: 0
2026-08-12 15:29:29.940 Df IlliniCover[22888:3ca218] [com.apple.UIKit:KeyboardUI] Keyboard receives output from kbd
2026-08-12 15:29:29.942 A  IlliniCover[22888:3ca202] (UIKitCore) send control actions
2026-08-12 15:29:29.947 Df IlliniCover[22888:3ca218] [com.apple.TextInputUI:CandidateGeneration] All generators are not complete.
2026-08-12 15:29:29.971 Df IlliniCover[22888:3ca202] [com.apple.UIKit:KeyboardUI] Keyboard receives keyEvent type: 4; subtype: 0
2026-08-12 15:29:29.972 Df IlliniCover[22888:3ca202] [com.apple.UIKit:EventDispatch] Evaluating dispatch of UIEvent: 0x126179b80; type: 4; subtype: 0; backing type: 30; shouldSend: 0; ignoreInteractionEvents: 0, systemGestureStateChange: 0
2026-08-12 15:29:30.005 Df IlliniCover[22888:3ca202] [com.apple.UIKit:KeyboardUI] Keyboard receives keyEvent type: 4; subtype: 0
2026-08-12 15:29:30.005 Df IlliniCover[22888:3ca202] [com.apple.UIKit:EventDispatch] Evaluating dispatch of UIEvent: 0x126179b80; type: 4; subtype: 0; backing type: 30; shouldSend: 0; ignoreInteractionEvents: 0, systemGestureStateChange: 0
2026-08-12 15:29:30.038 Df IlliniCover[22888:3ca202] [com.apple.UIKit:KeyboardUI] Keyboard receives keyEvent type: 4; subtype: 0
2026-08-12 15:29:30.038 Df IlliniCover[22888:3ca202] [com.apple.UIKit:EventDispatch] Evaluating dispatch of UIEvent: 0x126179b80; type: 4; subtype: 0; backing type: 30; shouldSend: 0; ignoreInteractionEvents: 0, systemGestureStateChange: 0
2026-08-12 15:29:30.071 Df IlliniCover[22888:3ca202] [com.apple.UIKit:KeyboardUI] Keyboard receives keyEvent type: 4; subtype: 0
2026-08-12 15:29:30.072 Df IlliniCover[22888:3ca202] [com.apple.UIKit:EventDispatch] Evaluating dispatch of UIEvent: 0x126179b80; type: 4; subtype: 0; backing type: 30; shouldSend: 0; ignoreInteractionEvents: 0, systemGestureStateChange: 0
2026-08-12 15:29:30.105 Df IlliniCover[22888:3ca202] [com.apple.UIKit:KeyboardUI] Keyboard receives keyEvent type: 4; subtype: 0
2026-08-12 15:29:30.105 Df IlliniCover[22888:3ca202] [com.apple.UIKit:EventDispatch] Evaluating dispatch of UIEvent: 0x126179b80; type: 4; subtype: 0; backing type: 30; shouldSend: 0; ignoreInteractionEvents: 0, systemGestureStateChange: 0
2026-08-12 15:29:30.114 Df IlliniCover[22888:3ca218] [com.apple.TextInputUI:CandidateGeneration] All generators are not complete.
2026-08-12 15:29:30.115 Df IlliniCover[22888:3ca202] [com.apple.UIKit:KeyboardUI] Keyboard sends inputEvent to kbd
2026-08-12 15:29:30.116 Df IlliniCover[22888:3ca218] [com.apple.UIKit:KeyboardUI] Keyboard receives output from kbd
2026-08-12 15:29:30.116 Df IlliniCover[22888:3ca218] [com.apple.TextInputUI:CandidateGeneration] All generators are complete, dispatching to `completionBlockJustOnce`
2026-08-12 15:29:30.116 Df IlliniCover[22888:3ca216] [com.apple.TextInputUI:CandidateGeneration] Assigning candidates of source type kbd to `containerToPush, for autocorrection flow only` - FD985776
2026-08-12 15:29:30.117 Df IlliniCover[22888:3ca216] [com.apple.TextInputUI:CandidateGeneration] Preparing to push <_TUIKeyboardCandidateContainer: 0x125176bc0> to candidate receiver, for request token: FD985776
2026-08-12 15:29:30.117 Df IlliniCover[22888:3ca216] [com.apple.TextInputUI:CandidateGeneration] Performing delayed generation for token=FD985776
2026-08-12 15:29:30.117 Df IlliniCover[22888:3ca218] [com.apple.TextInputUI:CandidateGeneration] containerToPush has an autocorrection list.  pushing to candidate receiver with request token. FD985776.
2026-08-12 15:29:30.121 Df IlliniCover[22888:3ca202] [com.apple.UIKit:KeyboardUI] Keyboard sends inputEvent to kbd
2026-08-12 15:29:30.122 Df IlliniCover[22888:3ca218] [com.apple.UIKit:KeyboardUI] Keyboard receives output from kbd
2026-08-12 15:29:30.124 Df IlliniCover[22888:3ca218] [com.apple.TextInputUI:CandidateGeneration] All generators are not complete.
2026-08-12 15:29:30.127 Df IlliniCover[22888:3ca216] [com.apple.TextInputUI:CandidateGeneration] All generators are not complete.
2026-08-12 15:29:30.128 Df IlliniCover[22888:3ca202] [com.apple.UIKit:KeyboardUI] Keyboard sends inputEvent to kbd
2026-08-12 15:29:30.128 Df IlliniCover[22888:3ca216] [com.apple.TextInputUI:CandidateGeneration] All generators are complete, dispatching to `completionBlockJustOnce`
2026-08-12 15:29:30.129 Df IlliniCover[22888:3ca216] [com.apple.TextInputUI:CandidateGeneration] Assigning candidates of source type kbd to `containerToPush, for autocorrection flow only` - 1B97B710
2026-08-12 15:29:30.129 Df IlliniCover[22888:3ca216] [com.apple.TextInputUI:CandidateGeneration] Preparing to push <_TUIKeyboardCandidateContainer: 0x125176560> to candidate receiver, for request token: 1B97B710
2026-08-12 15:29:30.129 Df IlliniCover[22888:3ca216] [com.apple.TextInputUI:CandidateGeneration] Performing delayed generation for token=1B97B710
2026-08-12 15:29:30.129 Df IlliniCover[22888:3ca218] [com.apple.UIKit:KeyboardUI] Keyboard receives output from kbd
2026-08-12 15:29:30.129 Df IlliniCover[22888:3ca215] [com.apple.TextInputUI:CandidateGeneration] containerToPush has an autocorrection list.  pushing to candidate receiver with request token. 1B97B710.
2026-08-12 15:29:30.133 Df IlliniCover[22888:3ca215] [com.apple.TextInputUI:CandidateGeneration] All generators are not complete.
2026-08-12 15:29:30.134 Df IlliniCover[22888:3ca218] [com.apple.TextInputUI:CandidateGeneration] All generators are not complete.
2026-08-12 15:29:30.135 Df IlliniCover[22888:3ca218] [com.apple.TextInputUI:CandidateGeneration] All generators are complete, dispatching to `completionBlockJustOnce`
2026-08-12 15:29:30.135 Df IlliniCover[22888:3ca202] [com.apple.UIKit:KeyboardUI] Keyboard sends inputEvent to kbd
2026-08-12 15:29:30.135 Df IlliniCover[22888:3ca215] [com.apple.TextInputUI:CandidateGeneration] Assigning candidates of source type kbd to `containerToPush, for autocorrection flow only` - CBEFE49A
2026-08-12 15:29:30.135 Df IlliniCover[22888:3ca215] [com.apple.TextInputUI:CandidateGeneration] Preparing to push <_TUIKeyboardCandidateContainer: 0x1251773c0> to candidate receiver, for request token: CBEFE49A
2026-08-12 15:29:30.135 Df IlliniCover[22888:3ca215] [com.apple.TextInputUI:CandidateGeneration] Performing delayed generation for token=CBEFE49A
2026-08-12 15:29:30.135 Df IlliniCover[22888:3ca218] [com.apple.TextInputUI:CandidateGeneration] containerToPush has an autocorrection list.  pushing to candidate receiver with request token. CBEFE49A.
2026-08-12 15:29:30.136 Df IlliniCover[22888:3ca218] [com.apple.UIKit:KeyboardUI] Keyboard receives output from kbd
2026-08-12 15:29:30.138 Df IlliniCover[22888:3ca202] [com.apple.UIKit:KeyboardUI] Keyboard receives keyEvent type: 4; subtype: 0
2026-08-12 15:29:30.140 Df IlliniCover[22888:3ca218] [com.apple.TextInputUI:CandidateGeneration] All generators are not complete.
2026-08-12 15:29:30.141 Df IlliniCover[22888:3ca216] [com.apple.TextInputUI:CandidateGeneration] All generators are not complete.
2026-08-12 15:29:30.141 Df IlliniCover[22888:3ca202] [com.apple.UIKit:EventDispatch] Evaluating dispatch of UIEvent: 0x126179b80; type: 4; subtype: 0; backing type: 30; shouldSend: 0; ignoreInteractionEvents: 0, systemGestureStateChange: 0
2026-08-12 15:29:30.142 Df IlliniCover[22888:3ca216] [com.apple.TextInputUI:CandidateGeneration] All generators are complete, dispatching to `completionBlockJustOnce`
2026-08-12 15:29:30.142 Df IlliniCover[22888:3ca218] [com.apple.TextInputUI:CandidateGeneration] Assigning candidates of source type kbd to `containerToPush, for autocorrection flow only` - C21F0934
2026-08-12 15:29:30.142 Df IlliniCover[22888:3ca218] [com.apple.TextInputUI:CandidateGeneration] Preparing to push <_TUIKeyboardCandidateContainer: 0x125177ea0> to candidate receiver, for request token: C21F0934
2026-08-12 15:29:30.142 Df IlliniCover[22888:3ca218] [com.apple.TextInputUI:CandidateGeneration] Performing delayed generation for token=C21F0934
2026-08-12 15:29:30.142 Df IlliniCover[22888:3ca215] [com.apple.TextInputUI:CandidateGeneration] containerToPush has an autocorrection list.  pushing to candidate receiver with request token. C21F0934.
2026-08-12 15:29:30.143 Df IlliniCover[22888:3ca202] [com.apple.UIKit:KeyboardUI] Keyboard sends inputEvent to kbd
2026-08-12 15:29:30.143 Df IlliniCover[22888:3ca215] [com.apple.UIKit:KeyboardUI] Keyboard receives output from kbd
2026-08-12 15:29:30.148 Df IlliniCover[22888:3ca215] [com.apple.TextInputUI:CandidateGeneration] All generators are not complete.
2026-08-12 15:29:30.149 Df IlliniCover[22888:3ca215] [com.apple.TextInputUI:CandidateGeneration] All generators are not complete.
2026-08-12 15:29:30.151 Df IlliniCover[22888:3ca215] [com.apple.TextInputUI:CandidateGeneration] All generators are complete, dispatching to `completionBlockJustOnce`
2026-08-12 15:29:30.152 Df IlliniCover[22888:3ca218] [com.apple.TextInputUI:CandidateGeneration] Assigning candidates of source type kbd to `containerToPush, for autocorrection flow only` - 0DE3F6B1
2026-08-12 15:29:30.152 Df IlliniCover[22888:3ca218] [com.apple.TextInputUI:CandidateGeneration] Preparing to push <_TUIKeyboardCandidateContainer: 0x125177560> to candidate receiver, for request token: 0DE3F6B1
2026-08-12 15:29:30.152 Df IlliniCover[22888:3ca218] [com.apple.TextInputUI:CandidateGeneration] Performing delayed generation for token=0DE3F6B1
2026-08-12 15:29:30.152 Df IlliniCover[22888:3ca215] [com.apple.TextInputUI:CandidateGeneration] containerToPush has an autocorrection list.  pushing to candidate receiver with request token. 0DE3F6B1.
2026-08-12 15:29:30.155 Df IlliniCover[22888:3ca202] [com.apple.UIKit:KeyboardUI] Keyboard sends inputEvent to kbd
2026-08-12 15:29:30.155 Df IlliniCover[22888:3ca218] [com.apple.UIKit:KeyboardUI] Keyboard receives output from kbd
2026-08-12 15:29:30.158 Df IlliniCover[22888:3ca218] [com.apple.TextInputUI:CandidateGeneration] All generators are not complete.
2026-08-12 15:29:30.159 Df IlliniCover[22888:3ca215] [com.apple.TextInputUI:CandidateGeneration] All generators are not complete.
2026-08-12 15:29:30.161 Df IlliniCover[22888:3ca215] [com.apple.TextInputUI:CandidateGeneration] All generators are complete, dispatching to `completionBlockJustOnce`
2026-08-12 15:29:30.161 Df IlliniCover[22888:3ca215] [com.apple.TextInputUI:CandidateGeneration] Assigning candidates of source type kbd to `containerToPush, for autocorrection flow only` - 4CB67304
2026-08-12 15:29:30.161 Df IlliniCover[22888:3ca215] [com.apple.TextInputUI:CandidateGeneration] Preparing to push <_TUIKeyboardCandidateContainer: 0x125174e40> to candidate receiver, for request token: 4CB67304
2026-08-12 15:29:30.161 Df IlliniCover[22888:3ca215] [com.apple.TextInputUI:CandidateGeneration] Performing delayed generation for token=4CB67304
2026-08-12 15:29:30.161 Df IlliniCover[22888:3ca218] [com.apple.TextInputUI:CandidateGeneration] containerToPush has an autocorrection list.  pushing to candidate receiver with request token. 4CB67304.
2026-08-12 15:29:30.165 Df IlliniCover[22888:3ca215] [com.apple.TextInputUI:CandidateGeneration] All generators are not complete.
2026-08-12 15:29:30.165 Df IlliniCover[22888:3ca218] [com.apple.TextInputUI:CandidateGeneration] All generators are not complete.
2026-08-12 15:29:30.167 Df IlliniCover[22888:3ca218] [com.apple.TextInputUI:CandidateGeneration] All generators are complete, dispatching to `completionBlockJustOnce`
2026-08-12 15:29:30.167 Df IlliniCover[22888:3ca215] [com.apple.TextInputUI:CandidateGeneration] Assigning candidates of source type kbd to `containerToPush, for autocorrection flow only` - 55550D5F
2026-08-12 15:29:30.167 Df IlliniCover[22888:3ca215] [com.apple.TextInputUI:CandidateGeneration] Preparing to push <_TUIKeyboardCandidateContainer: 0x1251772c0> to candidate receiver, for request token: 55550D5F
2026-08-12 15:29:30.167 Df IlliniCover[22888:3ca215] [com.apple.TextInputUI:CandidateGeneration] Performing delayed generation for token=55550D5F
2026-08-12 15:29:30.167 Df IlliniCover[22888:3ca218] [com.apple.TextInputUI:CandidateGeneration] containerToPush has an autocorrection list.  pushing to candidate receiver with request token. 55550D5F.
2026-08-12 15:29:30.171 Df IlliniCover[22888:3ca202] [com.apple.UIKit:KeyboardUI] Keyboard receives keyEvent type: 4; subtype: 0
2026-08-12 15:29:30.172 Df IlliniCover[22888:3ca202] [com.apple.UIKit:KeyboardUI] Keyboard sends inputEvent to kbd
2026-08-12 15:29:30.172 Df IlliniCover[22888:3ca202] [com.apple.UIKit:EventDispatch] Evaluating dispatch of UIEvent: 0x126179b80; type: 4; subtype: 0; backing type: 30; shouldSend: 0; ignoreInteractionEvents: 0, systemGestureStateChange: 0
2026-08-12 15:29:30.173 Df IlliniCover[22888:3ca218] [com.apple.UIKit:KeyboardUI] Keyboard receives output from kbd
2026-08-12 15:29:30.184 Df IlliniCover[22888:3ca215] [com.apple.TextInputUI:CandidateGeneration] All generators are not complete.
2026-08-12 15:29:30.185 Df IlliniCover[22888:3ca218] [com.apple.TextInputUI:CandidateGeneration] All generators are not complete.
2026-08-12 15:29:30.186 Df IlliniCover[22888:3ca218] [com.apple.TextInputUI:CandidateGeneration] All generators are complete, dispatching to `completionBlockJustOnce`
2026-08-12 15:29:30.186 Df IlliniCover[22888:3ca215] [com.apple.TextInputUI:CandidateGeneration] Assigning candidates of source type kbd to `containerToPush, for autocorrection flow only` - F065DD44
2026-08-12 15:29:30.186 Df IlliniCover[22888:3ca215] [com.apple.TextInputUI:CandidateGeneration] Preparing to push <_TUIKeyboardCandidateContainer: 0x125174900> to candidate receiver, for request token: F065DD44
2026-08-12 15:29:30.186 Df IlliniCover[22888:3ca215] [com.apple.TextInputUI:CandidateGeneration] Performing delayed generation for token=F065DD44
2026-08-12 15:29:30.186 Df IlliniCover[22888:3ca218] [com.apple.TextInputUI:CandidateGeneration] containerToPush has an autocorrection list.  pushing to candidate receiver with request token. F065DD44.
2026-08-12 15:29:30.205 Df IlliniCover[22888:3ca202] [com.apple.UIKit:KeyboardUI] Keyboard receives keyEvent type: 4; subtype: 0
2026-08-12 15:29:30.206 Df IlliniCover[22888:3ca202] [com.apple.UIKit:KeyboardUI] Keyboard sends inputEvent to kbd
2026-08-12 15:29:30.206 Df IlliniCover[22888:3ca202] [com.apple.UIKit:EventDispatch] Evaluating dispatch of UIEvent: 0x126179b80; type: 4; subtype: 0; backing type: 30; shouldSend: 0; ignoreInteractionEvents: 0, systemGestureStateChange: 0
2026-08-12 15:29:30.206 Df IlliniCover[22888:3ca215] [com.apple.UIKit:KeyboardUI] Keyboard receives output from kbd
2026-08-12 15:29:30.213 Df IlliniCover[22888:3ca215] [com.apple.TextInputUI:CandidateGeneration] All generators are not complete.
2026-08-12 15:29:30.214 Df IlliniCover[22888:3ca218] [com.apple.TextInputUI:CandidateGeneration] All generators are not complete.
2026-08-12 15:29:30.215 Df IlliniCover[22888:3ca218] [com.apple.TextInputUI:CandidateGeneration] All generators are complete, dispatching to `completionBlockJustOnce`
2026-08-12 15:29:30.215 Df IlliniCover[22888:3ca218] [com.apple.TextInputUI:CandidateGeneration] Assigning candidates of source type kbd to `containerToPush, for autocorrection flow only` - 3A833472
2026-08-12 15:29:30.215 Df IlliniCover[22888:3ca218] [com.apple.TextInputUI:CandidateGeneration] Preparing to push <_TUIKeyboardCandidateContainer: 0x1251748c0> to candidate receiver, for request token: 3A833472
2026-08-12 15:29:30.215 Df IlliniCover[22888:3ca218] [com.apple.TextInputUI:CandidateGeneration] Performing delayed generation for token=3A833472
2026-08-12 15:29:30.215 Df IlliniCover[22888:3ca216] [com.apple.TextInputUI:CandidateGeneration] containerToPush has an autocorrection list.  pushing to candidate receiver with request token. 3A833472.
2026-08-12 15:29:30.238 Df IlliniCover[22888:3ca202] [com.apple.UIKit:KeyboardUI] Keyboard receives keyEvent type: 4; subtype: 0
2026-08-12 15:29:30.239 Df IlliniCover[22888:3ca202] [com.apple.UIKit:KeyboardUI] Keyboard sends inputEvent to kbd
2026-08-12 15:29:30.239 Df IlliniCover[22888:3ca202] [com.apple.UIKit:EventDispatch] Evaluating dispatch of UIEvent: 0x126179b80; type: 4; subtype: 0; backing type: 30; shouldSend: 0; ignoreInteractionEvents: 0, systemGestureStateChange: 0
2026-08-12 15:29:30.240 Df IlliniCover[22888:3ca216] [com.apple.UIKit:KeyboardUI] Keyboard receives output from kbd
2026-08-12 15:29:30.247 Df IlliniCover[22888:3ca216] [com.apple.TextInputUI:CandidateGeneration] All generators are not complete.
2026-08-12 15:29:30.248 Df IlliniCover[22888:3ca218] [com.apple.TextInputUI:CandidateGeneration] All generators are not complete.
2026-08-12 15:29:30.249 Df IlliniCover[22888:3ca218] [com.apple.TextInputUI:CandidateGeneration] All generators are complete, dispatching to `completionBlockJustOnce`
2026-08-12 15:29:30.249 Df IlliniCover[22888:3ca218] [com.apple.TextInputUI:CandidateGeneration] Assigning candidates of source type kbd to `containerToPush, for autocorrection flow only` - 0DAFB48F
2026-08-12 15:29:30.249 Df IlliniCover[22888:3ca218] [com.apple.TextInputUI:CandidateGeneration] Preparing to push <_TUIKeyboardCandidateContainer: 0x1253219c0> to candidate receiver, for request token: 0DAFB48F
2026-08-12 15:29:30.249 Df IlliniCover[22888:3ca218] [com.apple.TextInputUI:CandidateGeneration] Performing delayed generation for token=0DAFB48F
2026-08-12 15:29:30.249 Df IlliniCover[22888:3ca215] [com.apple.TextInputUI:CandidateGeneration] containerToPush has an autocorrection list.  pushing to candidate receiver with request token. 0DAFB48F.
2026-08-12 15:29:30.271 Df IlliniCover[22888:3ca202] [com.apple.UIKit:KeyboardUI] Keyboard receives keyEvent type: 4; subtype: 0
2026-08-12 15:29:30.272 Df IlliniCover[22888:3ca202] [com.apple.UIKit:KeyboardUI] Keyboard sends inputEvent to kbd
2026-08-12 15:29:30.272 Df IlliniCover[22888:3ca202] [com.apple.UIKit:EventDispatch] Evaluating dispatch of UIEvent: 0x126179b80; type: 4; subtype: 0; backing type: 30; shouldSend: 0; ignoreInteractionEvents: 0, systemGestureStateChange: 0
2026-08-12 15:29:30.273 Df IlliniCover[22888:3ca215] [com.apple.UIKit:KeyboardUI] Keyboard receives output from kbd
2026-08-12 15:29:30.280 Df IlliniCover[22888:3ca215] [com.apple.TextInputUI:CandidateGeneration] All generators are not complete.
2026-08-12 15:29:30.281 Df IlliniCover[22888:3ca218] [com.apple.TextInputUI:CandidateGeneration] All generators are not complete.
2026-08-12 15:29:30.282 Df IlliniCover[22888:3ca218] [com.apple.TextInputUI:CandidateGeneration] All generators are complete, dispatching to `completionBlockJustOnce`
2026-08-12 15:29:30.282 Df IlliniCover[22888:3ca218] [com.apple.TextInputUI:CandidateGeneration] Assigning candidates of source type kbd to `containerToPush, for autocorrection flow only` - C79C9000
2026-08-12 15:29:30.282 Df IlliniCover[22888:3ca218] [com.apple.TextInputUI:CandidateGeneration] Preparing to push <_TUIKeyboardCandidateContainer: 0x125176ee0> to candidate receiver, for request token: C79C9000
2026-08-12 15:29:30.282 Df IlliniCover[22888:3ca218] [com.apple.TextInputUI:CandidateGeneration] Performing delayed generation for token=C79C9000
2026-08-12 15:29:30.282 Df IlliniCover[22888:3ca215] [com.apple.TextInputUI:CandidateGeneration] containerToPush has an autocorrection list.  pushing to candidate receiver with request token. C79C9000.
2026-08-12 15:29:30.305 Df IlliniCover[22888:3ca202] [com.apple.UIKit:KeyboardUI] Keyboard receives keyEvent type: 4; subtype: 0
2026-08-12 15:29:30.306 Df IlliniCover[22888:3ca202] [com.apple.UIKit:KeyboardUI] Keyboard sends inputEvent to kbd
2026-08-12 15:29:30.306 Df IlliniCover[22888:3ca202] [com.apple.UIKit:EventDispatch] Evaluating dispatch of UIEvent: 0x126179b80; type: 4; subtype: 0; backing type: 30; shouldSend: 0; ignoreInteractionEvents: 0, systemGestureStateChange: 0
2026-08-12 15:29:30.306 Df IlliniCover[22888:3ca215] [com.apple.UIKit:KeyboardUI] Keyboard receives output from kbd
2026-08-12 15:29:30.313 Df IlliniCover[22888:3ca215] [com.apple.TextInputUI:CandidateGeneration] All generators are not complete.
2026-08-12 15:29:30.314 Df IlliniCover[22888:3ca218] [com.apple.TextInputUI:CandidateGeneration] All generators are not complete.
2026-08-12 15:29:30.315 Df IlliniCover[22888:3ca218] [com.apple.TextInputUI:CandidateGeneration] All generators are complete, dispatching to `completionBlockJustOnce`
2026-08-12 15:29:30.315 Df IlliniCover[22888:3ca218] [com.apple.TextInputUI:CandidateGeneration] Assigning candidates of source type kbd to `containerToPush, for autocorrection flow only` - 08DC8EE8
2026-08-12 15:29:30.315 Df IlliniCover[22888:3ca218] [com.apple.TextInputUI:CandidateGeneration] Preparing to push <_TUIKeyboardCandidateContainer: 0x125175400> to candidate receiver, for request token: 08DC8EE8
2026-08-12 15:29:30.315 Df IlliniCover[22888:3ca218] [com.apple.TextInputUI:CandidateGeneration] Performing delayed generation for token=08DC8EE8
2026-08-12 15:29:30.315 Df IlliniCover[22888:3ca216] [com.apple.TextInputUI:CandidateGeneration] containerToPush has an autocorrection list.  pushing to candidate receiver with request token. 08DC8EE8.
2026-08-12 15:29:30.338 Df IlliniCover[22888:3ca202] [com.apple.UIKit:KeyboardUI] Keyboard receives keyEvent type: 4; subtype: 0
2026-08-12 15:29:30.339 Df IlliniCover[22888:3ca202] [com.apple.UIKit:KeyboardUI] Keyboard sends inputEvent to kbd
2026-08-12 15:29:30.339 Df IlliniCover[22888:3ca202] [com.apple.UIKit:EventDispatch] Evaluating dispatch of UIEvent: 0x126179b80; type: 4; subtype: 0; backing type: 30; shouldSend: 0; ignoreInteractionEvents: 0, systemGestureStateChange: 0
2026-08-12 15:29:30.340 Df IlliniCover[22888:3ca218] [com.apple.UIKit:KeyboardUI] Keyboard receives output from kbd
2026-08-12 15:29:30.347 Df IlliniCover[22888:3ca218] [com.apple.TextInputUI:CandidateGeneration] All generators are not complete.
2026-08-12 15:29:30.347 Df IlliniCover[22888:3ca216] [com.apple.TextInputUI:CandidateGeneration] All generators are not complete.
2026-08-12 15:29:30.349 Df IlliniCover[22888:3ca216] [com.apple.TextInputUI:CandidateGeneration] All generators are complete, dispatching to `completionBlockJustOnce`
2026-08-12 15:29:30.349 Df IlliniCover[22888:3ca218] [com.apple.TextInputUI:CandidateGeneration] Assigning candidates of source type kbd to `containerToPush, for autocorrection flow only` - 69E26DDD
2026-08-12 15:29:30.349 Df IlliniCover[22888:3ca218] [com.apple.TextInputUI:CandidateGeneration] Preparing to push <_TUIKeyboardCandidateContainer: 0x125322000> to candidate receiver, for request token: 69E26DDD
2026-08-12 15:29:30.349 Df IlliniCover[22888:3ca218] [com.apple.TextInputUI:CandidateGeneration] Performing delayed generation for token=69E26DDD
2026-08-12 15:29:30.349 Df IlliniCover[22888:3ca216] [com.apple.TextInputUI:CandidateGeneration] containerToPush has an autocorrection list.  pushing to candidate receiver with request token. 69E26DDD.
2026-08-12 15:29:30.371 Df IlliniCover[22888:3ca202] [com.apple.UIKit:KeyboardUI] Keyboard receives keyEvent type: 4; subtype: 0
2026-08-12 15:29:30.372 Df IlliniCover[22888:3ca202] [com.apple.UIKit:KeyboardUI] Keyboard sends inputEvent to kbd
2026-08-12 15:29:30.372 Df IlliniCover[22888:3ca202] [com.apple.UIKit:EventDispatch] Evaluating dispatch of UIEvent: 0x126179b80; type: 4; subtype: 0; backing type: 30; shouldSend: 0; ignoreInteractionEvents: 0, systemGestureStateChange: 0
2026-08-12 15:29:30.373 Df IlliniCover[22888:3ca218] [com.apple.UIKit:KeyboardUI] Keyboard receives output from kbd
2026-08-12 15:29:30.380 Df IlliniCover[22888:3ca216] [com.apple.TextInputUI:CandidateGeneration] All generators are not complete.
2026-08-12 15:29:30.381 Df IlliniCover[22888:3ca218] [com.apple.TextInputUI:CandidateGeneration] All generators are not complete.
2026-08-12 15:29:30.382 Df IlliniCover[22888:3ca218] [com.apple.TextInputUI:CandidateGeneration] All generators are complete, dispatching to `completionBlockJustOnce`
2026-08-12 15:29:30.382 Df IlliniCover[22888:3ca218] [com.apple.TextInputUI:CandidateGeneration] Assigning candidates of source type kbd to `containerToPush, for autocorrection flow only` - 85BF0055
2026-08-12 15:29:30.382 Df IlliniCover[22888:3ca218] [com.apple.TextInputUI:CandidateGeneration] Preparing to push <_TUIKeyboardCandidateContainer: 0x1253aa0c0> to candidate receiver, for request token: 85BF0055
2026-08-12 15:29:30.382 Df IlliniCover[22888:3ca218] [com.apple.TextInputUI:CandidateGeneration] Performing delayed generation for token=85BF0055
2026-08-12 15:29:30.382 Df IlliniCover[22888:3ca216] [com.apple.TextInputUI:CandidateGeneration] containerToPush has an autocorrection list.  pushing to candidate receiver with request token. 85BF0055.
2026-08-12 15:29:30.405 Df IlliniCover[22888:3ca202] [com.apple.UIKit:KeyboardUI] Keyboard receives keyEvent type: 4; subtype: 0
2026-08-12 15:29:30.406 Df IlliniCover[22888:3ca202] [com.apple.UIKit:KeyboardUI] Keyboard sends inputEvent to kbd
2026-08-12 15:29:30.406 Df IlliniCover[22888:3ca202] [com.apple.UIKit:EventDispatch] Evaluating dispatch of UIEvent: 0x126179b80; type: 4; subtype: 0; backing type: 30; shouldSend: 0; ignoreInteractionEvents: 0, systemGestureStateChange: 0
2026-08-12 15:29:30.406 Df IlliniCover[22888:3ca218] [com.apple.UIKit:KeyboardUI] Keyboard receives output from kbd
2026-08-12 15:29:30.413 Df IlliniCover[22888:3ca218] [com.apple.TextInputUI:CandidateGeneration] All generators are not complete.
2026-08-12 15:29:30.414 Df IlliniCover[22888:3ca216] [com.apple.TextInputUI:CandidateGeneration] All generators are not complete.
2026-08-12 15:29:30.415 Df IlliniCover[22888:3ca216] [com.apple.TextInputUI:CandidateGeneration] All generators are complete, dispatching to `completionBlockJustOnce`
2026-08-12 15:29:30.416 Df IlliniCover[22888:3ca218] [com.apple.TextInputUI:CandidateGeneration] Assigning candidates of source type kbd to `containerToPush, for autocorrection flow only` - 3E1E7ACA
2026-08-12 15:29:30.416 Df IlliniCover[22888:3ca218] [com.apple.TextInputUI:CandidateGeneration] Preparing to push <_TUIKeyboardCandidateContainer: 0x1253aa940> to candidate receiver, for request token: 3E1E7ACA
2026-08-12 15:29:30.416 Df IlliniCover[22888:3ca218] [com.apple.TextInputUI:CandidateGeneration] Performing delayed generation for token=3E1E7ACA
2026-08-12 15:29:30.416 Df IlliniCover[22888:3ca216] [com.apple.TextInputUI:CandidateGeneration] containerToPush has an autocorrection list.  pushing to candidate receiver with request token. 3E1E7ACA.
2026-08-12 15:29:30.438 Df IlliniCover[22888:3ca202] [com.apple.UIKit:KeyboardUI] Keyboard receives keyEvent type: 4; subtype: 0
2026-08-12 15:29:30.439 Df IlliniCover[22888:3ca202] [com.apple.UIKit:KeyboardUI] Keyboard sends inputEvent to kbd
2026-08-12 15:29:30.439 Df IlliniCover[22888:3ca202] [com.apple.UIKit:EventDispatch] Evaluating dispatch of UIEvent: 0x126179b80; type: 4; subtype: 0; backing type: 30; shouldSend: 0; ignoreInteractionEvents: 0, systemGestureStateChange: 0
2026-08-12 15:29:30.440 Df IlliniCover[22888:3ca216] [com.apple.UIKit:KeyboardUI] Keyboard receives output from kbd
2026-08-12 15:29:30.446 Df IlliniCover[22888:3ca216] [com.apple.TextInputUI:CandidateGeneration] All generators are not complete.
2026-08-12 15:29:30.447 Df IlliniCover[22888:3ca218] [com.apple.TextInputUI:CandidateGeneration] All generators are not complete.
2026-08-12 15:29:30.448 Df IlliniCover[22888:3ca218] [com.apple.TextInputUI:CandidateGeneration] All generators are complete, dispatching to `completionBlockJustOnce`
2026-08-12 15:29:30.449 Df IlliniCover[22888:3ca216] [com.apple.TextInputUI:CandidateGeneration] Assigning candidates of source type kbd to `containerToPush, for autocorrection flow only` - 2B9E2B26
2026-08-12 15:29:30.449 Df IlliniCover[22888:3ca216] [com.apple.TextInputUI:CandidateGeneration] Preparing to push <_TUIKeyboardCandidateContainer: 0x1253abd20> to candidate receiver, for request token: 2B9E2B26
2026-08-12 15:29:30.449 Df IlliniCover[22888:3ca216] [com.apple.TextInputUI:CandidateGeneration] Performing delayed generation for token=2B9E2B26
2026-08-12 15:29:30.449 Df IlliniCover[22888:3ca218] [com.apple.TextInputUI:CandidateGeneration] containerToPush has an autocorrection list.  pushing to candidate receiver with request token. 2B9E2B26.
2026-08-12 15:29:30.471 Df IlliniCover[22888:3ca202] [com.apple.UIKit:KeyboardUI] Keyboard receives keyEvent type: 4; subtype: 0
2026-08-12 15:29:30.472 Df IlliniCover[22888:3ca202] [com.apple.UIKit:KeyboardUI] Keyboard sends inputEvent to kbd
2026-08-12 15:29:30.472 Df IlliniCover[22888:3ca202] [com.apple.UIKit:EventDispatch] Evaluating dispatch of UIEvent: 0x126179b80; type: 4; subtype: 0; backing type: 30; shouldSend: 0; ignoreInteractionEvents: 0, systemGestureStateChange: 0
2026-08-12 15:29:30.473 Df IlliniCover[22888:3ca216] [com.apple.UIKit:KeyboardUI] Keyboard receives output from kbd
2026-08-12 15:29:30.480 Df IlliniCover[22888:3ca216] [com.apple.TextInputUI:CandidateGeneration] All generators are not complete.
2026-08-12 15:29:30.481 Df IlliniCover[22888:3ca218] [com.apple.TextInputUI:CandidateGeneration] All generators are not complete.
2026-08-12 15:29:30.482 Df IlliniCover[22888:3ca218] [com.apple.TextInputUI:CandidateGeneration] All generators are complete, dispatching to `completionBlockJustOnce`
2026-08-12 15:29:30.482 Df IlliniCover[22888:3ca216] [com.apple.TextInputUI:CandidateGeneration] Assigning candidates of source type kbd to `containerToPush, for autocorrection flow only` - 7E411E8E
2026-08-12 15:29:30.482 Df IlliniCover[22888:3ca216] [com.apple.TextInputUI:CandidateGeneration] Preparing to push <_TUIKeyboardCandidateContainer: 0x1253aae00> to candidate receiver, for request token: 7E411E8E
2026-08-12 15:29:30.482 Df IlliniCover[22888:3ca216] [com.apple.TextInputUI:CandidateGeneration] Performing delayed generation for token=7E411E8E
2026-08-12 15:29:30.482 Df IlliniCover[22888:3ca218] [com.apple.TextInputUI:CandidateGeneration] containerToPush has an autocorrection list.  pushing to candidate receiver with request token. 7E411E8E.
2026-08-12 15:29:30.505 Df IlliniCover[22888:3ca202] [com.apple.UIKit:KeyboardUI] Keyboard receives keyEvent type: 4; subtype: 0
2026-08-12 15:29:30.506 Df IlliniCover[22888:3ca202] [com.apple.UIKit:KeyboardUI] Keyboard sends inputEvent to kbd
2026-08-12 15:29:30.506 Df IlliniCover[22888:3ca202] [com.apple.UIKit:EventDispatch] Evaluating dispatch of UIEvent: 0x126179b80; type: 4; subtype: 0; backing type: 30; shouldSend: 0; ignoreInteractionEvents: 0, systemGestureStateChange: 0
2026-08-12 15:29:30.506 Df IlliniCover[22888:3ca216] [com.apple.UIKit:KeyboardUI] Keyboard receives output from kbd
2026-08-12 15:29:30.513 Df IlliniCover[22888:3ca216] [com.apple.TextInputUI:CandidateGeneration] All generators are not complete.
2026-08-12 15:29:30.514 Df IlliniCover[22888:3ca218] [com.apple.TextInputUI:CandidateGeneration] All generators are not complete.
2026-08-12 15:29:30.515 Df IlliniCover[22888:3ca218] [com.apple.TextInputUI:CandidateGeneration] All generators are complete, dispatching to `completionBlockJustOnce`
2026-08-12 15:29:30.515 Df IlliniCover[22888:3ca218] [com.apple.TextInputUI:CandidateGeneration] Assigning candidates of source type kbd to `containerToPush, for autocorrection flow only` - 5DDC769E
2026-08-12 15:29:30.516 Df IlliniCover[22888:3ca218] [com.apple.TextInputUI:CandidateGeneration] Preparing to push <_TUIKeyboardCandidateContainer: 0x1253abf80> to candidate receiver, for request token: 5DDC769E
2026-08-12 15:29:30.516 Df IlliniCover[22888:3ca218] [com.apple.TextInputUI:CandidateGeneration] Performing delayed generation for token=5DDC769E
2026-08-12 15:29:30.516 Df IlliniCover[22888:3ca216] [com.apple.TextInputUI:CandidateGeneration] containerToPush has an autocorrection list.  pushing to candidate receiver with request token. 5DDC769E.
2026-08-12 15:29:30.538 Df IlliniCover[22888:3ca202] [com.apple.UIKit:KeyboardUI] Keyboard receives keyEvent type: 4; subtype: 0
2026-08-12 15:29:30.539 Df IlliniCover[22888:3ca202] [com.apple.UIKit:KeyboardUI] Keyboard sends inputEvent to kbd
2026-08-12 15:29:30.539 Df IlliniCover[22888:3ca202] [com.apple.UIKit:EventDispatch] Evaluating dispatch of UIEvent: 0x126179b80; type: 4; subtype: 0; backing type: 30; shouldSend: 0; ignoreInteractionEvents: 0, systemGestureStateChange: 0
2026-08-12 15:29:30.540 Df IlliniCover[22888:3ca218] [com.apple.UIKit:KeyboardUI] Keyboard receives output from kbd
2026-08-12 15:29:30.546 Df IlliniCover[22888:3ca218] [com.apple.TextInputUI:CandidateGeneration] All generators are not complete.
2026-08-12 15:29:30.547 Df IlliniCover[22888:3ca216] [com.apple.TextInputUI:CandidateGeneration] All generators are not complete.
2026-08-12 15:29:30.549 Df IlliniCover[22888:3ca216] [com.apple.TextInputUI:CandidateGeneration] All generators are complete, dispatching to `completionBlockJustOnce`
2026-08-12 15:29:30.549 Df IlliniCover[22888:3ca218] [com.apple.TextInputUI:CandidateGeneration] Assigning candidates of source type kbd to `containerToPush, for autocorrection flow only` - 9CEB4468
2026-08-12 15:29:30.549 Df IlliniCover[22888:3ca218] [com.apple.TextInputUI:CandidateGeneration] Preparing to push <_TUIKeyboardCandidateContainer: 0x1253ab5e0> to candidate receiver, for request token: 9CEB4468
2026-08-12 15:29:30.549 Df IlliniCover[22888:3ca218] [com.apple.TextInputUI:CandidateGeneration] Performing delayed generation for token=9CEB4468
2026-08-12 15:29:30.549 Df IlliniCover[22888:3ca216] [com.apple.TextInputUI:CandidateGeneration] containerToPush has an autocorrection list.  pushing to candidate receiver with request token. 9CEB4468.
2026-08-12 15:29:30.571 Df IlliniCover[22888:3ca202] [com.apple.UIKit:KeyboardUI] Keyboard receives keyEvent type: 4; subtype: 0
2026-08-12 15:29:30.572 Df IlliniCover[22888:3ca202] [com.apple.UIKit:KeyboardUI] Keyboard sends inputEvent to kbd
2026-08-12 15:29:30.572 Df IlliniCover[22888:3ca202] [com.apple.UIKit:EventDispatch] Evaluating dispatch of UIEvent: 0x126179b80; type: 4; subtype: 0; backing type: 30; shouldSend: 0; ignoreInteractionEvents: 0, systemGestureStateChange: 0
2026-08-12 15:29:30.573 Df IlliniCover[22888:3ca218] [com.apple.UIKit:KeyboardUI] Keyboard receives output from kbd
2026-08-12 15:29:30.580 Df IlliniCover[22888:3ca218] [com.apple.TextInputUI:CandidateGeneration] All generators are not complete.
2026-08-12 15:29:30.581 Df IlliniCover[22888:3ca216] [com.apple.TextInputUI:CandidateGeneration] All generators are not complete.
2026-08-12 15:29:30.582 Df IlliniCover[22888:3ca216] [com.apple.TextInputUI:CandidateGeneration] All generators are complete, dispatching to `completionBlockJustOnce`
2026-08-12 15:29:30.582 Df IlliniCover[22888:3ca216] [com.apple.TextInputUI:CandidateGeneration] Assigning candidates of source type kbd to `containerToPush, for autocorrection flow only` - 65D06540
2026-08-12 15:29:30.582 Df IlliniCover[22888:3ca216] [com.apple.TextInputUI:CandidateGeneration] Preparing to push <_TUIKeyboardCandidateContainer: 0x1253a8940> to candidate receiver, for request token: 65D06540
2026-08-12 15:29:30.582 Df IlliniCover[22888:3ca216] [com.apple.TextInputUI:CandidateGeneration] Performing delayed generation for token=65D06540
2026-08-12 15:29:30.582 Df IlliniCover[22888:3ca215] [com.apple.TextInputUI:CandidateGeneration] containerToPush has an autocorrection list.  pushing to candidate receiver with request token. 65D06540.
2026-08-12 15:29:30.605 Df IlliniCover[22888:3ca202] [com.apple.UIKit:KeyboardUI] Keyboard receives keyEvent type: 4; subtype: 0
2026-08-12 15:29:30.606 Df IlliniCover[22888:3ca202] [com.apple.UIKit:KeyboardUI] Keyboard sends inputEvent to kbd
2026-08-12 15:29:30.606 Df IlliniCover[22888:3ca202] [com.apple.UIKit:EventDispatch] Evaluating dispatch of UIEvent: 0x126179b80; type: 4; subtype: 0; backing type: 30; shouldSend: 0; ignoreInteractionEvents: 0, systemGestureStateChange: 0
2026-08-12 15:29:30.606 Df IlliniCover[22888:3ca215] [com.apple.UIKit:KeyboardUI] Keyboard receives output from kbd
2026-08-12 15:29:30.613 Df IlliniCover[22888:3ca215] [com.apple.TextInputUI:CandidateGeneration] All generators are not complete.
2026-08-12 15:29:30.614 Df IlliniCover[22888:3ca216] [com.apple.TextInputUI:CandidateGeneration] All generators are not complete.
2026-08-12 15:29:30.615 Df IlliniCover[22888:3ca216] [com.apple.TextInputUI:CandidateGeneration] All generators are complete, dispatching to `completionBlockJustOnce`
2026-08-12 15:29:30.615 Df IlliniCover[22888:3ca216] [com.apple.TextInputUI:CandidateGeneration] Assigning candidates of source type kbd to `containerToPush, for autocorrection flow only` - 89036DA7
2026-08-12 15:29:30.615 Df IlliniCover[22888:3ca216] [com.apple.TextInputUI:CandidateGeneration] Preparing to push <_TUIKeyboardCandidateContainer: 0x125320380> to candidate receiver, for request token: 89036DA7
2026-08-12 15:29:30.615 Df IlliniCover[22888:3ca216] [com.apple.TextInputUI:CandidateGeneration] Performing delayed generation for token=89036DA7
2026-08-12 15:29:30.615 Df IlliniCover[22888:3ca215] [com.apple.TextInputUI:CandidateGeneration] containerToPush has an autocorrection list.  pushing to candidate receiver with request token. 89036DA7.
2026-08-12 15:29:30.638 Df IlliniCover[22888:3ca202] [com.apple.UIKit:KeyboardUI] Keyboard receives keyEvent type: 4; subtype: 0
2026-08-12 15:29:30.639 Df IlliniCover[22888:3ca202] [com.apple.UIKit:KeyboardUI] Keyboard sends inputEvent to kbd
2026-08-12 15:29:30.639 Df IlliniCover[22888:3ca202] [com.apple.UIKit:EventDispatch] Evaluating dispatch of UIEvent: 0x126179b80; type: 4; subtype: 0; backing type: 30; shouldSend: 0; ignoreInteractionEvents: 0, systemGestureStateChange: 0
2026-08-12 15:29:30.640 Df IlliniCover[22888:3ca215] [com.apple.UIKit:KeyboardUI] Keyboard receives output from kbd
2026-08-12 15:29:30.646 Df IlliniCover[22888:3ca215] [com.apple.TextInputUI:CandidateGeneration] All generators are not complete.
2026-08-12 15:29:30.647 Df IlliniCover[22888:3ca216] [com.apple.TextInputUI:CandidateGeneration] All generators are not complete.
2026-08-12 15:29:30.649 Df IlliniCover[22888:3ca216] [com.apple.TextInputUI:CandidateGeneration] All generators are complete, dispatching to `completionBlockJustOnce`
2026-08-12 15:29:30.649 Df IlliniCover[22888:3ca215] [com.apple.TextInputUI:CandidateGeneration] Assigning candidates of source type kbd to `containerToPush, for autocorrection flow only` - 19511287
2026-08-12 15:29:30.649 Df IlliniCover[22888:3ca215] [com.apple.TextInputUI:CandidateGeneration] Preparing to push <_TUIKeyboardCandidateContainer: 0x1253a80e0> to candidate receiver, for request token: 19511287
2026-08-12 15:29:30.649 Df IlliniCover[22888:3ca215] [com.apple.TextInputUI:CandidateGeneration] Performing delayed generation for token=19511287
2026-08-12 15:29:30.649 Df IlliniCover[22888:3ca216] [com.apple.TextInputUI:CandidateGeneration] containerToPush has an autocorrection list.  pushing to candidate receiver with request token. 19511287.
2026-08-12 15:29:30.671 Df IlliniCover[22888:3ca202] [com.apple.UIKit:KeyboardUI] Keyboard receives keyEvent type: 4; subtype: 0
2026-08-12 15:29:30.672 Df IlliniCover[22888:3ca202] [com.apple.UIKit:KeyboardUI] Keyboard sends inputEvent to kbd
2026-08-12 15:29:30.672 Df IlliniCover[22888:3ca202] [com.apple.UIKit:EventDispatch] Evaluating dispatch of UIEvent: 0x126179b80; type: 4; subtype: 0; backing type: 30; shouldSend: 0; ignoreInteractionEvents: 0, systemGestureStateChange: 0
2026-08-12 15:29:30.673 Df IlliniCover[22888:3ca216] [com.apple.UIKit:KeyboardUI] Keyboard receives output from kbd
2026-08-12 15:29:30.680 Df IlliniCover[22888:3ca216] [com.apple.TextInputUI:CandidateGeneration] All generators are not complete.
2026-08-12 15:29:30.681 Df IlliniCover[22888:3ca215] [com.apple.TextInputUI:CandidateGeneration] All generators are not complete.
2026-08-12 15:29:30.682 Df IlliniCover[22888:3ca215] [com.apple.TextInputUI:CandidateGeneration] All generators are complete, dispatching to `completionBlockJustOnce`
2026-08-12 15:29:30.682 Df IlliniCover[22888:3ca215] [com.apple.TextInputUI:CandidateGeneration] Assigning candidates of source type kbd to `containerToPush, for autocorrection flow only` - 788AA380
2026-08-12 15:29:30.682 Df IlliniCover[22888:3ca215] [com.apple.TextInputUI:CandidateGeneration] Preparing to push <_TUIKeyboardCandidateContainer: 0x125177140> to candidate receiver, for request token: 788AA380
2026-08-12 15:29:30.682 Df IlliniCover[22888:3ca215] [com.apple.TextInputUI:CandidateGeneration] Performing delayed generation for token=788AA380
2026-08-12 15:29:30.682 Df IlliniCover[22888:3ca218] [com.apple.TextInputUI:CandidateGeneration] containerToPush has an autocorrection list.  pushing to candidate receiver with request token. 788AA380.
2026-08-12 15:29:30.705 Df IlliniCover[22888:3ca202] [com.apple.UIKit:KeyboardUI] Keyboard receives keyEvent type: 4; subtype: 0
2026-08-12 15:29:30.706 Df IlliniCover[22888:3ca202] [com.apple.UIKit:KeyboardUI] Keyboard sends inputEvent to kbd
2026-08-12 15:29:30.706 Df IlliniCover[22888:3ca202] [com.apple.UIKit:EventDispatch] Evaluating dispatch of UIEvent: 0x126179b80; type: 4; subtype: 0; backing type: 30; shouldSend: 0; ignoreInteractionEvents: 0, systemGestureStateChange: 0
2026-08-12 15:29:30.706 Df IlliniCover[22888:3ca218] [com.apple.UIKit:KeyboardUI] Keyboard receives output from kbd
2026-08-12 15:29:30.713 Df IlliniCover[22888:3ca218] [com.apple.TextInputUI:CandidateGeneration] All generators are not complete.
2026-08-12 15:29:30.714 Df IlliniCover[22888:3ca215] [com.apple.TextInputUI:CandidateGeneration] All generators are not complete.
2026-08-12 15:29:30.715 Df IlliniCover[22888:3ca215] [com.apple.TextInputUI:CandidateGeneration] All generators are complete, dispatching to `completionBlockJustOnce`
2026-08-12 15:29:30.715 Df IlliniCover[22888:3ca215] [com.apple.TextInputUI:CandidateGeneration] Assigning candidates of source type kbd to `containerToPush, for autocorrection flow only` - FF8E57ED
2026-08-12 15:29:30.716 Df IlliniCover[22888:3ca215] [com.apple.TextInputUI:CandidateGeneration] Preparing to push <_TUIKeyboardCandidateContainer: 0x1251773c0> to candidate receiver, for request token: FF8E57ED
2026-08-12 15:29:30.716 Df IlliniCover[22888:3ca215] [com.apple.TextInputUI:CandidateGeneration] Performing delayed generation for token=FF8E57ED
2026-08-12 15:29:30.716 Df IlliniCover[22888:3ca218] [com.apple.TextInputUI:CandidateGeneration] containerToPush has an autocorrection list.  pushing to candidate receiver with request token. FF8E57ED.
2026-08-12 15:29:30.738 Df IlliniCover[22888:3ca202] [com.apple.UIKit:KeyboardUI] Keyboard receives keyEvent type: 4; subtype: 0
2026-08-12 15:29:30.739 Df IlliniCover[22888:3ca202] [com.apple.UIKit:KeyboardUI] Keyboard sends inputEvent to kbd
2026-08-12 15:29:30.739 Df IlliniCover[22888:3ca202] [com.apple.UIKit:EventDispatch] Evaluating dispatch of UIEvent: 0x126179b80; type: 4; subtype: 0; backing type: 30; shouldSend: 0; ignoreInteractionEvents: 0, systemGestureStateChange: 0
2026-08-12 15:29:30.740 Df IlliniCover[22888:3ca218] [com.apple.UIKit:KeyboardUI] Keyboard receives output from kbd
2026-08-12 15:29:30.746 Df IlliniCover[22888:3ca218] [com.apple.TextInputUI:CandidateGeneration] All generators are not complete.
2026-08-12 15:29:30.747 Df IlliniCover[22888:3ca215] [com.apple.TextInputUI:CandidateGeneration] All generators are not complete.
2026-08-12 15:29:30.749 Df IlliniCover[22888:3ca215] [com.apple.TextInputUI:CandidateGeneration] All generators are complete, dispatching to `completionBlockJustOnce`
2026-08-12 15:29:30.749 Df IlliniCover[22888:3ca215] [com.apple.TextInputUI:CandidateGeneration] Assigning candidates of source type kbd to `containerToPush, for autocorrection flow only` - 289794BC
2026-08-12 15:29:30.749 Df IlliniCover[22888:3ca215] [com.apple.TextInputUI:CandidateGeneration] Preparing to push <_TUIKeyboardCandidateContainer: 0x125176640> to candidate receiver, for request token: 289794BC
2026-08-12 15:29:30.749 Df IlliniCover[22888:3ca215] [com.apple.TextInputUI:CandidateGeneration] Performing delayed generation for token=289794BC
2026-08-12 15:29:30.749 Df IlliniCover[22888:3ca216] [com.apple.TextInputUI:CandidateGeneration] containerToPush has an autocorrection list.  pushing to candidate receiver with request token. 289794BC.
2026-08-12 15:29:30.771 Df IlliniCover[22888:3ca202] [com.apple.UIKit:KeyboardUI] Keyboard receives keyEvent type: 4; subtype: 0
2026-08-12 15:29:30.772 Df IlliniCover[22888:3ca202] [com.apple.UIKit:KeyboardUI] Keyboard sends inputEvent to kbd
2026-08-12 15:29:30.772 Df IlliniCover[22888:3ca202] [com.apple.UIKit:EventDispatch] Evaluating dispatch of UIEvent: 0x126179b80; type: 4; subtype: 0; backing type: 30; shouldSend: 0; ignoreInteractionEvents: 0, systemGestureStateChange: 0
2026-08-12 15:29:30.772 Df IlliniCover[22888:3ca216] [com.apple.TextInputUI:CandidateGeneration] Performing delayed generation for token=C0A9B65B
2026-08-12 15:29:30.773 Df IlliniCover[22888:3ca215] [com.apple.UIKit:KeyboardUI] Keyboard receives output from kbd
2026-08-12 15:29:30.780 Df IlliniCover[22888:3ca215] [com.apple.TextInputUI:CandidateGeneration] All generators are not complete.
2026-08-12 15:29:30.781 Df IlliniCover[22888:3ca216] [com.apple.TextInputUI:CandidateGeneration] All generators are not complete.
2026-08-12 15:29:30.782 Df IlliniCover[22888:3ca216] [com.apple.TextInputUI:CandidateGeneration] All generators are complete, dispatching to `completionBlockJustOnce`
2026-08-12 15:29:30.782 Df IlliniCover[22888:3ca215] [com.apple.TextInputUI:CandidateGeneration] Assigning candidates of source type kbd to `containerToPush, for autocorrection flow only` - A23117C4
2026-08-12 15:29:30.782 Df IlliniCover[22888:3ca215] [com.apple.TextInputUI:CandidateGeneration] Preparing to push <_TUIKeyboardCandidateContainer: 0x125177f40> to candidate receiver, for request token: A23117C4
2026-08-12 15:29:30.782 Df IlliniCover[22888:3ca215] [com.apple.TextInputUI:CandidateGeneration] Performing delayed generation for token=A23117C4
2026-08-12 15:29:30.782 Df IlliniCover[22888:3ca216] [com.apple.TextInputUI:CandidateGeneration] containerToPush has an autocorrection list.  pushing to candidate receiver with request token. A23117C4.
2026-08-12 15:29:30.805 Df IlliniCover[22888:3ca202] [com.apple.UIKit:KeyboardUI] Keyboard receives keyEvent type: 4; subtype: 0
2026-08-12 15:29:30.806 Df IlliniCover[22888:3ca202] [com.apple.UIKit:KeyboardUI] Keyboard sends inputEvent to kbd
2026-08-12 15:29:30.806 Df IlliniCover[22888:3ca202] [com.apple.UIKit:EventDispatch] Evaluating dispatch of UIEvent: 0x126179b80; type: 4; subtype: 0; backing type: 30; shouldSend: 0; ignoreInteractionEvents: 0, systemGestureStateChange: 0
2026-08-12 15:29:30.806 Df IlliniCover[22888:3ca216] [com.apple.UIKit:KeyboardUI] Keyboard receives output from kbd
2026-08-12 15:29:30.813 Df IlliniCover[22888:3ca216] [com.apple.TextInputUI:CandidateGeneration] All generators are not complete.
2026-08-12 15:29:30.814 Df IlliniCover[22888:3ca215] [com.apple.TextInputUI:CandidateGeneration] All generators are not complete.
2026-08-12 15:29:30.815 Df IlliniCover[22888:3ca215] [com.apple.TextInputUI:CandidateGeneration] All generators are complete, dispatching to `completionBlockJustOnce`
2026-08-12 15:29:30.815 Df IlliniCover[22888:3ca216] [com.apple.TextInputUI:CandidateGeneration] Assigning candidates of source type kbd to `containerToPush, for autocorrection flow only` - 1FAA11B2
2026-08-12 15:29:30.816 Df IlliniCover[22888:3ca216] [com.apple.TextInputUI:CandidateGeneration] Preparing to push <_TUIKeyboardCandidateContainer: 0x1251767e0> to candidate receiver, for request token: 1FAA11B2
2026-08-12 15:29:30.816 Df IlliniCover[22888:3ca216] [com.apple.TextInputUI:CandidateGeneration] Performing delayed generation for token=1FAA11B2
2026-08-12 15:29:30.816 Df IlliniCover[22888:3ca215] [com.apple.TextInputUI:CandidateGeneration] containerToPush has an autocorrection list.  pushing to candidate receiver with request token. 1FAA11B2.
2026-08-12 15:29:30.838 Df IlliniCover[22888:3ca202] [com.apple.UIKit:KeyboardUI] Keyboard receives keyEvent type: 4; subtype: 0
2026-08-12 15:29:30.839 Df IlliniCover[22888:3ca202] [com.apple.UIKit:KeyboardUI] Keyboard sends inputEvent to kbd
2026-08-12 15:29:30.839 Df IlliniCover[22888:3ca202] [com.apple.UIKit:EventDispatch] Evaluating dispatch of UIEvent: 0x126179b80; type: 4; subtype: 0; backing type: 30; shouldSend: 0; ignoreInteractionEvents: 0, systemGestureStateChange: 0
2026-08-12 15:29:30.840 Df IlliniCover[22888:3ca215] [com.apple.UIKit:KeyboardUI] Keyboard receives output from kbd
2026-08-12 15:29:30.846 Df IlliniCover[22888:3ca215] [com.apple.TextInputUI:CandidateGeneration] All generators are not complete.
2026-08-12 15:29:30.847 Df IlliniCover[22888:3ca216] [com.apple.TextInputUI:CandidateGeneration] All generators are not complete.
2026-08-12 15:29:30.849 Df IlliniCover[22888:3ca216] [com.apple.TextInputUI:CandidateGeneration] All generators are complete, dispatching to `completionBlockJustOnce`
2026-08-12 15:29:30.849 Df IlliniCover[22888:3ca216] [com.apple.TextInputUI:CandidateGeneration] Assigning candidates of source type kbd to `containerToPush, for autocorrection flow only` - 85A4DD0C
2026-08-12 15:29:30.849 Df IlliniCover[22888:3ca216] [com.apple.TextInputUI:CandidateGeneration] Preparing to push <_TUIKeyboardCandidateContainer: 0x125177160> to candidate receiver, for request token: 85A4DD0C
2026-08-12 15:29:30.849 Df IlliniCover[22888:3ca216] [com.apple.TextInputUI:CandidateGeneration] Performing delayed generation for token=85A4DD0C
2026-08-12 15:29:30.849 Df IlliniCover[22888:3ca218] [com.apple.TextInputUI:CandidateGeneration] containerToPush has an autocorrection list.  pushing to candidate receiver with request token. 85A4DD0C.
2026-08-12 15:29:30.871 Df IlliniCover[22888:3ca202] [com.apple.UIKit:KeyboardUI] Keyboard receives keyEvent type: 4; subtype: 0
2026-08-12 15:29:30.872 Df IlliniCover[22888:3ca202] [com.apple.UIKit:KeyboardUI] Keyboard sends inputEvent to kbd
2026-08-12 15:29:30.872 Df IlliniCover[22888:3ca202] [com.apple.UIKit:EventDispatch] Evaluating dispatch of UIEvent: 0x126179b80; type: 4; subtype: 0; backing type: 30; shouldSend: 0; ignoreInteractionEvents: 0, systemGestureStateChange: 0
2026-08-12 15:29:30.873 Df IlliniCover[22888:3ca218] [com.apple.UIKit:KeyboardUI] Keyboard receives output from kbd
2026-08-12 15:29:30.880 Df IlliniCover[22888:3ca218] [com.apple.TextInputUI:CandidateGeneration] All generators are not complete.
2026-08-12 15:29:30.881 Df IlliniCover[22888:3ca216] [com.apple.TextInputUI:CandidateGeneration] All generators are not complete.
2026-08-12 15:29:30.882 Df IlliniCover[22888:3ca216] [com.apple.TextInputUI:CandidateGeneration] All generators are complete, dispatching to `completionBlockJustOnce`
2026-08-12 15:29:30.882 Df IlliniCover[22888:3ca218] [com.apple.TextInputUI:CandidateGeneration] Assigning candidates of source type kbd to `containerToPush, for autocorrection flow only` - 91C4067C
2026-08-12 15:29:30.882 Df IlliniCover[22888:3ca218] [com.apple.TextInputUI:CandidateGeneration] Preparing to push <_TUIKeyboardCandidateContainer: 0x125175200> to candidate receiver, for request token: 91C4067C
2026-08-12 15:29:30.882 Df IlliniCover[22888:3ca218] [com.apple.TextInputUI:CandidateGeneration] Performing delayed generation for token=91C4067C
2026-08-12 15:29:30.882 Df IlliniCover[22888:3ca216] [com.apple.TextInputUI:CandidateGeneration] containerToPush has an autocorrection list.  pushing to candidate receiver with request token. 91C4067C.
2026-08-12 15:29:30.905 Df IlliniCover[22888:3ca202] [com.apple.UIKit:KeyboardUI] Keyboard receives keyEvent type: 4; subtype: 0
2026-08-12 15:29:30.906 Df IlliniCover[22888:3ca202] [com.apple.UIKit:KeyboardUI] Keyboard sends inputEvent to kbd
2026-08-12 15:29:30.906 Df IlliniCover[22888:3ca202] [com.apple.UIKit:EventDispatch] Evaluating dispatch of UIEvent: 0x126179b80; type: 4; subtype: 0; backing type: 30; shouldSend: 0; ignoreInteractionEvents: 0, systemGestureStateChange: 0
2026-08-12 15:29:30.906 Df IlliniCover[22888:3ca216] [com.apple.UIKit:KeyboardUI] Keyboard receives output from kbd
2026-08-12 15:29:30.913 Df IlliniCover[22888:3ca216] [com.apple.TextInputUI:CandidateGeneration] All generators are not complete.
2026-08-12 15:29:30.914 Df IlliniCover[22888:3ca218] [com.apple.TextInputUI:CandidateGeneration] All generators are not complete.
2026-08-12 15:29:30.916 Df IlliniCover[22888:3ca218] [com.apple.TextInputUI:CandidateGeneration] All generators are complete, dispatching to `completionBlockJustOnce`
2026-08-12 15:29:30.916 Df IlliniCover[22888:3ca218] [com.apple.TextInputUI:CandidateGeneration] Assigning candidates of source type kbd to `containerToPush, for autocorrection flow only` - CB2988EC
2026-08-12 15:29:30.916 Df IlliniCover[22888:3ca218] [com.apple.TextInputUI:CandidateGeneration] Preparing to push <_TUIKeyboardCandidateContainer: 0x1251776a0> to candidate receiver, for request token: CB2988EC
2026-08-12 15:29:30.916 Df IlliniCover[22888:3ca218] [com.apple.TextInputUI:CandidateGeneration] Performing delayed generation for token=CB2988EC
2026-08-12 15:29:30.916 Df IlliniCover[22888:3ca215] [com.apple.TextInputUI:CandidateGeneration] containerToPush has an autocorrection list.  pushing to candidate receiver with request token. CB2988EC.
2026-08-12 15:29:30.938 Df IlliniCover[22888:3ca202] [com.apple.UIKit:KeyboardUI] Keyboard receives keyEvent type: 4; subtype: 0
2026-08-12 15:29:30.939 Df IlliniCover[22888:3ca202] [com.apple.UIKit:KeyboardUI] Keyboard sends inputEvent to kbd
2026-08-12 15:29:30.939 Df IlliniCover[22888:3ca202] [com.apple.UIKit:EventDispatch] Evaluating dispatch of UIEvent: 0x126179b80; type: 4; subtype: 0; backing type: 30; shouldSend: 0; ignoreInteractionEvents: 0, systemGestureStateChange: 0
2026-08-12 15:29:30.940 Df IlliniCover[22888:3ca215] [com.apple.UIKit:KeyboardUI] Keyboard receives output from kbd
2026-08-12 15:29:30.946 Df IlliniCover[22888:3ca215] [com.apple.TextInputUI:CandidateGeneration] All generators are not complete.
2026-08-12 15:29:30.949 Df IlliniCover[22888:3ca218] [com.apple.TextInputUI:CandidateGeneration] All generators are not complete.
2026-08-12 15:29:30.950 Df IlliniCover[22888:3ca218] [com.apple.TextInputUI:CandidateGeneration] All generators are complete, dispatching to `completionBlockJustOnce`
2026-08-12 15:29:30.950 Df IlliniCover[22888:3ca215] [com.apple.TextInputUI:CandidateGeneration] Assigning candidates of source type kbd to `containerToPush, for autocorrection flow only` - 2B14A1AA
2026-08-12 15:29:30.950 Df IlliniCover[22888:3ca215] [com.apple.TextInputUI:CandidateGeneration] Preparing to push <_TUIKeyboardCandidateContainer: 0x125174a80> to candidate receiver, for request token: 2B14A1AA
2026-08-12 15:29:30.950 Df IlliniCover[22888:3ca215] [com.apple.TextInputUI:CandidateGeneration] Performing delayed generation for token=2B14A1AA
2026-08-12 15:29:30.950 Df IlliniCover[22888:3ca218] [com.apple.TextInputUI:CandidateGeneration] containerToPush has an autocorrection list.  pushing to candidate receiver with request token. 2B14A1AA.
2026-08-12 15:29:30.971 Df IlliniCover[22888:3ca202] [com.apple.UIKit:KeyboardUI] Keyboard receives keyEvent type: 4; subtype: 0
2026-08-12 15:29:30.972 Df IlliniCover[22888:3ca202] [com.apple.UIKit:KeyboardUI] Keyboard sends inputEvent to kbd
2026-08-12 15:29:30.972 Df IlliniCover[22888:3ca202] [com.apple.UIKit:EventDispatch] Evaluating dispatch of UIEvent: 0x126179b80; type: 4; subtype: 0; backing type: 30; shouldSend: 0; ignoreInteractionEvents: 0, systemGestureStateChange: 0
2026-08-12 15:29:30.973 Df IlliniCover[22888:3ca218] [com.apple.UIKit:KeyboardUI] Keyboard receives output from kbd
2026-08-12 15:29:30.980 Df IlliniCover[22888:3ca218] [com.apple.TextInputUI:CandidateGeneration] All generators are not complete.
2026-08-12 15:29:30.981 Df IlliniCover[22888:3ca215] [com.apple.TextInputUI:CandidateGeneration] All generators are not complete.
2026-08-12 15:29:30.982 Df IlliniCover[22888:3ca215] [com.apple.TextInputUI:CandidateGeneration] All generators are complete, dispatching to `completionBlockJustOnce`
2026-08-12 15:29:30.982 Df IlliniCover[22888:3ca215] [com.apple.TextInputUI:CandidateGeneration] Assigning candidates of source type kbd to `containerToPush, for autocorrection flow only` - 89DE90BF
2026-08-12 15:29:30.982 Df IlliniCover[22888:3ca215] [com.apple.TextInputUI:CandidateGeneration] Preparing to push <_TUIKeyboardCandidateContainer: 0x125321c60> to candidate receiver, for request token: 89DE90BF
2026-08-12 15:29:30.982 Df IlliniCover[22888:3ca215] [com.apple.TextInputUI:CandidateGeneration] Performing delayed generation for token=89DE90BF
2026-08-12 15:29:30.982 Df IlliniCover[22888:3ca216] [com.apple.TextInputUI:CandidateGeneration] containerToPush has an autocorrection list.  pushing to candidate receiver with request token. 89DE90BF.
2026-08-12 15:29:31.005 Df IlliniCover[22888:3ca202] [com.apple.UIKit:KeyboardUI] Keyboard receives keyEvent type: 4; subtype: 0
2026-08-12 15:29:31.006 Df IlliniCover[22888:3ca202] [com.apple.UIKit:KeyboardUI] Keyboard sends inputEvent to kbd
2026-08-12 15:29:31.006 Df IlliniCover[22888:3ca202] [com.apple.UIKit:EventDispatch] Evaluating dispatch of UIEvent: 0x126179b80; type: 4; subtype: 0; backing type: 30; shouldSend: 0; ignoreInteractionEvents: 0, systemGestureStateChange: 0
2026-08-12 15:29:31.006 Df IlliniCover[22888:3ca215] [com.apple.UIKit:KeyboardUI] Keyboard receives output from kbd
2026-08-12 15:29:31.013 Df IlliniCover[22888:3ca215] [com.apple.TextInputUI:CandidateGeneration] All generators are not complete.
2026-08-12 15:29:31.014 Df IlliniCover[22888:3ca216] [com.apple.TextInputUI:CandidateGeneration] All generators are not complete.
2026-08-12 15:29:31.015 Df IlliniCover[22888:3ca216] [com.apple.TextInputUI:CandidateGeneration] All generators are complete, dispatching to `completionBlockJustOnce`
2026-08-12 15:29:31.016 Df IlliniCover[22888:3ca216] [com.apple.TextInputUI:CandidateGeneration] Assigning candidates of source type kbd to `containerToPush, for autocorrection flow only` - A61CA5A5
2026-08-12 15:29:31.016 Df IlliniCover[22888:3ca216] [com.apple.TextInputUI:CandidateGeneration] Preparing to push <_TUIKeyboardCandidateContainer: 0x1251752a0> to candidate receiver, for request token: A61CA5A5
2026-08-12 15:29:31.016 Df IlliniCover[22888:3ca216] [com.apple.TextInputUI:CandidateGeneration] Performing delayed generation for token=A61CA5A5
2026-08-12 15:29:31.016 Df IlliniCover[22888:3ca218] [com.apple.TextInputUI:CandidateGeneration] containerToPush has an autocorrection list.  pushing to candidate receiver with request token. A61CA5A5.
2026-08-12 15:29:31.038 Df IlliniCover[22888:3ca202] [com.apple.UIKit:KeyboardUI] Keyboard receives keyEvent type: 4; subtype: 0
2026-08-12 15:29:31.039 Df IlliniCover[22888:3ca202] [com.apple.UIKit:KeyboardUI] Keyboard sends inputEvent to kbd
2026-08-12 15:29:31.039 Df IlliniCover[22888:3ca202] [com.apple.UIKit:EventDispatch] Evaluating dispatch of UIEvent: 0x126179b80; type: 4; subtype: 0; backing type: 30; shouldSend: 0; ignoreInteractionEvents: 0, systemGestureStateChange: 0
2026-08-12 15:29:31.040 Df IlliniCover[22888:3ca216] [com.apple.UIKit:KeyboardUI] Keyboard receives output from kbd
2026-08-12 15:29:31.046 Df IlliniCover[22888:3ca216] [com.apple.TextInputUI:CandidateGeneration] All generators are not complete.
2026-08-12 15:29:31.047 Df IlliniCover[22888:3ca218] [com.apple.TextInputUI:CandidateGeneration] All generators are not complete.
2026-08-12 15:29:31.049 Df IlliniCover[22888:3ca218] [com.apple.TextInputUI:CandidateGeneration] All generators are complete, dispatching to `completionBlockJustOnce`
2026-08-12 15:29:31.049 Df IlliniCover[22888:3ca218] [com.apple.TextInputUI:CandidateGeneration] Assigning candidates of source type kbd to `containerToPush, for autocorrection flow only` - C6AB9646
2026-08-12 15:29:31.049 Df IlliniCover[22888:3ca218] [com.apple.TextInputUI:CandidateGeneration] Preparing to push <_TUIKeyboardCandidateContainer: 0x125176000> to candidate receiver, for request token: C6AB9646
2026-08-12 15:29:31.049 Df IlliniCover[22888:3ca218] [com.apple.TextInputUI:CandidateGeneration] Performing delayed generation for token=C6AB9646
2026-08-12 15:29:31.049 Df IlliniCover[22888:3ca215] [com.apple.TextInputUI:CandidateGeneration] containerToPush has an autocorrection list.  pushing to candidate receiver with request token. C6AB9646.
2026-08-12 15:29:31.071 Df IlliniCover[22888:3ca202] [com.apple.UIKit:KeyboardUI] Keyboard receives keyEvent type: 4; subtype: 0
2026-08-12 15:29:31.072 Df IlliniCover[22888:3ca202] [com.apple.UIKit:KeyboardUI] Keyboard sends inputEvent to kbd
2026-08-12 15:29:31.072 Df IlliniCover[22888:3ca202] [com.apple.UIKit:EventDispatch] Evaluating dispatch of UIEvent: 0x126179b80; type: 4; subtype: 0; backing type: 30; shouldSend: 0; ignoreInteractionEvents: 0, systemGestureStateChange: 0
2026-08-12 15:29:31.073 Df IlliniCover[22888:3ca215] [com.apple.UIKit:KeyboardUI] Keyboard receives output from kbd
2026-08-12 15:29:31.080 Df IlliniCover[22888:3ca215] [com.apple.TextInputUI:CandidateGeneration] All generators are not complete.
2026-08-12 15:29:31.081 Df IlliniCover[22888:3ca218] [com.apple.TextInputUI:CandidateGeneration] All generators are not complete.
2026-08-12 15:29:31.082 Df IlliniCover[22888:3ca218] [com.apple.TextInputUI:CandidateGeneration] All generators are complete, dispatching to `completionBlockJustOnce`
2026-08-12 15:29:31.082 Df IlliniCover[22888:3ca218] [com.apple.TextInputUI:CandidateGeneration] Assigning candidates of source type kbd to `containerToPush, for autocorrection flow only` - B9EC05B6
2026-08-12 15:29:31.082 Df IlliniCover[22888:3ca218] [com.apple.TextInputUI:CandidateGeneration] Preparing to push <_TUIKeyboardCandidateContainer: 0x125177980> to candidate receiver, for request token: B9EC05B6
2026-08-12 15:29:31.082 Df IlliniCover[22888:3ca218] [com.apple.TextInputUI:CandidateGeneration] Performing delayed generation for token=B9EC05B6
2026-08-12 15:29:31.082 Df IlliniCover[22888:3ca216] [com.apple.TextInputUI:CandidateGeneration] containerToPush has an autocorrection list.  pushing to candidate receiver with request token. B9EC05B6.
2026-08-12 15:29:31.105 Df IlliniCover[22888:3ca202] [com.apple.UIKit:KeyboardUI] Keyboard receives keyEvent type: 4; subtype: 0
2026-08-12 15:29:31.106 Df IlliniCover[22888:3ca202] [com.apple.UIKit:KeyboardUI] Keyboard sends inputEvent to kbd
2026-08-12 15:29:31.106 Df IlliniCover[22888:3ca202] [com.apple.UIKit:EventDispatch] Evaluating dispatch of UIEvent: 0x126179b80; type: 4; subtype: 0; backing type: 30; shouldSend: 0; ignoreInteractionEvents: 0, systemGestureStateChange: 0
2026-08-12 15:29:31.106 Df IlliniCover[22888:3ca218] [com.apple.UIKit:KeyboardUI] Keyboard receives output from kbd
2026-08-12 15:29:31.113 Df IlliniCover[22888:3ca218] [com.apple.TextInputUI:CandidateGeneration] All generators are not complete.
2026-08-12 15:29:31.114 Df IlliniCover[22888:3ca216] [com.apple.TextInputUI:CandidateGeneration] All generators are not complete.
2026-08-12 15:29:31.116 Df IlliniCover[22888:3ca216] [com.apple.TextInputUI:CandidateGeneration] All generators are complete, dispatching to `completionBlockJustOnce`
2026-08-12 15:29:31.116 Df IlliniCover[22888:3ca216] [com.apple.TextInputUI:CandidateGeneration] Assigning candidates of source type kbd to `containerToPush, for autocorrection flow only` - 466ABC41
2026-08-12 15:29:31.116 Df IlliniCover[22888:3ca216] [com.apple.TextInputUI:CandidateGeneration] Preparing to push <_TUIKeyboardCandidateContainer: 0x125322d20> to candidate receiver, for request token: 466ABC41
2026-08-12 15:29:31.116 Df IlliniCover[22888:3ca216] [com.apple.TextInputUI:CandidateGeneration] Performing delayed generation for token=466ABC41
2026-08-12 15:29:31.116 Df IlliniCover[22888:3ca218] [com.apple.TextInputUI:CandidateGeneration] containerToPush has an autocorrection list.  pushing to candidate receiver with request token. 466ABC41.
2026-08-12 15:29:31.138 Df IlliniCover[22888:3ca202] [com.apple.UIKit:KeyboardUI] Keyboard receives keyEvent type: 4; subtype: 0
2026-08-12 15:29:31.139 Df IlliniCover[22888:3ca202] [com.apple.UIKit:KeyboardUI] Keyboard sends inputEvent to kbd
2026-08-12 15:29:31.139 Df IlliniCover[22888:3ca202] [com.apple.UIKit:EventDispatch] Evaluating dispatch of UIEvent: 0x126179b80; type: 4; subtype: 0; backing type: 30; shouldSend: 0; ignoreInteractionEvents: 0, systemGestureStateChange: 0
2026-08-12 15:29:31.140 Df IlliniCover[22888:3ca216] [com.apple.UIKit:KeyboardUI] Keyboard receives output from kbd
2026-08-12 15:29:31.147 Df IlliniCover[22888:3ca216] [com.apple.TextInputUI:CandidateGeneration] All generators are not complete.
2026-08-12 15:29:31.148 Df IlliniCover[22888:3ca218] [com.apple.TextInputUI:CandidateGeneration] All generators are not complete.
2026-08-12 15:29:31.149 Df IlliniCover[22888:3ca218] [com.apple.TextInputUI:CandidateGeneration] All generators are complete, dispatching to `completionBlockJustOnce`
2026-08-12 15:29:31.149 Df IlliniCover[22888:3ca218] [com.apple.TextInputUI:CandidateGeneration] Assigning candidates of source type kbd to `containerToPush, for autocorrection flow only` - C7A1499C
2026-08-12 15:29:31.149 Df IlliniCover[22888:3ca218] [com.apple.TextInputUI:CandidateGeneration] Preparing to push <_TUIKeyboardCandidateContainer: 0x1253abfe0> to candidate receiver, for request token: C7A1499C
2026-08-12 15:29:31.149 Df IlliniCover[22888:3ca218] [com.apple.TextInputUI:CandidateGeneration] Performing delayed generation for token=C7A1499C
2026-08-12 15:29:31.149 Df IlliniCover[22888:3ca215] [com.apple.TextInputUI:CandidateGeneration] containerToPush has an autocorrection list.  pushing to candidate receiver with request token. C7A1499C.
2026-08-12 15:29:31.171 Df IlliniCover[22888:3ca202] [com.apple.UIKit:KeyboardUI] Keyboard receives keyEvent type: 4; subtype: 0
2026-08-12 15:29:31.172 Df IlliniCover[22888:3ca202] [com.apple.UIKit:KeyboardUI] Keyboard sends inputEvent to kbd
2026-08-12 15:29:31.172 Df IlliniCover[22888:3ca202] [com.apple.UIKit:EventDispatch] Evaluating dispatch of UIEvent: 0x126179b80; type: 4; subtype: 0; backing type: 30; shouldSend: 0; ignoreInteractionEvents: 0, systemGestureStateChange: 0
2026-08-12 15:29:31.173 Df IlliniCover[22888:3ca215] [com.apple.UIKit:KeyboardUI] Keyboard receives output from kbd
2026-08-12 15:29:31.180 Df IlliniCover[22888:3ca215] [com.apple.TextInputUI:CandidateGeneration] All generators are not complete.
2026-08-12 15:29:31.181 Df IlliniCover[22888:3ca218] [com.apple.TextInputUI:CandidateGeneration] All generators are not complete.
2026-08-12 15:29:31.182 Df IlliniCover[22888:3ca218] [com.apple.TextInputUI:CandidateGeneration] All generators are complete, dispatching to `completionBlockJustOnce`
2026-08-12 15:29:31.182 Df IlliniCover[22888:3ca215] [com.apple.TextInputUI:CandidateGeneration] Assigning candidates of source type kbd to `containerToPush, for autocorrection flow only` - 4B1A2EF8
2026-08-12 15:29:31.182 Df IlliniCover[22888:3ca215] [com.apple.TextInputUI:CandidateGeneration] Preparing to push <_TUIKeyboardCandidateContainer: 0x1253ab340> to candidate receiver, for request token: 4B1A2EF8
2026-08-12 15:29:31.182 Df IlliniCover[22888:3ca215] [com.apple.TextInputUI:CandidateGeneration] Performing delayed generation for token=4B1A2EF8
2026-08-12 15:29:31.182 Df IlliniCover[22888:3ca218] [com.apple.TextInputUI:CandidateGeneration] containerToPush has an autocorrection list.  pushing to candidate receiver with request token. 4B1A2EF8.
2026-08-12 15:29:31.205 Df IlliniCover[22888:3ca202] [com.apple.UIKit:KeyboardUI] Keyboard receives keyEvent type: 4; subtype: 0
2026-08-12 15:29:31.206 Df IlliniCover[22888:3ca202] [com.apple.UIKit:KeyboardUI] Keyboard sends inputEvent to kbd
2026-08-12 15:29:31.206 Df IlliniCover[22888:3ca202] [com.apple.UIKit:EventDispatch] Evaluating dispatch of UIEvent: 0x126179b80; type: 4; subtype: 0; backing type: 30; shouldSend: 0; ignoreInteractionEvents: 0, systemGestureStateChange: 0
2026-08-12 15:29:31.206 Df IlliniCover[22888:3ca218] [com.apple.UIKit:KeyboardUI] Keyboard receives output from kbd
2026-08-12 15:29:31.213 Df IlliniCover[22888:3ca218] [com.apple.TextInputUI:CandidateGeneration] All generators are not complete.
2026-08-12 15:29:31.214 Df IlliniCover[22888:3ca215] [com.apple.TextInputUI:CandidateGeneration] All generators are not complete.
2026-08-12 15:29:31.215 Df IlliniCover[22888:3ca215] [com.apple.TextInputUI:CandidateGeneration] All generators are complete, dispatching to `completionBlockJustOnce`
2026-08-12 15:29:31.216 Df IlliniCover[22888:3ca215] [com.apple.TextInputUI:CandidateGeneration] Assigning candidates of source type kbd to `containerToPush, for autocorrection flow only` - C3F6471E
2026-08-12 15:29:31.216 Df IlliniCover[22888:3ca215] [com.apple.TextInputUI:CandidateGeneration] Preparing to push <_TUIKeyboardCandidateContainer: 0x1253aa100> to candidate receiver, for request token: C3F6471E
2026-08-12 15:29:31.216 Df IlliniCover[22888:3ca215] [com.apple.TextInputUI:CandidateGeneration] Performing delayed generation for token=C3F6471E
2026-08-12 15:29:31.216 Df IlliniCover[22888:3ca216] [com.apple.TextInputUI:CandidateGeneration] containerToPush has an autocorrection list.  pushing to candidate receiver with request token. C3F6471E.
2026-08-12 15:29:31.238 Df IlliniCover[22888:3ca202] [com.apple.UIKit:KeyboardUI] Keyboard receives keyEvent type: 4; subtype: 0
2026-08-12 15:29:31.239 Df IlliniCover[22888:3ca202] [com.apple.UIKit:KeyboardUI] Keyboard sends inputEvent to kbd
2026-08-12 15:29:31.239 Df IlliniCover[22888:3ca202] [com.apple.UIKit:EventDispatch] Evaluating dispatch of UIEvent: 0x126179b80; type: 4; subtype: 0; backing type: 30; shouldSend: 0; ignoreInteractionEvents: 0, systemGestureStateChange: 0
2026-08-12 15:29:31.240 Df IlliniCover[22888:3ca216] [com.apple.UIKit:KeyboardUI] Keyboard receives output from kbd
2026-08-12 15:29:31.246 Df IlliniCover[22888:3ca216] [com.apple.TextInputUI:CandidateGeneration] All generators are not complete.
2026-08-12 15:29:31.247 Df IlliniCover[22888:3ca215] [com.apple.TextInputUI:CandidateGeneration] All generators are not complete.
2026-08-12 15:29:31.249 Df IlliniCover[22888:3ca215] [com.apple.TextInputUI:CandidateGeneration] All generators are complete, dispatching to `completionBlockJustOnce`
2026-08-12 15:29:31.249 Df IlliniCover[22888:3ca215] [com.apple.TextInputUI:CandidateGeneration] Assigning candidates of source type kbd to `containerToPush, for autocorrection flow only` - AC38054B
2026-08-12 15:29:31.249 Df IlliniCover[22888:3ca215] [com.apple.TextInputUI:CandidateGeneration] Preparing to push <_TUIKeyboardCandidateContainer: 0x1253a93a0> to candidate receiver, for request token: AC38054B
2026-08-12 15:29:31.249 Df IlliniCover[22888:3ca215] [com.apple.TextInputUI:CandidateGeneration] Performing delayed generation for token=AC38054B
2026-08-12 15:29:31.249 Df IlliniCover[22888:3ca216] [com.apple.TextInputUI:CandidateGeneration] containerToPush has an autocorrection list.  pushing to candidate receiver with request token. AC38054B.
2026-08-12 15:29:31.271 Df IlliniCover[22888:3ca202] [com.apple.UIKit:KeyboardUI] Keyboard receives keyEvent type: 4; subtype: 0
2026-08-12 15:29:31.272 Df IlliniCover[22888:3ca202] [com.apple.UIKit:KeyboardUI] Keyboard sends inputEvent to kbd
2026-08-12 15:29:31.272 Df IlliniCover[22888:3ca202] [com.apple.UIKit:EventDispatch] Evaluating dispatch of UIEvent: 0x126179b80; type: 4; subtype: 0; backing type: 30; shouldSend: 0; ignoreInteractionEvents: 0, systemGestureStateChange: 0
2026-08-12 15:29:31.273 Df IlliniCover[22888:3ca216] [com.apple.UIKit:KeyboardUI] Keyboard receives output from kbd
2026-08-12 15:29:31.280 Df IlliniCover[22888:3ca216] [com.apple.TextInputUI:CandidateGeneration] All generators are not complete.
2026-08-12 15:29:31.281 Df IlliniCover[22888:3ca215] [com.apple.TextInputUI:CandidateGeneration] All generators are not complete.
2026-08-12 15:29:31.282 Df IlliniCover[22888:3ca215] [com.apple.TextInputUI:CandidateGeneration] All generators are complete, dispatching to `completionBlockJustOnce`
2026-08-12 15:29:31.282 Df IlliniCover[22888:3ca215] [com.apple.TextInputUI:CandidateGeneration] Assigning candidates of source type kbd to `containerToPush, for autocorrection flow only` - ADDF7004
2026-08-12 15:29:31.282 Df IlliniCover[22888:3ca215] [com.apple.TextInputUI:CandidateGeneration] Preparing to push <_TUIKeyboardCandidateContainer: 0x1253abfa0> to candidate receiver, for request token: ADDF7004
2026-08-12 15:29:31.282 Df IlliniCover[22888:3ca215] [com.apple.TextInputUI:CandidateGeneration] Performing delayed generation for token=ADDF7004
2026-08-12 15:29:31.282 Df IlliniCover[22888:3ca218] [com.apple.TextInputUI:CandidateGeneration] containerToPush has an autocorrection list.  pushing to candidate receiver with request token. ADDF7004.
2026-08-12 15:29:31.305 Df IlliniCover[22888:3ca202] [com.apple.UIKit:KeyboardUI] Keyboard receives keyEvent type: 4; subtype: 0
2026-08-12 15:29:31.306 Df IlliniCover[22888:3ca202] [com.apple.UIKit:KeyboardUI] Keyboard sends inputEvent to kbd
2026-08-12 15:29:31.306 Df IlliniCover[22888:3ca202] [com.apple.UIKit:EventDispatch] Evaluating dispatch of UIEvent: 0x126179b80; type: 4; subtype: 0; backing type: 30; shouldSend: 0; ignoreInteractionEvents: 0, systemGestureStateChange: 0
2026-08-12 15:29:31.306 Df IlliniCover[22888:3ca218] [com.apple.UIKit:KeyboardUI] Keyboard receives output from kbd
2026-08-12 15:29:31.313 Df IlliniCover[22888:3ca218] [com.apple.TextInputUI:CandidateGeneration] All generators are not complete.
2026-08-12 15:29:31.314 Df IlliniCover[22888:3ca215] [com.apple.TextInputUI:CandidateGeneration] All generators are not complete.
2026-08-12 15:29:31.315 Df IlliniCover[22888:3ca215] [com.apple.TextInputUI:CandidateGeneration] All generators are complete, dispatching to `completionBlockJustOnce`
2026-08-12 15:29:31.315 Df IlliniCover[22888:3ca218] [com.apple.TextInputUI:CandidateGeneration] Assigning candidates of source type kbd to `containerToPush, for autocorrection flow only` - 8176905D
2026-08-12 15:29:31.316 Df IlliniCover[22888:3ca218] [com.apple.TextInputUI:CandidateGeneration] Preparing to push <_TUIKeyboardCandidateContainer: 0x1253ab700> to candidate receiver, for request token: 8176905D
2026-08-12 15:29:31.316 Df IlliniCover[22888:3ca218] [com.apple.TextInputUI:CandidateGeneration] Performing delayed generation for token=8176905D
2026-08-12 15:29:31.316 Df IlliniCover[22888:3ca215] [com.apple.TextInputUI:CandidateGeneration] containerToPush has an autocorrection list.  pushing to candidate receiver with request token. 8176905D.
2026-08-12 15:29:31.338 Df IlliniCover[22888:3ca202] [com.apple.UIKit:KeyboardUI] Keyboard receives keyEvent type: 4; subtype: 0
2026-08-12 15:29:31.339 Df IlliniCover[22888:3ca202] [com.apple.UIKit:KeyboardUI] Keyboard sends inputEvent to kbd
2026-08-12 15:29:31.339 Df IlliniCover[22888:3ca202] [com.apple.UIKit:EventDispatch] Evaluating dispatch of UIEvent: 0x126179b80; type: 4; subtype: 0; backing type: 30; shouldSend: 0; ignoreInteractionEvents: 0, systemGestureStateChange: 0
2026-08-12 15:29:31.340 Df IlliniCover[22888:3ca218] [com.apple.UIKit:KeyboardUI] Keyboard receives output from kbd
2026-08-12 15:29:31.347 Df IlliniCover[22888:3ca218] [com.apple.TextInputUI:CandidateGeneration] All generators are not complete.
2026-08-12 15:29:31.347 Df IlliniCover[22888:3ca215] [com.apple.TextInputUI:CandidateGeneration] All generators are not complete.
2026-08-12 15:29:31.349 Df IlliniCover[22888:3ca215] [com.apple.TextInputUI:CandidateGeneration] All generators are complete, dispatching to `completionBlockJustOnce`
2026-08-12 15:29:31.349 Df IlliniCover[22888:3ca218] [com.apple.TextInputUI:CandidateGeneration] Assigning candidates of source type kbd to `containerToPush, for autocorrection flow only` - 1F1FEDEB
2026-08-12 15:29:31.349 Df IlliniCover[22888:3ca218] [com.apple.TextInputUI:CandidateGeneration] Preparing to push <_TUIKeyboardCandidateContainer: 0x1253abf00> to candidate receiver, for request token: 1F1FEDEB
2026-08-12 15:29:31.349 Df IlliniCover[22888:3ca218] [com.apple.TextInputUI:CandidateGeneration] Performing delayed generation for token=1F1FEDEB
2026-08-12 15:29:31.349 Df IlliniCover[22888:3ca215] [com.apple.TextInputUI:CandidateGeneration] containerToPush has an autocorrection list.  pushing to candidate receiver with request token. 1F1FEDEB.
2026-08-12 15:29:31.371 Df IlliniCover[22888:3ca202] [com.apple.UIKit:KeyboardUI] Keyboard receives keyEvent type: 4; subtype: 0
2026-08-12 15:29:31.372 Df IlliniCover[22888:3ca202] [com.apple.UIKit:KeyboardUI] Keyboard sends inputEvent to kbd
2026-08-12 15:29:31.372 Df IlliniCover[22888:3ca202] [com.apple.UIKit:EventDispatch] Evaluating dispatch of UIEvent: 0x126179b80; type: 4; subtype: 0; backing type: 30; shouldSend: 0; ignoreInteractionEvents: 0, systemGestureStateChange: 0
2026-08-12 15:29:31.373 Df IlliniCover[22888:3ca215] [com.apple.UIKit:KeyboardUI] Keyboard receives output from kbd
2026-08-12 15:29:31.380 Df IlliniCover[22888:3ca215] [com.apple.TextInputUI:CandidateGeneration] All generators are not complete.
2026-08-12 15:29:31.381 Df IlliniCover[22888:3ca218] [com.apple.TextInputUI:CandidateGeneration] All generators are not complete.
2026-08-12 15:29:31.382 Df IlliniCover[22888:3ca218] [com.apple.TextInputUI:CandidateGeneration] All generators are complete, dispatching to `completionBlockJustOnce`
2026-08-12 15:29:31.382 Df IlliniCover[22888:3ca218] [com.apple.TextInputUI:CandidateGeneration] Assigning candidates of source type kbd to `containerToPush, for autocorrection flow only` - D7430456
2026-08-12 15:29:31.382 Df IlliniCover[22888:3ca218] [com.apple.TextInputUI:CandidateGeneration] Preparing to push <_TUIKeyboardCandidateContainer: 0x1253abd00> to candidate receiver, for request token: D7430456
2026-08-12 15:29:31.382 Df IlliniCover[22888:3ca218] [com.apple.TextInputUI:CandidateGeneration] Performing delayed generation for token=D7430456
2026-08-12 15:29:31.382 Df IlliniCover[22888:3ca215] [com.apple.TextInputUI:CandidateGeneration] containerToPush has an autocorrection list.  pushing to candidate receiver with request token. D7430456.
2026-08-12 15:29:31.405 Df IlliniCover[22888:3ca202] [com.apple.UIKit:KeyboardUI] Keyboard receives keyEvent type: 4; subtype: 0
2026-08-12 15:29:31.406 Df IlliniCover[22888:3ca202] [com.apple.UIKit:KeyboardUI] Keyboard sends inputEvent to kbd
2026-08-12 15:29:31.406 Df IlliniCover[22888:3ca202] [com.apple.UIKit:EventDispatch] Evaluating dispatch of UIEvent: 0x126179b80; type: 4; subtype: 0; backing type: 30; shouldSend: 0; ignoreInteractionEvents: 0, systemGestureStateChange: 0
2026-08-12 15:29:31.406 Df IlliniCover[22888:3ca215] [com.apple.UIKit:KeyboardUI] Keyboard receives output from kbd
2026-08-12 15:29:31.413 Df IlliniCover[22888:3ca215] [com.apple.TextInputUI:CandidateGeneration] All generators are not complete.
2026-08-12 15:29:31.414 Df IlliniCover[22888:3ca218] [com.apple.TextInputUI:CandidateGeneration] All generators are not complete.
2026-08-12 15:29:31.415 Df IlliniCover[22888:3ca218] [com.apple.TextInputUI:CandidateGeneration] All generators are complete, dispatching to `completionBlockJustOnce`
2026-08-12 15:29:31.415 Df IlliniCover[22888:3ca218] [com.apple.TextInputUI:CandidateGeneration] Assigning candidates of source type kbd to `containerToPush, for autocorrection flow only` - 67CEE835
2026-08-12 15:29:31.415 Df IlliniCover[22888:3ca218] [com.apple.TextInputUI:CandidateGeneration] Preparing to push <_TUIKeyboardCandidateContainer: 0x1253a9c80> to candidate receiver, for request token: 67CEE835
2026-08-12 15:29:31.415 Df IlliniCover[22888:3ca218] [com.apple.TextInputUI:CandidateGeneration] Performing delayed generation for token=67CEE835
2026-08-12 15:29:31.415 Df IlliniCover[22888:3ca216] [com.apple.TextInputUI:CandidateGeneration] containerToPush has an autocorrection list.  pushing to candidate receiver with request token. 67CEE835.
2026-08-12 15:29:31.438 Df IlliniCover[22888:3ca202] [com.apple.UIKit:KeyboardUI] Keyboard receives keyEvent type: 4; subtype: 0
2026-08-12 15:29:31.439 Df IlliniCover[22888:3ca202] [com.apple.UIKit:KeyboardUI] Keyboard sends inputEvent to kbd
2026-08-12 15:29:31.439 Df IlliniCover[22888:3ca202] [com.apple.UIKit:EventDispatch] Evaluating dispatch of UIEvent: 0x126179b80; type: 4; subtype: 0; backing type: 30; shouldSend: 0; ignoreInteractionEvents: 0, systemGestureStateChange: 0
2026-08-12 15:29:31.440 Df IlliniCover[22888:3ca218] [com.apple.UIKit:KeyboardUI] Keyboard receives output from kbd
2026-08-12 15:29:31.447 Df IlliniCover[22888:3ca218] [com.apple.TextInputUI:CandidateGeneration] All generators are not complete.
2026-08-12 15:29:31.447 Df IlliniCover[22888:3ca216] [com.apple.TextInputUI:CandidateGeneration] All generators are not complete.
2026-08-12 15:29:31.449 Df IlliniCover[22888:3ca216] [com.apple.TextInputUI:CandidateGeneration] All generators are complete, dispatching to `completionBlockJustOnce`
2026-08-12 15:29:31.449 Df IlliniCover[22888:3ca216] [com.apple.TextInputUI:CandidateGeneration] Assigning candidates of source type kbd to `containerToPush, for autocorrection flow only` - 475F529D
2026-08-12 15:29:31.449 Df IlliniCover[22888:3ca216] [com.apple.TextInputUI:CandidateGeneration] Preparing to push <_TUIKeyboardCandidateContainer: 0x1253aac80> to candidate receiver, for request token: 475F529D
2026-08-12 15:29:31.449 Df IlliniCover[22888:3ca216] [com.apple.TextInputUI:CandidateGeneration] Performing delayed generation for token=475F529D
2026-08-12 15:29:31.449 Df IlliniCover[22888:3ca215] [com.apple.TextInputUI:CandidateGeneration] containerToPush has an autocorrection list.  pushing to candidate receiver with request token. 475F529D.
2026-08-12 15:29:31.471 Df IlliniCover[22888:3ca202] [com.apple.UIKit:KeyboardUI] Keyboard receives keyEvent type: 4; subtype: 0
2026-08-12 15:29:31.472 Df IlliniCover[22888:3ca202] [com.apple.UIKit:KeyboardUI] Keyboard sends inputEvent to kbd
2026-08-12 15:29:31.472 Df IlliniCover[22888:3ca202] [com.apple.UIKit:EventDispatch] Evaluating dispatch of UIEvent: 0x126179b80; type: 4; subtype: 0; backing type: 30; shouldSend: 0; ignoreInteractionEvents: 0, systemGestureStateChange: 0
2026-08-12 15:29:31.473 Df IlliniCover[22888:3ca215] [com.apple.UIKit:KeyboardUI] Keyboard receives output from kbd
2026-08-12 15:29:31.480 Df IlliniCover[22888:3ca215] [com.apple.TextInputUI:CandidateGeneration] All generators are not complete.
2026-08-12 15:29:31.481 Df IlliniCover[22888:3ca216] [com.apple.TextInputUI:CandidateGeneration] All generators are not complete.
2026-08-12 15:29:31.482 Df IlliniCover[22888:3ca216] [com.apple.TextInputUI:CandidateGeneration] All generators are complete, dispatching to `completionBlockJustOnce`
2026-08-12 15:29:31.482 Df IlliniCover[22888:3ca215] [com.apple.TextInputUI:CandidateGeneration] Assigning candidates of source type kbd to `containerToPush, for autocorrection flow only` - DC488F92
2026-08-12 15:29:31.482 Df IlliniCover[22888:3ca215] [com.apple.TextInputUI:CandidateGeneration] Preparing to push <_TUIKeyboardCandidateContainer: 0x1253aa940> to candidate receiver, for request token: DC488F92
2026-08-12 15:29:31.482 Df IlliniCover[22888:3ca215] [com.apple.TextInputUI:CandidateGeneration] Performing delayed generation for token=DC488F92
2026-08-12 15:29:31.482 Df IlliniCover[22888:3ca216] [com.apple.TextInputUI:CandidateGeneration] containerToPush has an autocorrection list.  pushing to candidate receiver with request token. DC488F92.
2026-08-12 15:29:31.505 Df IlliniCover[22888:3ca202] [com.apple.UIKit:KeyboardUI] Keyboard receives keyEvent type: 4; subtype: 0
2026-08-12 15:29:31.506 Df IlliniCover[22888:3ca202] [com.apple.UIKit:KeyboardUI] Keyboard sends inputEvent to kbd
2026-08-12 15:29:31.506 Df IlliniCover[22888:3ca202] [com.apple.UIKit:EventDispatch] Evaluating dispatch of UIEvent: 0x126179b80; type: 4; subtype: 0; backing type: 30; shouldSend: 0; ignoreInteractionEvents: 0, systemGestureStateChange: 0
2026-08-12 15:29:31.506 Df IlliniCover[22888:3ca216] [com.apple.UIKit:KeyboardUI] Keyboard receives output from kbd
2026-08-12 15:29:31.514 Df IlliniCover[22888:3ca216] [com.apple.TextInputUI:CandidateGeneration] All generators are not complete.
2026-08-12 15:29:31.515 Df IlliniCover[22888:3ca215] [com.apple.TextInputUI:CandidateGeneration] All generators are not complete.
2026-08-12 15:29:31.516 Df IlliniCover[22888:3ca215] [com.apple.TextInputUI:CandidateGeneration] All generators are complete, dispatching to `completionBlockJustOnce`
2026-08-12 15:29:31.516 Df IlliniCover[22888:3ca215] [com.apple.TextInputUI:CandidateGeneration] Assigning candidates of source type kbd to `containerToPush, for autocorrection flow only` - C8A118C9
2026-08-12 15:29:31.516 Df IlliniCover[22888:3ca215] [com.apple.TextInputUI:CandidateGeneration] Preparing to push <_TUIKeyboardCandidateContainer: 0x125177d40> to candidate receiver, for request token: C8A118C9
2026-08-12 15:29:31.516 Df IlliniCover[22888:3ca215] [com.apple.TextInputUI:CandidateGeneration] Performing delayed generation for token=C8A118C9
2026-08-12 15:29:31.516 Df IlliniCover[22888:3ca218] [com.apple.TextInputUI:CandidateGeneration] containerToPush has an autocorrection list.  pushing to candidate receiver with request token. C8A118C9.
2026-08-12 15:29:31.538 Df IlliniCover[22888:3ca202] [com.apple.UIKit:KeyboardUI] Keyboard receives keyEvent type: 4; subtype: 0
2026-08-12 15:29:31.539 Df IlliniCover[22888:3ca202] [com.apple.UIKit:KeyboardUI] Keyboard sends inputEvent to kbd
2026-08-12 15:29:31.539 Df IlliniCover[22888:3ca202] [com.apple.UIKit:EventDispatch] Evaluating dispatch of UIEvent: 0x126179b80; type: 4; subtype: 0; backing type: 30; shouldSend: 0; ignoreInteractionEvents: 0, systemGestureStateChange: 0
2026-08-12 15:29:31.540 Df IlliniCover[22888:3ca218] [com.apple.UIKit:KeyboardUI] Keyboard receives output from kbd
2026-08-12 15:29:31.546 Df IlliniCover[22888:3ca218] [com.apple.TextInputUI:CandidateGeneration] All generators are not complete.
2026-08-12 15:29:31.547 Df IlliniCover[22888:3ca215] [com.apple.TextInputUI:CandidateGeneration] All generators are not complete.
2026-08-12 15:29:31.549 Df IlliniCover[22888:3ca215] [com.apple.TextInputUI:CandidateGeneration] All generators are complete, dispatching to `completionBlockJustOnce`
2026-08-12 15:29:31.549 Df IlliniCover[22888:3ca215] [com.apple.TextInputUI:CandidateGeneration] Assigning candidates of source type kbd to `containerToPush, for autocorrection flow only` - 8936E994
2026-08-12 15:29:31.549 Df IlliniCover[22888:3ca215] [com.apple.TextInputUI:CandidateGeneration] Preparing to push <_TUIKeyboardCandidateContainer: 0x125177240> to candidate receiver, for request token: 8936E994
2026-08-12 15:29:31.549 Df IlliniCover[22888:3ca215] [com.apple.TextInputUI:CandidateGeneration] Performing delayed generation for token=8936E994
2026-08-12 15:29:31.549 Df IlliniCover[22888:3ca216] [com.apple.TextInputUI:CandidateGeneration] containerToPush has an autocorrection list.  pushing to candidate receiver with request token. 8936E994.
2026-08-12 15:29:32.037 Df IlliniCover[22888:3ca215] [com.apple.dt.xctest:Default] Received request to fetch matches for query: ↪︎ Descendants matching type Keyboard (First Match)
2026-08-12 15:29:32.037 Df IlliniCover[22888:3ca216] [com.apple.dt.xctest:Default] Evaluating query:
 ↪︎ Descendants matching type Keyboard (First Match)
2026-08-12 15:29:32.037 Df IlliniCover[22888:3ca216] [com.apple.dt.xctest:Default] Getting root element snapshot
2026-08-12 15:29:32.037 Df IlliniCover[22888:3ca216] [com.apple.dt.xctest:Default] Returning faulting root node. Data source will be attached when needed on MT.
2026-08-12 15:29:32.037 Df IlliniCover[22888:3ca216] [com.apple.dt.xctest:Default] Decomposed transformers into first match sequences:
↪︎ Descendants matching type Keyboard (First Match)
2026-08-12 15:29:32.037 Df IlliniCover[22888:3ca216] [com.apple.dt.xctest:Default] XCTPerformOnMainRunLoop[not MT]: about to CFRunLoopPerform
2026-08-12 15:29:32.037 Df IlliniCover[22888:3ca216] [com.apple.dt.xctest:Default] XCTPerformOnMainRunLoop[not MT]: waiting with 30.00s responsiveness timeout
2026-08-12 15:29:32.037 Df IlliniCover[22888:3ca202] [com.apple.dt.xctest:Default] XCTPerformOnMainRunLoop[MT]: inside CFRunLoopPerform
2026-08-12 15:29:32.037 Df IlliniCover[22888:3ca202] [com.apple.dt.xctest:Default] XCTPerformOnMainRunLoop[MT]: MT responded in time (won the race to the busy flag)
2026-08-12 15:29:32.037 Df IlliniCover[22888:3ca216] [com.apple.dt.xctest:Default] XCTPerformOnMainRunLoop[not MT]: waiting 60.00s for work to complete
2026-08-12 15:29:32.037 Df IlliniCover[22888:3ca202] [com.apple.dt.xctest:Default] XCTElementQuery: set data source for rootElementSnapshot to <XCTAutomationSession: 0x109652d60>
2026-08-12 15:29:32.037 Df IlliniCover[22888:3ca202] [com.apple.dt.xctest:Default] Beginning first match sequence for input App element pid: 22888 with transformers 
↪︎ Descendants matching type Keyboard (First Match)
2026-08-12 15:29:32.037 Df IlliniCover[22888:3ca202] [com.apple.dt.xctest:Default] Current tree:
0x120b82a80 <App element pid: 22888>
2026-08-12 15:29:32.037 Df IlliniCover[22888:3ca202] [com.apple.dt.xctest:Default] Fetching AX attributes XC_kAXXCAttributeChildren for App element pid: 22888
2026-08-12 15:29:32.038 Df IlliniCover[22888:3ca202] [com.apple.dt.xctest:Default] Got attributes, transferring to dictionary for return.
2026-08-12 15:29:32.038 Df IlliniCover[22888:3ca202] [com.apple.dt.xctest:Default] App element pid: 22888 (App element pid: 22888) faulted in {
    "XC_kAXXCAttributeChildren" =     (
        "AX element pid: 22888, elementOrHash.elementID: 4452303872.4",
        "AX element pid: 22888, elementOrHash.elementID: 4714929664.13",
        "AX element pid: 22888, elementOrHash.elementID: 4899431168.313"
    );
}: (no error) for children using XC_kAXXCAttributeChildren
2026-08-12 15:29:32.038 Df IlliniCover[22888:3ca202] [com.apple.dt.xctest:Default] [First Match] iteration with input App element pid: 22888 and transformer `Descendants matching type Keyboard`
2026-08-12 15:29:32.038 Df IlliniCover[22888:3ca202] [com.apple.dt.xctest:Default] Fetching AX attributes XC_kAXXCAttributeElementType, XC_kAXXCAttributeElementBaseType, XC_kAXXCAttributeTraits, XC_kAXXCAttributeAutomationType for AX element pid: 22888, elementOrHash.elementID: 4452303872.4
2026-08-12 15:29:32.038 Df IlliniCover[22888:3ca202] [com.apple.dt.xctest:Default] Got attributes, transferring to dictionary for return.
2026-08-12 15:29:32.038 Df IlliniCover[22888:3ca202] [com.apple.dt.xctest:Default] AX element pid: 22888, elementOrHash.elementID: 4452303872.4 (AX element pid: 22888, elementOrHash.elementID: 4452303872.4) faulted in {
    "XC_kAXXCAttributeAutomationType" = 2;
    "XC_kAXXCAttributeElementBaseType" = UIWindow;
    "XC_kAXXCAttributeElementType" = UIWindow;
    "XC_kAXXCAttributeTraits" = 0;
}: (no error) for elementType using XC_kAXXCAttributeElementType, XC_kAXXCAttributeElementBaseType, XC_kAXXCAttributeTraits, XC_kAXXCAttributeAutomationType
2026-08-12 15:29:32.038 Df IlliniCover[22888:3ca202] [com.apple.dt.xctest:Default] Computed elementType Window.
2026-08-12 15:29:32.038 Df IlliniCover[22888:3ca202] [com.apple.dt.xctest:Default] Fetching AX attributes XC_kAXXCAttributeElementType, XC_kAXXCAttributeElementBaseType, XC_kAXXCAttributeTraits, XC_kAXXCAttributeAutomationType for AX element pid: 22888, elementOrHash.elementID: 4714929664.13
2026-08-12 15:29:32.038 Df IlliniCover[22888:3ca202] [com.apple.dt.xctest:Default] Got attributes, transferring to dictionary for return.
2026-08-12 15:29:32.038 Df IlliniCover[22888:3ca202] [com.apple.dt.xctest:Default] AX element pid: 22888, elementOrHash.elementID: 4714929664.13 (AX element pid: 22888, elementOrHash.elementID: 4714929664.13) faulted in {
    "XC_kAXXCAttributeAutomationType" = 2;
    "XC_kAXXCAttributeElementBaseType" = UITextEffectsWindow;
    "XC_kAXXCAttributeElementType" = UITextEffectsWindow;
    "XC_kAXXCAttributeTraits" = 0;
}: (no error) for elementType using XC_kAXXCAttributeElementType, XC_kAXXCAttributeElementBaseType, XC_kAXXCAttributeTraits, XC_kAXXCAttributeAutomationType
2026-08-12 15:29:32.038 Df IlliniCover[22888:3ca202] [com.apple.dt.xctest:Default] Computed elementType Window.
2026-08-12 15:29:32.038 Df IlliniCover[22888:3ca202] [com.apple.dt.xctest:Default] Fetching AX attributes XC_kAXXCAttributeElementType, XC_kAXXCAttributeElementBaseType, XC_kAXXCAttributeTraits, XC_kAXXCAttributeAutomationType for AX element pid: 22888, elementOrHash.elementID: 4899431168.313
2026-08-12 15:29:32.038 Df IlliniCover[22888:3ca202] [com.apple.dt.xctest:Default] Got attributes, transferring to dictionary for return.
2026-08-12 15:29:32.038 Df IlliniCover[22888:3ca202] [com.apple.dt.xctest:Default] AX element pid: 22888, elementOrHash.elementID: 4899431168.313 (AX element pid: 22888, elementOrHash.elementID: 4899431168.313) faulted in {
    "XC_kAXXCAttributeAutomationType" = 2;
    "XC_kAXXCAttributeElementBaseType" = UIRemoteKeyboardWindow;
    "XC_kAXXCAttributeElementType" = UIRemoteKeyboardWindow;
    "XC_kAXXCAttributeTraits" = 0;
}: (no error) for elementType using XC_kAXXCAttributeElementType, XC_kAXXCAttributeElementBaseType, XC_kAXXCAttributeTraits, XC_kAXXCAttributeAutomationType
2026-08-12 15:29:32.038 Df IlliniCover[22888:3ca202] [com.apple.dt.xctest:Default] Computed elementType Window.
2026-08-12 15:29:32.038 Df IlliniCover[22888:3ca202] [com.apple.dt.xctest:Default] Fetching AX attributes XC_kAXXCAttributeChildren for AX element pid: 22888, elementOrHash.elementID: 4452303872.4
2026-08-12 15:29:32.038 Df IlliniCover[22888:3ca202] [com.apple.dt.xctest:Default] Got attributes, transferring to dictionary for return.
2026-08-12 15:29:32.038 Df IlliniCover[22888:3ca202] [com.apple.dt.xctest:Default] Window (AX element pid: 22888, elementOrHash.elementID: 4452303872.4) faulted in {
    "XC_kAXXCAttributeChildren" =     (
        "AX element pid: 22888, elementOrHash.elementID: 4505408000.5",
        "AX element pid: 22888, elementOrHash.elementID: 4918992384.255"
    );
}: (no error) for children using XC_kAXXCAttributeChildren
2026-08-12 15:29:32.038 Df IlliniCover[22888:3ca202] [com.apple.dt.xctest:Default] Fetching AX attributes XC_kAXXCAttributeElementType, XC_kAXXCAttributeElementBaseType, XC_kAXXCAttributeTraits, XC_kAXXCAttributeAutomationType for AX element pid: 22888, elementOrHash.elementID: 4505408000.5
2026-08-12 15:29:32.039 Df IlliniCover[22888:3ca202] [com.apple.dt.xctest:Default] Got attributes, transferring to dictionary for return.
2026-08-12 15:29:32.039 Df IlliniCover[22888:3ca202] [com.apple.dt.xctest:Default] AX element pid: 22888, elementOrHash.elementID: 4505408000.5 (AX element pid: 22888, elementOrHash.elementID: 4505408000.5) faulted in {
    "XC_kAXXCAttributeAutomationType" = 0;
    "XC_kAXXCAttributeElementBaseType" = UITransitionView;
    "XC_kAXXCAttributeElementType" = UITransitionView;
    "XC_kAXXCAttributeTraits" = 0;
}: (no error) for elementType using XC_kAXXCAttributeElementType, XC_kAXXCAttributeElementBaseType, XC_kAXXCAttributeTraits, XC_kAXXCAttributeAutomationType
2026-08-12 15:29:32.039 Df IlliniCover[22888:3ca202] [com.apple.dt.xctest:Default] Computed elementType Other.
2026-08-12 15:29:32.039 Df IlliniCover[22888:3ca202] [com.apple.dt.xctest:Default] Fetching AX attributes XC_kAXXCAttributeElementType, XC_kAXXCAttributeElementBaseType, XC_kAXXCAttributeTraits, XC_kAXXCAttributeAutomationType for AX element pid: 22888, elementOrHash.elementID: 4918992384.255
2026-08-12 15:29:32.039 Df IlliniCover[22888:3ca202] [com.apple.dt.xctest:Default] Got attributes, transferring to dictionary for return.
2026-08-12 15:29:32.039 Df IlliniCover[22888:3ca202] [com.apple.dt.xctest:Default] AX element pid: 22888, elementOrHash.elementID: 4918992384.255 (AX element pid: 22888, elementOrHash.elementID: 4918992384.255) faulted in {
    "XC_kAXXCAttributeAutomationType" = 0;
    "XC_kAXXCAttributeElementBaseType" = UITransitionView;
    "XC_kAXXCAttributeElementType" = UITransitionView;
    "XC_kAXXCAttributeTraits" = 0;
}: (no error) for elementType using XC_kAXXCAttributeElementType, XC_kAXXCAttributeElementBaseType, XC_kAXXCAttributeTraits, XC_kAXXCAttributeAutomationType
2026-08-12 15:29:32.039 Df IlliniCover[22888:3ca202] [com.apple.dt.xctest:Default] Computed elementType Other.
2026-08-12 15:29:32.039 Df IlliniCover[22888:3ca202] [com.apple.dt.xctest:Default] Fetching AX attributes XC_kAXXCAttributeChildren for AX element pid: 22888, elementOrHash.elementID: 4714929664.13
2026-08-12 15:29:32.039 Df IlliniCover[22888:3ca202] [com.apple.dt.xctest:Default] Got attributes, transferring to dictionary for return.
2026-08-12 15:29:32.039 Df IlliniCover[22888:3ca202] [com.apple.dt.xctest:Default] Window (AX element pid: 22888, elementOrHash.elementID: 4714929664.13) faulted in {
    "XC_kAXXCAttributeChildren" =     (
        "AX element pid: 22888, elementOrHash.elementID: 4504751168.14"
    );
}: (no error) for children using XC_kAXXCAttributeChildren
2026-08-12 15:29:32.039 Df IlliniCover[22888:3ca202] [com.apple.dt.xctest:Default] Fetching AX attributes XC_kAXXCAttributeElementType, XC_kAXXCAttributeElementBaseType, XC_kAXXCAttributeTraits, XC_kAXXCAttributeAutomationType for AX element pid: 22888, elementOrHash.elementID: 4504751168.14
2026-08-12 15:29:32.039 Df IlliniCover[22888:3ca202] [com.apple.dt.xctest:Default] Got attributes, transferring to dictionary for return.
2026-08-12 15:29:32.039 Df IlliniCover[22888:3ca202] [com.apple.dt.xctest:Default] AX element pid: 22888, elementOrHash.elementID: 4504751168.14 (AX element pid: 22888, elementOrHash.elementID: 4504751168.14) faulted in {
    "XC_kAXXCAttributeAutomationType" = 0;
    "XC_kAXXCAttributeElementBaseType" = UITrackingWindowView;
    "XC_kAXXCAttributeElementType" = UITrackingWindowView;
    "XC_kAXXCAttributeTraits" = 8589934592;
}: (no error) for elementType using XC_kAXXCAttributeElementType, XC_kAXXCAttributeElementBaseType, XC_kAXXCAttributeTraits, XC_kAXXCAttributeAutomationType
2026-08-12 15:29:32.039 Df IlliniCover[22888:3ca202] [com.apple.dt.xctest:Default] Computed elementType Other.
2026-08-12 15:29:32.039 Df IlliniCover[22888:3ca202] [com.apple.dt.xctest:Default] Fetching AX attributes XC_kAXXCAttributeChildren for AX element pid: 22888, elementOrHash.elementID: 4899431168.313
2026-08-12 15:29:32.039 Df IlliniCover[22888:3ca202] [com.apple.dt.xctest:Default] Got attributes, transferring to dictionary for return.
2026-08-12 15:29:32.039 Df IlliniCover[22888:3ca202] [com.apple.dt.xctest:Default] Window (AX element pid: 22888, elementOrHash.elementID: 4899431168.313) faulted in {
    "XC_kAXXCAttributeChildren" =     (
        "AX element pid: 22888, elementOrHash.elementID: 4935261696.314"
    );
}: (no error) for children using XC_kAXXCAttributeChildren
2026-08-12 15:29:32.039 Df IlliniCover[22888:3ca202] [com.apple.dt.xctest:Default] Fetching AX attributes XC_kAXXCAttributeElementType, XC_kAXXCAttributeElementBaseType, XC_kAXXCAttributeTraits, XC_kAXXCAttributeAutomationType for AX element pid: 22888, elementOrHash.elementID: 4935261696.314
2026-08-12 15:29:32.039 Df IlliniCover[22888:3ca202] [com.apple.dt.xctest:Default] Got attributes, transferring to dictionary for return.
2026-08-12 15:29:32.039 Df IlliniCover[22888:3ca202] [com.apple.dt.xctest:Default] AX element pid: 22888, elementOrHash.elementID: 4935261696.314 (AX element pid: 22888, elementOrHash.elementID: 4935261696.314) faulted in {
    "XC_kAXXCAttributeAutomationType" = 0;
    "XC_kAXXCAttributeElementBaseType" = UIInputSetContainerView;
    "XC_kAXXCAttributeElementType" = UIInputSetContainerView;
    "XC_kAXXCAttributeTraits" = 8589934592;
}: (no error) for elementType using XC_kAXXCAttributeElementType, XC_kAXXCAttributeElementBaseType, XC_kAXXCAttributeTraits, XC_kAXXCAttributeAutomationType
2026-08-12 15:29:32.039 Df IlliniCover[22888:3ca202] [com.apple.dt.xctest:Default] Computed elementType Other.
2026-08-12 15:29:32.039 Df IlliniCover[22888:3ca202] [com.apple.dt.xctest:Default] Fetching AX attributes XC_kAXXCAttributeChildren for AX element pid: 22888, elementOrHash.elementID: 4505408000.5
2026-08-12 15:29:32.039 Df IlliniCover[22888:3ca202] [com.apple.dt.xctest:Default] Got attributes, transferring to dictionary for return.
2026-08-12 15:29:32.039 Df IlliniCover[22888:3ca202] [com.apple.dt.xctest:Default] Other (AX element pid: 22888, elementOrHash.elementID: 4505408000.5) faulted in {
    "XC_kAXXCAttributeChildren" =     (
        "AX element pid: 22888, elementOrHash.elementID: 4506127488.6"
    );
}: (no error) for children using XC_kAXXCAttributeChildren
2026-08-12 15:29:32.039 Df IlliniCover[22888:3ca202] [com.apple.dt.xctest:Default] Fetching AX attributes XC_kAXXCAttributeElementType, XC_kAXXCAttributeElementBaseType, XC_kAXXCAttributeTraits, XC_kAXXCAttributeAutomationType for AX element pid: 22888, elementOrHash.elementID: 4506127488.6
2026-08-12 15:29:32.039 Df IlliniCover[22888:3ca202] [com.apple.dt.xctest:Default] Got attributes, transferring to dictionary for return.
2026-08-12 15:29:32.039 Df IlliniCover[22888:3ca202] [com.apple.dt.xctest:Default] AX element pid: 22888, elementOrHash.elementID: 4506127488.6 (AX element pid: 22888, elementOrHash.elementID: 4506127488.6) faulted in {
    "XC_kAXXCAttributeAutomationType" = 0;
    "XC_kAXXCAttributeElementBaseType" = UIDropShadowView;
    "XC_kAXXCAttributeElementType" = UIDropShadowView;
    "XC_kAXXCAttributeTraits" = 0;
}: (no error) for elementType using XC_kAXXCAttributeElementType, XC_kAXXCAttributeElementBaseType, XC_kAXXCAttributeTraits, XC_kAXXCAttributeAutomationType
2026-08-12 15:29:32.039 Df IlliniCover[22888:3ca202] [com.apple.dt.xctest:Default] Computed elementType Other.
2026-08-12 15:29:32.039 Df IlliniCover[22888:3ca202] [com.apple.dt.xctest:Default] Fetching AX attributes XC_kAXXCAttributeChildren for AX element pid: 22888, elementOrHash.elementID: 4918992384.255
2026-08-12 15:29:32.039 Df IlliniCover[22888:3ca202] [com.apple.dt.xctest:Default] Got attributes, transferring to dictionary for return.
2026-08-12 15:29:32.040 Df IlliniCover[22888:3ca202] [com.apple.dt.xctest:Default] Other (AX element pid: 22888, elementOrHash.elementID: 4918992384.255) faulted in {
    "XC_kAXXCAttributeChildren" =     (
        "AX element pid: 22888, elementOrHash.elementID: 4842358016.256",
        "AX element pid: 22888, elementOrHash.elementID: 4842359296.257"
    );
}: (no error) for children using XC_kAXXCAttributeChildren
2026-08-12 15:29:32.040 Df IlliniCover[22888:3ca202] [com.apple.dt.xctest:Default] Fetching AX attributes XC_kAXXCAttributeElementType, XC_kAXXCAttributeElementBaseType, XC_kAXXCAttributeTraits, XC_kAXXCAttributeAutomationType for AX element pid: 22888, elementOrHash.elementID: 4842358016.256
2026-08-12 15:29:32.040 Df IlliniCover[22888:3ca202] [com.apple.dt.xctest:Default] Got attributes, transferring to dictionary for return.
2026-08-12 15:29:32.040 Df IlliniCover[22888:3ca202] [com.apple.dt.xctest:Default] AX element pid: 22888, elementOrHash.elementID: 4842358016.256 (AX element pid: 22888, elementOrHash.elementID: 4842358016.256) faulted in {
    "XC_kAXXCAttributeAutomationType" = 0;
    "XC_kAXXCAttributeElementBaseType" = UIDimmingView;
    "XC_kAXXCAttributeElementType" = UIDimmingView;
    "XC_kAXXCAttributeTraits" = 0;
}: (no error) for elementType using XC_kAXXCAttributeElementType, XC_kAXXCAttributeElementBaseType, XC_kAXXCAttributeTraits, XC_kAXXCAttributeAutomationType
2026-08-12 15:29:32.040 Df IlliniCover[22888:3ca202] [com.apple.dt.xctest:Default] Computed elementType Other.
2026-08-12 15:29:32.040 Df IlliniCover[22888:3ca202] [com.apple.dt.xctest:Default] Fetching AX attributes XC_kAXXCAttributeElementType, XC_kAXXCAttributeElementBaseType, XC_kAXXCAttributeTraits, XC_kAXXCAttributeAutomationType for AX element pid: 22888, elementOrHash.elementID: 4842359296.257
2026-08-12 15:29:32.040 Df IlliniCover[22888:3ca202] [com.apple.dt.xctest:Default] Got attributes, transferring to dictionary for return.
2026-08-12 15:29:32.040 Df IlliniCover[22888:3ca202] [com.apple.dt.xctest:Default] AX element pid: 22888, elementOrHash.elementID: 4842359296.257 (AX element pid: 22888, elementOrHash.elementID: 4842359296.257) faulted in {
    "XC_kAXXCAttributeAutomationType" = 0;
    "XC_kAXXCAttributeElementBaseType" = UIDropShadowView;
    "XC_kAXXCAttributeElementType" = UIDropShadowView;
    "XC_kAXXCAttributeTraits" = 8589934592;
}: (no error) for elementType using XC_kAXXCAttributeElementType, XC_kAXXCAttributeElementBaseType, XC_kAXXCAttributeTraits, XC_kAXXCAttributeAutomationType
2026-08-12 15:29:32.040 Df IlliniCover[22888:3ca202] [com.apple.dt.xctest:Default] Computed elementType Other.
2026-08-12 15:29:32.040 Df IlliniCover[22888:3ca202] [com.apple.dt.xctest:Default] Fetching AX attributes XC_kAXXCAttributeChildren for AX element pid: 22888, elementOrHash.elementID: 4504751168.14
2026-08-12 15:29:32.040 Df IlliniCover[22888:3ca202] [com.apple.dt.xctest:Default] Got attributes, transferring to dictionary for return.
2026-08-12 15:29:32.040 Df IlliniCover[22888:3ca202] [com.apple.dt.xctest:Default] Other (AX element pid: 22888, elementOrHash.elementID: 4504751168.14) faulted in {
    "XC_kAXXCAttributeChildren" =     (
        "AX element pid: 22888, elementOrHash.elementID: 4504752960.15",
        "AX element pid: 22888, elementOrHash.elementID: 4504752064.315"
    );
}: (no error) for children using XC_kAXXCAttributeChildren
2026-08-12 15:29:32.040 Df IlliniCover[22888:3ca202] [com.apple.dt.xctest:Default] Fetching AX attributes XC_kAXXCAttributeElementType, XC_kAXXCAttributeElementBaseType, XC_kAXXCAttributeTraits, XC_kAXXCAttributeAutomationType for AX element pid: 22888, elementOrHash.elementID: 4504752960.15
2026-08-12 15:29:32.040 Df IlliniCover[22888:3ca202] [com.apple.dt.xctest:Default] Got attributes, transferring to dictionary for return.
2026-08-12 15:29:32.040 Df IlliniCover[22888:3ca202] [com.apple.dt.xctest:Default] AX element pid: 22888, elementOrHash.elementID: 4504752960.15 (AX element pid: 22888, elementOrHash.elementID: 4504752960.15) faulted in {
    "XC_kAXXCAttributeAutomationType" = 0;
    "XC_kAXXCAttributeElementBaseType" = UIEditingOverlayGestureView;
    "XC_kAXXCAttributeElementType" = UIEditingOverlayGestureView;
    "XC_kAXXCAttributeTraits" = 8589934592;
}: (no error) for elementType using XC_kAXXCAttributeElementType, XC_kAXXCAttributeElementBaseType, XC_kAXXCAttributeTraits, XC_kAXXCAttributeAutomationType
2026-08-12 15:29:32.040 Df IlliniCover[22888:3ca202] [com.apple.dt.xctest:Default] Computed elementType Other.
2026-08-12 15:29:32.040 Df IlliniCover[22888:3ca202] [com.apple.dt.xctest:Default] Fetching AX attributes XC_kAXXCAttributeElementType, XC_kAXXCAttributeElementBaseType, XC_kAXXCAttributeTraits, XC_kAXXCAttributeAutomationType for AX element pid: 22888, elementOrHash.elementID: 4504752064.315
2026-08-12 15:29:32.040 Df IlliniCover[22888:3ca202] [com.apple.dt.xctest:Default] Got attributes, transferring to dictionary for return.
2026-08-12 15:29:32.040 Df IlliniCover[22888:3ca202] [com.apple.dt.xctest:Default] AX element pid: 22888, elementOrHash.elementID: 4504752064.315 (AX element pid: 22888, elementOrHash.elementID: 4504752064.315) faulted in {
    "XC_kAXXCAttributeAutomationType" = 0;
    "XC_kAXXCAttributeElementBaseType" = UIKeyboardItemContainerView;
    "XC_kAXXCAttributeElementType" = UIKeyboardItemContainerView;
    "XC_kAXXCAttributeTraits" = 8589934592;
}: (no error) for elementType using XC_kAXXCAttributeElementType, XC_kAXXCAttributeElementBaseType, XC_kAXXCAttributeTraits, XC_kAXXCAttributeAutomationType
2026-08-12 15:29:32.040 Df IlliniCover[22888:3ca202] [com.apple.dt.xctest:Default] Computed elementType Other.
2026-08-12 15:29:32.040 Df IlliniCover[22888:3ca202] [com.apple.dt.xctest:Default] Fetching AX attributes XC_kAXXCAttributeChildren for AX element pid: 22888, elementOrHash.elementID: 4935261696.314
2026-08-12 15:29:32.040 Df IlliniCover[22888:3ca202] [com.apple.dt.xctest:Default] Got attributes, transferring to dictionary for return.
2026-08-12 15:29:32.040 Df IlliniCover[22888:3ca202] [com.apple.dt.xctest:Default] Other (AX element pid: 22888, elementOrHash.elementID: 4935261696.314) faulted in {
    "XC_kAXXCAttributeChildren" =     (
        "AX element pid: 22888, elementOrHash.elementID: 4505135168.316"
    );
}: (no error) for children using XC_kAXXCAttributeChildren
2026-08-12 15:29:32.040 Df IlliniCover[22888:3ca202] [com.apple.dt.xctest:Default] Fetching AX attributes XC_kAXXCAttributeElementType, XC_kAXXCAttributeElementBaseType, XC_kAXXCAttributeTraits, XC_kAXXCAttributeAutomationType for AX element pid: 22888, elementOrHash.elementID: 4505135168.316
2026-08-12 15:29:32.040 Df IlliniCover[22888:3ca202] [com.apple.dt.xctest:Default] Got attributes, transferring to dictionary for return.
2026-08-12 15:29:32.040 Df IlliniCover[22888:3ca202] [com.apple.dt.xctest:Default] AX element pid: 22888, elementOrHash.elementID: 4505135168.316 (AX element pid: 22888, elementOrHash.elementID: 4505135168.316) faulted in {
    "XC_kAXXCAttributeAutomationType" = 0;
    "XC_kAXXCAttributeElementBaseType" = UIInputSetHostView;
    "XC_kAXXCAttributeElementType" = UIInputSetHostView;
    "XC_kAXXCAttributeTraits" = 8589934592;
}: (no error) for elementType using XC_kAXXCAttributeElementType, XC_kAXXCAttributeElementBaseType, XC_kAXXCAttributeTraits, XC_kAXXCAttributeAutomationType
2026-08-12 15:29:32.040 Df IlliniCover[22888:3ca202] [com.apple.dt.xctest:Default] Computed elementType Other.
2026-08-12 15:29:32.040 Df IlliniCover[22888:3ca202] [com.apple.dt.xctest:Default] Fetching AX attributes XC_kAXXCAttributeChildren for AX element pid: 22888, elementOrHash.elementID: 4506127488.6
2026-08-12 15:29:32.040 Df IlliniCover[22888:3ca202] [com.apple.dt.xctest:Default] Got attributes, transferring to dictionary for return.
2026-08-12 15:29:32.040 Df IlliniCover[22888:3ca202] [com.apple.dt.xctest:Default] Other (AX element pid: 22888, elementOrHash.elementID: 4506127488.6) faulted in {
    "XC_kAXXCAttributeChildren" =     (
        "AX element pid: 22888, elementOrHash.elementID: 4842358656.258",
        "AX element pid: 22888, elementOrHash.elementID: 4506124288.7"
    );
}: (no error) for children using XC_kAXXCAttributeChildren
2026-08-12 15:29:32.040 Df IlliniCover[22888:3ca202] [com.apple.dt.xctest:Default] Fetching AX attributes XC_kAXXCAttributeElementType, XC_kAXXCAttributeElementBaseType, XC_kAXXCAttributeTraits, XC_kAXXCAttributeAutomationType for AX element pid: 22888, elementOrHash.elementID: 4842358656.258
2026-08-12 15:29:32.040 Df IlliniCover[22888:3ca202] [com.apple.dt.xctest:Default] Got attributes, transferring to dictionary for return.
2026-08-12 15:29:32.041 Df IlliniCover[22888:3ca202] [com.apple.dt.xctest:Default] AX element pid: 22888, elementOrHash.elementID: 4842358656.258 (AX element pid: 22888, elementOrHash.elementID: 4842358656.258) faulted in {
    "XC_kAXXCAttributeAutomationType" = 0;
    "XC_kAXXCAttributeElementBaseType" = UIDimmingView;
    "XC_kAXXCAttributeElementType" = UIDimmingView;
    "XC_kAXXCAttributeTraits" = 0;
}: (no error) for elementType using XC_kAXXCAttributeElementType, XC_kAXXCAttributeElementBaseType, XC_kAXXCAttributeTraits, XC_kAXXCAttributeAutomationType
2026-08-12 15:29:32.041 Df IlliniCover[22888:3ca202] [com.apple.dt.xctest:Default] Computed elementType Other.
2026-08-12 15:29:32.041 Df IlliniCover[22888:3ca202] [com.apple.dt.xctest:Default] Fetching AX attributes XC_kAXXCAttributeElementType, XC_kAXXCAttributeElementBaseType, XC_kAXXCAttributeTraits, XC_kAXXCAttributeAutomationType for AX element pid: 22888, elementOrHash.elementID: 4506124288.7
2026-08-12 15:29:32.041 Df IlliniCover[22888:3ca202] [com.apple.dt.xctest:Default] Got attributes, transferring to dictionary for return.
2026-08-12 15:29:32.041 Df IlliniCover[22888:3ca202] [com.apple.dt.xctest:Default] AX element pid: 22888, elementOrHash.elementID: 4506124288.7 (AX element pid: 22888, elementOrHash.elementID: 4506124288.7) faulted in {
    "XC_kAXXCAttributeAutomationType" = 0;
    "XC_kAXXCAttributeElementBaseType" = UIView;
    "XC_kAXXCAttributeElementType" = RCTSurfaceHostingProxyRootView;
    "XC_kAXXCAttributeTraits" = 8589934592;
}: (no error) for elementType using XC_kAXXCAttributeElementType, XC_kAXXCAttributeElementBaseType, XC_kAXXCAttributeTraits, XC_kAXXCAttributeAutomationType
2026-08-12 15:29:32.041 Df IlliniCover[22888:3ca202] [com.apple.dt.xctest:Default] Computed elementType Other.
2026-08-12 15:29:32.041 Df IlliniCover[22888:3ca202] [com.apple.dt.xctest:Default] Fetching AX attributes XC_kAXXCAttributeChildren for AX element pid: 22888, elementOrHash.elementID: 4842358016.256
2026-08-12 15:29:32.041 Df IlliniCover[22888:3ca202] [com.apple.dt.xctest:Default] Got attributes, transferring to dictionary for return.
2026-08-12 15:29:32.041 Df IlliniCover[22888:3ca202] [com.apple.dt.xctest:Default] Other (AX element pid: 22888, elementOrHash.elementID: 4842358016.256) faulted in {
    "XC_kAXXCAttributeChildren" =     (
    );
}: (no error) for children using XC_kAXXCAttributeChildren
2026-08-12 15:29:32.041 Df IlliniCover[22888:3ca202] [com.apple.dt.xctest:Default] Fetching AX attributes XC_kAXXCAttributeChildren for AX element pid: 22888, elementOrHash.elementID: 4842359296.257
2026-08-12 15:29:32.041 Df IlliniCover[22888:3ca202] [com.apple.dt.xctest:Default] Got attributes, transferring to dictionary for return.
2026-08-12 15:29:32.041 Df IlliniCover[22888:3ca202] [com.apple.dt.xctest:Default] Other (AX element pid: 22888, elementOrHash.elementID: 4842359296.257) faulted in {
    "XC_kAXXCAttributeChildren" =     (
        "AX element pid: 22888, elementOrHash.elementID: 4918993920.259",
        "AX element pid: 22888, elementOrHash.elementID: 4505081984.260"
    );
}: (no error) for children using XC_kAXXCAttributeChildren
2026-08-12 15:29:32.041 Df IlliniCover[22888:3ca202] [com.apple.dt.xctest:Default] Fetching AX attributes XC_kAXXCAttributeElementType, XC_kAXXCAttributeElementBaseType, XC_kAXXCAttributeTraits, XC_kAXXCAttributeAutomationType for AX element pid: 22888, elementOrHash.elementID: 4918993920.259
2026-08-12 15:29:32.041 Df IlliniCover[22888:3ca202] [com.apple.dt.xctest:Default] Got attributes, transferring to dictionary for return.
2026-08-12 15:29:32.041 Df IlliniCover[22888:3ca202] [com.apple.dt.xctest:Default] AX element pid: 22888, elementOrHash.elementID: 4918993920.259 (AX element pid: 22888, elementOrHash.elementID: 4918993920.259) faulted in {
    "XC_kAXXCAttributeAutomationType" = 9;
    "XC_kAXXCAttributeElementBaseType" = "_UIGrabber";
    "XC_kAXXCAttributeElementType" = "_UIGrabber";
    "XC_kAXXCAttributeTraits" = 8589934593;
}: (no error) for elementType using XC_kAXXCAttributeElementType, XC_kAXXCAttributeElementBaseType, XC_kAXXCAttributeTraits, XC_kAXXCAttributeAutomationType
2026-08-12 15:29:32.041 Df IlliniCover[22888:3ca202] [com.apple.dt.xctest:Default] Computed elementType Button.
2026-08-12 15:29:32.041 Df IlliniCover[22888:3ca202] [com.apple.dt.xctest:Default] Fetching AX attributes XC_kAXXCAttributeElementType, XC_kAXXCAttributeElementBaseType, XC_kAXXCAttributeTraits, XC_kAXXCAttributeAutomationType for AX element pid: 22888, elementOrHash.elementID: 4505081984.260
2026-08-12 15:29:32.041 Df IlliniCover[22888:3ca202] [com.apple.dt.xctest:Default] Got attributes, transferring to dictionary for return.
2026-08-12 15:29:32.041 Df IlliniCover[22888:3ca202] [com.apple.dt.xctest:Default] AX element pid: 22888, elementOrHash.elementID: 4505081984.260 (AX element pid: 22888, elementOrHash.elementID: 4505081984.260) faulted in {
    "XC_kAXXCAttributeAutomationType" = 0;
    "XC_kAXXCAttributeElementBaseType" = UIView;
    "XC_kAXXCAttributeElementType" = UIView;
    "XC_kAXXCAttributeTraits" = 8589934592;
}: (no error) for elementType using XC_kAXXCAttributeElementType, XC_kAXXCAttributeElementBaseType, XC_kAXXCAttributeTraits, XC_kAXXCAttributeAutomationType
2026-08-12 15:29:32.041 Df IlliniCover[22888:3ca202] [com.apple.dt.xctest:Default] Computed elementType Other.
2026-08-12 15:29:32.041 Df IlliniCover[22888:3ca202] [com.apple.dt.xctest:Default] Fetching AX attributes XC_kAXXCAttributeChildren for AX element pid: 22888, elementOrHash.elementID: 4504752960.15
2026-08-12 15:29:32.041 Df IlliniCover[22888:3ca202] [com.apple.dt.xctest:Default] Got attributes, transferring to dictionary for return.
2026-08-12 15:29:32.041 Df IlliniCover[22888:3ca202] [com.apple.dt.xctest:Default] Other (AX element pid: 22888, elementOrHash.elementID: 4504752960.15) faulted in {
    "XC_kAXXCAttributeChildren" =     (
    );
}: (no error) for children using XC_kAXXCAttributeChildren
2026-08-12 15:29:32.041 Df IlliniCover[22888:3ca202] [com.apple.dt.xctest:Default] Fetching AX attributes XC_kAXXCAttributeChildren for AX element pid: 22888, elementOrHash.elementID: 4504752064.315
2026-08-12 15:29:32.041 Df IlliniCover[22888:3ca202] [com.apple.dt.xctest:Default] Got attributes, transferring to dictionary for return.
2026-08-12 15:29:32.041 Df IlliniCover[22888:3ca202] [com.apple.dt.xctest:Default] Other (AX element pid: 22888, elementOrHash.elementID: 4504752064.315) faulted in {
    "XC_kAXXCAttributeChildren" =     (
        "AX element pid: 22888, elementOrHash.elementID: 4842372096.317",
        "AX element pid: 22888, elementOrHash.elementID: 4935269888.318"
    );
}: (no error) for children using XC_kAXXCAttributeChildren
2026-08-12 15:29:32.041 Df IlliniCover[22888:3ca202] [com.apple.dt.xctest:Default] Fetching AX attributes XC_kAXXCAttributeElementType, XC_kAXXCAttributeElementBaseType, XC_kAXXCAttributeTraits, XC_kAXXCAttributeAutomationType for AX element pid: 22888, elementOrHash.elementID: 4842372096.317
2026-08-12 15:29:32.041 Df IlliniCover[22888:3ca202] [com.apple.dt.xctest:Default] Got attributes, transferring to dictionary for return.
2026-08-12 15:29:32.041 Df IlliniCover[22888:3ca202] [com.apple.dt.xctest:Default] AX element pid: 22888, elementOrHash.elementID: 4842372096.317 (AX element pid: 22888, elementOrHash.elementID: 4842372096.317) faulted in {
    "XC_kAXXCAttributeAutomationType" = 24;
    "XC_kAXXCAttributeElementBaseType" = UIToolbar;
    "XC_kAXXCAttributeElementType" = UIToolbar;
    "XC_kAXXCAttributeTraits" = 146028888064;
}: (no error) for elementType using XC_kAXXCAttributeElementType, XC_kAXXCAttributeElementBaseType, XC_kAXXCAttributeTraits, XC_kAXXCAttributeAutomationType
2026-08-12 15:29:32.041 Df IlliniCover[22888:3ca202] [com.apple.dt.xctest:Default] Computed elementType Toolbar.
2026-08-12 15:29:32.041 Df IlliniCover[22888:3ca202] [com.apple.dt.xctest:Default] Fetching AX attributes XC_kAXXCAttributeElementType, XC_kAXXCAttributeElementBaseType, XC_kAXXCAttributeTraits, XC_kAXXCAttributeAutomationType for AX element pid: 22888, elementOrHash.elementID: 4935269888.318
2026-08-12 15:29:32.041 Df IlliniCover[22888:3ca202] [com.apple.dt.xctest:Default] Got attributes, transferring to dictionary for return.
2026-08-12 15:29:32.041 Df IlliniCover[22888:3ca202] [com.apple.dt.xctest:Default] AX element pid: 22888, elementOrHash.elementID: 4935269888.318 (AX element pid: 22888, elementOrHash.elementID: 4935269888.318) faulted in {
    "XC_kAXXCAttributeAutomationType" = 0;
    "XC_kAXXCAttributeElementBaseType" = "_UIRemoteKeyboardPlaceholderView";
    "XC_kAXXCAttributeElementType" = "_UIRemoteKeyboardPlaceholderView";
    "XC_kAXXCAttributeTraits" = 8589934592;
}: (no error) for elementType using XC_kAXXCAttributeElementType, XC_kAXXCAttributeElementBaseType, XC_kAXXCAttributeTraits, XC_kAXXCAttributeAutomationType
2026-08-12 15:29:32.042 Df IlliniCover[22888:3ca202] [com.apple.dt.xctest:Default] Computed elementType Other.
2026-08-12 15:29:32.042 Df IlliniCover[22888:3ca202] [com.apple.dt.xctest:Default] Fetching AX attributes XC_kAXXCAttributeChildren for AX element pid: 22888, elementOrHash.elementID: 4505135168.316
2026-08-12 15:29:32.042 Df IlliniCover[22888:3ca202] [com.apple.dt.xctest:Default] Got attributes, transferring to dictionary for return.
2026-08-12 15:29:32.042 Df IlliniCover[22888:3ca202] [com.apple.dt.xctest:Default] Other (AX element pid: 22888, elementOrHash.elementID: 4505135168.316) faulted in {
    "XC_kAXXCAttributeChildren" =     (
        "AX element pid: 22888, elementOrHash.elementID: 4918987264.319",
        "AX element pid: 22888, elementOrHash.elementID: 4505354240.320",
        "AX element pid: 22888, elementOrHash.elementID: 4504748480.321",
        "AX element pid: 22888, elementOrHash.elementID: 4505128000.322"
    );
}: (no error) for children using XC_kAXXCAttributeChildren
2026-08-12 15:29:32.042 Df IlliniCover[22888:3ca202] [com.apple.dt.xctest:Default] Fetching AX attributes XC_kAXXCAttributeElementType, XC_kAXXCAttributeElementBaseType, XC_kAXXCAttributeTraits, XC_kAXXCAttributeAutomationType for AX element pid: 22888, elementOrHash.elementID: 4918987264.319
2026-08-12 15:29:32.042 Df IlliniCover[22888:3ca202] [com.apple.dt.xctest:Default] Got attributes, transferring to dictionary for return.
2026-08-12 15:29:32.042 Df IlliniCover[22888:3ca202] [com.apple.dt.xctest:Default] AX element pid: 22888, elementOrHash.elementID: 4918987264.319 (AX element pid: 22888, elementOrHash.elementID: 4918987264.319) faulted in {
    "XC_kAXXCAttributeAutomationType" = 0;
    "XC_kAXXCAttributeElementBaseType" = "_UIRemoteKeyboardPlaceholderView";
    "XC_kAXXCAttributeElementType" = "_UIRemoteKeyboardPlaceholderView";
    "XC_kAXXCAttributeTraits" = 8589934592;
}: (no error) for elementType using XC_kAXXCAttributeElementType, XC_kAXXCAttributeElementBaseType, XC_kAXXCAttributeTraits, XC_kAXXCAttributeAutomationType
2026-08-12 15:29:32.042 Df IlliniCover[22888:3ca202] [com.apple.dt.xctest:Default] Computed elementType Other.
2026-08-12 15:29:32.042 Df IlliniCover[22888:3ca202] [com.apple.dt.xctest:Default] Fetching AX attributes XC_kAXXCAttributeElementType, XC_kAXXCAttributeElementBaseType, XC_kAXXCAttributeTraits, XC_kAXXCAttributeAutomationType for AX element pid: 22888, elementOrHash.elementID: 4505354240.320
2026-08-12 15:29:32.042 Df IlliniCover[22888:3ca202] [com.apple.dt.xctest:Default] Got attributes, transferring to dictionary for return.
2026-08-12 15:29:32.042 Df IlliniCover[22888:3ca202] [com.apple.dt.xctest:Default] AX element pid: 22888, elementOrHash.elementID: 4505354240.320 (AX element pid: 22888, elementOrHash.elementID: 4505354240.320) faulted in {
    "XC_kAXXCAttributeAutomationType" = 0;
    "XC_kAXXCAttributeElementBaseType" = UIView;
    "XC_kAXXCAttributeElementType" = UIView;
    "XC_kAXXCAttributeTraits" = 8589934592;
}: (no error) for elementType using XC_kAXXCAttributeElementType, XC_kAXXCAttributeElementBaseType, XC_kAXXCAttributeTraits, XC_kAXXCAttributeAutomationType
2026-08-12 15:29:32.042 Df IlliniCover[22888:3ca202] [com.apple.dt.xctest:Default] Computed elementType Other.
2026-08-12 15:29:32.042 Df IlliniCover[22888:3ca202] [com.apple.dt.xctest:Default] Fetching AX attributes XC_kAXXCAttributeElementType, XC_kAXXCAttributeElementBaseType, XC_kAXXCAttributeTraits, XC_kAXXCAttributeAutomationType for AX element pid: 22888, elementOrHash.elementID: 4504748480.321
2026-08-12 15:29:32.042 Df IlliniCover[22888:3ca202] [com.apple.dt.xctest:Default] Got attributes, transferring to dictionary for return.
2026-08-12 15:29:32.042 Df IlliniCover[22888:3ca202] [com.apple.dt.xctest:Default] AX element pid: 22888, elementOrHash.elementID: 4504748480.321 (AX element pid: 22888, elementOrHash.elementID: 4504748480.321) faulted in {
    "XC_kAXXCAttributeAutomationType" = 0;
    "XC_kAXXCAttributeElementBaseType" = "_UIKBCompatInputView";
    "XC_kAXXCAttributeElementType" = "_UIKBCompatInputView";
    "XC_kAXXCAttributeTraits" = 8589934592;
}: (no error) for elementType using XC_kAXXCAttributeElementType, XC_kAXXCAttributeElementBaseType, XC_kAXXCAttributeTraits, XC_kAXXCAttributeAutomationType
2026-08-12 15:29:32.042 Df IlliniCover[22888:3ca202] [com.apple.dt.xctest:Default] Computed elementType Other.
2026-08-12 15:29:32.042 Df IlliniCover[22888:3ca202] [com.apple.dt.xctest:Default] Fetching AX attributes XC_kAXXCAttributeElementType, XC_kAXXCAttributeElementBaseType, XC_kAXXCAttributeTraits, XC_kAXXCAttributeAutomationType for AX element pid: 22888, elementOrHash.elementID: 4505128000.322
2026-08-12 15:29:32.042 Df IlliniCover[22888:3ca202] [com.apple.dt.xctest:Default] Got attributes, transferring to dictionary for return.
2026-08-12 15:29:32.042 Df IlliniCover[22888:3ca202] [com.apple.dt.xctest:Default] AX element pid: 22888, elementOrHash.elementID: 4505128000.322 (AX element pid: 22888, elementOrHash.elementID: 4505128000.322) faulted in {
    "XC_kAXXCAttributeAutomationType" = 0;
    "XC_kAXXCAttributeElementBaseType" = UIKeyboardDockView;
    "XC_kAXXCAttributeElementType" = UIKeyboardDockView;
    "XC_kAXXCAttributeTraits" = 25769803776;
}: (no error) for elementType using XC_kAXXCAttributeElementType, XC_kAXXCAttributeElementBaseType, XC_kAXXCAttributeTraits, XC_kAXXCAttributeAutomationType
2026-08-12 15:29:32.042 Df IlliniCover[22888:3ca202] [com.apple.dt.xctest:Default] Computed elementType Other.
2026-08-12 15:29:32.042 Df IlliniCover[22888:3ca202] [com.apple.dt.xctest:Default] Fetching AX attributes XC_kAXXCAttributeChildren for AX element pid: 22888, elementOrHash.elementID: 4842358656.258
2026-08-12 15:29:32.042 Df IlliniCover[22888:3ca202] [com.apple.dt.xctest:Default] Got attributes, transferring to dictionary for return.
2026-08-12 15:29:32.042 Df IlliniCover[22888:3ca202] [com.apple.dt.xctest:Default] Other (AX element pid: 22888, elementOrHash.elementID: 4842358656.258) faulted in {
    "XC_kAXXCAttributeChildren" =     (
    );
}: (no error) for children using XC_kAXXCAttributeChildren
2026-08-12 15:29:32.042 Df IlliniCover[22888:3ca202] [com.apple.dt.xctest:Default] Fetching AX attributes XC_kAXXCAttributeChildren for AX element pid: 22888, elementOrHash.elementID: 4506124288.7
2026-08-12 15:29:32.042 Df IlliniCover[22888:3ca202] [com.apple.dt.xctest:Default] Got attributes, transferring to dictionary for return.
2026-08-12 15:29:32.042 Df IlliniCover[22888:3ca202] [com.apple.dt.xctest:Default] Other (AX element pid: 22888, elementOrHash.elementID: 4506124288.7) faulted in {
    "XC_kAXXCAttributeChildren" =     (
        "AX element pid: 22888, elementOrHash.elementID: 4452661696.10"
    );
}: (no error) for children using XC_kAXXCAttributeChildren
2026-08-12 15:29:32.042 Df IlliniCover[22888:3ca202] [com.apple.dt.xctest:Default] Fetching AX attributes XC_kAXXCAttributeElementType, XC_kAXXCAttributeElementBaseType, XC_kAXXCAttributeTraits, XC_kAXXCAttributeAutomationType for AX element pid: 22888, elementOrHash.elementID: 4452661696.10
2026-08-12 15:29:32.042 Df IlliniCover[22888:3ca202] [com.apple.dt.xctest:Default] Got attributes, transferring to dictionary for return.
2026-08-12 15:29:32.042 Df IlliniCover[22888:3ca202] [com.apple.dt.xctest:Default] AX element pid: 22888, elementOrHash.elementID: 4452661696.10 (AX element pid: 22888, elementOrHash.elementID: 4452661696.10) faulted in {
    "XC_kAXXCAttributeAutomationType" = 0;
    "XC_kAXXCAttributeElementBaseType" = UIView;
    "XC_kAXXCAttributeElementType" = RCTSurfaceView;
    "XC_kAXXCAttributeTraits" = 8589934592;
}: (no error) for elementType using XC_kAXXCAttributeElementType, XC_kAXXCAttributeElementBaseType, XC_kAXXCAttributeTraits, XC_kAXXCAttributeAutomationType
2026-08-12 15:29:32.042 Df IlliniCover[22888:3ca202] [com.apple.dt.xctest:Default] Computed elementType Other.
2026-08-12 15:29:32.042 Df IlliniCover[22888:3ca202] [com.apple.dt.xctest:Default] Fetching AX attributes XC_kAXXCAttributeChildren for AX element pid: 22888, elementOrHash.elementID: 4918993920.259
2026-08-12 15:29:32.042 Df IlliniCover[22888:3ca202] [com.apple.dt.xctest:Default] Got attributes, transferring to dictionary for return.
2026-08-12 15:29:32.042 Df IlliniCover[22888:3ca202] [com.apple.dt.xctest:Default] Button (AX element pid: 22888, elementOrHash.elementID: 4918993920.259) faulted in {
    "XC_kAXXCAttributeChildren" =     (
    );
}: (no error) for children using XC_kAXXCAttributeChildren
2026-08-12 15:29:32.042 Df IlliniCover[22888:3ca202] [com.apple.dt.xctest:Default] Fetching AX attributes XC_kAXXCAttributeChildren for AX element pid: 22888, elementOrHash.elementID: 4505081984.260
2026-08-12 15:29:32.043 Df IlliniCover[22888:3ca202] [com.apple.dt.xctest:Default] Got attributes, transferring to dictionary for return.
2026-08-12 15:29:32.043 Df IlliniCover[22888:3ca202] [com.apple.dt.xctest:Default] Other (AX element pid: 22888, elementOrHash.elementID: 4505081984.260) faulted in {
    "XC_kAXXCAttributeChildren" =     (
        "AX element pid: 22888, elementOrHash.elementID: 4505082432.262"
    );
}: (no error) for children using XC_kAXXCAttributeChildren
2026-08-12 15:29:32.043 Df IlliniCover[22888:3ca202] [com.apple.dt.xctest:Default] Fetching AX attributes XC_kAXXCAttributeElementType, XC_kAXXCAttributeElementBaseType, XC_kAXXCAttributeTraits, XC_kAXXCAttributeAutomationType for AX element pid: 22888, elementOrHash.elementID: 4505082432.262
2026-08-12 15:29:32.043 Df IlliniCover[22888:3ca202] [com.apple.dt.xctest:Default] Got attributes, transferring to dictionary for return.
2026-08-12 15:29:32.043 Df IlliniCover[22888:3ca202] [com.apple.dt.xctest:Default] AX element pid: 22888, elementOrHash.elementID: 4505082432.262 (AX element pid: 22888, elementOrHash.elementID: 4505082432.262) faulted in {
    "XC_kAXXCAttributeAutomationType" = 0;
    "XC_kAXXCAttributeElementBaseType" = UIView;
    "XC_kAXXCAttributeElementType" = UIView;
    "XC_kAXXCAttributeTraits" = 8589934592;
}: (no error) for elementType using XC_kAXXCAttributeElementType, XC_kAXXCAttributeElementBaseType, XC_kAXXCAttributeTraits, XC_kAXXCAttributeAutomationType
2026-08-12 15:29:32.043 Df IlliniCover[22888:3ca202] [com.apple.dt.xctest:Default] Computed elementType Other.
2026-08-12 15:29:32.043 Df IlliniCover[22888:3ca202] [com.apple.dt.xctest:Default] Fetching AX attributes XC_kAXXCAttributeChildren for AX element pid: 22888, elementOrHash.elementID: 4842372096.317
2026-08-12 15:29:32.043 Df IlliniCover[22888:3ca202] [com.apple.dt.xctest:Default] Got attributes, transferring to dictionary for return.
2026-08-12 15:29:32.043 Df IlliniCover[22888:3ca202] [com.apple.dt.xctest:Default] Toolbar (AX element pid: 22888, elementOrHash.elementID: 4842372096.317) faulted in {
    "XC_kAXXCAttributeChildren" =     (
        "AX element pid: 22888, elementOrHash.elementID: 4505216640.323"
    );
}: (no error) for children using XC_kAXXCAttributeChildren
2026-08-12 15:29:32.043 Df IlliniCover[22888:3ca202] [com.apple.dt.xctest:Default] Fetching AX attributes XC_kAXXCAttributeElementType, XC_kAXXCAttributeElementBaseType, XC_kAXXCAttributeTraits, XC_kAXXCAttributeAutomationType for AX element pid: 22888, elementOrHash.elementID: 4505216640.323
2026-08-12 15:29:32.043 Df IlliniCover[22888:3ca202] [com.apple.dt.xctest:Default] Got attributes, transferring to dictionary for return.
2026-08-12 15:29:32.043 Df IlliniCover[22888:3ca202] [com.apple.dt.xctest:Default] AX element pid: 22888, elementOrHash.elementID: 4505216640.323 (AX element pid: 22888, elementOrHash.elementID: 4505216640.323) faulted in {
    "XC_kAXXCAttributeAutomationType" = 0;
    "XC_kAXXCAttributeElementBaseType" = "_TtGC5UIKit17UICoreHostingViewVCS_21ToolbarVisualProvider8RootView_";
    "XC_kAXXCAttributeElementType" = "_TtGC5UIKit17UICoreHostingViewVCS_21ToolbarVisualProvider8RootView_";
    "XC_kAXXCAttributeTraits" = 146028888064;
}: (no error) for elementType using XC_kAXXCAttributeElementType, XC_kAXXCAttributeElementBaseType, XC_kAXXCAttributeTraits, XC_kAXXCAttributeAutomationType
2026-08-12 15:29:32.043 Df IlliniCover[22888:3ca202] [com.apple.dt.xctest:Default] Computed elementType Other.
2026-08-12 15:29:32.043 Df IlliniCover[22888:3ca202] [com.apple.dt.xctest:Default] Fetching AX attributes XC_kAXXCAttributeChildren for AX element pid: 22888, elementOrHash.elementID: 4935269888.318
2026-08-12 15:29:32.043 Df IlliniCover[22888:3ca202] [com.apple.dt.xctest:Default] Got attributes, transferring to dictionary for return.
2026-08-12 15:29:32.043 Df IlliniCover[22888:3ca202] [com.apple.dt.xctest:Default] Other (AX element pid: 22888, elementOrHash.elementID: 4935269888.318) faulted in {
    "XC_kAXXCAttributeChildren" =     (
    );
}: (no error) for children using XC_kAXXCAttributeChildren
2026-08-12 15:29:32.043 Df IlliniCover[22888:3ca202] [com.apple.dt.xctest:Default] Fetching AX attributes XC_kAXXCAttributeChildren for AX element pid: 22888, elementOrHash.elementID: 4918987264.319
2026-08-12 15:29:32.043 Df IlliniCover[22888:3ca202] [com.apple.dt.xctest:Default] Got attributes, transferring to dictionary for return.
2026-08-12 15:29:32.043 Df IlliniCover[22888:3ca202] [com.apple.dt.xctest:Default] Other (AX element pid: 22888, elementOrHash.elementID: 4918987264.319) faulted in {
    "XC_kAXXCAttributeChildren" =     (
    );
}: (no error) for children using XC_kAXXCAttributeChildren
2026-08-12 15:29:32.043 Df IlliniCover[22888:3ca202] [com.apple.dt.xctest:Default] Fetching AX attributes XC_kAXXCAttributeChildren for AX element pid: 22888, elementOrHash.elementID: 4505354240.320
2026-08-12 15:29:32.043 Df IlliniCover[22888:3ca202] [com.apple.dt.xctest:Default] Got attributes, transferring to dictionary for return.
2026-08-12 15:29:32.043 Df IlliniCover[22888:3ca202] [com.apple.dt.xctest:Default] Other (AX element pid: 22888, elementOrHash.elementID: 4505354240.320) faulted in {
    "XC_kAXXCAttributeChildren" =     (
        "AX element pid: 22888, elementOrHash.elementID: 4933393152.324"
    );
}: (no error) for children using XC_kAXXCAttributeChildren
2026-08-12 15:29:32.043 Df IlliniCover[22888:3ca202] [com.apple.dt.xctest:Default] Fetching AX attributes XC_kAXXCAttributeElementType, XC_kAXXCAttributeElementBaseType, XC_kAXXCAttributeTraits, XC_kAXXCAttributeAutomationType for AX element pid: 22888, elementOrHash.elementID: 4933393152.324
2026-08-12 15:29:32.043 Df IlliniCover[22888:3ca202] [com.apple.dt.xctest:Default] Got attributes, transferring to dictionary for return.
2026-08-12 15:29:32.043 Df IlliniCover[22888:3ca202] [com.apple.dt.xctest:Default] AX element pid: 22888, elementOrHash.elementID: 4933393152.324 (AX element pid: 22888, elementOrHash.elementID: 4933393152.324) faulted in {
    "XC_kAXXCAttributeAutomationType" = 0;
    "XC_kAXXCAttributeElementBaseType" = UIKBInputBackdropView;
    "XC_kAXXCAttributeElementType" = UIKBInputBackdropView;
    "XC_kAXXCAttributeTraits" = 8589934592;
}: (no error) for elementType using XC_kAXXCAttributeElementType, XC_kAXXCAttributeElementBaseType, XC_kAXXCAttributeTraits, XC_kAXXCAttributeAutomationType
2026-08-12 15:29:32.043 Df IlliniCover[22888:3ca202] [com.apple.dt.xctest:Default] Computed elementType Other.
2026-08-12 15:29:32.043 Df IlliniCover[22888:3ca202] [com.apple.dt.xctest:Default] Fetching AX attributes XC_kAXXCAttributeChildren for AX element pid: 22888, elementOrHash.elementID: 4504748480.321
2026-08-12 15:29:32.043 Df IlliniCover[22888:3ca202] [com.apple.dt.xctest:Default] Got attributes, transferring to dictionary for return.
2026-08-12 15:29:32.043 Df IlliniCover[22888:3ca202] [com.apple.dt.xctest:Default] Other (AX element pid: 22888, elementOrHash.elementID: 4504748480.321) faulted in {
    "XC_kAXXCAttributeChildren" =     (
        "AX element pid: 22888, elementOrHash.elementID: 4842448896.325"
    );
}: (no error) for children using XC_kAXXCAttributeChildren
2026-08-12 15:29:32.043 Df IlliniCover[22888:3ca202] [com.apple.dt.xctest:Default] Fetching AX attributes XC_kAXXCAttributeElementType, XC_kAXXCAttributeElementBaseType, XC_kAXXCAttributeTraits, XC_kAXXCAttributeAutomationType for AX element pid: 22888, elementOrHash.elementID: 4842448896.325
2026-08-12 15:29:32.043 Df IlliniCover[22888:3ca202] [com.apple.dt.xctest:Default] Got attributes, transferring to dictionary for return.
2026-08-12 15:29:32.043 Df IlliniCover[22888:3ca202] [com.apple.dt.xctest:Default] AX element pid: 22888, elementOrHash.elementID: 4842448896.325 (AX element pid: 22888, elementOrHash.elementID: 4842448896.325) faulted in {
    "XC_kAXXCAttributeAutomationType" = 19;
    "XC_kAXXCAttributeElementBaseType" = UIKeyboardAutomatic;
    "XC_kAXXCAttributeElementType" = UIKeyboardAutomatic;
    "XC_kAXXCAttributeTraits" = 8589934592;
}: (no error) for elementType using XC_kAXXCAttributeElementType, XC_kAXXCAttributeElementBaseType, XC_kAXXCAttributeTraits, XC_kAXXCAttributeAutomationType
2026-08-12 15:29:32.043 Df IlliniCover[22888:3ca202] [com.apple.dt.xctest:Default] Computed elementType Keyboard.
2026-08-12 15:29:32.043 Df IlliniCover[22888:3ca202] [com.apple.dt.xctest:Default] [First Match] match found and no more transformers in the current sequence - done, returning Keyboard
2026-08-12 15:29:32.043 Df IlliniCover[22888:3ca202] [com.apple.dt.xctest:Default] [First Match] unioned related elements {(
)} from {(
)}
2026-08-12 15:29:32.044 Df IlliniCover[22888:3ca216] [com.apple.dt.xctest:Default] Current tree:
0x120b82a80 <App element pid: 22888>
  Window, 0x120b80a00 <AX element pid: 22888, elementOrHash.elementID: 4452303872.4>
    Other, 0x120b82300 <AX element pid: 22888, elementOrHash.elementID: 4505408000.5>
      Other, 0x120b82d00 <AX element pid: 22888, elementOrHash.elementID: 4506127488.6>
        Other, 0x1243d0280 <AX element pid: 22888, elementOrHash.elementID: 4842358656.258>
        Other, 0x1243d1a40 <AX element pid: 22888, elementOrHash.elementID: 4506124288.7>
          Other, 0x1243d0b40 <AX element pid: 22888, elementOrHash.elementID: 4452661696.10>
    Other, 0x126179180 <AX element pid: 22888, elementOrHash.elementID: 4918992384.255>
      Other, 0x120b18280 <AX element pid: 22888, elementOrHash.elementID: 4842358016.256>
      Other, 0x120b1aa80 <AX element pid: 22888, elementOrHash.elementID: 4842359296.257>
        Button, 0x1243d1b80 <AX element pid: 22888, elementOrHash.elementID: 4918993920.259>
        Other, 0x1243d1180 <AX element pid: 22888, elementOrHash.elementID: 4505081<…>
2026-08-12 15:29:32.044 Df IlliniCover[22888:3ca216] [com.apple.dt.xctest:Default] Query ↪︎ Descendants matching type Keyboard (First Match) found matching snapshots: {(
    Keyboard
)} (error: (null))
2026-08-12 15:29:32.044 Df IlliniCover[22888:3ca216] [com.apple.dt.xctest:Default] Replying to query ↪︎ Descendants matching type Keyboard (First Match) with results: <XCTElementQueryResults: 0x124146850> (error: (null))
2026-08-12 15:29:32.055 Df IlliniCover[22888:3ca202] [com.apple.UIKit:KeyboardUI] Keyboard receives keyEvent type: 4; subtype: 0
2026-08-12 15:29:32.055 Df IlliniCover[22888:3ca202] [com.apple.UIKit:KeyboardUI] Keyboard adds a string
2026-08-12 15:29:32.057 A  IlliniCover[22888:3ca202] (UIKitCore) send control actions
2026-08-12 15:29:32.057 Df IlliniCover[22888:3ca202] [com.apple.UIKit:KeyboardUI] Keyboard inserts text
2026-08-12 15:29:32.057 Df IlliniCover[22888:3ca202] [com.apple.UIKit:EventDispatch] Evaluating dispatch of UIEvent: 0x126179b80; type: 4; subtype: 0; backing type: 30; shouldSend: 0; ignoreInteractionEvents: 0, systemGestureStateChange: 0
2026-08-12 15:29:32.788 Df IlliniCover[22888:3ca202] [com.apple.UIKit:KeyboardUI] Keyboard receives keyEvent type: 4; subtype: 0
2026-08-12 15:29:32.789 Df IlliniCover[22888:3ca202] [com.apple.UIKit:KeyboardUI] Keyboard adds a string
2026-08-12 15:29:32.791 A  IlliniCover[22888:3ca202] (UIKitCore) send control actions
2026-08-12 15:29:32.795 Df IlliniCover[22888:3ca202] [com.apple.UIKit:KeyboardUI] Keyboard inserts text
2026-08-12 15:29:32.795 Df IlliniCover[22888:3ca202] [com.apple.UIKit:EventDispatch] Evaluating dispatch of UIEvent: 0x126179b80; type: 4; subtype: 0; backing type: 30; shouldSend: 0; ignoreInteractionEvents: 0, systemGestureStateChange: 0
2026-08-12 15:29:32.822 Df IlliniCover[22888:3ca202] [com.apple.UIKit:KeyboardUI] Keyboard receives keyEvent type: 4; subtype: 0
2026-08-12 15:29:32.822 Df IlliniCover[22888:3ca202] [com.apple.UIKit:KeyboardUI] Keyboard adds a string
2026-08-12 15:29:32.824 A  IlliniCover[22888:3ca202] (UIKitCore) send control actions
2026-08-12 15:29:32.833 Df IlliniCover[22888:3ca202] [com.apple.UIKit:KeyboardUI] Keyboard inserts text
2026-08-12 15:29:32.833 Df IlliniCover[22888:3ca202] [com.apple.UIKit:EventDispatch] Evaluating dispatch of UIEvent: 0x126179b80; type: 4; subtype: 0; backing type: 30; shouldSend: 0; ignoreInteractionEvents: 0, systemGestureStateChange: 0
2026-08-12 15:29:32.855 Df IlliniCover[22888:3ca202] [com.apple.UIKit:KeyboardUI] Keyboard receives keyEvent type: 4; subtype: 0
2026-08-12 15:29:32.855 Df IlliniCover[22888:3ca202] [com.apple.UIKit:KeyboardUI] Keyboard adds a string
2026-08-12 15:29:32.857 A  IlliniCover[22888:3ca202] (UIKitCore) send control actions
2026-08-12 15:29:32.857 Df IlliniCover[22888:3ca202] [com.apple.UIKit:KeyboardUI] Keyboard inserts text
2026-08-12 15:29:32.858 Df IlliniCover[22888:3ca202] [com.apple.UIKit:EventDispatch] Evaluating dispatch of UIEvent: 0x126179b80; type: 4; subtype: 0; backing type: 30; shouldSend: 0; ignoreInteractionEvents: 0, systemGestureStateChange: 0
2026-08-12 15:29:33.332 Df IlliniCover[22888:3ca215] [com.apple.dt.xctest:Default] Received request to fetch matches for query:
2026-08-12 15:29:33.332 Df IlliniCover[22888:3ca216] [com.apple.dt.xctest:Default] Evaluating query:
2026-08-12 15:29:33.332 Df IlliniCover[22888:3ca216] [com.apple.dt.xctest:Default] Getting root element snapshot
2026-08-12 15:29:33.332 Df IlliniCover[22888:3ca216] [com.apple.dt.xctest:Default] Getting snapshot for App element pid: 22888 for query
2026-08-12 15:29:33.332 Df IlliniCover[22888:3ca216] [com.apple.dt.xctest:Default] Query requires iOS snapshot attributes .
2026-08-12 15:29:33.332 Df IlliniCover[22888:3ca216] [com.apple.dt.xctest:Default] XCTPerformOnMainRunLoop[not MT]: about to CFRunLoopPerform
2026-08-12 15:29:33.332 Df IlliniCover[22888:3ca216] [com.apple.dt.xctest:Default] XCTPerformOnMainRunLoop[not MT]: waiting with 30.00s responsiveness timeout
2026-08-12 15:29:33.332 Df IlliniCover[22888:3ca202] [com.apple.dt.xctest:Default] XCTPerformOnMainRunLoop[MT]: inside CFRunLoopPerform
2026-08-12 15:29:33.332 Df IlliniCover[22888:3ca202] [com.apple.dt.xctest:Default] XCTPerformOnMainRunLoop[MT]: MT responded in time (won the race to the busy flag)
2026-08-12 15:29:33.332 Df IlliniCover[22888:3ca216] [com.apple.dt.xctest:Default] XCTPerformOnMainRunLoop[not MT]: waiting 60.00s for work to complete
2026-08-12 15:29:33.332 Df IlliniCover[22888:3ca202] [com.apple.dt.xctest:Default] Got main window <AXUIElementRef 0x125097240> {pid=22888} {uid=[ID:4 hash:0x10960c400]}
2026-08-12 15:29:33.333 Df IlliniCover[22888:3ca202] [com.apple.dt.xctest:Default] Capturing hierarchy with attributes XC_kAXXCAttributeElementType, XC_kAXXCAttributeElementBaseType, XC_kAXXCAttributeParent, XC_kAXXCAttributeIdentifier, XC_kAXXCAttributeAutomationType, XC_kAXXCAttributeTraits
2026-08-12 15:29:33.333 Df IlliniCover[22888:3ca202] [com.apple.dt.xctest:Default] Capturing hierarchy with parameters {
    attributes =     (
        5003,
        5004,
        5002,
        5019,
        5058,
        2004
    );
    maxArrayCount = 2147483647;
    maxChildren = 2147483647;
    maxDepth = 2147483647;
    snapshotKeyHonorModalViews = 0;
    traverseFromParentsToChildren = 1;
}
2026-08-12 15:29:33.333 Df IlliniCover[22888:3ca202] [com.apple.dt.xctest:Default] Snapshot attributes 5003, 5004, 5002, 5019, 5058, 2004
2026-08-12 15:29:33.418 Df IlliniCover[22888:3ca202] [com.apple.dt.xctest:Default] Got snapshot for <AXUIElementRef 0x12533f5d0> {pid=22888} {uid=[ID:1 hash:0x0]}
2026-08-12 15:29:33.418 Df IlliniCover[22888:3ca202] [com.apple.dt.xctest:Default] Got app orientation 0
2026-08-12 15:29:33.418 Df IlliniCover[22888:3ca202] [com.apple.dt.xctest:Default] Captured accessibility snapshot data in 0.09s
2026-08-12 15:29:33.418 Df IlliniCover[22888:3ca216] [com.apple.dt.xctest:Default] Found main window: Window
2026-08-12 15:29:33.419 Df IlliniCover[22888:3ca216] [com.apple.dt.xctest:Default] Preferring automation type 48 instead of legacy element type OTHER derived from class/trait: UILabel:UILabel 8590000128
2026-08-12 15:29:33.419 Df IlliniCover[22888:3ca216] [com.apple.dt.xctest:Default] Other is not actually a child of Other, including at this point anyway (rdar://problem/20738636)
2026-08-12 15:29:33.419 Df IlliniCover[22888:3ca216] [com.apple.dt.xctest:Default] Other is not actually a child of Other, including at this point anyway (rdar://problem/20738636)
2026-08-12 15:29:33.419 Df IlliniCover[22888:3ca216] [com.apple.dt.xctest:Default] Other is not actually a child of Other, including at this point anyway (rdar://problem/20738636)
2026-08-12 15:29:33.419 Df IlliniCover[22888:3ca216] [com.apple.dt.xctest:Default] Other is not actually a child of Other, including at this point anyway (rdar://problem/20738636)
2026-08-12 15:29:33.419 Df IlliniCover[22888:3ca216] [com.apple.dt.xctest:Default] Other is not actually a child of Other, including at this point anyway (rdar://problem/20738636)
2026-08-12 15:29:33.419 Df IlliniCover[22888:3ca216] [com.apple.dt.xctest:Default] Other is not actually a child of Other, including at this point anyway (rdar://problem/20738636)
2026-08-12 15:29:33.419 Df IlliniCover[22888:3ca216] [com.apple.dt.xctest:Default] Other is not actually a child of Other, including at this point anyway (rdar://problem/20738636)
2026-08-12 15:29:33.419 Df IlliniCover[22888:3ca216] [com.apple.dt.xctest:Default] Other is not actually a child of Other, including at this point anyway (rdar://problem/20738636)
2026-08-12 15:29:33.419 Df IlliniCover[22888:3ca216] [com.apple.dt.xctest:Default] Other is not actually a child of Other, including at this point anyway (rdar://problem/20738636)
2026-08-12 15:29:33.420 Df IlliniCover[22888:3ca216] [com.apple.dt.xctest:Default] Other is not actually a child of Other, including at this point anyway (rdar://problem/20738636)
2026-08-12 15:29:33.420 Df IlliniCover[22888:3ca216] [com.apple.dt.xctest:Default] Other is not actually a child of Other, including at this point anyway (rdar://problem/20738636)
2026-08-12 15:29:33.420 Df IlliniCover[22888:3ca216] [com.apple.dt.xctest:Default] Other is not actually a child of Other, including at this point anyway (rdar://problem/20738636)
2026-08-12 15:29:33.420 Df IlliniCover[22888:3ca216] [com.apple.dt.xctest:Default] App orientation is 0 (not portrait) and UITextEffectsWindow window Window is not main window
2026-08-12 15:29:33.420 Df IlliniCover[22888:3ca216] [com.apple.dt.xctest:Default] Leaving frame unchanged for Window: either already correct or we can't detect it.
2026-08-12 15:29:33.420 Df IlliniCover[22888:3ca216] [com.apple.dt.xctest:Default] App orientation is 0 (not portrait) and UIRemoteKeyboardWindow window Window is not main window
2026-08-12 15:29:33.420 Df IlliniCover[22888:3ca216] [com.apple.dt.xctest:Default] Leaving frame unchanged for Window: either already correct or we can't detect it.
2026-08-12 15:29:33.420 Df IlliniCover[22888:3ca216] [com.apple.dt.xctest:Default] Query  found matching snapshots: {(
    Application, pid: 22888
)} (error: (null))
2026-08-12 15:29:33.421 Df IlliniCover[22888:3ca216] [com.apple.dt.xctest:Default] Replying to query  with results: <XCTElementQueryResults: 0x1242f1dd0> (error: (null))
2026-08-12 15:29:34.039 Df IlliniCover[22888:3ca202] [com.apple.UIKit:EventDispatch] Evaluating dispatch of UIEvent: 0x1095a1400; type: 0; subtype: 0; backing type: 11; shouldSend: 1; ignoreInteractionEvents: 0, systemGestureStateChange: 0
2026-08-12 15:29:34.039 Df IlliniCover[22888:3ca202] [com.apple.UIKit:EventDispatch] Sending UIEvent type: 0; subtype: 0; to windows: 1
2026-08-12 15:29:34.039 Df IlliniCover[22888:3ca202] [com.apple.UIKit:EventDispatch] Sending UIEvent type: 0; subtype: 0; to window: <UIWindow: 0x10960c400>; contextId: 0x1D3A36A6
2026-08-12 15:29:34.041 Df IlliniCover[22888:3ca202] [com.apple.UIKit:EventDispatch] Evaluating dispatch of UIEvent: 0x1095a1400; type: 0; subtype: 0; backing type: 11; shouldSend: 0; ignoreInteractionEvents: 0, systemGestureStateChange: 0
2026-08-12 15:29:34.055 Df IlliniCover[22888:3ca202] [com.apple.UIKit:EventDispatch] Evaluating dispatch of UIEvent: 0x1095a1400; type: 0; subtype: 0; backing type: 11; shouldSend: 0; ignoreInteractionEvents: 0, systemGestureStateChange: 0
2026-08-12 15:29:34.072 Df IlliniCover[22888:3ca202] [com.apple.UIKit:EventDispatch] Evaluating dispatch of UIEvent: 0x1095a1400; type: 0; subtype: 0; backing type: 11; shouldSend: 0; ignoreInteractionEvents: 0, systemGestureStateChange: 0
2026-08-12 15:29:34.088 Df IlliniCover[22888:3ca202] [com.apple.UIKit:EventDispatch] Evaluating dispatch of UIEvent: 0x1095a1400; type: 0; subtype: 0; backing type: 11; shouldSend: 0; ignoreInteractionEvents: 0, systemGestureStateChange: 0
2026-08-12 15:29:34.105 Df IlliniCover[22888:3ca202] [com.apple.UIKit:EventDispatch] Evaluating dispatch of UIEvent: 0x1095a1400; type: 0; subtype: 0; backing type: 11; shouldSend: 0; ignoreInteractionEvents: 0, systemGestureStateChange: 0
2026-08-12 15:29:34.122 Df IlliniCover[22888:3ca202] [com.apple.UIKit:EventDispatch] Evaluating dispatch of UIEvent: 0x1095a1400; type: 0; subtype: 0; backing type: 11; shouldSend: 0; ignoreInteractionEvents: 0, systemGestureStateChange: 1
2026-08-12 15:29:34.122 Df IlliniCover[22888:3ca202] [com.apple.UIKit:EventDispatch] Evaluating dispatch of UIEvent: 0x1095a1400; type: 0; subtype: 0; backing type: 11; shouldSend: 0; ignoreInteractionEvents: 0, systemGestureStateChange: 0
2026-08-12 15:29:34.138 Df IlliniCover[22888:3ca202] [com.apple.UIKit:EventDispatch] Evaluating dispatch of UIEvent: 0x1095a1400; type: 0; subtype: 0; backing type: 11; shouldSend: 0; ignoreInteractionEvents: 0, systemGestureStateChange: 0
2026-08-12 15:29:34.155 Df IlliniCover[22888:3ca202] [com.apple.UIKit:EventDispatch] Evaluating dispatch of UIEvent: 0x1095a1400; type: 0; subtype: 0; backing type: 11; shouldSend: 0; ignoreInteractionEvents: 0, systemGestureStateChange: 0
2026-08-12 15:29:34.156 Df IlliniCover[22888:3ca202] [com.apple.UIKit:EventDispatch] Evaluating dispatch of UIEvent: 0x1095a1400; type: 0; subtype: 0; backing type: 11; shouldSend: 1; ignoreInteractionEvents: 0, systemGestureStateChange: 0
2026-08-12 15:29:34.156 Df IlliniCover[22888:3ca202] [com.apple.UIKit:EventDispatch] Sending UIEvent type: 0; subtype: 0; to windows: 1
2026-08-12 15:29:34.156 Df IlliniCover[22888:3ca202] [com.apple.UIKit:EventDispatch] Sending UIEvent type: 0; subtype: 0; to window: <UIWindow: 0x10960c400>; contextId: 0x1D3A36A6
2026-08-12 15:29:34.156 A  IlliniCover[22888:3ca202] (UIKitCore) send gesture actions
2026-08-12 15:29:34.156 A  IlliniCover[22888:3ca202] (UIKitCore) send gesture actions
2026-08-12 15:29:34.171 Df IlliniCover[22888:3ca202] [com.apple.UIKit:KeyboardSceneDelegate] Reloading input views for key-window scene responder: <(null): 0x0; > force:N
2026-08-12 15:29:34.171 Df IlliniCover[22888:3ca202] [com.apple.UIKit:KeyboardSceneDelegate] _reloadInputViewsForKeyWindowSceneResponder: 0 force: 0, fromBecomeFirstResponder: 1 (automaticKeyboard: 0, reloadIdentifier: FCDF7C18-E7BE-4ED4-90DD-DA09473F5F99)
2026-08-12 15:29:34.171 Df IlliniCover[22888:3ca202] [com.apple.UIKit:KeyboardSceneDelegate] _inputViewsForResponder: <(null): 0x0; >, automaticKeyboard: 0, force: 0
2026-08-12 15:29:34.171 Df IlliniCover[22888:3ca202] [com.apple.UIKit:KeyboardSceneDelegate] _inputViewsForResponder, found custom inputView: <(null): 0x0>, customInputViewController: <(null): 0x0>
2026-08-12 15:29:34.171 Df IlliniCover[22888:3ca202] [com.apple.UIKit:KeyboardSceneDelegate] _inputViewsForResponder, found inputAccessoryView: <(null): 0x0>
2026-08-12 15:29:34.171 Df IlliniCover[22888:3ca202] [com.apple.UIKit:KeyboardSceneDelegate] _inputViewsForResponder, responderRequiresKeyboard 0 (automaticKeyboardEnabled: 0, activeInstance: <UIKeyboardAutomatic: 0x120a1e800; frame = {{0, 0}, {390, 233}}; alpha = 1.000000; isHidden = 0; tAMIC = 0>, self.isOnScreen: 1, requiresKBWhenFirstResponder: 0)
2026-08-12 15:29:34.171 Df IlliniCover[22888:3ca202] [com.apple.UIKit:KeyboardSceneDelegate] _inputViewsForResponder, useKeyboard 0 (allowsSystemInputView: 1, !inputView <(null): 0x0>, responderRequiresKeyboard 0)
2026-08-12 15:29:34.171 Df IlliniCover[22888:3ca202] [com.apple.UIKit:KeyboardSceneDelegate] _inputViewsForResponder, configuring _responderWithoutAutomaticAppearanceEnabled: <(null): 0x0> (_automaticAppearEnabled: 1)
2026-08-12 15:29:34.171 Df IlliniCover[22888:3ca202] [com.apple.UIKit:KeyboardSceneDelegate] _inputViewsForResponder returning: <<UIInputViewSet: 0x12627df80>; (empty)>
2026-08-12 15:29:34.171 Df IlliniCover[22888:3ca202] [com.apple.BackBoard:Keyboard] currently observing: YES
2026-08-12 15:29:34.171 Df IlliniCover[22888:3ca202] [com.apple.BackBoard:Keyboard] currently observing: NO
2026-08-12 15:29:34.171 Df IlliniCover[22888:3ca202] [com.apple.UIKit:InputSessionChange] -_teardownExistingDelegate:<RCTUITextField: 0x124075e00> forSetDelegate:(nil) force:NO delayEndInputSession:YES
2026-08-12 15:29:34.172 Df IlliniCover[22888:3ca216] [com.apple.network:path] nw_path_evaluator_cancel [7DF29A96-A503-4157-AF7B-EC4FC5362157] cancel
2026-08-12 15:29:34.173 Df IlliniCover[22888:3ca202] [com.apple.RemoteTextInput:RTILog] -[RTIInputSystemClient remoteTextInputSessionWithID:textSuggestionsChanged:]  Text input session suggestions changed. sessionID = E6F940E4-DE6F-4E15-9D85-94D9D7BE95FC
2026-08-12 15:29:34.176 Df IlliniCover[22888:3ca202] [com.apple.UIKit:SmartReply] Handling responseContextDidChange - existing: (null), new: (null)
2026-08-12 15:29:34.177 Df IlliniCover[22888:3ca202] [com.apple.UIKit:UIKeyboardExtended] Requesting scene for autofill UI
2026-08-12 15:29:34.177 Df IlliniCover[22888:3ca202] [com.apple.UIKit:UIPeripheralHost] endPlacementForInputViewSet: <<UIInputViewSet: 0x12627df80>; (empty)> windowScene: <UIWindowScene: 0x10c87d400; role: UIWindowSceneSessionRoleApplication; persistentIdentifier: 2050C5AC-6A26-42BC-8E8F-FBAE5EDC0388; activationState: UISceneActivationStateForegroundActive>
2026-08-12 15:29:34.177 Df IlliniCover[22888:3ca202] [com.apple.UIKit:KeyboardArbiterClientLog] -[_UIRemoteKeyboards prepareToMoveKeyboard:withIAV:isIAVRelevant:showing:notifyRemote:forScene:] position: {{0, 0}, {0, 0}} visible: 0; notifyRemote: 1; isMinimized: NO
2026-08-12 15:29:34.178 Df IlliniCover[22888:3ca202] [com.apple.KeyboardArbiter:Client] prepareToMoveKeyboard: set currentKeyboard:N
2026-08-12 15:29:34.178 Df IlliniCover[22888:3ca202] [com.apple.KeyboardArbiter:Client] TX signalKeyboardChanged
2026-08-12 15:29:34.178 Df IlliniCover[22888:3ca202] [com.apple.UIKit:KeyboardArbiterClientLog] -[_UIRemoteKeyboards signalToProxyKeyboardChanged:onCompletion:]  Signaling keyboard changed <<<_UIKeyboardChangedInformation: 0x127c04a80>; appId (null) bundleId (null) animation fence <BKSAnimationFenceHandle:0x1261a4ff0 -> <CAFenceHandle:0x10c917b10 name=a fence=756000000ff usable=YES>>; position {{0, 0}, {0, 0}}; animated YES; on screen NO; tracking NO; resizing NO; local NO, dock state: Unknown, hasValidNotif: NO>; source canvas com.apple.frontboard.systemappservices/FBSceneManager:sceneID%3Acom.illinicover.app-default; source display Main; source bundle com.illinicover.app; host bundle (null); animation fence <BKSAnimationFenceHandle:0x1261a4ff0 -> <CAFenceHandle:0x10c917b10 name=a fence=756000000ff usable=YES>>; position {{0, 0}, {0, 0}} (with IAV same); floating 0; on screen NO;  intersectable YES; snapshot YES>
2026-08-12 15:29:34.178 Df IlliniCover[22888:3ca202] [com.apple.UIKit:KeyboardVisualMode] Show keyboard with visual mode windowed (0)
2026-08-12 15:29:34.178 Df IlliniCover[22888:3ca202] [com.apple.UIKit:InputWindowController] Setting input views: <<UIInputViewSet: 0x12627cd80>; (empty)>
2026-08-12 15:29:34.178 Df IlliniCover[22888:3ca202] [com.apple.UIKit:UIPeripheralHost] endPlacementForInputViewSet: <<UIInputViewSet: 0x12627d080>; keyboard = <UIKeyboardAutomatic: 0x120a1e800; frame = (0 0; 390 233); opaque = NO; layer = <CALayer: 0x120a30240>>%; assistant = <TUISystemInputAssistantView: 0x10ca00600; frame = (0 48; 390 0); hidden = YES; >; accessory = <_UIRemoteKeyboardPlaceholderView: 0x12531ca00; frame = (0 0; 390 48); >; usesKeyClicks = NO;  > windowScene: <_UIKeyboardWindowScene: 0x120b16800; role: _UIScreenBasedSceneSession; persistentIdentifier: CD6F42C2-2D13-41B6-82FB-9928EF36F6D7; activationState: UISceneActivationStateForegroundActive>
2026-08-12 15:29:34.178 Df IlliniCover[22888:3ca202] [com.apple.UIKit:UIPeripheralHost] endPlacementForInputViewSet, returning -> <UIInputViewSetPlacementOnScreenWithAccessory>
2026-08-12 15:29:34.179 Df IlliniCover[22888:3ca202] [com.apple.UIKit:UIPeripheralHost] endPlacementForInputViewSet: <<UIInputViewSet: 0x12627d080>; keyboard = <UIKeyboardAutomatic: 0x120a1e800; frame = (0 0; 390 233); opaque = NO; layer = <CALayer: 0x120a30240>>%; assistant = <TUISystemInputAssistantView: 0x10ca00600; frame = (0 48; 390 0); hidden = YES; >; accessory = <_UIRemoteKeyboardPlaceholderView: 0x12531ca00; frame = (0 0; 390 48); >; usesKeyClicks = NO;  > windowScene: <_UIKeyboardWindowScene: 0x120b16800; role: _UIScreenBasedSceneSession; persistentIdentifier: CD6F42C2-2D13-41B6-82FB-9928EF36F6D7; activationState: UISceneActivationStateForegroundActive>
2026-08-12 15:29:34.179 Df IlliniCover[22888:3ca202] [com.apple.UIKit:UIPeripheralHost] endPlacementForInputViewSet, returning -> <UIInputViewSetPlacementOnScreenWithAccessory>
2026-08-12 15:29:34.180 Df IlliniCover[22888:3ca202] [com.apple.UIKit:UIPeripheralHost] endPlacementForInputViewSet: <<UIInputViewSet: 0x12627d080>; keyboard = <UIKeyboardAutomatic: 0x120a1e800; frame = (0 0; 390 233); opaque = NO; layer = <CALayer: 0x120a30240>>%; assistant = <TUISystemInputAssistantView: 0x10ca00600; frame = (0 48; 390 0); hidden = YES; >; accessory = <_UIRemoteKeyboardPlaceholderView: 0x12531ca00; frame = (0 0; 390 48); >; usesKeyClicks = NO;  > windowScene: <_UIKeyboardWindowScene: 0x120b16800; role: _UIScreenBasedSceneSession; persistentIdentifier: CD6F42C2-2D13-41B6-82FB-9928EF36F6D7; activationState: UISceneActivationStateForegroundActive>
2026-08-12 15:29:34.180 Df IlliniCover[22888:3ca202] [com.apple.UIKit:UIPeripheralHost] endPlacementForInputViewSet, returning -> <UIInputViewSetPlacementOnScreenWithAccessory>
2026-08-12 15:29:34.180 Df IlliniCover[22888:3ca202] [com.apple.UIKit:UIPeripheralHost] endPlacementForInputViewSet: <<UIInputViewSet: 0x12627d080>; keyboard = <UIKeyboardAutomatic: 0x120a1e800; frame = (0 0; 390 233); opaque = NO; layer = <CALayer: 0x120a30240>>%; assistant = <TUISystemInputAssistantView: 0x10ca00600; frame = (0 48; 390 0); hidden = YES; >; accessory = <_UIRemoteKeyboardPlaceholderView: 0x12531ca00; frame = (0 0; 390 48); >; usesKeyClicks = NO;  > windowScene: <_UIKeyboardWindowScene: 0x120b16800; role: _UIScreenBasedSceneSession; persistentIdentifier: CD6F42C2-2D13-41B6-82FB-9928EF36F6D7; activationState: UISceneActivationStateForegroundActive>
2026-08-12 15:29:34.180 Df IlliniCover[22888:3ca202] [com.apple.UIKit:UIPeripheralHost] endPlacementForInputViewSet, returning -> <UIInputViewSetPlacementOnScreenWithAccessory>
2026-08-12 15:29:34.180 Df IlliniCover[22888:3ca202] [com.apple.UIKit:UIPeripheralHost] endPlacementForInputViewSet: <<UIInputViewSet: 0x12627cd80>; (empty)> windowScene: <_UIKeyboardWindowScene: 0x120b16800; role: _UIScreenBasedSceneSession; persistentIdentifier: CD6F42C2-2D13-41B6-82FB-9928EF36F6D7; activationState: UISceneActivationStateForegroundActive>
2026-08-12 15:29:34.180 Df IlliniCover[22888:3ca202] [com.apple.UIKit:InputWindowController] Moving from placement: <UIInputViewSetPlacementOnScreenWithAccessory> to placement: <UIInputViewSetPlacementOffScreenDown> (currentPlacement: <UIInputViewSetPlacementOnScreenWithAccessory>)
2026-08-12 15:29:34.181 Df IlliniCover[22888:3ca202] [com.apple.UIKit:InputWindowController] updatePlacementWithPlacement: <UIInputViewSetPlacementOffScreenDown>
2026-08-12 15:29:34.182 Df IlliniCover[22888:3ca202] [com.apple.UIKit:UIPeripheralHost] endPlacementForInputViewSet: <<UIInputViewSet: 0x12627d080>; keyboard = <UIKeyboardAutomatic: 0x120a1e800; frame = (0 0; 390 233); opaque = NO; layer = <CALayer: 0x120a30240>>%; assistant = <TUISystemInputAssistantView: 0x10ca00600; frame = (0 48; 390 0); hidden = YES; >; accessory = <_UIRemoteKeyboardPlaceholderView: 0x12531ca00; frame = (0 0; 390 48); >; usesKeyClicks = NO;  > windowScene: <_UIKeyboardWindowScene: 0x120b16800; role: _UIScreenBasedSceneSession; persistentIdentifier: CD6F42C2-2D13-41B6-82FB-9928EF36F6D7; activationState: UISceneActivationStateForegroundActive>
2026-08-12 15:29:34.182 Df IlliniCover[22888:3ca202] [com.apple.UIKit:UIPeripheralHost] endPlacementForInputViewSet, returning -> <UIInputViewSetPlacementOnScreenWithAccessory>
2026-08-12 15:29:34.182 Df IlliniCover[22888:3ca202] [com.apple.UIKit:UIPeripheralHost] endPlacementForInputViewSet: <<UIInputViewSet: 0x12627d080>; keyboard = <UIKeyboardAutomatic: 0x120a1e800; frame = (0 0; 390 233); opaque = NO; layer = <CALayer: 0x120a30240>>%; assistant = <TUISystemInputAssistantView: 0x10ca00600; frame = (0 48; 390 0); hidden = YES; >; accessory = <_UIRemoteKeyboardPlaceholderView: 0x12531ca00; frame = (0 0; 390 48); >; usesKeyClicks = NO;  > windowScene: <_UIKeyboardWindowScene: 0x120b16800; role: _UIScreenBasedSceneSession; persistentIdentifier: CD6F42C2-2D13-41B6-82FB-9928EF36F6D7; activationState: UISceneActivationStateForegroundActive>
2026-08-12 15:29:34.182 Df IlliniCover[22888:3ca202] [com.apple.UIKit:UIPeripheralHost] endPlacementForInputViewSet, returning -> <UIInputViewSetPlacementOnScreenWithAccessory>
2026-08-12 15:29:34.183 Df IlliniCover[22888:3ca202] [com.apple.UIKit:UIPeripheralHost] endPlacementForInputViewSet: <<UIInputViewSet: 0x12627d080>; keyboard = <UIKeyboardAutomatic: 0x120a1e800; frame = (0 0; 390 233); opaque = NO; layer = <CALayer: 0x120a30240>>%; assistant = <TUISystemInputAssistantView: 0x10ca00600; frame = (0 48; 390 0); hidden = YES; >; accessory = <_UIRemoteKeyboardPlaceholderView: 0x12531ca00; frame = (0 0; 390 48); >; usesKeyClicks = NO;  > windowScene: <_UIKeyboardWindowScene: 0x120b16800; role: _UIScreenBasedSceneSession; persistentIdentifier: CD6F42C2-2D13-41B6-82FB-9928EF36F6D7; activationState: UISceneActivationStateForegroundActive>
2026-08-12 15:29:34.183 Df IlliniCover[22888:3ca202] [com.apple.UIKit:UIPeripheralHost] endPlacementForInputViewSet, returning -> <UIInputViewSetPlacementOnScreenWithAccessory>
2026-08-12 15:29:34.183 Df IlliniCover[22888:3ca202] [com.apple.UIKit:UIPeripheralHost] endPlacementForInputViewSet: <<UIInputViewSet: 0x12627d080>; keyboard = <UIKeyboardAutomatic: 0x120a1e800; frame = (0 0; 390 233); opaque = NO; layer = <CALayer: 0x120a30240>>%; assistant = <TUISystemInputAssistantView: 0x10ca00600; frame = (0 48; 390 0); hidden = YES; >; accessory = <_UIRemoteKeyboardPlaceholderView: 0x12531ca00; frame = (0 0; 390 48); >; usesKeyClicks = NO;  > windowScene: <_UIKeyboardWindowScene: 0x120b16800; role: _UIScreenBasedSceneSession; persistentIdentifier: CD6F42C2-2D13-41B6-82FB-9928EF36F6D7; activationState: UISceneActivationStateForegroundActive>
2026-08-12 15:29:34.183 Df IlliniCover[22888:3ca202] [com.apple.UIKit:UIPeripheralHost] endPlacementForInputViewSet, returning -> <UIInputViewSetPlacementOnScreenWithAccessory>
2026-08-12 15:29:34.184 Df IlliniCover[22888:3ca202] [com.apple.UIKit:InputWindowController] Tracking provider: moveFromPlacement: <UIInputViewSetPlacementOnScreenWithAccessory> toPlacement: <UIInputViewSetPlacementOffScreenDown> update to: {{0, 892}, {390, 308}}
2026-08-12 15:29:34.184 Df IlliniCover[22888:3ca202] [com.apple.TextInputUI:KeyboardTrackingCoordinator] Updating tracking clients for start <TUIKeyboardTrackingCoordinator:0x120a5f700 state=<TUIKeyboardState: 0x120bed6e0 State: offscreen; is docked>; frame={{0, 892}, {390, 308}}; animation=<TUIKeyboardAnimationInfo: 0x12534e380, duration: 0.38, from local keyboard, is not rotating, should animate, type: 0, notificationInfo: {
    UIKeyboardAnimationCurveUserInfoKey = 7;
    UIKeyboardAnimationDurationUserInfoKey = "0.3833";
    UIKeyboardBoundsUserInfoKey = "NSRect: {{0, 0}, {390, 356}}";
    UIKeyboardCenterBeginUserInfoKey = "NSPoint: {195, 666}";
    UIKeyboardCenterEndUserInfoKey = "NSPoint: {195, 1022}";
    UIKeyboardFrameBeginUserInfoKey = "NSRect: {{0, 488}, {390, 356}}";
    UIKeyboardFrameEndUserInfoKey = "NSRect: {{0, 844}, {390, 356}}";
    UIKeyboardIsLocalUserInfoKey = 1;
}notificationsDebug: >>
2026-08-12 15:29:34.184 Df IlliniCover[22888:3ca202] [com.apple.UIKit:KeyboardLayoutGuide] changeSizingConstants: size is changing [not transitioning] to {390, 0} [previous size: {390, 356}]
2026-08-12 15:29:34.187 Df IlliniCover[22888:3ca202] [com.apple.UIKit:KeyboardLayoutGuide] changeSizingConstants: size is changing [not transitioning] to {390, 0} [previous size: {390, 308}]
2026-08-12 15:29:34.187 Df IlliniCover[22888:3ca202] [com.apple.UIKit:KeyboardLayoutGuide] changeSizingConstants: size is changing [not transitioning] to {390, 48} [previous size: {390, 0}]
2026-08-12 15:29:34.191 Df IlliniCover[22888:3ca202] [com.apple.UIKit:TrackingElementWindowController] Setting tracking element input views: <<UIInputViewSet: 0x12627e040>; (empty)>
2026-08-12 15:29:34.191 Df IlliniCover[22888:3ca202] [com.apple.UIKit:KeyboardArbiterClientLog] -[_UIRemoteKeyboardPlaceholderView refreshPlaceholder]  refreshPlaceholder: size={390, 0} [previous size={390, 0}]
2026-08-12 15:29:34.191 Df IlliniCover[22888:3ca202] [com.apple.UIKit:TrackingElementWindowController] Placeholder height changed from 308.0 to 0.0
2026-08-12 15:29:34.191 Df IlliniCover[22888:3ca202] [com.apple.UIKit:UIPeripheralHost] endPlacementForInputViewSet: <<UIInputViewSet: 0x12627e040>; (empty)> windowScene: <UIWindowScene: 0x10c87d400; role: UIWindowSceneSessionRoleApplication; persistentIdentifier: 2050C5AC-6A26-42BC-8E8F-FBAE5EDC0388; activationState: UISceneActivationStateForegroundActive>
2026-08-12 15:29:34.191 Df IlliniCover[22888:3ca202] [com.apple.UIKit:TrackingElementWindowController] Moving from placement: <UIInputViewSetPlacementOnScreenWithAccessory> to placement: <UIInputViewSetPlacementOffScreenDown> (currentPlacement: <UIInputViewSetPlacementOnScreenWithAccessory>)
2026-08-12 15:29:34.191 Df IlliniCover[22888:3ca202] [com.apple.UIKit:TrackingElementWindowController] updatePlacementWithPlacement: <UIInputViewSetPlacementOffScreenDown>
2026-08-12 15:29:34.205 Df IlliniCover[22888:3ca202] [com.apple.TextInputUI:KeyboardTrackingCoordinator] Posted notification willHide with {
    UIKeyboardAnimationCurveUserInfoKey = 7;
    UIKeyboardAnimationDurationUserInfoKey = 0;
    UIKeyboardBoundsUserInfoKey = "NSRect: {{0, 0}, {390, 356}}";
    UIKeyboardCenterBeginUserInfoKey = "NSPoint: {195, 666}";
    UIKeyboardCenterEndUserInfoKey = "NSPoint: {195, 1022}";
    UIKeyboardFrameBeginUserInfoKey = "NSRect: {{0, 488}, {390, 356}}";
    UIKeyboardFrameEndUserInfoKey = "NSRect: {{0, 844}, {390, 356}}";
    UIKeyboardIsLocalUserInfoKey = 1;
} (null)
2026-08-12 15:29:34.244 A  IlliniCover[22888:3ca202] (UIKitCore) send control actions
2026-08-12 15:29:34.246 E  IlliniCover[22888:3ca202] [com.apple.UIKit:Assert] button text attributes only respected for UIControlStateNormal, UIControlStateHighlighted, UIControlStateDisabled and UIControlStateFocused. state = 4 is interpreted as UIControlStateHighlighted.
2026-08-12 15:29:34.246 E  IlliniCover[22888:3ca202] [com.apple.UIKit:Assert] button text attributes only respected for UIControlStateNormal, UIControlStateHighlighted, UIControlStateDisabled and UIControlStateFocused. state = 4 is interpreted as UIControlStateHighlighted.
2026-08-12 15:29:34.267 Df IlliniCover[22888:3ca202] [com.apple.RemoteTextInput:InputSessionChange] -[RTIInputSystemClient endRemoteTextInputSessionWithID:options:completion:]  Ending text input session. sessionID = E6F940E4-DE6F-4E15-9D85-94D9D7BE95FC, options = <RTISessionOptions: 0x12402b020; shouldResign = YES; animated = YES; offscreenDirection = 0; enhancedWindowingModeEnabled = NO
2026-08-12 15:29:34.267 Df IlliniCover[22888:3ca202] [com.apple.RemoteTextInput:InputSessionChange] -[RTIInputSystemClient _endSessionWithID:forServices:options:completion:]  End input session: E6F940E4-DE6F-4E15-9D85-94D9D7BE95FC
2026-08-12 15:29:34.270 Df IlliniCover[22888:3ca202] [com.apple.RemoteTextInput:InputSessionChange] -[RTIInputSystemClient endAllowingRemoteTextInput:completion:]  End allowing remote text input: E6F940E4-DE6F-4E15-9D85-94D9D7BE95FC
2026-08-12 15:29:34.270 Df IlliniCover[22888:3ca202] [com.apple.RemoteTextInput:InputSessionChange] -[RTIInputSystemClient _modifyTextEditingAllowedForReason:notify:animated:modifyAllowancesBlock:completion:]  Text editing allowed did change (editingAllowedAfter = NO)
2026-08-12 15:29:34.271 Df IlliniCover[22888:3ca202] [com.apple.xpc:connection] [0x1220308c0] invalidated because the current process cancelled the connection by calling xpc_connection_cancel()
2026-08-12 15:29:34.658 Df IlliniCover[22888:3ca202] [com.apple.KeyboardArbiter:Client] TX setWindowContextID:1983483455 windowState:Disabled level:5.0
    focusContext:<contextID:490354342 sceneID:com.illinicover.app-default>
2026-08-12 15:29:34.662 Df IlliniCover[22888:3ca202] [com.apple.UIKit:TrackingElementWindowController] Change from input view set: <<UIInputViewSet: 0x12627d140>; keyboard = <UIKeyboardAutomatic: 0x120a1e800; frame = (0 0; 390 233); opaque = NO; layer = <CALayer: 0x120a30240>>%; accessory = <UIToolbar: 0x120a0bc00; frame = (0 0; 390 48); >; usesKeyClicks = NO;  >
2026-08-12 15:29:34.662 Df IlliniCover[22888:3ca202] [com.apple.UIKit:TrackingElementWindowController] Change to input view set: <<UIInputViewSet: 0x12627e040>; (empty)>
2026-08-12 15:29:34.663 Df IlliniCover[22888:3ca202] [com.apple.UIKit:UIPeripheralHost] endPlacementForInputViewSet: <<UIInputViewSet: 0x12627e040>; (empty)> windowScene: <UIWindowScene: 0x10c87d400; role: UIWindowSceneSessionRoleApplication; persistentIdentifier: 2050C5AC-6A26-42BC-8E8F-FBAE5EDC0388; activationState: UISceneActivationStateForegroundActive>
2026-08-12 15:29:34.664 Df IlliniCover[22888:3ca218] [com.apple.network:path] nw_path_evaluator_start [B39E4E29-2D4E-468C-88D9-02745F698731 <NULL> generic, multipath service: handover, attribution: developer]
	path: satisfied (Path is satisfied), interface: en0[802.11], uses wifi, LQM: unknown
2026-08-12 15:29:34.665 Df IlliniCover[22888:3ca202] [com.apple.UIKit:Dictation] -[UIDictationController setIgnoreFinalizePhrases:] Setting ignoreFinalizePhrases flag 1
2026-08-12 15:29:34.665 Df IlliniCover[22888:3ca202] [com.apple.TextInputUI:KeyboardTrackingCoordinator] Posted notification didHide with {
    UIKeyboardAnimationCurveUserInfoKey = 7;
    UIKeyboardAnimationDurationUserInfoKey = 0;
    UIKeyboardBoundsUserInfoKey = "NSRect: {{0, 0}, {390, 356}}";
    UIKeyboardCenterBeginUserInfoKey = "NSPoint: {195, 666}";
    UIKeyboardCenterEndUserInfoKey = "NSPoint: {195, 1022}";
    UIKeyboardFrameBeginUserInfoKey = "NSRect: {{0, 488}, {390, 356}}";
    UIKeyboardFrameEndUserInfoKey = "NSRect: {{0, 844}, {390, 356}}";
    UIKeyboardIsLocalUserInfoKey = 1;
} (null)
2026-08-12 15:29:34.666 Df IlliniCover[22888:3ca202] [com.apple.UIKit:InputWindowController] Change from input view set: <<UIInputViewSet: 0x12627d080>; keyboard = <UIKeyboardAutomatic: 0x120a1e800; frame = (0 0; 390 233); opaque = NO; layer = <CALayer: 0x120a30240>>%; assistant = <TUISystemInputAssistantView: 0x10ca00600; frame = (0 48; 390 0); hidden = YES; >; accessory = <_UIRemoteKeyboardPlaceholderView: 0x12531ca00; frame = (0 0; 390 48); >; usesKeyClicks = NO;  >
2026-08-12 15:29:34.666 Df IlliniCover[22888:3ca202] [com.apple.UIKit:InputWindowController] Change to input view set: <<UIInputViewSet: 0x12627cd80>; (empty)>
2026-08-12 15:29:34.770 A  IlliniCover[22888:3ca219] (RunningBoardServices) didChangeInheritances
2026-08-12 15:29:35.210 Df IlliniCover[22888:3ca218] [com.apple.dt.xctest:Default] Received request to fetch matches for query:
2026-08-12 15:29:35.210 Df IlliniCover[22888:3ca218] [com.apple.dt.xctest:Default] Evaluating query:
2026-08-12 15:29:35.210 Df IlliniCover[22888:3ca218] [com.apple.dt.xctest:Default] Getting root element snapshot
2026-08-12 15:29:35.210 Df IlliniCover[22888:3ca218] [com.apple.dt.xctest:Default] Getting snapshot for App element pid: 22888 for query
2026-08-12 15:29:35.210 Df IlliniCover[22888:3ca218] [com.apple.dt.xctest:Default] Query requires iOS snapshot attributes .
2026-08-12 15:29:35.210 Df IlliniCover[22888:3ca218] [com.apple.dt.xctest:Default] XCTPerformOnMainRunLoop[not MT]: about to CFRunLoopPerform
2026-08-12 15:29:35.210 Df IlliniCover[22888:3ca218] [com.apple.dt.xctest:Default] XCTPerformOnMainRunLoop[not MT]: waiting with 30.00s responsiveness timeout
2026-08-12 15:29:35.210 Df IlliniCover[22888:3ca202] [com.apple.dt.xctest:Default] XCTPerformOnMainRunLoop[MT]: inside CFRunLoopPerform
2026-08-12 15:29:35.210 Df IlliniCover[22888:3ca202] [com.apple.dt.xctest:Default] XCTPerformOnMainRunLoop[MT]: MT responded in time (won the race to the busy flag)
2026-08-12 15:29:35.210 Df IlliniCover[22888:3ca218] [com.apple.dt.xctest:Default] XCTPerformOnMainRunLoop[not MT]: waiting 60.00s for work to complete
2026-08-12 15:29:35.211 Df IlliniCover[22888:3ca202] [com.apple.dt.xctest:Default] Got main window <AXUIElementRef 0x1253afc60> {pid=22888} {uid=[ID:4 hash:0x10960c400]}
2026-08-12 15:29:35.211 Df IlliniCover[22888:3ca202] [com.apple.dt.xctest:Default] Capturing hierarchy with attributes XC_kAXXCAttributeElementType, XC_kAXXCAttributeElementBaseType, XC_kAXXCAttributeParent, XC_kAXXCAttributeIdentifier, XC_kAXXCAttributeAutomationType, XC_kAXXCAttributeTraits
2026-08-12 15:29:35.211 Df IlliniCover[22888:3ca202] [com.apple.dt.xctest:Default] Capturing hierarchy with parameters {
    attributes =     (
        5003,
        5004,
        5002,
        5019,
        5058,
        2004
    );
    maxArrayCount = 2147483647;
    maxChildren = 2147483647;
    maxDepth = 2147483647;
    snapshotKeyHonorModalViews = 0;
    traverseFromParentsToChildren = 1;
}
2026-08-12 15:29:35.211 Df IlliniCover[22888:3ca202] [com.apple.dt.xctest:Default] Snapshot attributes 5003, 5004, 5002, 5019, 5058, 2004
2026-08-12 15:29:35.286 Df IlliniCover[22888:3ca202] [com.apple.dt.xctest:Default] Got snapshot for <AXUIElementRef 0x123600510> {pid=22888} {uid=[ID:1 hash:0x0]}
2026-08-12 15:29:35.286 Df IlliniCover[22888:3ca202] [com.apple.dt.xctest:Default] Got app orientation 0
2026-08-12 15:29:35.286 Df IlliniCover[22888:3ca202] [com.apple.dt.xctest:Default] Captured accessibility snapshot data in 0.08s
2026-08-12 15:29:35.286 Df IlliniCover[22888:3ca218] [com.apple.dt.xctest:Default] Found main window: Window
2026-08-12 15:29:35.287 Df IlliniCover[22888:3ca218] [com.apple.dt.xctest:Default] Preferring automation type 48 instead of legacy element type OTHER derived from class/trait: UILabel:UILabel 8590000128
2026-08-12 15:29:35.287 Df IlliniCover[22888:3ca218] [com.apple.dt.xctest:Default] Other is not actually a child of Other, including at this point anyway (rdar://problem/20738636)
2026-08-12 15:29:35.287 Df IlliniCover[22888:3ca218] [com.apple.dt.xctest:Default] Other is not actually a child of Other, including at this point anyway (rdar://problem/20738636)
2026-08-12 15:29:35.287 Df IlliniCover[22888:3ca218] [com.apple.dt.xctest:Default] Other is not actually a child of Other, including at this point anyway (rdar://problem/20738636)
2026-08-12 15:29:35.287 Df IlliniCover[22888:3ca218] [com.apple.dt.xctest:Default] Other is not actually a child of Other, including at this point anyway (rdar://problem/20738636)
2026-08-12 15:29:35.287 Df IlliniCover[22888:3ca218] [com.apple.dt.xctest:Default] Other is not actually a child of Other, including at this point anyway (rdar://problem/20738636)
2026-08-12 15:29:35.287 Df IlliniCover[22888:3ca218] [com.apple.dt.xctest:Default] Other is not actually a child of Other, including at this point anyway (rdar://problem/20738636)
2026-08-12 15:29:35.287 Df IlliniCover[22888:3ca218] [com.apple.dt.xctest:Default] Other is not actually a child of Other, including at this point anyway (rdar://problem/20738636)
2026-08-12 15:29:35.287 Df IlliniCover[22888:3ca218] [com.apple.dt.xctest:Default] Other is not actually a child of Other, including at this point anyway (rdar://problem/20738636)
2026-08-12 15:29:35.287 Df IlliniCover[22888:3ca218] [com.apple.dt.xctest:Default] Other is not actually a child of Other, including at this point anyway (rdar://problem/20738636)
2026-08-12 15:29:35.287 Df IlliniCover[22888:3ca218] [com.apple.dt.xctest:Default] Other is not actually a child of Other, including at this point anyway (rdar://problem/20738636)
2026-08-12 15:29:35.288 Df IlliniCover[22888:3ca218] [com.apple.dt.xctest:Default] Other is not actually a child of Other, including at this point anyway (rdar://problem/20738636)
2026-08-12 15:29:35.288 Df IlliniCover[22888:3ca218] [com.apple.dt.xctest:Default] Other is not actually a child of Other, including at this point anyway (rdar://problem/20738636)
2026-08-12 15:29:35.288 Df IlliniCover[22888:3ca218] [com.apple.dt.xctest:Default] App orientation is 0 (not portrait) and UITextEffectsWindow window Window is not main window
2026-08-12 15:29:35.288 Df IlliniCover[22888:3ca218] [com.apple.dt.xctest:Default] Leaving frame unchanged for Window: either already correct or we can't detect it.
2026-08-12 15:29:35.288 Df IlliniCover[22888:3ca218] [com.apple.dt.xctest:Default] Query  found matching snapshots: {(
    Application, pid: 22888
)} (error: (null))
2026-08-12 15:29:35.288 Df IlliniCover[22888:3ca218] [com.apple.dt.xctest:Default] Replying to query  with results: <XCTElementQueryResults: 0x1262076f0> (error: (null))
2026-08-12 15:29:36.101 Df IlliniCover[22888:3ca218] [com.apple.xpc:connection] [0x109570780] invalidated because the client process (pid 22834) either cancelled the connection or exited
2026-08-12 15:29:36.101 Df IlliniCover[22888:3ca218] [com.apple.dt.xctest:Default] Connection from client with pid 22834 was invalidated.
2026-08-12 15:29:36.104 Df IlliniCover[22888:3ca219] [com.apple.dt.automationmode:Default] Handling posted change notification (com.apple.dt.automationmode.state-changed)
2026-08-12 15:29:36.104 Df IlliniCover[22888:3ca219] [com.apple.dt.automationmode:Default] XAM shared observer connecting to com.apple.dt.automationmode.reader
2026-08-12 15:29:36.104 Df IlliniCover[22888:3ca219] [com.apple.xpc:connection] [0x126178640] activating connection: mach=true listener=false peer=false name=com.apple.dt.automationmode.reader
2026-08-12 15:29:36.105 Df IlliniCover[22888:3ca219] [com.apple.xpc:connection] [0x126178640] invalidated because the current process cancelled the connection by calling xpc_connection_cancel()
2026-08-12 15:29:36.105 Df IlliniCover[22888:3ca219] [com.apple.dt.automationmode:Default] Comparing previous enabled state (1) to current enabled state (0)
2026-08-12 15:29:36.105 Df IlliniCover[22888:3ca218] [com.apple.dt.xctest:Default] Automation Mode has been disabled, existing connections will be invalidated.
2026-08-12 15:29:37.069 Df IlliniCover[22888:3ca218] [com.apple.launchservices:db] NotifyToken::RegisterDispatch(com.apple.LaunchServices.database) fired for session key LSSessionKey(system: 0 uid: 501)
2026-08-12 15:29:44.287 Df IlliniCover[22888:3ca216] [com.apple.dt.automationmode:Default] Handling posted change notification (com.apple.dt.automationmode.state-changed)
2026-08-12 15:29:44.287 Df IlliniCover[22888:3ca216] [com.apple.dt.automationmode:Default] XAM shared observer connecting to com.apple.dt.automationmode.reader
2026-08-12 15:29:44.287 Df IlliniCover[22888:3ca216] [com.apple.xpc:connection] [0x126178640] activating connection: mach=true listener=false peer=false name=com.apple.dt.automationmode.reader
2026-08-12 15:29:44.293 Df IlliniCover[22888:3ca216] [com.apple.xpc:connection] [0x126178640] invalidated because the current process cancelled the connection by calling xpc_connection_cancel()
2026-08-12 15:29:44.293 Df IlliniCover[22888:3ca216] [com.apple.dt.automationmode:Default] Comparing previous enabled state (0) to current enabled state (1)
2026-08-12 15:29:46.069 Df IlliniCover[22888:3ca7bf] [com.apple.dt.xctest:Default] Received request for endpoint.
2026-08-12 15:29:46.069 Df IlliniCover[22888:3ca7bf] [com.apple.dt.xctest:Default] Sending anonymous endpoint.
2026-08-12 15:29:46.069 Df IlliniCover[22888:3ca7bf] [com.apple.xpc:connection] [0x1095dd7c0] Connection returned listener port: 0x7803
2026-08-12 15:29:46.070 Df IlliniCover[22888:3ca7bf] [com.apple.dt.xctest:Default] Received client to target connection.
2026-08-12 15:29:46.070 Df IlliniCover[22888:3ca7bf] [com.apple.dt.automationmode:Default] Returning 1 for enabled state
2026-08-12 15:29:46.070 Df IlliniCover[22888:3ca7bf] [com.apple.xpc:connection] [0x122171800] activating connection: mach=false listener=false peer=true name=com.apple.xpc.anonymous.0x1095dd7c0.peer[23031].0x122171800
2026-08-12 15:29:46.070 Df IlliniCover[22888:3ca7bf] [com.apple.dt.xctest:Default] Received request to exchange capabilities, remote interface capabilities are: <XCTCapabilities: 0x1261a5000>: {
    "query runtime issue reporting" = 1;
    "query runtime issue reporting/automation type mismatch" = 1;
}
2026-08-12 15:29:46.072 Df IlliniCover[22888:3ca7bf] [com.apple.dt.xctest:Default] Received request to fetch matches for query:
2026-08-12 15:29:46.072 Df IlliniCover[22888:3ca7bf] [com.apple.dt.xctest:Default] Evaluating query:
2026-08-12 15:29:46.072 Df IlliniCover[22888:3ca7bf] [com.apple.dt.xctest:Default] Getting root element snapshot
2026-08-12 15:29:46.072 Df IlliniCover[22888:3ca7bf] [com.apple.dt.xctest:Default] Getting snapshot for App element pid: 22888 for query
2026-08-12 15:29:46.072 Df IlliniCover[22888:3ca7bf] [com.apple.dt.xctest:Default] Query requires iOS snapshot attributes .
2026-08-12 15:29:46.072 Df IlliniCover[22888:3ca7bf] [com.apple.dt.xctest:Default] XCTPerformOnMainRunLoop[not MT]: about to CFRunLoopPerform
2026-08-12 15:29:46.072 Df IlliniCover[22888:3ca7bf] [com.apple.dt.xctest:Default] XCTPerformOnMainRunLoop[not MT]: waiting with 30.00s responsiveness timeout
2026-08-12 15:29:46.072 Df IlliniCover[22888:3ca202] [com.apple.dt.xctest:Default] XCTPerformOnMainRunLoop[MT]: inside CFRunLoopPerform
2026-08-12 15:29:46.072 Df IlliniCover[22888:3ca202] [com.apple.dt.xctest:Default] XCTPerformOnMainRunLoop[MT]: MT responded in time (won the race to the busy flag)
2026-08-12 15:29:46.072 Df IlliniCover[22888:3ca7bf] [com.apple.dt.xctest:Default] XCTPerformOnMainRunLoop[not MT]: waiting 60.00s for work to complete
2026-08-12 15:29:46.073 Df IlliniCover[22888:3ca202] [com.apple.dt.xctest:Default] Got main window <AXUIElementRef 0x127c50b70> {pid=22888} {uid=[ID:4 hash:0x10960c400]}
2026-08-12 15:29:46.073 Df IlliniCover[22888:3ca202] [com.apple.dt.xctest:Default] Capturing hierarchy with attributes XC_kAXXCAttributeElementType, XC_kAXXCAttributeElementBaseType, XC_kAXXCAttributeParent, XC_kAXXCAttributeIdentifier, XC_kAXXCAttributeAutomationType, XC_kAXXCAttributeTraits
2026-08-12 15:29:46.073 Df IlliniCover[22888:3ca202] [com.apple.dt.xctest:Default] Capturing hierarchy with parameters {
    attributes =     (
        5003,
        5004,
        5002,
        5019,
        5058,
        2004
    );
    maxArrayCount = 2147483647;
    maxChildren = 2147483647;
    maxDepth = 2147483647;
    snapshotKeyHonorModalViews = 0;
    traverseFromParentsToChildren = 1;
}
2026-08-12 15:29:46.073 Df IlliniCover[22888:3ca202] [com.apple.dt.xctest:Default] Snapshot attributes 5003, 5004, 5002, 5019, 5058, 2004
2026-08-12 15:29:46.156 Df IlliniCover[22888:3ca202] [com.apple.dt.xctest:Default] Got snapshot for <AXUIElementRef 0x12352a100> {pid=22888} {uid=[ID:1 hash:0x0]}
2026-08-12 15:29:46.156 Df IlliniCover[22888:3ca202] [com.apple.dt.xctest:Default] Got app orientation 0
2026-08-12 15:29:46.156 Df IlliniCover[22888:3ca202] [com.apple.dt.xctest:Default] Captured accessibility snapshot data in 0.08s
2026-08-12 15:29:46.156 Df IlliniCover[22888:3ca7bf] [com.apple.dt.xctest:Default] Found main window: Window
2026-08-12 15:29:46.156 Df IlliniCover[22888:3ca7bf] [com.apple.dt.xctest:Default] Preferring automation type 48 instead of legacy element type OTHER derived from class/trait: UILabel:UILabel 8590000128
2026-08-12 15:29:46.156 Df IlliniCover[22888:3ca7bf] [com.apple.dt.xctest:Default] Other is not actually a child of Other, including at this point anyway (rdar://problem/20738636)
2026-08-12 15:29:46.156 Df IlliniCover[22888:3ca7bf] [com.apple.dt.xctest:Default] Other is not actually a child of Other, including at this point anyway (rdar://problem/20738636)
2026-08-12 15:29:46.156 Df IlliniCover[22888:3ca7bf] [com.apple.dt.xctest:Default] Other is not actually a child of Other, including at this point anyway (rdar://problem/20738636)
2026-08-12 15:29:46.156 Df IlliniCover[22888:3ca7bf] [com.apple.dt.xctest:Default] Other is not actually a child of Other, including at this point anyway (rdar://problem/20738636)
2026-08-12 15:29:46.156 Df IlliniCover[22888:3ca7bf] [com.apple.dt.xctest:Default] Other is not actually a child of Other, including at this point anyway (rdar://problem/20738636)
2026-08-12 15:29:46.156 Df IlliniCover[22888:3ca7bf] [com.apple.dt.xctest:Default] Other is not actually a child of Other, including at this point anyway (rdar://problem/20738636)
2026-08-12 15:29:46.157 Df IlliniCover[22888:3ca7bf] [com.apple.dt.xctest:Default] Other is not actually a child of Other, including at this point anyway (rdar://problem/20738636)
2026-08-12 15:29:46.157 Df IlliniCover[22888:3ca7bf] [com.apple.dt.xctest:Default] Other is not actually a child of Other, including at this point anyway (rdar://problem/20738636)
2026-08-12 15:29:46.157 Df IlliniCover[22888:3ca7bf] [com.apple.dt.xctest:Default] Other is not actually a child of Other, including at this point anyway (rdar://problem/20738636)
2026-08-12 15:29:46.157 Df IlliniCover[22888:3ca7bf] [com.apple.dt.xctest:Default] Other is not actually a child of Other, including at this point anyway (rdar://problem/20738636)
2026-08-12 15:29:46.157 Df IlliniCover[22888:3ca7bf] [com.apple.dt.xctest:Default] Other is not actually a child of Other, including at this point anyway (rdar://problem/20738636)
2026-08-12 15:29:46.157 Df IlliniCover[22888:3ca7bf] [com.apple.dt.xctest:Default] Other is not actually a child of Other, including at this point anyway (rdar://problem/20738636)
2026-08-12 15:29:46.157 Df IlliniCover[22888:3ca7bf] [com.apple.dt.xctest:Default] App orientation is 0 (not portrait) and UITextEffectsWindow window Window is not main window
2026-08-12 15:29:46.157 Df IlliniCover[22888:3ca7bf] [com.apple.dt.xctest:Default] Leaving frame unchanged for Window: either already correct or we can't detect it.
2026-08-12 15:29:46.157 Df IlliniCover[22888:3ca7bf] [com.apple.dt.xctest:Default] Query  found matching snapshots: {(
    Application, pid: 22888
)} (error: (null))
2026-08-12 15:29:46.158 Df IlliniCover[22888:3ca7bf] [com.apple.dt.xctest:Default] Replying to query  with results: <XCTElementQueryResults: 0x11fe78b40> (error: (null))
2026-08-12 15:29:46.303 Df IlliniCover[22888:3ca7bf] [com.apple.dt.xctest:Default] Received request to fetch matches for query:
2026-08-12 15:29:46.303 Df IlliniCover[22888:3ca216] [com.apple.dt.xctest:Default] Evaluating query:
2026-08-12 15:29:46.303 Df IlliniCover[22888:3ca216] [com.apple.dt.xctest:Default] Getting root element snapshot
2026-08-12 15:29:46.303 Df IlliniCover[22888:3ca216] [com.apple.dt.xctest:Default] Getting snapshot for App element pid: 22888 for query
2026-08-12 15:29:46.303 Df IlliniCover[22888:3ca216] [com.apple.dt.xctest:Default] Query requires iOS snapshot attributes .
2026-08-12 15:29:46.303 Df IlliniCover[22888:3ca216] [com.apple.dt.xctest:Default] XCTPerformOnMainRunLoop[not MT]: about to CFRunLoopPerform
2026-08-12 15:29:46.303 Df IlliniCover[22888:3ca216] [com.apple.dt.xctest:Default] XCTPerformOnMainRunLoop[not MT]: waiting with 30.00s responsiveness timeout
2026-08-12 15:29:46.303 Df IlliniCover[22888:3ca202] [com.apple.dt.xctest:Default] XCTPerformOnMainRunLoop[MT]: inside CFRunLoopPerform
2026-08-12 15:29:46.303 Df IlliniCover[22888:3ca202] [com.apple.dt.xctest:Default] XCTPerformOnMainRunLoop[MT]: MT responded in time (won the race to the busy flag)
2026-08-12 15:29:46.303 Df IlliniCover[22888:3ca216] [com.apple.dt.xctest:Default] XCTPerformOnMainRunLoop[not MT]: waiting 60.00s for work to complete
2026-08-12 15:29:46.304 Df IlliniCover[22888:3ca202] [com.apple.dt.xctest:Default] Got main window <AXUIElementRef 0x127c52370> {pid=22888} {uid=[ID:4 hash:0x10960c400]}
2026-08-12 15:29:46.304 Df IlliniCover[22888:3ca202] [com.apple.dt.xctest:Default] Capturing hierarchy with attributes XC_kAXXCAttributeElementType, XC_kAXXCAttributeElementBaseType, XC_kAXXCAttributeParent, XC_kAXXCAttributeIdentifier, XC_kAXXCAttributeAutomationType, XC_kAXXCAttributeTraits
2026-08-12 15:29:46.304 Df IlliniCover[22888:3ca202] [com.apple.dt.xctest:Default] Capturing hierarchy with parameters {
    attributes =     (
        5003,
        5004,
        5002,
        5019,
        5058,
        2004
    );
    maxArrayCount = 2147483647;
    maxChildren = 2147483647;
    maxDepth = 2147483647;
    snapshotKeyHonorModalViews = 0;
    traverseFromParentsToChildren = 1;
}
2026-08-12 15:29:46.304 Df IlliniCover[22888:3ca202] [com.apple.dt.xctest:Default] Snapshot attributes 5003, 5004, 5002, 5019, 5058, 2004
2026-08-12 15:29:46.382 Df IlliniCover[22888:3ca202] [com.apple.dt.xctest:Default] Got snapshot for <AXUIElementRef 0x1253a0570> {pid=22888} {uid=[ID:1 hash:0x0]}
2026-08-12 15:29:46.382 Df IlliniCover[22888:3ca202] [com.apple.dt.xctest:Default] Got app orientation 0
2026-08-12 15:29:46.382 Df IlliniCover[22888:3ca202] [com.apple.dt.xctest:Default] Captured accessibility snapshot data in 0.08s
2026-08-12 15:29:46.382 Df IlliniCover[22888:3ca216] [com.apple.dt.xctest:Default] Found main window: Window
2026-08-12 15:29:46.382 Df IlliniCover[22888:3ca216] [com.apple.dt.xctest:Default] Preferring automation type 48 instead of legacy element type OTHER derived from class/trait: UILabel:UILabel 8590000128
2026-08-12 15:29:46.382 Df IlliniCover[22888:3ca216] [com.apple.dt.xctest:Default] Other is not actually a child of Other, including at this point anyway (rdar://problem/20738636)
2026-08-12 15:29:46.382 Df IlliniCover[22888:3ca216] [com.apple.dt.xctest:Default] Other is not actually a child of Other, including at this point anyway (rdar://problem/20738636)
2026-08-12 15:29:46.382 Df IlliniCover[22888:3ca216] [com.apple.dt.xctest:Default] Other is not actually a child of Other, including at this point anyway (rdar://problem/20738636)
2026-08-12 15:29:46.382 Df IlliniCover[22888:3ca216] [com.apple.dt.xctest:Default] Other is not actually a child of Other, including at this point anyway (rdar://problem/20738636)
2026-08-12 15:29:46.382 Df IlliniCover[22888:3ca216] [com.apple.dt.xctest:Default] Other is not actually a child of Other, including at this point anyway (rdar://problem/20738636)
2026-08-12 15:29:46.382 Df IlliniCover[22888:3ca216] [com.apple.dt.xctest:Default] Other is not actually a child of Other, including at this point anyway (rdar://problem/20738636)
2026-08-12 15:29:46.383 Df IlliniCover[22888:3ca216] [com.apple.dt.xctest:Default] Other is not actually a child of Other, including at this point anyway (rdar://problem/20738636)
2026-08-12 15:29:46.383 Df IlliniCover[22888:3ca216] [com.apple.dt.xctest:Default] Other is not actually a child of Other, including at this point anyway (rdar://problem/20738636)
2026-08-12 15:29:46.383 Df IlliniCover[22888:3ca216] [com.apple.dt.xctest:Default] Other is not actually a child of Other, including at this point anyway (rdar://problem/20738636)
2026-08-12 15:29:46.383 Df IlliniCover[22888:3ca216] [com.apple.dt.xctest:Default] Other is not actually a child of Other, including at this point anyway (rdar://problem/20738636)
2026-08-12 15:29:46.383 Df IlliniCover[22888:3ca216] [com.apple.dt.xctest:Default] Other is not actually a child of Other, including at this point anyway (rdar://problem/20738636)
2026-08-12 15:29:46.383 Df IlliniCover[22888:3ca216] [com.apple.dt.xctest:Default] Other is not actually a child of Other, including at this point anyway (rdar://problem/20738636)
2026-08-12 15:29:46.383 Df IlliniCover[22888:3ca216] [com.apple.dt.xctest:Default] App orientation is 0 (not portrait) and UITextEffectsWindow window Window is not main window
2026-08-12 15:29:46.383 Df IlliniCover[22888:3ca216] [com.apple.dt.xctest:Default] Leaving frame unchanged for Window: either already correct or we can't detect it.
2026-08-12 15:29:46.384 Df IlliniCover[22888:3ca216] [com.apple.dt.xctest:Default] Query  found matching snapshots: {(
    Application, pid: 22888
)} (error: (null))
2026-08-12 15:29:46.384 Df IlliniCover[22888:3ca216] [com.apple.dt.xctest:Default] Replying to query  with results: <XCTElementQueryResults: 0x12537e160> (error: (null))
