Timestamp               Ty Process[PID:TID]
2026-08-12 15:20:15.894 Df IlliniCover[18919:3c20ce] (libMobileGestalt.dylib) No persisted cache on this platform.
2026-08-12 15:20:15.895 Df IlliniCover[18919:3c20db] [com.apple.xpc:connection] [0x105641c80] activating connection: mach=true listener=false peer=false name=com.apple.cfprefsd.daemon
2026-08-12 15:20:15.896 Df IlliniCover[18919:3c20dd] [com.apple.BoardServices:XPCErrors] [C:1] Alloc com.apple.frontboard.systemappservices
2026-08-12 15:20:15.896 Df IlliniCover[18919:3c20dd] [com.apple.xpc:connection] [0x105644c00] activating connection: mach=false listener=false peer=false name=(anonymous)
2026-08-12 15:20:15.899 Df IlliniCover[18919:3c20db] [com.apple.UIKit:BackgroundTask] Creating new assertion because there is no existing background assertion.
2026-08-12 15:20:15.899 Df IlliniCover[18919:3c20db] [com.apple.UIKit:BackgroundTask] Creating new background assertion
2026-08-12 15:20:15.899 Df IlliniCover[18919:3c20db] [com.apple.UIKit:BackgroundTask] Created new background assertion <BKSProcessAssertion: 0x105645220>
2026-08-12 15:20:15.899 Df IlliniCover[18919:3c20db] [com.apple.runningboard:connection] Initializing connection
2026-08-12 15:20:15.899 Df IlliniCover[18919:3c20db] [com.apple.runningboard:process] Removing all cached process handles
2026-08-12 15:20:15.899 Df IlliniCover[18919:3c20ce] [com.apple.UIKit:Application] Deactivation reason added: 10; deactivation reasons: 0 -> 1024; animating application lifecycle event: 0
2026-08-12 15:20:15.899 Df IlliniCover[18919:3c20de] [com.apple.runningboard:connection] Sending handshake request attempt #1 to server
2026-08-12 15:20:15.900 Df IlliniCover[18919:3c20db] [com.apple.runningboard:connection] Creating connection to com.apple.runningboard
2026-08-12 15:20:15.900 Df IlliniCover[18919:3c20ce] [com.apple.BoardServices:Injection] activating monitor for service com.apple.frontboard.open
2026-08-12 15:20:15.900 Df IlliniCover[18919:3c20db] [com.apple.xpc:connection] [0x1061ec280] activating connection: mach=true listener=false peer=false name=com.apple.runningboard
2026-08-12 15:20:15.901 Df IlliniCover[18919:3c20ce] [com.apple.BoardServices:Injection] activating monitor for service com.apple.frontboard.workspace-service
2026-08-12 15:20:15.901 Df IlliniCover[18919:3c20ce] [com.apple.FrontBoard:Common] FBSWorkspace registering source: com.apple.frontboard.systemappservices
2026-08-12 15:20:15.902 A  IlliniCover[18919:3c20dd] (RunningBoardServices) didChangeInheritances
2026-08-12 15:20:15.902 Df IlliniCover[18919:3c20de] [com.apple.runningboard:connection] Handshake succeeded
2026-08-12 15:20:15.902 Df IlliniCover[18919:3c20de] [com.apple.runningboard:connection] Identity resolved as app<com.illinicover.app((null))>
2026-08-12 15:20:15.902 Df IlliniCover[18919:3c20db] [com.apple.UIKit:BackgroundTask] Incrementing reference count for background assertion <BKSProcessAssertion: 0x105645220>
2026-08-12 15:20:15.903 Df IlliniCover[18919:3c20db] [com.apple.UIKit:BackgroundTask] Created background task <_UIBackgroundTaskInfo: 0x106070b80>: taskID = 1, taskName = Launch Background Task for Coalescing, creationTime = 80034 (elapsed = 0).
2026-08-12 15:20:15.903 Df IlliniCover[18919:3c20db] [com.apple.FrontBoard:SceneExtension] Realizing settings extension _UIApplicationSceneKeyboardSettings on FBSSceneSettings
2026-08-12 15:20:15.903 Df IlliniCover[18919:3c20ce] [com.apple.FrontBoard:Common] FBSWorkspace connected to endpoint : <BSServiceConnectionEndpoint: 0x1061a8460; target: com.apple.frontboard.systemappservices; service: com.apple.frontboard.workspace-service>
2026-08-12 15:20:15.903 Df IlliniCover[18919:3c20ce] [com.apple.FrontBoard:Common] <FBSWorkspaceScenesClient:0x106194be0 com.apple.frontboard.systemappservices> attempting immediate handshake from activate
2026-08-12 15:20:15.903 Df IlliniCover[18919:3c20ce] [com.apple.FrontBoard:Common] <FBSWorkspaceScenesClient:0x106194be0 com.apple.frontboard.systemappservices> sent handshake
2026-08-12 15:20:15.904 Df IlliniCover[18919:3c20ce] [com.apple.runningboard:general] Added observer for process assertions expiration warning: <_RBSExpirationWarningClient: 0x1061a8cc0>
2026-08-12 15:20:15.904 A  IlliniCover[18919:3c20dc] (CoreFoundation) Loading Preferences From User Session CFPrefsD
2026-08-12 15:20:15.904 Df IlliniCover[18919:3c20db] [com.apple.FrontBoard:SceneExtension] Realizing settings extension <_UISceneOcclusionSettings> on FBSSceneSettings
2026-08-12 15:20:15.904 Df IlliniCover[18919:3c20db] [com.apple.FrontBoard:SceneExtension] Realizing settings extension <_UISceneInterfaceProtectionSettings> on FBSSceneSettings
2026-08-12 15:20:15.905 Df IlliniCover[18919:3c20db] [com.apple.FrontBoard:SceneExtension] Realizing settings extension _UISceneLayoutPreferencesHostSettingsExtension on FBSSceneSettings
2026-08-12 15:20:15.905 Df IlliniCover[18919:3c20db] [com.apple.FrontBoard:SceneExtension] Realizing settings extension _UISceneSafeAreaSettingsExtension on FBSSceneSettings
2026-08-12 15:20:15.905 Df IlliniCover[18919:3c20db] [com.apple.FrontBoard:SceneExtension] Realizing settings extension _UISceneLayoutPreferenceClientSettingsExtension on FBSSceneClientSettings
2026-08-12 15:20:15.905 Df IlliniCover[18919:3c20db] [com.apple.FrontBoard:SceneExtension] Realizing settings extension <_UIHomeAffordanceHostSceneSettings> on FBSSceneSettings
2026-08-12 15:20:15.905 Df IlliniCover[18919:3c20db] [com.apple.FrontBoard:SceneExtension] Realizing settings extension _UISystemShellSceneHostingEnvironmentSettings on FBSSceneSettings
2026-08-12 15:20:15.905 Df IlliniCover[18919:3c20db] [com.apple.FrontBoard:SceneExtension] Realizing settings extension _UISceneRenderingEnvironmentSettings on FBSSceneSettings
2026-08-12 15:20:15.906 Df IlliniCover[18919:3c20db] [com.apple.FrontBoard:SceneExtension] Realizing settings extension <_UISceneRenderingEnvironmentClientSettings> on FBSSceneClientSettings
2026-08-12 15:20:15.906 Df IlliniCover[18919:3c20db] [com.apple.FrontBoard:SceneExtension] Realizing settings extension <_UISceneTransitioningHostSettings> on FBSSceneSettings
2026-08-12 15:20:15.906 Df IlliniCover[18919:3c20db] [com.apple.FrontBoard:SceneExtension] Realizing settings extension <_UISceneFocusSystemSettings> on FBSSceneSettings
2026-08-12 15:20:15.906 Df IlliniCover[18919:3c20db] [com.apple.FrontBoard:SceneExtension] Realizing settings extension _UISceneOrientationSettingsExtension on FBSSceneSettings
2026-08-12 15:20:15.906 Df IlliniCover[18919:3c20db] [com.apple.FrontBoard:SceneExtension] Realizing settings extension _UISceneOrientationClientSettingsExtension on FBSSceneClientSettings
2026-08-12 15:20:15.906 Df IlliniCover[18919:3c20ce] [com.apple.UIKit:UIScreen] Evaluated capturing state as 0 on <UIScreen: 0x1061ec500> for initial
2026-08-12 15:20:15.906 Df IlliniCover[18919:3c20db] [com.apple.FrontBoard:SceneExtension] Realizing settings extension _UISceneWindowingControlClientSettings on FBSSceneClientSettings
2026-08-12 15:20:15.907 Df IlliniCover[18919:3c20db] [com.apple.FrontBoard:SceneExtension] Realizing settings extension <_UISceneHostingContentSizePreferenceClientSettings> on FBSSceneClientSettings
2026-08-12 15:20:15.907 Df IlliniCover[18919:3c20ce] [com.apple.UIKit:UIScreen] Evaluated capturing state as 0 on <UIScreen: 0x1061ec500> for CADisplay KVO
2026-08-12 15:20:15.907 Df IlliniCover[18919:3c20db] [com.apple.FrontBoard:SceneExtension] Realizing settings extension _UISceneHostingTraitCollectionPropagationSettings on FBSSceneSettings
2026-08-12 15:20:15.907 Df IlliniCover[18919:3c20db] [com.apple.FrontBoard:SceneExtension] Realizing settings extension <_UISceneHostingSheetPresentationSettings> on FBSSceneSettings
2026-08-12 15:20:15.907 Df IlliniCover[18919:3c20db] [com.apple.FrontBoard:SceneExtension] Realizing settings extension <_UISceneHostingSheetPresentationClientSettings> on FBSSceneClientSettings
2026-08-12 15:20:15.908 Df IlliniCover[18919:3c20db] [com.apple.FrontBoard:SceneExtension] Realizing settings extension <_UISceneHostingEventDeferringSettings> on FBSSceneSettings
2026-08-12 15:20:15.908 Df IlliniCover[18919:3c20db] [com.apple.FrontBoard:SceneExtension] Realizing settings extension <UIKit__UITypedKeyValueSceneSettings> on FBSSceneSettings
2026-08-12 15:20:15.908 Df IlliniCover[18919:3c20db] [com.apple.FrontBoard:SceneExtension] Realizing settings extension <UIKit__UITypedKeyValueSceneSettings> on FBSSceneClientSettings
2026-08-12 15:20:15.908 Df IlliniCover[18919:3c20db] [com.apple.FrontBoard:SceneExtension] Realizing settings extension <_UISceneHostingViewControllerPreferencePropagationClientSettings> on FBSSceneClientSettings
2026-08-12 15:20:15.908 Df IlliniCover[18919:3c20ce] [com.apple.Accessibility:AXSupportCommon] Read CategoryName: per-app = 1, category name = (null)
2026-08-12 15:20:15.908 Df IlliniCover[18919:3c20db] [com.apple.FrontBoard:SceneExtension] Realizing settings extension <_UISceneZoomTransitionSettings> on FBSSceneSettings
2026-08-12 15:20:15.908 Df IlliniCover[18919:3c20de] [com.apple.FrontBoard:SceneExtension] Realizing settings extension FBSSceneSettingsCore on FBSSceneSettings
2026-08-12 15:20:15.908 Df IlliniCover[18919:3c20ce] [com.apple.Accessibility:AXSupportCommon] Read CategoryName: per-app = 0, category name = (null)
2026-08-12 15:20:15.909 Df IlliniCover[18919:3c20de] [com.apple.FrontBoard:SceneExtension] Realizing settings extension FBSSceneClientSettingsCore on FBSSceneClientSettings
2026-08-12 15:20:15.914 Df IlliniCover[18919:3c20de] [com.apple.FrontBoard:SceneExtension] UIMutableApplicationSceneSettings setting counterpart class: UIApplicationSceneSettings
2026-08-12 15:20:15.914 Df IlliniCover[18919:3c20de] [com.apple.FrontBoard:SceneExtension] UIMutableApplicationSceneClientSettings setting counterpart class: UIApplicationSceneClientSettings
2026-08-12 15:20:15.914 Df IlliniCover[18919:3c20de] [com.apple.FrontBoard:SceneExtension] Realizing settings extension FBSSceneTransitionContextCore on FBSSceneTransitionContext
2026-08-12 15:20:16.018 A  IlliniCover[18919:3c20de] (CoreFoundation) Updating Key-Value Observers Of Preferences
2026-08-12 15:20:16.026 Df IlliniCover[18919:3c20ce] [com.apple.dt.xctest:Default] Registering for test daemon availability notify post.
2026-08-12 15:20:16.026 Df IlliniCover[18919:3c20ce] [com.apple.dt.xctest:Default] notify_get_state check indicated test daemon not ready.
2026-08-12 15:20:16.026 Df IlliniCover[18919:3c20ce] [com.apple.dt.xctest:Default] Test daemon availability confirmed via notify_get_state.
2026-08-12 15:20:16.026 Df IlliniCover[18919:3c20ce] [com.apple.dt.xctest:Default] notify_get_state check indicated test daemon not ready.
2026-08-12 15:20:16.026 Df IlliniCover[18919:3c20e4] [com.apple.xpc:connection] [0x1061eca00] activating connection: mach=true listener=false peer=false name=com.apple.dt.xctestd.target
2026-08-12 15:20:16.027 Df IlliniCover[18919:3c20ce] [com.apple.UIKit:UpdateScheduler] Selected display: name=LCD (PurpleMain), id=1
2026-08-12 15:20:16.028 Df IlliniCover[18919:3c20ce] [com.apple.app_launch_measurement:ApplicationLaunch] alm_acquire_pageins_recording_assertion: acquired pageins recording assertion!
2026-08-12 15:20:16.029 Df IlliniCover[18919:3c20ce] [com.apple.UIKit:Application] Deactivation reason added: 5; deactivation reasons: 1024 -> 1056; animating application lifecycle event: 1
2026-08-12 15:20:16.029 Df IlliniCover[18919:3c20ce] [com.apple.UIKit:InterfaceStyle] Not push traits update to screen for new style 2, <UIWindowScene: 0x109467600> (2050C5AC-6A26-42BC-8E8F-FBAE5EDC0388)
2026-08-12 15:20:16.029 Df IlliniCover[18919:3c20ce] [com.apple.UIKit:InterfaceStyle] Should send trait collection or coordinate space update, interface style 2 -> 2, <UIWindowScene: 0x109467600> (2050C5AC-6A26-42BC-8E8F-FBAE5EDC0388)
2026-08-12 15:20:16.029 Df IlliniCover[18919:3c20e1] [com.apple.dt.xctest:Default] Received request for endpoint.
2026-08-12 15:20:16.029 Df IlliniCover[18919:3c20e1] [com.apple.dt.xctest:Default] Attempting to load /Library/Developer/CoreSimulator/Volumes/iOS_23F73/Library/Developer/CoreSimulator/Profiles/Runtimes/iOS 26.5.simruntime/Contents/Resources/RuntimeRoot/Developer/Library/PrivateFrameworks/XCTAutomationSupport.framework.
2026-08-12 15:20:16.030 Df IlliniCover[18919:3c20ce] [com.apple.UIKit:InterfaceStyle] Not push traits update to screen for new style 2, <UIWindowScene: 0x109467600> (2050C5AC-6A26-42BC-8E8F-FBAE5EDC0388)
2026-08-12 15:20:16.030 Df IlliniCover[18919:3c20ce] [com.apple.UIKit:HomeAffordanceObservation] Initializing: <_UIHomeAffordanceSceneNotifier: 0x10945f250>; with scene: <UIWindowScene: 0x109467600>
2026-08-12 15:20:16.030 Df IlliniCover[18919:3c20ce] [com.apple.BacklightServices:scenes] 0x106255920 setDelegate:<0x106256400 _UIBacklightEnvironment> hasDelegate:YES for environment:sceneID:com.illinicover.app-default
2026-08-12 15:20:16.030 Df IlliniCover[18919:3c20ce] [com.apple.UIKit:InterfaceStyle] Not push traits update to screen for new style 2, <UIWindowScene: 0x109467600> (2050C5AC-6A26-42BC-8E8F-FBAE5EDC0388)
2026-08-12 15:20:16.030 Df IlliniCover[18919:3c20ce] [com.apple.UIKit:EventDeferring] [0x10949c9a0] Initialized with scene: <UIWindowScene: 0x109467600>; behavior: <_UIEventDeferringBehavior_iOS: 0x1094900c0>; availableForProcess: 1, systemShellManagesKeyboardFocus: 1
2026-08-12 15:20:16.030 Df IlliniCover[18919:3c20ce] [com.apple.BoardServices:XPCErrors] [C:2] Alloc com.apple.backboard.hid-services.xpc
2026-08-12 15:20:16.030 Df IlliniCover[18919:3c20ce] [com.apple.xpc:connection] [0x1061ecdc0] activating connection: mach=false listener=false peer=false name=(anonymous)
2026-08-12 15:20:16.032 Df IlliniCover[18919:3c20ce] [com.apple.BackBoard:EventDelivery] policyStatus:<BKSHIDEventDeliveryPolicyObserver: 0x1060a52c0; process scope; status: target> was:none
2026-08-12 15:20:16.032 Df IlliniCover[18919:3c20e0] [com.apple.BackBoard:EventDelivery] BKSHIDEventObserver - connection activation
2026-08-12 15:20:16.068 Df IlliniCover[18919:3c20ce] [com.apple.UIKit:KeyWindow] Setting default evaluation strategy for UIUserInterfaceIdiomPhone to LastOneWins
2026-08-12 15:20:16.069 Df IlliniCover[18919:3c20ce] [com.apple.UIKit:KeyWindow] Scene target of keyboard event deferring environment did change: 1; scene: UIWindowScene: 0x109467600; scene identity: com.apple.frontboard.systemappservices/FBSceneManager:sceneID%3Acom.illinicover.app-default
2026-08-12 15:20:16.069 Df IlliniCover[18919:3c20ce] [com.apple.UIKit:EventDeferring] [0x10949c9a0] Scene target of event deferring environments did update: scene: 0x109467600; current systemShellManagesKeyboardFocus: 1; systemShellManagesKeyboardFocusForScene: 1; eligibleForRecordRemoval: 1;
2026-08-12 15:20:16.069 Df IlliniCover[18919:3c20ce] [com.apple.UIKit:KeyWindow] Scene became target of keyboard event deferring environment: UIWindowScene: 0x109467600; scene identity: com.apple.frontboard.systemappservices/FBSceneManager:sceneID%3Acom.illinicover.app-default
2026-08-12 15:20:16.069 Df IlliniCover[18919:3c20ce] [com.apple.UIKit:KeyWindow] Stack[KeyWindow] 0x106257000: Taking no further action for migration from LastOneWins -> SystemShellManaged as there are no scenes
2026-08-12 15:20:16.076 Df IlliniCover[18919:3c20ce] [com.apple.UIKit:KeyWindow] Setting default evaluation strategy for UIUserInterfaceIdiomPhone to SystemShellManaged
2026-08-12 15:20:16.079 Df IlliniCover[18919:3c20ce] [com.apple.UIKit:KeyWindow] Key window needs update: 0; currentKeyWindowScene: 0x0; evaluatedKeyWindowScene: 0x109467600; currentApplicationKeyWindow: 0x0; evaluatedApplicationKeyWindow: 0x0; reason: UIWindowScene: 0x109467600: Window scene became target of keyboard environment
2026-08-12 15:20:16.080 Df IlliniCover[18919:3c20ce] [com.apple.UIKit:InterfaceStyle] Not push traits update to screen for new style 2, <UIWindowScene: 0x109467600> (2050C5AC-6A26-42BC-8E8F-FBAE5EDC0388)
2026-08-12 15:20:16.080 Df IlliniCover[18919:3c20ce] [com.apple.UIKit:InterfaceStyle] Not push traits update to screen for new style 2, <UIWindowScene: 0x109467600> (2050C5AC-6A26-42BC-8E8F-FBAE5EDC0388)
2026-08-12 15:20:16.081 Df IlliniCover[18919:3c20ce] [com.apple.UIKit:InterfaceStyle] Not push traits update to screen for new style 2, <UIWindowScene: 0x109467600> (2050C5AC-6A26-42BC-8E8F-FBAE5EDC0388)
2026-08-12 15:20:16.081 Df IlliniCover[18919:3c20e1] [com.apple.dt.automationmode:Default] XAM shared observer connecting to com.apple.dt.automationmode.reader
2026-08-12 15:20:16.081 Df IlliniCover[18919:3c20e1] [com.apple.xpc:connection] [0x1061ed900] activating connection: mach=true listener=false peer=false name=com.apple.dt.automationmode.reader
2026-08-12 15:20:16.081 F  IlliniCover[18919:3c20ce] [com.apple.runtime-issues:UIKit App Config] `UIScene` lifecycle will soon be required. Failure to adopt will result in an assert in the future.
2026-08-12 15:20:16.081 A  IlliniCover[18919:3c20ce] (libsystem_trace.dylib) Activity for state dumps
2026-08-12 15:20:16.081 Df IlliniCover[18919:3c20ce] [com.apple.UIKit:InterfaceStyle] Not push traits update to screen for new style 2, <UIWindowScene: 0x109467600> (2050C5AC-6A26-42BC-8E8F-FBAE5EDC0388)
2026-08-12 15:20:16.081 Df IlliniCover[18919:3c20ce] [com.apple.UIKit:AppLifecycle] sceneOfRecord: sceneID: sceneID:com.illinicover.app-default  persistentID: 2050C5AC-6A26-42BC-8E8F-FBAE5EDC0388
2026-08-12 15:20:16.082 Df IlliniCover[18919:3c20ce] [com.apple.UIKit:Application] Ignoring already applied deactivation reason: 5; deactivation reasons: 1056
2026-08-12 15:20:16.082 Df IlliniCover[18919:3c20ce] [com.apple.UIKit:Application] Deactivation reason added: 11; deactivation reasons: 1056 -> 3104; animating application lifecycle event: 1
2026-08-12 15:20:16.082 Df IlliniCover[18919:3c20e1] [com.apple.xpc:connection] [0x1061ed900] invalidated because the current process cancelled the connection by calling xpc_connection_cancel()
2026-08-12 15:20:16.082 Df IlliniCover[18919:3c20e1] [com.apple.dt.xctest:Default] Sending anonymous endpoint.
2026-08-12 15:20:16.082 Df IlliniCover[18919:3c20e1] [com.apple.dt.xctest:Default] Setting up target listener.
2026-08-12 15:20:16.082 Df IlliniCover[18919:3c20e1] [com.apple.xpc:connection] [0x1061ed900] activating connection: mach=false listener=true peer=false name=(anonymous)
2026-08-12 15:20:16.082 Df IlliniCover[18919:3c20e1] [com.apple.xpc:connection] [0x1061ed900] Connection returned listener port: 0x5e0b
2026-08-12 15:20:16.082 Df IlliniCover[18919:3c20ce] [com.apple.KeyboardArbiter:Client] startConnection
2026-08-12 15:20:16.083 Df IlliniCover[18919:3c20de] [com.apple.dt.xctest:Default] Received client to target connection.
2026-08-12 15:20:16.083 Df IlliniCover[18919:3c20de] [com.apple.dt.automationmode:Default] Returning 1 for enabled state
2026-08-12 15:20:16.083 Df IlliniCover[18919:3c20de] [com.apple.xpc:connection] [0x106178600] activating connection: mach=false listener=false peer=true name=com.apple.xpc.anonymous.0x1061ed900.peer[18864].0x106178600
2026-08-12 15:20:16.083 Df IlliniCover[18919:3c20ce] [com.apple.xpc:connection] [0x1061ed680] activating connection: mach=true listener=false peer=false name=com.apple.UIKit.KeyboardManagement.hosted
2026-08-12 15:20:16.083 Df IlliniCover[18919:3c20de] [com.apple.dt.xctest:Default] Received request to exchange capabilities, remote interface capabilities are: <XCTCapabilities: 0x106275210>: {
    "query runtime issue reporting" = 1;
    "query runtime issue reporting/automation type mismatch" = 1;
}
2026-08-12 15:20:16.084 Df IlliniCover[18919:3c20ce] (UIKitCore) You've implemented -[<UIApplicationDelegate> application:performFetchWithCompletionHandler:], but you still need to add "fetch" to the list of your supported UIBackgroundModes in your Info.plist.
2026-08-12 15:20:16.084 Df IlliniCover[18919:3c20ce] (UIKitCore) You've implemented -[<UIApplicationDelegate> application:didReceiveRemoteNotification:fetchCompletionHandler:], but you still need to add "remote-notification" to the list of your supported UIBackgroundModes in your Info.plist.
2026-08-12 15:20:16.084 Df IlliniCover[18919:3c20ce] (React) _setUpFeatureFlags called with release level 2
2026-08-12 15:20:16.086 Df IlliniCover[18919:3c20e1] [com.apple.dt.xctest:Default] Received request to fetch matches for query:
2026-08-12 15:20:16.086 Df IlliniCover[18919:3c20e1] [com.apple.dt.xctest:Default] Evaluating query:
2026-08-12 15:20:16.086 Df IlliniCover[18919:3c20e1] [com.apple.dt.xctest:Default] Getting root element snapshot
2026-08-12 15:20:16.086 Df IlliniCover[18919:3c20e1] [com.apple.dt.xctest:Default] Getting snapshot for App element pid: 18919 for query
2026-08-12 15:20:16.086 Df IlliniCover[18919:3c20e1] [com.apple.dt.xctest:Default] Query requires iOS snapshot attributes .
2026-08-12 15:20:16.086 Df IlliniCover[18919:3c20e1] [com.apple.dt.xctest:Default] XCTPerformOnMainRunLoop[not MT]: about to CFRunLoopPerform
2026-08-12 15:20:16.086 Df IlliniCover[18919:3c20e1] [com.apple.dt.xctest:Default] XCTPerformOnMainRunLoop[not MT]: waiting with 30.00s responsiveness timeout
2026-08-12 15:20:16.093 Df IlliniCover[18919:3c20ce] [com.apple.network:] networkd_settings_read_from_file_locked initialized networkd settings by reading plist directly
2026-08-12 15:20:16.094 Df IlliniCover[18919:3c20ce] [com.apple.network:] networkd_settings_read_from_file_locked initialized networkd settings by reading plist directly
2026-08-12 15:20:16.157 Df IlliniCover[18919:3c20ce] [com.apple.UIKit:Orientation] <UIWindowScene: 0x109467600> (2050C5AC-6A26-42BC-8E8F-FBAE5EDC0388) Scene updated orientation preferences: none -> ( Pu )
2026-08-12 15:20:16.169 Df IlliniCover[18919:3c20ce] [com.apple.UIKit:KeyWindow] Key window API is scene-level: YES
2026-08-12 15:20:16.169 Df IlliniCover[18919:3c20ce] [com.apple.UIKit:KeyWindow] UIWindowScene: 0x109467600: Window became key in scene: UIWindow: 0x10621c400; contextId: 0x3712C25E: reason: UIWindowScene: 0x109467600: Window requested to become key in scene: 0x10621c400
2026-08-12 15:20:16.169 Df IlliniCover[18919:3c20ce] [com.apple.UIKit:KeyWindow] Key window needs update: 1; currentKeyWindowScene: 0x0; evaluatedKeyWindowScene: 0x109467600; currentApplicationKeyWindow: 0x0; evaluatedApplicationKeyWindow: 0x10621c400; reason: UIWindowScene: 0x109467600: Window requested to become key in scene: 0x10621c400
2026-08-12 15:20:16.169 Df IlliniCover[18919:3c20ce] [com.apple.UIKit:KeyWindow] Window did become application key: UIWindow: 0x10621c400; contextId: 0x3712C25E; scene identity: com.apple.frontboard.systemappservices/FBSceneManager:sceneID%3Acom.illinicover.app-default
2026-08-12 15:20:16.169 Df IlliniCover[18919:3c20ce] [com.apple.UIKit:EventDeferring] [0x10949c9a0] Begin local event deferring requested for token: 0x1060a4cc0; environments: 1; reason: UIWindowScene: 0x109467600: Begin event deferring in keyboardFocus for window: 0x10621c400
2026-08-12 15:20:16.170 Df IlliniCover[18919:3c20e0] [com.apple.BackBoard:EventDelivery] BKSHIDEventDeliveryManager - connection activation
2026-08-12 15:20:16.173 Df IlliniCover[18919:3c20e0] [com.apple.BackBoard:EventDelivery] policyStatus:<BKSHIDEventDeliveryPolicyObserver: 0x1060a52c0; token: com.apple.frontboard.systemappservices/FBSceneManager:sceneID%3Acom.illinicover.app-default; status: ancestor> was:target
2026-08-12 15:20:16.175 Df IlliniCover[18919:3c20ce] [com.apple.UIKit:Application] Deactivation reason removed: 10; deactivation reasons: 3104 -> 2080; animating application lifecycle event: 1
2026-08-12 15:20:16.175 Df IlliniCover[18919:3c20ce] [com.apple.UIKit:Application] Deactivation reason added: 12; deactivation reasons: 2080 -> 6176; animating application lifecycle event: 1
2026-08-12 15:20:16.175 Df IlliniCover[18919:3c20ce] [com.apple.UIKit:Application] Deactivation reason removed: 11; deactivation reasons: 6176 -> 4128; animating application lifecycle event: 1
2026-08-12 15:20:16.176 Df IlliniCover[18919:3c20ce] [com.apple.FrontBoard:SceneExtension] Realizing settings extension <_UISceneIntelligenceSupportSettings> on FBSSceneSettings
2026-08-12 15:20:16.180 Df IlliniCover[18919:3c20dc] [com.apple.UIIntelligenceSupport:xpc] establishing connection to agent
2026-08-12 15:20:16.181 Df IlliniCover[18919:3c20ce] [com.apple.UIKit:InterfaceStyle] Not push traits update to screen for new style 2, <UIWindowScene: 0x109467600> (2050C5AC-6A26-42BC-8E8F-FBAE5EDC0388)
2026-08-12 15:20:16.182 Df IlliniCover[18919:3c20dc] [com.apple.xpc:session] [0x10636b020] Session created.
2026-08-12 15:20:16.182 Df IlliniCover[18919:3c20dc] [com.apple.xpc:session] [0x10636b020] Session created from connection [0x1095f4b40]
2026-08-12 15:20:16.182 Df IlliniCover[18919:3c20ce] [com.apple.dt.xctest:Default] XCTPerformOnMainRunLoop[MT]: inside CFRunLoopPerform
2026-08-12 15:20:16.182 Df IlliniCover[18919:3c20ce] [com.apple.dt.xctest:Default] XCTPerformOnMainRunLoop[MT]: MT responded in time (won the race to the busy flag)
2026-08-12 15:20:16.182 Df IlliniCover[18919:3c20e1] [com.apple.dt.xctest:Default] XCTPerformOnMainRunLoop[not MT]: waiting 60.00s for work to complete
2026-08-12 15:20:16.182 E  IlliniCover[18919:3c20ce] [com.apple.dt.xctest:Default] XCTAS Error: XCTAutomationSupportErrorUnknownElement: Error getting main window Unknown kAXError value -25218
2026-08-12 15:20:16.182 E  IlliniCover[18919:3c20ce] [com.apple.dt.xctest:Default] XCTAS Error: Error Domain=com.apple.dt.xctest.automation-support.error Code=8 "Error getting main window Unknown kAXError value -25218" UserInfo={NSLocalizedDescription=Error getting main window Unknown kAXError value -25218}
2026-08-12 15:20:16.182 Df IlliniCover[18919:3c20dc] [com.apple.xpc:connection] [0x1095f4b40] activating connection: mach=true listener=false peer=false name=com.apple.uiintelligencesupport.agent
2026-08-12 15:20:16.183 E  IlliniCover[18919:3c20e1] [com.apple.dt.xctest:Default] XCTAS Error: Error Domain=com.apple.dt.xctest.automation-support.error Code=8 "Error getting main window Unknown kAXError value -25218" UserInfo={NSLocalizedDescription=Error getting main window Unknown kAXError value -25218}
2026-08-12 15:20:16.183 Df IlliniCover[18919:3c20dc] [com.apple.xpc:session] [0x10636b020] Session activated
2026-08-12 15:20:16.183 Df IlliniCover[18919:3c20e1] [com.apple.dt.xctest:Default] Query  found matching snapshots: (null) (error: Error Domain=com.apple.dt.xctest.automation-support.error Code=8 "Error getting main window Unknown kAXError value -25218" UserInfo={NSLocalizedDescription=Error getting main window Unknown kAXError value -25218})
2026-08-12 15:20:16.184 Df IlliniCover[18919:3c20e1] [com.apple.dt.xctest:Default] Replying to query  with results: (null) (error: Error Domain=com.apple.dt.xctest.automation-support.error Code=8 "Error getting main window Unknown kAXError value -25218" UserInfo={NSLocalizedDescription=Error getting main window Unknown kAXError value -25218})
2026-08-12 15:20:16.186 Df IlliniCover[18919:3c20ce] [com.apple.xpc:connection] [0x1095f52c0] activating connection: mach=true listener=false peer=false name=com.apple.IOSurface.Remote
2026-08-12 15:20:16.191 Df IlliniCover[18919:3c20ce] [com.apple.network:activity] Create activity from XPC object <nw_activity 50:1 [D17BA37F-C315-4FC8-9670-CA180271F288] (reporting strategy default)>
2026-08-12 15:20:16.192 Df IlliniCover[18919:3c20ce] [com.apple.network:activity] Create activity from XPC object <nw_activity 50:2 [6B17DC5B-E318-4DCA-BDC0-077EB78E50F2] (reporting strategy default)>
2026-08-12 15:20:16.192 Df IlliniCover[18919:3c20ce] [com.apple.network:activity] Set activity <nw_activity 50:1 [D17BA37F-C315-4FC8-9670-CA180271F288] (reporting strategy default)> as the global parent
2026-08-12 15:20:16.192 Df IlliniCover[18919:3c20ce] [com.apple.UIKit:BackgroundTask] Ending background task with UIBackgroundTaskIdentifier: 1
2026-08-12 15:20:16.192 Df IlliniCover[18919:3c20ce] [com.apple.UIKit:BackgroundTask] Ending task with identifier 1 and description: <_UIBackgroundTaskInfo: 0x106070b80>: taskID = 1, taskName = Launch Background Task for Coalescing, creationTime = 80034 (elapsed = 1), _expireHandler: (null)
2026-08-12 15:20:16.192 Df IlliniCover[18919:3c20ce] [com.apple.UIKit:BackgroundTask] Decrementing reference count for assertion <BKSProcessAssertion: 0x105645220> (used by background task with identifier 1: <_UIBackgroundTaskInfo: 0x106070b80>: taskID = 1, taskName = Launch Background Task for Coalescing, creationTime = 80034 (elapsed = 1))
2026-08-12 15:20:16.192 Df IlliniCover[18919:3c20ce] [com.apple.UIKit:BackgroundTask] Will invalidate assertion: <BKSProcessAssertion: 0x105645220> for task identifier: 1
2026-08-12 15:20:16.192 Df IlliniCover[18919:3c20ce] [com.apple.UIKit:EventBus] Event Timing Profile for Touch: not found, path="/System/Library/EventTimingProfiles/Sim.Touch.plist"
2026-08-12 15:20:16.192 Df IlliniCover[18919:3c20ce] [com.apple.UIKit:EventBus] Event Timing Profile for Pencil: not found, path="/System/Library/EventTimingProfiles/Sim.Pencil.plist"
2026-08-12 15:20:16.192 Df IlliniCover[18919:3c20ce] [com.apple.UIKit:UpdateScheduler] Target list changed: <CADisplay:LCD PurpleMain>
2026-08-12 15:20:16.193 Df IlliniCover[18919:3c20ce] [com.apple.UIKit:AppLifecycle] sceneOfRecord: sceneID: sceneID:com.illinicover.app-default  persistentID: 2050C5AC-6A26-42BC-8E8F-FBAE5EDC0388
2026-08-12 15:20:16.193 A  IlliniCover[18919:3c20e1] (RunningBoardServices) didChangeInheritances
2026-08-12 15:20:16.193 Df IlliniCover[18919:3c20ce] [com.apple.UIKit:InterfaceStyle] Not push traits update to screen for new style 2, <UIWindowScene: 0x109467600> (2050C5AC-6A26-42BC-8E8F-FBAE5EDC0388)
2026-08-12 15:20:16.202 A  IlliniCover[18919:3c20e1] (RunningBoardServices) didChangeInheritances
2026-08-12 15:20:16.294 A  IlliniCover[18919:3c20e1] (RunningBoardServices) didChangeInheritances
2026-08-12 15:20:16.316 Df IlliniCover[18919:3c20ce] [com.apple.UIKit:EventDeferring] [0x10949c9a0] Scene target of event deferring environments did update: scene: 0x109467600; current systemShellManagesKeyboardFocus: 1; systemShellManagesKeyboardFocusForScene: 1; eligibleForRecordRemoval: 1;
2026-08-12 15:20:16.316 Sd IlliniCover[18919:0] (21AB2359-DEEC-3444-94FE-B7257E43BE34) IOHIDManager State
{
    DispatchQueue = 0;
    RunLoop = 1;
    createOptions = 0;
    isOpen = 0;
    openOptions = 0;
}
2026-08-12 15:20:16.316 Df IlliniCover[18919:3c20ce] [com.apple.UIKit:KeyWindow] Scene became target of keyboard event deferring environment: UIWindowScene: 0x109467600; scene identity: com.apple.frontboard.systemappservices/FBSceneManager:sceneID%3Acom.illinicover.app-default
2026-08-12 15:20:16.317 Df IlliniCover[18919:3c20ce] [com.apple.BackBoard:Display] [FBSDisplaySource 1-1] silently connecting raw configuration: <FBSDisplayConfiguration: 0x106198100; Main; mode: "390x844@3x 60Hz p3 SDR">
2026-08-12 15:20:16.318 Df IlliniCover[18919:3c20ce] [com.apple.FrontBoard:SceneExtension] Realizing settings extension SBUISecureRenderingSettingsExtension on FBSSceneSettings
2026-08-12 15:20:16.319 Df IlliniCover[18919:3c20ce] [com.apple.UIKit:InterfaceStyle] Not push traits update to screen for new style 2, <UIWindowScene: 0x109467600> (2050C5AC-6A26-42BC-8E8F-FBAE5EDC0388)
2026-08-12 15:20:16.320 Df IlliniCover[18919:3c20ce] [com.apple.UIKit:InterfaceStyle] Not push traits update to screen for new style 2, <UIWindowScene: 0x109467600> (2050C5AC-6A26-42BC-8E8F-FBAE5EDC0388)
2026-08-12 15:20:16.321 Df IlliniCover[18919:3c20ce] [com.apple.UIKit:AppLifecycle] sceneOfRecord: sceneID: sceneID:com.illinicover.app-default  persistentID: 2050C5AC-6A26-42BC-8E8F-FBAE5EDC0388
2026-08-12 15:20:16.321 Df IlliniCover[18919:3c20ce] [com.apple.UIKit:Application] Deactivation reason removed: 12; deactivation reasons: 4128 -> 32; animating application lifecycle event: 1
2026-08-12 15:20:16.321 Df IlliniCover[18919:3c20ce] [com.apple.KeyboardArbiter:Client] Send setDeactivating: N (-DeactivationReason:SuspendedEventsOnly)
2026-08-12 15:20:16.321 Df IlliniCover[18919:3c20ce] [com.apple.UIKit:Application] Deactivation reason removed: 5; deactivation reasons: 32 -> 0; animating application lifecycle event: 0
2026-08-12 15:20:16.327 Df IlliniCover[18919:3c20ce] [com.apple.KeyboardArbiter:Client] startConnection
2026-08-12 15:20:16.328 Df IlliniCover[18919:3c20ce] [com.apple.KeyboardArbiter:Client] handleKeyboardChange: set currentKeyboard:N (wasKeyboard:N)
2026-08-12 15:20:16.337 Df IlliniCover[18919:3c20ce] [com.apple.UIKit:KeyboardSceneDelegate] forceReloadInputViews
2026-08-12 15:20:16.337 Df IlliniCover[18919:3c20ce] [com.apple.UIKit:KeyboardSceneDelegate] Reloading input views for key-window scene responder: <(null): 0x0; > force:Y
2026-08-12 15:20:16.338 Df IlliniCover[18919:3c20ce] [com.apple.UIKit:KeyboardArbiterClientLog] isWritingToolsHandlingKeyboardTracking:Y (WT ready:Y, Arbiter ready:Y)
2026-08-12 15:20:16.379 Df IlliniCover[18919:3c20ce] [com.apple.network:activity] <nw_activity 50:1 [D17BA37F-C315-4FC8-9670-CA180271F288] (global parent) (reporting strategy default) complete (reason success)> complete with reason 2 (success), duration 1367ms
2026-08-12 15:20:16.379 Df IlliniCover[18919:3c20ce] [com.apple.network:activity] <nw_activity 50:2 [6B17DC5B-E318-4DCA-BDC0-077EB78E50F2] (reporting strategy default) complete (reason success)> complete with reason 2 (success), duration 1367ms
2026-08-12 15:20:16.379 Df IlliniCover[18919:3c20ce] [com.apple.network:activity] Unsetting the global parent activity <nw_activity 50:1 [D17BA37F-C315-4FC8-9670-CA180271F288] (global parent) (reporting strategy default) complete (reason success)>
2026-08-12 15:20:16.379 Df IlliniCover[18919:3c20ce] [com.apple.network:activity] Unset the global parent activity
2026-08-12 15:20:16.379 Df IlliniCover[18919:3c20ce] [com.apple.app_launch_measurement:ApplicationLaunch] alm_release_pageins_recording_assertion: releasing pageins recording assertion
2026-08-12 15:20:16.418 Df IlliniCover[18919:3c20ce] [com.apple.Accessibility:AXCommon] Read Per-App on Init: Smart invert = (null)
2026-08-12 15:20:17.062 A  IlliniCover[18919:3c20de] (RunningBoardServices) didChangeInheritances
2026-08-12 15:20:17.196 Df IlliniCover[18919:3c20de] [com.apple.dt.xctest:Default] Received request to fetch matches for query:
2026-08-12 15:20:17.196 Df IlliniCover[18919:3c20de] [com.apple.dt.xctest:Default] Evaluating query:
2026-08-12 15:20:17.196 Df IlliniCover[18919:3c20de] [com.apple.dt.xctest:Default] Getting root element snapshot
2026-08-12 15:20:17.196 Df IlliniCover[18919:3c20de] [com.apple.dt.xctest:Default] Getting snapshot for App element pid: 18919 for query
2026-08-12 15:20:17.196 Df IlliniCover[18919:3c20de] [com.apple.dt.xctest:Default] Query requires iOS snapshot attributes .
2026-08-12 15:20:17.196 Df IlliniCover[18919:3c20de] [com.apple.dt.xctest:Default] XCTPerformOnMainRunLoop[not MT]: about to CFRunLoopPerform
2026-08-12 15:20:17.196 Df IlliniCover[18919:3c20ce] [com.apple.dt.xctest:Default] XCTPerformOnMainRunLoop[MT]: inside CFRunLoopPerform
2026-08-12 15:20:17.196 Df IlliniCover[18919:3c20ce] [com.apple.dt.xctest:Default] XCTPerformOnMainRunLoop[MT]: MT responded in time (won the race to the busy flag)
2026-08-12 15:20:17.196 Df IlliniCover[18919:3c20de] [com.apple.dt.xctest:Default] XCTPerformOnMainRunLoop[not MT]: waiting with 30.00s responsiveness timeout
2026-08-12 15:20:17.196 Df IlliniCover[18919:3c20de] [com.apple.dt.xctest:Default] XCTPerformOnMainRunLoop[not MT]: waiting 60.00s for work to complete
2026-08-12 15:20:17.205 Df IlliniCover[18919:3c20ce] [com.apple.dt.xctest:Default] Got main window <AXUIElementRef 0x109515e60> {pid=18919} {uid=[ID:4 hash:0x10621c400]}
2026-08-12 15:20:17.208 Df IlliniCover[18919:3c20ce] [com.apple.dt.xctest:Default] Capturing hierarchy with attributes XC_kAXXCAttributeElementType, XC_kAXXCAttributeElementBaseType, XC_kAXXCAttributeParent, XC_kAXXCAttributeIdentifier, XC_kAXXCAttributeAutomationType, XC_kAXXCAttributeTraits
2026-08-12 15:20:17.209 Df IlliniCover[18919:3c20ce] [com.apple.dt.xctest:Default] Capturing hierarchy with parameters {
    attributes =     (
        5003,
        5004,
        5002,
        5019,
        5058,
        2004
    );
    maxArrayCount = 2147483647;
    maxChildren = 2147483647;
    maxDepth = 2147483647;
    snapshotKeyHonorModalViews = 0;
    traverseFromParentsToChildren = 1;
}
2026-08-12 15:20:17.209 Df IlliniCover[18919:3c20ce] [com.apple.dt.xctest:Default] Snapshot attributes 5003, 5004, 5002, 5019, 5058, 2004
2026-08-12 15:20:17.211 Df IlliniCover[18919:3c20ce] (libMobileGestalt.dylib) Property isp[camera-front] found {length = 4, bytes = 0x01000000}
2026-08-12 15:20:17.212 A  IlliniCover[18919:3c20ce] (CoreFoundation) Updating Key-Value Observers Of Preferences
2026-08-12 15:20:17.232 A  IlliniCover[18919:3c20ce] (libsystem_containermanager.dylib) container_system_group_path_for_identifier
2026-08-12 15:20:17.232 Df IlliniCover[18919:3c20ce] [com.apple.containermanager:xpc] Requesting container lookup; class = 13, identifier = (null), group_identifier = systemgroup.com.apple.configurationprofiles, create = 1, temp = 0, euid = 501, uid = 501
2026-08-12 15:20:17.232 A  IlliniCover[18919:3c20ce] (libsystem_containermanager.dylib) container_query_t
2026-08-12 15:20:17.232 Df IlliniCover[18919:3c20ce] [com.apple.containermanager:xpc] Query; euid = 501, uid = 501, class = 13, identifier = [(null)](0), flags = 900000003
2026-08-12 15:20:17.234 Df IlliniCover[18919:3c20ce] [com.apple.containermanager:unspecified] _container_query_get_result_at_index: success
2026-08-12 15:20:17.234 A  IlliniCover[18919:3c20ce] (libsystem_containermanager.dylib) container_copy_object
2026-08-12 15:20:17.234 Df IlliniCover[18919:3c20ce] [com.apple.containermanager:unspecified] container_system_group_path_for_identifier: success
2026-08-12 15:20:17.234 Df IlliniCover[18919:3c20ce] [com.apple.ManagedConfiguration:MC] Got system group container path from MCM for systemgroup.com.apple.configurationprofiles: /Users/lu/Library/Developer/CoreSimulator/Devices/644F64CD-23BA-4D3C-915E-6B2069961477/data/Containers/Shared/SystemGroup/systemgroup.com.apple.configurationprofiles
2026-08-12 15:20:17.244 Df IlliniCover[18919:3c20ce] [com.apple.dt.xctest:Default] Got snapshot for <AXUIElementRef 0x109516160> {pid=18919} {uid=[ID:1 hash:0x0]}
2026-08-12 15:20:17.245 Df IlliniCover[18919:3c20ce] [com.apple.dt.xctest:Default] Got app orientation 0
2026-08-12 15:20:17.245 Df IlliniCover[18919:3c20ce] [com.apple.dt.xctest:Default] Captured accessibility snapshot data in 0.05s
2026-08-12 15:20:17.245 Df IlliniCover[18919:3c20de] [com.apple.dt.xctest:Default] Found main window: Window
2026-08-12 15:20:17.245 Df IlliniCover[18919:3c20de] [com.apple.dt.xctest:Default] Query  found matching snapshots: {(
    Application, pid: 18919
)} (error: (null))
2026-08-12 15:20:17.245 Df IlliniCover[18919:3c20de] [com.apple.dt.xctest:Default] Replying to query  with results: <XCTElementQueryResults: 0x10606f810> (error: (null))
2026-08-12 15:20:17.433 Df IlliniCover[18919:3c20de] [com.apple.dt.xctest:Default] Received request to fetch matches for query:
2026-08-12 15:20:17.434 Df IlliniCover[18919:3c20dc] [com.apple.dt.xctest:Default] Evaluating query:
2026-08-12 15:20:17.434 Df IlliniCover[18919:3c20dc] [com.apple.dt.xctest:Default] Getting root element snapshot
2026-08-12 15:20:17.434 Df IlliniCover[18919:3c20dc] [com.apple.dt.xctest:Default] Getting snapshot for App element pid: 18919 for query
2026-08-12 15:20:17.434 Df IlliniCover[18919:3c20dc] [com.apple.dt.xctest:Default] Query requires iOS snapshot attributes .
2026-08-12 15:20:17.434 Df IlliniCover[18919:3c20dc] [com.apple.dt.xctest:Default] XCTPerformOnMainRunLoop[not MT]: about to CFRunLoopPerform
2026-08-12 15:20:17.434 Df IlliniCover[18919:3c20dc] [com.apple.dt.xctest:Default] XCTPerformOnMainRunLoop[not MT]: waiting with 30.00s responsiveness timeout
2026-08-12 15:20:17.434 Df IlliniCover[18919:3c20ce] [com.apple.dt.xctest:Default] XCTPerformOnMainRunLoop[MT]: inside CFRunLoopPerform
2026-08-12 15:20:17.434 Df IlliniCover[18919:3c20ce] [com.apple.dt.xctest:Default] XCTPerformOnMainRunLoop[MT]: MT responded in time (won the race to the busy flag)
2026-08-12 15:20:17.434 Df IlliniCover[18919:3c20dc] [com.apple.dt.xctest:Default] XCTPerformOnMainRunLoop[not MT]: waiting 60.00s for work to complete
2026-08-12 15:20:17.434 Df IlliniCover[18919:3c20ce] [com.apple.dt.xctest:Default] Got main window <AXUIElementRef 0x10953a970> {pid=18919} {uid=[ID:4 hash:0x10621c400]}
2026-08-12 15:20:17.434 Df IlliniCover[18919:3c20ce] [com.apple.dt.xctest:Default] Capturing hierarchy with attributes XC_kAXXCAttributeElementType, XC_kAXXCAttributeElementBaseType, XC_kAXXCAttributeParent, XC_kAXXCAttributeIdentifier, XC_kAXXCAttributeAutomationType, XC_kAXXCAttributeTraits
2026-08-12 15:20:17.434 Df IlliniCover[18919:3c20ce] [com.apple.dt.xctest:Default] Capturing hierarchy with parameters {
    attributes =     (
        5003,
        5004,
        5002,
        5019,
        5058,
        2004
    );
    maxArrayCount = 2147483647;
    maxChildren = 2147483647;
    maxDepth = 2147483647;
    snapshotKeyHonorModalViews = 0;
    traverseFromParentsToChildren = 1;
}
2026-08-12 15:20:17.434 Df IlliniCover[18919:3c20ce] [com.apple.dt.xctest:Default] Snapshot attributes 5003, 5004, 5002, 5019, 5058, 2004
2026-08-12 15:20:17.435 Df IlliniCover[18919:3c20ce] [com.apple.dt.xctest:Default] Got snapshot for <AXUIElementRef 0x10953a2e0> {pid=18919} {uid=[ID:1 hash:0x0]}
2026-08-12 15:20:17.435 Df IlliniCover[18919:3c20ce] [com.apple.dt.xctest:Default] Got app orientation 0
2026-08-12 15:20:17.435 Df IlliniCover[18919:3c20ce] [com.apple.dt.xctest:Default] Captured accessibility snapshot data in 0.00s
2026-08-12 15:20:17.435 Df IlliniCover[18919:3c20dc] [com.apple.dt.xctest:Default] Found main window: Window
2026-08-12 15:20:17.436 Df IlliniCover[18919:3c20dc] [com.apple.dt.xctest:Default] Query  found matching snapshots: {(
    Application, pid: 18919
)} (error: (null))
2026-08-12 15:20:17.436 Df IlliniCover[18919:3c20dc] [com.apple.dt.xctest:Default] Replying to query  with results: <XCTElementQueryResults: 0x10606d7a0> (error: (null))
2026-08-12 15:20:17.555 Df IlliniCover[18919:3c20dc] [com.apple.dt.xctest:Default] Received request to fetch matches for query:
2026-08-12 15:20:17.555 Df IlliniCover[18919:3c20de] [com.apple.dt.xctest:Default] Evaluating query:
2026-08-12 15:20:17.555 Df IlliniCover[18919:3c20de] [com.apple.dt.xctest:Default] Getting root element snapshot
2026-08-12 15:20:17.555 Df IlliniCover[18919:3c20de] [com.apple.dt.xctest:Default] Getting snapshot for App element pid: 18919 for query
2026-08-12 15:20:17.555 Df IlliniCover[18919:3c20de] [com.apple.dt.xctest:Default] Query requires iOS snapshot attributes .
2026-08-12 15:20:17.555 Df IlliniCover[18919:3c20de] [com.apple.dt.xctest:Default] XCTPerformOnMainRunLoop[not MT]: about to CFRunLoopPerform
2026-08-12 15:20:17.555 Df IlliniCover[18919:3c20de] [com.apple.dt.xctest:Default] XCTPerformOnMainRunLoop[not MT]: waiting with 30.00s responsiveness timeout
2026-08-12 15:20:17.555 Df IlliniCover[18919:3c20ce] [com.apple.dt.xctest:Default] XCTPerformOnMainRunLoop[MT]: inside CFRunLoopPerform
2026-08-12 15:20:17.555 Df IlliniCover[18919:3c20ce] [com.apple.dt.xctest:Default] XCTPerformOnMainRunLoop[MT]: MT responded in time (won the race to the busy flag)
2026-08-12 15:20:17.555 Df IlliniCover[18919:3c20de] [com.apple.dt.xctest:Default] XCTPerformOnMainRunLoop[not MT]: waiting 60.00s for work to complete
2026-08-12 15:20:17.555 Df IlliniCover[18919:3c20ce] [com.apple.dt.xctest:Default] Got main window <AXUIElementRef 0x10953b120> {pid=18919} {uid=[ID:4 hash:0x10621c400]}
2026-08-12 15:20:17.555 Df IlliniCover[18919:3c20ce] [com.apple.dt.xctest:Default] Capturing hierarchy with attributes XC_kAXXCAttributeElementType, XC_kAXXCAttributeElementBaseType, XC_kAXXCAttributeParent, XC_kAXXCAttributeIdentifier, XC_kAXXCAttributeAutomationType, XC_kAXXCAttributeTraits
2026-08-12 15:20:17.555 Df IlliniCover[18919:3c20ce] [com.apple.dt.xctest:Default] Capturing hierarchy with parameters {
    attributes =     (
        5003,
        5004,
        5002,
        5019,
        5058,
        2004
    );
    maxArrayCount = 2147483647;
    maxChildren = 2147483647;
    maxDepth = 2147483647;
    snapshotKeyHonorModalViews = 0;
    traverseFromParentsToChildren = 1;
}
2026-08-12 15:20:17.555 Df IlliniCover[18919:3c20ce] [com.apple.dt.xctest:Default] Snapshot attributes 5003, 5004, 5002, 5019, 5058, 2004
2026-08-12 15:20:17.556 Df IlliniCover[18919:3c20ce] [com.apple.dt.xctest:Default] Got snapshot for <AXUIElementRef 0x10953aa60> {pid=18919} {uid=[ID:1 hash:0x0]}
2026-08-12 15:20:17.556 Df IlliniCover[18919:3c20ce] [com.apple.dt.xctest:Default] Got app orientation 0
2026-08-12 15:20:17.556 Df IlliniCover[18919:3c20ce] [com.apple.dt.xctest:Default] Captured accessibility snapshot data in 0.00s
2026-08-12 15:20:17.557 Df IlliniCover[18919:3c20de] [com.apple.dt.xctest:Default] Found main window: Window
2026-08-12 15:20:17.557 Df IlliniCover[18919:3c20de] [com.apple.dt.xctest:Default] Query  found matching snapshots: {(
    Application, pid: 18919
)} (error: (null))
2026-08-12 15:20:17.557 Df IlliniCover[18919:3c20de] [com.apple.dt.xctest:Default] Replying to query  with results: <XCTElementQueryResults: 0x10606def0> (error: (null))
2026-08-12 15:20:17.780 Df IlliniCover[18919:3c20de] [com.apple.dt.xctest:Default] Received request to fetch matches for query:
2026-08-12 15:20:17.780 Df IlliniCover[18919:3c20de] [com.apple.dt.xctest:Default] Evaluating query:
2026-08-12 15:20:17.780 Df IlliniCover[18919:3c20de] [com.apple.dt.xctest:Default] Getting root element snapshot
2026-08-12 15:20:17.780 Df IlliniCover[18919:3c20de] [com.apple.dt.xctest:Default] Getting snapshot for App element pid: 18919 for query
2026-08-12 15:20:17.780 Df IlliniCover[18919:3c20de] [com.apple.dt.xctest:Default] Query requires iOS snapshot attributes .
2026-08-12 15:20:17.780 Df IlliniCover[18919:3c20de] [com.apple.dt.xctest:Default] XCTPerformOnMainRunLoop[not MT]: about to CFRunLoopPerform
2026-08-12 15:20:17.780 Df IlliniCover[18919:3c20de] [com.apple.dt.xctest:Default] XCTPerformOnMainRunLoop[not MT]: waiting with 30.00s responsiveness timeout
2026-08-12 15:20:17.780 Df IlliniCover[18919:3c20ce] [com.apple.dt.xctest:Default] XCTPerformOnMainRunLoop[MT]: inside CFRunLoopPerform
2026-08-12 15:20:17.780 Df IlliniCover[18919:3c20ce] [com.apple.dt.xctest:Default] XCTPerformOnMainRunLoop[MT]: MT responded in time (won the race to the busy flag)
2026-08-12 15:20:17.780 Df IlliniCover[18919:3c20de] [com.apple.dt.xctest:Default] XCTPerformOnMainRunLoop[not MT]: waiting 60.00s for work to complete
2026-08-12 15:20:17.780 Df IlliniCover[18919:3c20ce] [com.apple.dt.xctest:Default] Got main window <AXUIElementRef 0x109538600> {pid=18919} {uid=[ID:4 hash:0x10621c400]}
2026-08-12 15:20:17.780 Df IlliniCover[18919:3c20ce] [com.apple.dt.xctest:Default] Capturing hierarchy with attributes XC_kAXXCAttributeElementType, XC_kAXXCAttributeElementBaseType, XC_kAXXCAttributeParent, XC_kAXXCAttributeIdentifier, XC_kAXXCAttributeAutomationType, XC_kAXXCAttributeTraits
2026-08-12 15:20:17.781 Df IlliniCover[18919:3c20ce] [com.apple.dt.xctest:Default] Capturing hierarchy with parameters {
    attributes =     (
        5003,
        5004,
        5002,
        5019,
        5058,
        2004
    );
    maxArrayCount = 2147483647;
    maxChildren = 2147483647;
    maxDepth = 2147483647;
    snapshotKeyHonorModalViews = 0;
    traverseFromParentsToChildren = 1;
}
2026-08-12 15:20:17.781 Df IlliniCover[18919:3c20ce] [com.apple.dt.xctest:Default] Snapshot attributes 5003, 5004, 5002, 5019, 5058, 2004
2026-08-12 15:20:17.782 Df IlliniCover[18919:3c20ce] [com.apple.dt.xctest:Default] Got snapshot for <AXUIElementRef 0x10953aa60> {pid=18919} {uid=[ID:1 hash:0x0]}
2026-08-12 15:20:17.782 Df IlliniCover[18919:3c20ce] [com.apple.dt.xctest:Default] Got app orientation 0
2026-08-12 15:20:17.782 Df IlliniCover[18919:3c20ce] [com.apple.dt.xctest:Default] Captured accessibility snapshot data in 0.00s
2026-08-12 15:20:17.782 Df IlliniCover[18919:3c20de] [com.apple.dt.xctest:Default] Found main window: Window
2026-08-12 15:20:17.782 Df IlliniCover[18919:3c20de] [com.apple.dt.xctest:Default] Query  found matching snapshots: {(
    Application, pid: 18919
)} (error: (null))
2026-08-12 15:20:17.782 Df IlliniCover[18919:3c20de] [com.apple.dt.xctest:Default] Replying to query  with results: <XCTElementQueryResults: 0x10606c660> (error: (null))
2026-08-12 15:20:17.901 Df IlliniCover[18919:3c20de] [com.apple.dt.xctest:Default] Received request to fetch matches for query:
2026-08-12 15:20:17.901 Df IlliniCover[18919:3c20dc] [com.apple.dt.xctest:Default] Evaluating query:
2026-08-12 15:20:17.901 Df IlliniCover[18919:3c20dc] [com.apple.dt.xctest:Default] Getting root element snapshot
2026-08-12 15:20:17.901 Df IlliniCover[18919:3c20dc] [com.apple.dt.xctest:Default] Getting snapshot for App element pid: 18919 for query
2026-08-12 15:20:17.901 Df IlliniCover[18919:3c20dc] [com.apple.dt.xctest:Default] Query requires iOS snapshot attributes .
2026-08-12 15:20:17.901 Df IlliniCover[18919:3c20dc] [com.apple.dt.xctest:Default] XCTPerformOnMainRunLoop[not MT]: about to CFRunLoopPerform
2026-08-12 15:20:17.901 Df IlliniCover[18919:3c20dc] [com.apple.dt.xctest:Default] XCTPerformOnMainRunLoop[not MT]: waiting with 30.00s responsiveness timeout
2026-08-12 15:20:17.901 Df IlliniCover[18919:3c20ce] [com.apple.dt.xctest:Default] XCTPerformOnMainRunLoop[MT]: inside CFRunLoopPerform
2026-08-12 15:20:17.901 Df IlliniCover[18919:3c20ce] [com.apple.dt.xctest:Default] XCTPerformOnMainRunLoop[MT]: MT responded in time (won the race to the busy flag)
2026-08-12 15:20:17.901 Df IlliniCover[18919:3c20dc] [com.apple.dt.xctest:Default] XCTPerformOnMainRunLoop[not MT]: waiting 60.00s for work to complete
2026-08-12 15:20:17.902 Df IlliniCover[18919:3c20ce] [com.apple.dt.xctest:Default] Got main window <AXUIElementRef 0x10953adc0> {pid=18919} {uid=[ID:4 hash:0x10621c400]}
2026-08-12 15:20:17.902 Df IlliniCover[18919:3c20ce] [com.apple.dt.xctest:Default] Capturing hierarchy with attributes XC_kAXXCAttributeElementType, XC_kAXXCAttributeElementBaseType, XC_kAXXCAttributeParent, XC_kAXXCAttributeIdentifier, XC_kAXXCAttributeAutomationType, XC_kAXXCAttributeTraits
2026-08-12 15:20:17.902 Df IlliniCover[18919:3c20ce] [com.apple.dt.xctest:Default] Capturing hierarchy with parameters {
    attributes =     (
        5003,
        5004,
        5002,
        5019,
        5058,
        2004
    );
    maxArrayCount = 2147483647;
    maxChildren = 2147483647;
    maxDepth = 2147483647;
    snapshotKeyHonorModalViews = 0;
    traverseFromParentsToChildren = 1;
}
2026-08-12 15:20:17.902 Df IlliniCover[18919:3c20ce] [com.apple.dt.xctest:Default] Snapshot attributes 5003, 5004, 5002, 5019, 5058, 2004
2026-08-12 15:20:17.903 Df IlliniCover[18919:3c20ce] [com.apple.dt.xctest:Default] Got snapshot for <AXUIElementRef 0x1094d8c00> {pid=18919} {uid=[ID:1 hash:0x0]}
2026-08-12 15:20:17.903 Df IlliniCover[18919:3c20ce] [com.apple.dt.xctest:Default] Got app orientation 0
2026-08-12 15:20:17.903 Df IlliniCover[18919:3c20ce] [com.apple.dt.xctest:Default] Captured accessibility snapshot data in 0.00s
2026-08-12 15:20:17.903 Df IlliniCover[18919:3c20dc] [com.apple.dt.xctest:Default] Found main window: Window
2026-08-12 15:20:17.903 Df IlliniCover[18919:3c20dc] [com.apple.dt.xctest:Default] Query  found matching snapshots: {(
    Application, pid: 18919
)} (error: (null))
2026-08-12 15:20:17.903 Df IlliniCover[18919:3c20dc] [com.apple.dt.xctest:Default] Replying to query  with results: <XCTElementQueryResults: 0x10606de30> (error: (null))
2026-08-12 15:20:18.026 Df IlliniCover[18919:3c20dc] [com.apple.dt.xctest:Default] Received request to fetch matches for query:
2026-08-12 15:20:18.026 Df IlliniCover[18919:3c20de] [com.apple.dt.xctest:Default] Evaluating query:
2026-08-12 15:20:18.026 Df IlliniCover[18919:3c20de] [com.apple.dt.xctest:Default] Getting root element snapshot
2026-08-12 15:20:18.026 Df IlliniCover[18919:3c20de] [com.apple.dt.xctest:Default] Getting snapshot for App element pid: 18919 for query
2026-08-12 15:20:18.027 Df IlliniCover[18919:3c20de] [com.apple.dt.xctest:Default] Query requires iOS snapshot attributes .
2026-08-12 15:20:18.027 Df IlliniCover[18919:3c20de] [com.apple.dt.xctest:Default] XCTPerformOnMainRunLoop[not MT]: about to CFRunLoopPerform
2026-08-12 15:20:18.027 Df IlliniCover[18919:3c20de] [com.apple.dt.xctest:Default] XCTPerformOnMainRunLoop[not MT]: waiting with 30.00s responsiveness timeout
2026-08-12 15:20:18.027 Df IlliniCover[18919:3c20ce] [com.apple.dt.xctest:Default] XCTPerformOnMainRunLoop[MT]: inside CFRunLoopPerform
2026-08-12 15:20:18.027 Df IlliniCover[18919:3c20ce] [com.apple.dt.xctest:Default] XCTPerformOnMainRunLoop[MT]: MT responded in time (won the race to the busy flag)
2026-08-12 15:20:18.027 Df IlliniCover[18919:3c20de] [com.apple.dt.xctest:Default] XCTPerformOnMainRunLoop[not MT]: waiting 60.00s for work to complete
2026-08-12 15:20:18.027 Df IlliniCover[18919:3c20ce] [com.apple.dt.xctest:Default] Got main window <AXUIElementRef 0x1095392f0> {pid=18919} {uid=[ID:4 hash:0x10621c400]}
2026-08-12 15:20:18.027 Df IlliniCover[18919:3c20ce] [com.apple.dt.xctest:Default] Capturing hierarchy with attributes XC_kAXXCAttributeElementType, XC_kAXXCAttributeElementBaseType, XC_kAXXCAttributeParent, XC_kAXXCAttributeIdentifier, XC_kAXXCAttributeAutomationType, XC_kAXXCAttributeTraits
2026-08-12 15:20:18.027 Df IlliniCover[18919:3c20ce] [com.apple.dt.xctest:Default] Capturing hierarchy with parameters {
    attributes =     (
        5003,
        5004,
        5002,
        5019,
        5058,
        2004
    );
    maxArrayCount = 2147483647;
    maxChildren = 2147483647;
    maxDepth = 2147483647;
    snapshotKeyHonorModalViews = 0;
    traverseFromParentsToChildren = 1;
}
2026-08-12 15:20:18.027 Df IlliniCover[18919:3c20ce] [com.apple.dt.xctest:Default] Snapshot attributes 5003, 5004, 5002, 5019, 5058, 2004
2026-08-12 15:20:18.028 Df IlliniCover[18919:3c20ce] [com.apple.dt.xctest:Default] Got snapshot for <AXUIElementRef 0x1094d92f0> {pid=18919} {uid=[ID:1 hash:0x0]}
2026-08-12 15:20:18.028 Df IlliniCover[18919:3c20ce] [com.apple.dt.xctest:Default] Got app orientation 0
2026-08-12 15:20:18.028 Df IlliniCover[18919:3c20ce] [com.apple.dt.xctest:Default] Captured accessibility snapshot data in 0.00s
2026-08-12 15:20:18.028 Df IlliniCover[18919:3c20de] [com.apple.dt.xctest:Default] Found main window: Window
2026-08-12 15:20:18.028 Df IlliniCover[18919:3c20de] [com.apple.dt.xctest:Default] Query  found matching snapshots: {(
    Application, pid: 18919
)} (error: (null))
2026-08-12 15:20:18.028 Df IlliniCover[18919:3c20de] [com.apple.dt.xctest:Default] Replying to query  with results: <XCTElementQueryResults: 0x10606f000> (error: (null))
2026-08-12 15:20:18.154 Df IlliniCover[18919:3c20de] [com.apple.dt.xctest:Default] Received request to fetch matches for query:
2026-08-12 15:20:18.154 Df IlliniCover[18919:3c20dc] [com.apple.dt.xctest:Default] Evaluating query:
2026-08-12 15:20:18.154 Df IlliniCover[18919:3c20dc] [com.apple.dt.xctest:Default] Getting root element snapshot
2026-08-12 15:20:18.154 Df IlliniCover[18919:3c20dc] [com.apple.dt.xctest:Default] Getting snapshot for App element pid: 18919 for query
2026-08-12 15:20:18.154 Df IlliniCover[18919:3c20dc] [com.apple.dt.xctest:Default] Query requires iOS snapshot attributes .
2026-08-12 15:20:18.154 Df IlliniCover[18919:3c20dc] [com.apple.dt.xctest:Default] XCTPerformOnMainRunLoop[not MT]: about to CFRunLoopPerform
2026-08-12 15:20:18.154 Df IlliniCover[18919:3c20dc] [com.apple.dt.xctest:Default] XCTPerformOnMainRunLoop[not MT]: waiting with 30.00s responsiveness timeout
2026-08-12 15:20:18.154 Df IlliniCover[18919:3c20ce] [com.apple.dt.xctest:Default] XCTPerformOnMainRunLoop[MT]: inside CFRunLoopPerform
2026-08-12 15:20:18.154 Df IlliniCover[18919:3c20ce] [com.apple.dt.xctest:Default] XCTPerformOnMainRunLoop[MT]: MT responded in time (won the race to the busy flag)
2026-08-12 15:20:18.154 Df IlliniCover[18919:3c20dc] [com.apple.dt.xctest:Default] XCTPerformOnMainRunLoop[not MT]: waiting 60.00s for work to complete
2026-08-12 15:20:18.154 Df IlliniCover[18919:3c20ce] [com.apple.dt.xctest:Default] Got main window <AXUIElementRef 0x1094f0e40> {pid=18919} {uid=[ID:4 hash:0x10621c400]}
2026-08-12 15:20:18.154 Df IlliniCover[18919:3c20ce] [com.apple.dt.xctest:Default] Capturing hierarchy with attributes XC_kAXXCAttributeElementType, XC_kAXXCAttributeElementBaseType, XC_kAXXCAttributeParent, XC_kAXXCAttributeIdentifier, XC_kAXXCAttributeAutomationType, XC_kAXXCAttributeTraits
2026-08-12 15:20:18.154 Df IlliniCover[18919:3c20ce] [com.apple.dt.xctest:Default] Capturing hierarchy with parameters {
    attributes =     (
        5003,
        5004,
        5002,
        5019,
        5058,
        2004
    );
    maxArrayCount = 2147483647;
    maxChildren = 2147483647;
    maxDepth = 2147483647;
    snapshotKeyHonorModalViews = 0;
    traverseFromParentsToChildren = 1;
}
2026-08-12 15:20:18.155 Df IlliniCover[18919:3c20ce] [com.apple.dt.xctest:Default] Snapshot attributes 5003, 5004, 5002, 5019, 5058, 2004
2026-08-12 15:20:18.155 Df IlliniCover[18919:3c20ce] [com.apple.dt.xctest:Default] Got snapshot for <AXUIElementRef 0x1094f1d10> {pid=18919} {uid=[ID:1 hash:0x0]}
2026-08-12 15:20:18.156 Df IlliniCover[18919:3c20ce] [com.apple.dt.xctest:Default] Got app orientation 0
2026-08-12 15:20:18.156 Df IlliniCover[18919:3c20ce] [com.apple.dt.xctest:Default] Captured accessibility snapshot data in 0.00s
2026-08-12 15:20:18.156 Df IlliniCover[18919:3c20dc] [com.apple.dt.xctest:Default] Found main window: Window
2026-08-12 15:20:18.156 Df IlliniCover[18919:3c20dc] [com.apple.dt.xctest:Default] Query  found matching snapshots: {(
    Application, pid: 18919
)} (error: (null))
2026-08-12 15:20:18.156 Df IlliniCover[18919:3c20dc] [com.apple.dt.xctest:Default] Replying to query  with results: <XCTElementQueryResults: 0x10606dc20> (error: (null))
2026-08-12 15:20:18.313 Df IlliniCover[18919:3c20dc] [com.apple.dt.xctest:Default] Received request to fetch matches for query:
2026-08-12 15:20:18.313 Df IlliniCover[18919:3c20de] [com.apple.dt.xctest:Default] Evaluating query:
2026-08-12 15:20:18.313 Df IlliniCover[18919:3c20de] [com.apple.dt.xctest:Default] Getting root element snapshot
2026-08-12 15:20:18.313 Df IlliniCover[18919:3c20de] [com.apple.dt.xctest:Default] Getting snapshot for App element pid: 18919 for query
2026-08-12 15:20:18.313 Df IlliniCover[18919:3c20de] [com.apple.dt.xctest:Default] Query requires iOS snapshot attributes .
2026-08-12 15:20:18.313 Df IlliniCover[18919:3c20de] [com.apple.dt.xctest:Default] XCTPerformOnMainRunLoop[not MT]: about to CFRunLoopPerform
2026-08-12 15:20:18.313 Df IlliniCover[18919:3c20de] [com.apple.dt.xctest:Default] XCTPerformOnMainRunLoop[not MT]: waiting with 30.00s responsiveness timeout
2026-08-12 15:20:18.313 Df IlliniCover[18919:3c20ce] [com.apple.dt.xctest:Default] XCTPerformOnMainRunLoop[MT]: inside CFRunLoopPerform
2026-08-12 15:20:18.313 Df IlliniCover[18919:3c20ce] [com.apple.dt.xctest:Default] XCTPerformOnMainRunLoop[MT]: MT responded in time (won the race to the busy flag)
2026-08-12 15:20:18.313 Df IlliniCover[18919:3c20de] [com.apple.dt.xctest:Default] XCTPerformOnMainRunLoop[not MT]: waiting 60.00s for work to complete
2026-08-12 15:20:18.314 Df IlliniCover[18919:3c20ce] [com.apple.dt.xctest:Default] Got main window <AXUIElementRef 0x1094f2ee0> {pid=18919} {uid=[ID:4 hash:0x10621c400]}
2026-08-12 15:20:18.314 Df IlliniCover[18919:3c20ce] [com.apple.dt.xctest:Default] Capturing hierarchy with attributes XC_kAXXCAttributeElementType, XC_kAXXCAttributeElementBaseType, XC_kAXXCAttributeParent, XC_kAXXCAttributeIdentifier, XC_kAXXCAttributeAutomationType, XC_kAXXCAttributeTraits
2026-08-12 15:20:18.314 Df IlliniCover[18919:3c20ce] [com.apple.dt.xctest:Default] Capturing hierarchy with parameters {
    attributes =     (
        5003,
        5004,
        5002,
        5019,
        5058,
        2004
    );
    maxArrayCount = 2147483647;
    maxChildren = 2147483647;
    maxDepth = 2147483647;
    snapshotKeyHonorModalViews = 0;
    traverseFromParentsToChildren = 1;
}
2026-08-12 15:20:18.314 Df IlliniCover[18919:3c20ce] [com.apple.dt.xctest:Default] Snapshot attributes 5003, 5004, 5002, 5019, 5058, 2004
2026-08-12 15:20:18.316 Df IlliniCover[18919:3c20ce] [com.apple.dt.xctest:Default] Got snapshot for <AXUIElementRef 0x1094f0d80> {pid=18919} {uid=[ID:1 hash:0x0]}
2026-08-12 15:20:18.316 Df IlliniCover[18919:3c20ce] [com.apple.dt.xctest:Default] Got app orientation 0
2026-08-12 15:20:18.316 Df IlliniCover[18919:3c20ce] [com.apple.dt.xctest:Default] Captured accessibility snapshot data in 0.00s
2026-08-12 15:20:18.316 Df IlliniCover[18919:3c20de] [com.apple.dt.xctest:Default] Found main window: Window
2026-08-12 15:20:18.316 Df IlliniCover[18919:3c20de] [com.apple.dt.xctest:Default] Query  found matching snapshots: {(
    Application, pid: 18919
)} (error: (null))
2026-08-12 15:20:18.316 Df IlliniCover[18919:3c20de] [com.apple.dt.xctest:Default] Replying to query  with results: <XCTElementQueryResults: 0x10606e5e0> (error: (null))
2026-08-12 15:20:18.486 Df IlliniCover[18919:3c20de] [com.apple.dt.xctest:Default] Received request to fetch matches for query:
2026-08-12 15:20:18.486 Df IlliniCover[18919:3c20de] [com.apple.dt.xctest:Default] Evaluating query:
2026-08-12 15:20:18.486 Df IlliniCover[18919:3c20de] [com.apple.dt.xctest:Default] Getting root element snapshot
2026-08-12 15:20:18.486 Df IlliniCover[18919:3c20de] [com.apple.dt.xctest:Default] Getting snapshot for App element pid: 18919 for query
2026-08-12 15:20:18.486 Df IlliniCover[18919:3c20de] [com.apple.dt.xctest:Default] Query requires iOS snapshot attributes .
2026-08-12 15:20:18.486 Df IlliniCover[18919:3c20de] [com.apple.dt.xctest:Default] XCTPerformOnMainRunLoop[not MT]: about to CFRunLoopPerform
2026-08-12 15:20:18.486 Df IlliniCover[18919:3c20de] [com.apple.dt.xctest:Default] XCTPerformOnMainRunLoop[not MT]: waiting with 30.00s responsiveness timeout
2026-08-12 15:20:18.486 Df IlliniCover[18919:3c20ce] [com.apple.dt.xctest:Default] XCTPerformOnMainRunLoop[MT]: inside CFRunLoopPerform
2026-08-12 15:20:18.486 Df IlliniCover[18919:3c20ce] [com.apple.dt.xctest:Default] XCTPerformOnMainRunLoop[MT]: MT responded in time (won the race to the busy flag)
2026-08-12 15:20:18.486 Df IlliniCover[18919:3c20de] [com.apple.dt.xctest:Default] XCTPerformOnMainRunLoop[not MT]: waiting 60.00s for work to complete
2026-08-12 15:20:18.487 Df IlliniCover[18919:3c20ce] [com.apple.dt.xctest:Default] Got main window <AXUIElementRef 0x109539530> {pid=18919} {uid=[ID:4 hash:0x10621c400]}
2026-08-12 15:20:18.487 Df IlliniCover[18919:3c20ce] [com.apple.dt.xctest:Default] Capturing hierarchy with attributes XC_kAXXCAttributeElementType, XC_kAXXCAttributeElementBaseType, XC_kAXXCAttributeParent, XC_kAXXCAttributeIdentifier, XC_kAXXCAttributeAutomationType, XC_kAXXCAttributeTraits
2026-08-12 15:20:18.487 Df IlliniCover[18919:3c20ce] [com.apple.dt.xctest:Default] Capturing hierarchy with parameters {
    attributes =     (
        5003,
        5004,
        5002,
        5019,
        5058,
        2004
    );
    maxArrayCount = 2147483647;
    maxChildren = 2147483647;
    maxDepth = 2147483647;
    snapshotKeyHonorModalViews = 0;
    traverseFromParentsToChildren = 1;
}
2026-08-12 15:20:18.487 Df IlliniCover[18919:3c20ce] [com.apple.dt.xctest:Default] Snapshot attributes 5003, 5004, 5002, 5019, 5058, 2004
2026-08-12 15:20:18.488 Df IlliniCover[18919:3c20ce] [com.apple.dt.xctest:Default] Got snapshot for <AXUIElementRef 0x1094f3de0> {pid=18919} {uid=[ID:1 hash:0x0]}
2026-08-12 15:20:18.489 Df IlliniCover[18919:3c20ce] [com.apple.dt.xctest:Default] Got app orientation 0
2026-08-12 15:20:18.489 Df IlliniCover[18919:3c20ce] [com.apple.dt.xctest:Default] Captured accessibility snapshot data in 0.00s
2026-08-12 15:20:18.489 Df IlliniCover[18919:3c20de] [com.apple.dt.xctest:Default] Found main window: Window
2026-08-12 15:20:18.489 Df IlliniCover[18919:3c20de] [com.apple.dt.xctest:Default] Query  found matching snapshots: {(
    Application, pid: 18919
)} (error: (null))
2026-08-12 15:20:18.489 Df IlliniCover[18919:3c20de] [com.apple.dt.xctest:Default] Replying to query  with results: <XCTElementQueryResults: 0x10606e3d0> (error: (null))
2026-08-12 15:20:18.629 Df IlliniCover[18919:3c20de] [com.apple.dt.xctest:Default] Received request to fetch matches for query:
2026-08-12 15:20:18.629 Df IlliniCover[18919:3c20de] [com.apple.dt.xctest:Default] Evaluating query:
2026-08-12 15:20:18.629 Df IlliniCover[18919:3c20de] [com.apple.dt.xctest:Default] Getting root element snapshot
2026-08-12 15:20:18.629 Df IlliniCover[18919:3c20de] [com.apple.dt.xctest:Default] Getting snapshot for App element pid: 18919 for query
2026-08-12 15:20:18.629 Df IlliniCover[18919:3c20de] [com.apple.dt.xctest:Default] Query requires iOS snapshot attributes .
2026-08-12 15:20:18.629 Df IlliniCover[18919:3c20de] [com.apple.dt.xctest:Default] XCTPerformOnMainRunLoop[not MT]: about to CFRunLoopPerform
2026-08-12 15:20:18.629 Df IlliniCover[18919:3c20ce] [com.apple.dt.xctest:Default] XCTPerformOnMainRunLoop[MT]: inside CFRunLoopPerform
2026-08-12 15:20:18.629 Df IlliniCover[18919:3c20ce] [com.apple.dt.xctest:Default] XCTPerformOnMainRunLoop[MT]: MT responded in time (won the race to the busy flag)
2026-08-12 15:20:18.629 Df IlliniCover[18919:3c20de] [com.apple.dt.xctest:Default] XCTPerformOnMainRunLoop[not MT]: waiting with 30.00s responsiveness timeout
2026-08-12 15:20:18.629 Df IlliniCover[18919:3c20de] [com.apple.dt.xctest:Default] XCTPerformOnMainRunLoop[not MT]: waiting 60.00s for work to complete
2026-08-12 15:20:18.630 Df IlliniCover[18919:3c20ce] [com.apple.dt.xctest:Default] Got main window <AXUIElementRef 0x10953b240> {pid=18919} {uid=[ID:4 hash:0x10621c400]}
2026-08-12 15:20:18.630 Df IlliniCover[18919:3c20ce] [com.apple.dt.xctest:Default] Capturing hierarchy with attributes XC_kAXXCAttributeElementType, XC_kAXXCAttributeElementBaseType, XC_kAXXCAttributeParent, XC_kAXXCAttributeIdentifier, XC_kAXXCAttributeAutomationType, XC_kAXXCAttributeTraits
2026-08-12 15:20:18.630 Df IlliniCover[18919:3c20ce] [com.apple.dt.xctest:Default] Capturing hierarchy with parameters {
    attributes =     (
        5003,
        5004,
        5002,
        5019,
        5058,
        2004
    );
    maxArrayCount = 2147483647;
    maxChildren = 2147483647;
    maxDepth = 2147483647;
    snapshotKeyHonorModalViews = 0;
    traverseFromParentsToChildren = 1;
}
2026-08-12 15:20:18.630 Df IlliniCover[18919:3c20ce] [com.apple.dt.xctest:Default] Snapshot attributes 5003, 5004, 5002, 5019, 5058, 2004
2026-08-12 15:20:18.631 Df IlliniCover[18919:3c20ce] [com.apple.dt.xctest:Default] Got snapshot for <AXUIElementRef 0x10953b990> {pid=18919} {uid=[ID:1 hash:0x0]}
2026-08-12 15:20:18.631 Df IlliniCover[18919:3c20ce] [com.apple.dt.xctest:Default] Got app orientation 0
2026-08-12 15:20:18.631 Df IlliniCover[18919:3c20ce] [com.apple.dt.xctest:Default] Captured accessibility snapshot data in 0.00s
2026-08-12 15:20:18.632 Df IlliniCover[18919:3c20de] [com.apple.dt.xctest:Default] Found main window: Window
2026-08-12 15:20:18.632 Df IlliniCover[18919:3c20de] [com.apple.dt.xctest:Default] Query  found matching snapshots: {(
    Application, pid: 18919
)} (error: (null))
2026-08-12 15:20:18.632 Df IlliniCover[18919:3c20de] [com.apple.dt.xctest:Default] Replying to query  with results: <XCTElementQueryResults: 0x10606ec70> (error: (null))
2026-08-12 15:20:18.768 Df IlliniCover[18919:3c20de] [com.apple.dt.xctest:Default] Received request to fetch matches for query:
2026-08-12 15:20:18.768 Df IlliniCover[18919:3c20dc] [com.apple.dt.xctest:Default] Evaluating query:
2026-08-12 15:20:18.768 Df IlliniCover[18919:3c20dc] [com.apple.dt.xctest:Default] Getting root element snapshot
2026-08-12 15:20:18.768 Df IlliniCover[18919:3c20dc] [com.apple.dt.xctest:Default] Getting snapshot for App element pid: 18919 for query
2026-08-12 15:20:18.768 Df IlliniCover[18919:3c20dc] [com.apple.dt.xctest:Default] Query requires iOS snapshot attributes .
2026-08-12 15:20:18.768 Df IlliniCover[18919:3c20dc] [com.apple.dt.xctest:Default] XCTPerformOnMainRunLoop[not MT]: about to CFRunLoopPerform
2026-08-12 15:20:18.768 Df IlliniCover[18919:3c20dc] [com.apple.dt.xctest:Default] XCTPerformOnMainRunLoop[not MT]: waiting with 30.00s responsiveness timeout
2026-08-12 15:20:18.768 Df IlliniCover[18919:3c20ce] [com.apple.dt.xctest:Default] XCTPerformOnMainRunLoop[MT]: inside CFRunLoopPerform
2026-08-12 15:20:18.768 Df IlliniCover[18919:3c20ce] [com.apple.dt.xctest:Default] XCTPerformOnMainRunLoop[MT]: MT responded in time (won the race to the busy flag)
2026-08-12 15:20:18.768 Df IlliniCover[18919:3c20dc] [com.apple.dt.xctest:Default] XCTPerformOnMainRunLoop[not MT]: waiting 60.00s for work to complete
2026-08-12 15:20:18.768 Df IlliniCover[18919:3c20ce] [com.apple.dt.xctest:Default] Got main window <AXUIElementRef 0x11639f8d0> {pid=18919} {uid=[ID:4 hash:0x10621c400]}
2026-08-12 15:20:18.768 Df IlliniCover[18919:3c20ce] [com.apple.dt.xctest:Default] Capturing hierarchy with attributes XC_kAXXCAttributeElementType, XC_kAXXCAttributeElementBaseType, XC_kAXXCAttributeParent, XC_kAXXCAttributeIdentifier, XC_kAXXCAttributeAutomationType, XC_kAXXCAttributeTraits
2026-08-12 15:20:18.768 Df IlliniCover[18919:3c20ce] [com.apple.dt.xctest:Default] Capturing hierarchy with parameters {
    attributes =     (
        5003,
        5004,
        5002,
        5019,
        5058,
        2004
    );
    maxArrayCount = 2147483647;
    maxChildren = 2147483647;
    maxDepth = 2147483647;
    snapshotKeyHonorModalViews = 0;
    traverseFromParentsToChildren = 1;
}
2026-08-12 15:20:18.769 Df IlliniCover[18919:3c20ce] [com.apple.dt.xctest:Default] Snapshot attributes 5003, 5004, 5002, 5019, 5058, 2004
2026-08-12 15:20:18.770 Df IlliniCover[18919:3c20ce] [com.apple.dt.xctest:Default] Got snapshot for <AXUIElementRef 0x11639ea30> {pid=18919} {uid=[ID:1 hash:0x0]}
2026-08-12 15:20:18.770 Df IlliniCover[18919:3c20ce] [com.apple.dt.xctest:Default] Got app orientation 0
2026-08-12 15:20:18.770 Df IlliniCover[18919:3c20ce] [com.apple.dt.xctest:Default] Captured accessibility snapshot data in 0.00s
2026-08-12 15:20:18.770 Df IlliniCover[18919:3c20dc] [com.apple.dt.xctest:Default] Found main window: Window
2026-08-12 15:20:18.770 Df IlliniCover[18919:3c20dc] [com.apple.dt.xctest:Default] Query  found matching snapshots: {(
    Application, pid: 18919
)} (error: (null))
2026-08-12 15:20:18.770 Df IlliniCover[18919:3c20dc] [com.apple.dt.xctest:Default] Replying to query  with results: <XCTElementQueryResults: 0x10606e760> (error: (null))
2026-08-12 15:20:18.779 Df IlliniCover[18919:3c20dc] [com.apple.xpc:connection] [0x1095f6300] activating connection: mach=true listener=false peer=false name=com.apple.fontservicesd
2026-08-12 15:20:18.871 Df IlliniCover[18919:3c20de] [com.apple.FileURL:default] kExcludedFromBackupXattrName set on path: /Users/lu/Library/Developer/CoreSimulator/Devices/644F64CD-23BA-4D3C-915E-6B2069961477/data/Containers/Data/Application/CF968DD7-918A-4335-BA18-D14F0BECC12E/Library/Application Support/com.illinicover.app/RCTAsyncLocalStorage_V1
2026-08-12 15:20:18.924 Df IlliniCover[18919:3c20de] [com.apple.dt.xctest:Default] Received request to fetch matches for query:
2026-08-12 15:20:18.924 Df IlliniCover[18919:3c20de] [com.apple.dt.xctest:Default] Evaluating query:
2026-08-12 15:20:18.924 Df IlliniCover[18919:3c20de] [com.apple.dt.xctest:Default] Getting root element snapshot
2026-08-12 15:20:18.924 Df IlliniCover[18919:3c20de] [com.apple.dt.xctest:Default] Getting snapshot for App element pid: 18919 for query
2026-08-12 15:20:18.924 Df IlliniCover[18919:3c20de] [com.apple.dt.xctest:Default] Query requires iOS snapshot attributes .
2026-08-12 15:20:18.924 Df IlliniCover[18919:3c20de] [com.apple.dt.xctest:Default] XCTPerformOnMainRunLoop[not MT]: about to CFRunLoopPerform
2026-08-12 15:20:18.924 Df IlliniCover[18919:3c20de] [com.apple.dt.xctest:Default] XCTPerformOnMainRunLoop[not MT]: waiting with 30.00s responsiveness timeout
2026-08-12 15:20:18.924 Df IlliniCover[18919:3c20ce] [com.apple.dt.xctest:Default] XCTPerformOnMainRunLoop[MT]: inside CFRunLoopPerform
2026-08-12 15:20:18.924 Df IlliniCover[18919:3c20ce] [com.apple.dt.xctest:Default] XCTPerformOnMainRunLoop[MT]: MT responded in time (won the race to the busy flag)
2026-08-12 15:20:18.924 Df IlliniCover[18919:3c20de] [com.apple.dt.xctest:Default] XCTPerformOnMainRunLoop[not MT]: waiting 60.00s for work to complete
2026-08-12 15:20:18.924 Df IlliniCover[18919:3c20ce] [com.apple.dt.xctest:Default] Got main window <AXUIElementRef 0x11959ca80> {pid=18919} {uid=[ID:4 hash:0x10621c400]}
2026-08-12 15:20:18.924 Df IlliniCover[18919:3c20ce] [com.apple.dt.xctest:Default] Capturing hierarchy with attributes XC_kAXXCAttributeElementType, XC_kAXXCAttributeElementBaseType, XC_kAXXCAttributeParent, XC_kAXXCAttributeIdentifier, XC_kAXXCAttributeAutomationType, XC_kAXXCAttributeTraits
2026-08-12 15:20:18.924 Df IlliniCover[18919:3c20ce] [com.apple.dt.xctest:Default] Capturing hierarchy with parameters {
    attributes =     (
        5003,
        5004,
        5002,
        5019,
        5058,
        2004
    );
    maxArrayCount = 2147483647;
    maxChildren = 2147483647;
    maxDepth = 2147483647;
    snapshotKeyHonorModalViews = 0;
    traverseFromParentsToChildren = 1;
}
2026-08-12 15:20:18.924 Df IlliniCover[18919:3c20ce] [com.apple.dt.xctest:Default] Snapshot attributes 5003, 5004, 5002, 5019, 5058, 2004
2026-08-12 15:20:18.926 Df IlliniCover[18919:3c20ce] [com.apple.dt.xctest:Default] Got snapshot for <AXUIElementRef 0x119556d60> {pid=18919} {uid=[ID:1 hash:0x0]}
2026-08-12 15:20:18.926 Df IlliniCover[18919:3c20ce] [com.apple.dt.xctest:Default] Got app orientation 0
2026-08-12 15:20:18.926 Df IlliniCover[18919:3c20ce] [com.apple.dt.xctest:Default] Captured accessibility snapshot data in 0.00s
2026-08-12 15:20:18.926 Df IlliniCover[18919:3c20de] [com.apple.dt.xctest:Default] Found main window: Window
2026-08-12 15:20:18.926 Df IlliniCover[18919:3c20de] [com.apple.dt.xctest:Default] Query  found matching snapshots: {(
    Application, pid: 18919
)} (error: (null))
2026-08-12 15:20:18.926 Df IlliniCover[18919:3c20de] [com.apple.dt.xctest:Default] Replying to query  with results: <XCTElementQueryResults: 0x10606ee80> (error: (null))
2026-08-12 15:20:18.940 Df IlliniCover[18919:3c20e5] [com.apple.xpc:connection] [0x1095f6a80] activating connection: mach=true listener=false peer=false name=com.apple.lsd.mapdb
2026-08-12 15:20:19.013 Df IlliniCover[18919:3c20ce] [com.apple.xpc:connection] [0x1095f5b80] activating connection: mach=true listener=false peer=false name=com.apple.lsd.advertisingidentifiers
2026-08-12 15:20:19.017 Df IlliniCover[18919:3c20ce] Session replay disabled via configuration
2026-08-12 15:20:19.030 Df IlliniCover[18919:3c20ce] [com.apple.network:path] nw_path_evaluator_start [F40D7967-9D9F-4FCD-B4B5-5BE748E08D6E <NULL> generic, multipath service: handover, attribution: developer]
	path: satisfied (Path is satisfied), interface: en0[802.11], uses wifi, LQM: unknown
2026-08-12 15:20:19.034 Df IlliniCover[18919:3c20de] [com.apple.CFNetwork:Default] Initializing NSHTTPCookieStorage singleton
2026-08-12 15:20:19.034 Df IlliniCover[18919:3c20de] [com.apple.CFNetwork:Default] Initializing CFHTTPCookieStorage singleton
2026-08-12 15:20:19.034 Df IlliniCover[18919:3c20de] [com.apple.CFNetwork:Default] Creating default cookie storage with process/bundle identifier
2026-08-12 15:20:19.035 A  IlliniCover[18919:3c20de] (libsystem_containermanager.dylib) container_system_group_path_for_identifier
2026-08-12 15:20:19.035 Df IlliniCover[18919:3c20de] [com.apple.containermanager:xpc] Requesting container lookup; class = 13, identifier = com.apple.nsurlsessiond, group_identifier = systemgroup.com.apple.nsurlstoragedresources, create = 1, temp = 0, euid = 501, uid = 501
2026-08-12 15:20:19.035 A  IlliniCover[18919:3c20de] (libsystem_containermanager.dylib) container_query_t
2026-08-12 15:20:19.035 Df IlliniCover[18919:3c20de] [com.apple.containermanager:xpc] Query; euid = 501, uid = 501, class = 13, identifier = [com.apple.nsurlsessiond](1), flags = 900000003
2026-08-12 15:20:19.036 Df IlliniCover[18919:3c20de] [com.apple.containermanager:unspecified] _container_query_get_result_at_index: success
2026-08-12 15:20:19.036 A  IlliniCover[18919:3c20de] (libsystem_containermanager.dylib) container_copy_object
2026-08-12 15:20:19.036 Df IlliniCover[18919:3c20de] [com.apple.containermanager:unspecified] container_system_group_path_for_identifier: success
2026-08-12 15:20:19.050 Df IlliniCover[18919:3c20db] [com.apple.dt.xctest:Default] Received request to fetch matches for query:
2026-08-12 15:20:19.050 Df IlliniCover[18919:3c20e0] [com.apple.dt.xctest:Default] Evaluating query:
2026-08-12 15:20:19.050 Df IlliniCover[18919:3c20e0] [com.apple.dt.xctest:Default] Getting root element snapshot
2026-08-12 15:20:19.050 Df IlliniCover[18919:3c20e0] [com.apple.dt.xctest:Default] Getting snapshot for App element pid: 18919 for query
2026-08-12 15:20:19.050 Df IlliniCover[18919:3c20e0] [com.apple.dt.xctest:Default] Query requires iOS snapshot attributes .
2026-08-12 15:20:19.050 Df IlliniCover[18919:3c20e0] [com.apple.dt.xctest:Default] XCTPerformOnMainRunLoop[not MT]: about to CFRunLoopPerform
2026-08-12 15:20:19.050 Df IlliniCover[18919:3c20e0] [com.apple.dt.xctest:Default] XCTPerformOnMainRunLoop[not MT]: waiting with 30.00s responsiveness timeout
2026-08-12 15:20:19.067 Df IlliniCover[18919:3c20db] [com.apple.CFNetwork:Default] Task <1F8F0B31-58FA-4EB2-8CE2-BCCB5899B58D>.<1> resuming, timeouts(15.0, 604800.0) qos(0x15) voucher((null)) activity(00000000-0000-0000-0000-000000000000)
2026-08-12 15:20:19.105 A  IlliniCover[18919:3c20db] (CoreFoundation) Loading Preferences From User Session CFPrefsD
2026-08-12 15:20:19.106 Df IlliniCover[18919:3c20de] [com.apple.CFNetwork:Default] Task <D1B675BB-EBE8-4BFB-B8B1-31C0F61A8FE4>.<1> resuming, timeouts(0.0, 604800.0) qos(0x19) voucher((null)) activity(00000000-0000-0000-0000-000000000000)
2026-08-12 15:20:19.108 Df IlliniCover[18919:3c20dc] [com.apple.CFNetwork:Default] Task <A15B47F4-1A73-4592-8D5D-8B6EE6985343>.<1> finished with error [-999] Error Domain=NSURLErrorDomain Code=-999 UserInfo={NSErrorFailingURLStringKey=, NSErrorFailingURLKey=<private>, _NSURLErrorRelatedURLSessionTaskErrorKey=<private>, _NSURLErrorFailingURLSessionTaskErrorKey=<private>, NSLocalizedDescription=<private>}
2026-08-12 15:20:19.109 Df IlliniCover[18919:3c20dc] [com.apple.CFNetwork:Default] Connection 0: creating secure tcp or quic connection
2026-08-12 15:20:19.112 Df IlliniCover[18919:3c20ce] [com.apple.dt.xctest:Default] XCTPerformOnMainRunLoop[MT]: inside CFRunLoopPerform
2026-08-12 15:20:19.112 Df IlliniCover[18919:3c20ce] [com.apple.dt.xctest:Default] XCTPerformOnMainRunLoop[MT]: MT responded in time (won the race to the busy flag)
2026-08-12 15:20:19.112 Df IlliniCover[18919:3c20e0] [com.apple.dt.xctest:Default] XCTPerformOnMainRunLoop[not MT]: waiting 60.00s for work to complete
2026-08-12 15:20:19.113 Df IlliniCover[18919:3c20ce] [com.apple.dt.xctest:Default] Got main window <AXUIElementRef 0x11ccc9920> {pid=18919} {uid=[ID:4 hash:0x10621c400]}
2026-08-12 15:20:19.113 Df IlliniCover[18919:3c20ce] [com.apple.dt.xctest:Default] Capturing hierarchy with attributes XC_kAXXCAttributeElementType, XC_kAXXCAttributeElementBaseType, XC_kAXXCAttributeParent, XC_kAXXCAttributeIdentifier, XC_kAXXCAttributeAutomationType, XC_kAXXCAttributeTraits
2026-08-12 15:20:19.113 Df IlliniCover[18919:3c20ce] [com.apple.dt.xctest:Default] Capturing hierarchy with parameters {
    attributes =     (
        5003,
        5004,
        5002,
        5019,
        5058,
        2004
    );
    maxArrayCount = 2147483647;
    maxChildren = 2147483647;
    maxDepth = 2147483647;
    snapshotKeyHonorModalViews = 0;
    traverseFromParentsToChildren = 1;
}
2026-08-12 15:20:19.113 Df IlliniCover[18919:3c20ce] [com.apple.dt.xctest:Default] Snapshot attributes 5003, 5004, 5002, 5019, 5058, 2004
2026-08-12 15:20:19.115 Df IlliniCover[18919:3c20ce] [com.apple.dt.xctest:Default] Got snapshot for <AXUIElementRef 0x11962fd50> {pid=18919} {uid=[ID:1 hash:0x0]}
2026-08-12 15:20:19.115 Df IlliniCover[18919:3c20ce] [com.apple.dt.xctest:Default] Got app orientation 0
2026-08-12 15:20:19.115 Df IlliniCover[18919:3c20ce] [com.apple.dt.xctest:Default] Captured accessibility snapshot data in 0.00s
2026-08-12 15:20:19.115 Df IlliniCover[18919:3c20e0] [com.apple.dt.xctest:Default] Found main window: Window
2026-08-12 15:20:19.115 Df IlliniCover[18919:3c20e0] [com.apple.dt.xctest:Default] Query  found matching snapshots: {(
    Application, pid: 18919
)} (error: (null))
2026-08-12 15:20:19.115 Df IlliniCover[18919:3c20e0] [com.apple.dt.xctest:Default] Replying to query  with results: <XCTElementQueryResults: 0x1196157d0> (error: (null))
2026-08-12 15:20:19.123 Df IlliniCover[18919:3c20dc] [com.apple.CFNetwork:Default] Connection 1: enabling TLS
2026-08-12 15:20:19.123 Df IlliniCover[18919:3c20dc] [com.apple.CFNetwork:Default] Connection 1: starting, TC(0x0)
2026-08-12 15:20:19.123 Df IlliniCover[18919:3c20dc] [com.apple.network:connection] [C1 2F205C62-E448-48D3-BE35-092DC7C52C8F Hostname#b6a2a27b:443 quic-connection, url hash: 56c5efcf, definite, attribution: developer, context: com.apple.CFNetwork.NSURLSession.{77A6FF3C-9711-45E0-9EC3-EB90A51B2DEE}{(null)}{Y}{3}{0x0} (sensitive), proc: D65E3B26-71A5-3DAD-A8B4-60173E19864C, delegated upid: 0] start
2026-08-12 15:20:19.124 Df IlliniCover[18919:3c20dc] [com.apple.network:connection] [C1 Hostname#b6a2a27b:443 initial parent-flow ((null))] event: path:start @0.000s
2026-08-12 15:20:19.124 Df IlliniCover[18919:3c20dc] [com.apple.network:connection] [C1 Hostname#b6a2a27b:443 waiting parent-flow (satisfied (Path is satisfied), interface: en0[802.11], uses wifi, LQM: unknown)] event: path:satisfied @0.000s, uuid: 956CD326-4D9C-415C-996A-639A80774B46
2026-08-12 15:20:19.125 Df IlliniCover[18919:3c20dc] [com.apple.network:connection] [C1 Hostname#b6a2a27b:443 in_progress parent-flow (satisfied (Path is satisfied), interface: en0[802.11], uses wifi, LQM: unknown)] event: flow:start_connect @0.001s
2026-08-12 15:20:19.125 Df IlliniCover[18919:3c20dc] [com.apple.network:connection] nw_connection_report_state_with_handler_on_nw_queue [C1] reporting state preparing
2026-08-12 15:20:19.126 Df IlliniCover[18919:3c20dc] [com.apple.network:connection] [C1 Hostname#b6a2a27b:443 in_progress parent-flow (satisfied (Path is satisfied), interface: en0[802.11], uses wifi, LQM: unknown)] event: flow:start_child @0.002s
2026-08-12 15:20:19.126 Df IlliniCover[18919:3c20dc] [com.apple.network:connection] [C1.1 Hostname#b6a2a27b:443 initial path ((null))] event: path:start @0.002s
2026-08-12 15:20:19.126 Df IlliniCover[18919:3c20dc] [com.apple.network:connection] [C1.1 Hostname#b6a2a27b:443 waiting path (satisfied (Path is satisfied), interface: en0[802.11], uses wifi, LQM: unknown)] event: path:satisfied @0.002s, uuid: 956CD326-4D9C-415C-996A-639A80774B46
2026-08-12 15:20:19.126 Df IlliniCover[18919:3c20dc] [com.apple.network:connection] [C1.1 Hostname#b6a2a27b:443 in_progress transform (satisfied (Path is satisfied), interface: en0[802.11], uses wifi, LQM: unknown)] event: transform:start @0.002s
2026-08-12 15:20:19.126 Df IlliniCover[18919:3c20dc] [com.apple.network:connection] [C1.1.1 Hostname#b6a2a27b:443 initial path ((null))] event: path:start @0.002s
2026-08-12 15:20:19.126 Df IlliniCover[18919:3c20dc] [com.apple.network:connection] [C1.1.1 Hostname#b6a2a27b:443 waiting path (satisfied (Path is satisfied), interface: en0[802.11], uses wifi, LQM: unknown)] event: path:satisfied @0.002s, uuid: A616621F-ADCF-4424-8170-61C1D373FB61
2026-08-12 15:20:19.127 Df IlliniCover[18919:3c20dc] [com.apple.network:connection] [C1.1.1 Hostname#b6a2a27b:443 in_progress resolver (satisfied (Path is satisfied), interface: en0[802.11], uses wifi, LQM: unknown)] event: resolver:start_dns @0.003s
2026-08-12 15:20:19.127 Df IlliniCover[18919:3c20dc] [com.apple.CFNetwork:Default] Task <1F8F0B31-58FA-4EB2-8CE2-BCCB5899B58D>.<1> setting up Connection 1
2026-08-12 15:20:19.127 Df IlliniCover[18919:3c20dc] [com.apple.CFNetwork:Default] Initializing AlternativeServices Storage singleton
2026-08-12 15:20:19.128 Df IlliniCover[18919:3c20dc] [com.apple.FileURL:default] kExcludedFromBackupXattrName set on path: /Users/lu/Library/Developer/CoreSimulator/Devices/644F64CD-23BA-4D3C-915E-6B2069961477/data/Containers/Data/Application/CF968DD7-918A-4335-BA18-D14F0BECC12E/Library/HTTPStorages/com.illinicover.app
2026-08-12 15:20:19.132 Df IlliniCover[18919:3c20db] [com.apple.CFNetwork:Default] Garbage collection for alternative services
2026-08-12 15:20:19.132 Df IlliniCover[18919:3c20dc] [com.apple.network:connection] nw_endpoint_resolver_update [C1.1.1 Hostname#b6a2a27b:443 in_progress resolver (satisfied (Path is satisfied), interface: en0[802.11], uses wifi, LQM: unknown)] Adding endpoint handler for IPv6#4c9b3dcd.443
2026-08-12 15:20:19.132 Df IlliniCover[18919:3c20dc] [com.apple.network:connection] nw_endpoint_resolver_update [C1.1.1 Hostname#b6a2a27b:443 in_progress resolver (satisfied (Path is satisfied), interface: en0[802.11], uses wifi, LQM: unknown)] Adding endpoint handler for IPv4#6a916031:443
2026-08-12 15:20:19.132 Df IlliniCover[18919:3c20dc] [com.apple.network:connection] [C1.1.1 Hostname#b6a2a27b:443 in_progress resolver (satisfied (Path is satisfied), interface: en0[802.11], uses wifi, LQM: unknown)] event: resolver:receive_dns @0.008s
2026-08-12 15:20:19.132 Df IlliniCover[18919:3c20dc] [com.apple.network:connection] [C1.1.1.1 IPv6#4c9b3dcd.443 initial path ((null))] event: path:start @0.008s
2026-08-12 15:20:19.132 Df IlliniCover[18919:3c20dc] [com.apple.network:connection] [C1.1.1.1 IPv6#4c9b3dcd.443 waiting path (satisfied (Path is satisfied), interface: en0[802.11], uses wifi, LQM: unknown)] event: path:satisfied @0.008s, uuid: 56471B32-10B2-4636-AD28-FDD916F4C7EC
2026-08-12 15:20:19.133 Df IlliniCover[18919:3c20dc] [com.apple.network:connection] [C1.1.1.1 IPv6#4c9b3dcd.443 in_progress socket-flow (satisfied (Path is satisfied), interface: en0[802.11], uses wifi, LQM: unknown)] event: flow:start_connect @0.009s
2026-08-12 15:20:19.133 Df IlliniCover[18919:3c20dc] [com.apple.CFNetwork:Default] Connection 0: creating secure tcp or quic connection
2026-08-12 15:20:19.134 Df IlliniCover[18919:3c20dc] [com.apple.CFNetwork:Default] Connection 2: enabling TLS
2026-08-12 15:20:19.134 Df IlliniCover[18919:3c20dc] [com.apple.CFNetwork:Default] Connection 2: starting, TC(0x0)
2026-08-12 15:20:19.134 Df IlliniCover[18919:3c20dc] [com.apple.network:connection] [C2 961E2B4D-100A-463E-B725-D831729E7FCE Hostname#691f4479:443 quic-connection, url: https://us-assets.i.posthog.com/array/phc_VZ4D8mqqeoYLtcjR48FLHuZqn0jo7cPIJFhk4B9JakU/config, definite, attribution: developer, context: com.apple.CFNetwork.NSURLSession.{8C3C13A9-0445-4F65-98AD-BF105AB91C1B}{(null)}{Y}{2}{0x0} (private), proc: D65E3B26-71A5-3DAD-A8B4-60173E19864C, delegated upid: 0] start
2026-08-12 15:20:19.134 Df IlliniCover[18919:3c20dc] [com.apple.network:connection] [C2 Hostname#691f4479:443 initial parent-flow ((null))] event: path:start @0.000s
2026-08-12 15:20:19.134 Df IlliniCover[18919:3c20dc] [com.apple.network:connection] [C2 Hostname#691f4479:443 waiting parent-flow (satisfied (Path is satisfied), interface: en0[802.11], uses wifi, LQM: unknown)] event: path:satisfied @0.000s, uuid: A030D544-69D6-4D71-975C-3F4BEAEFEE9A
2026-08-12 15:20:19.134 Df IlliniCover[18919:3c20dc] [com.apple.network:connection] [C2 Hostname#691f4479:443 in_progress parent-flow (satisfied (Path is satisfied), interface: en0[802.11], uses wifi, LQM: unknown)] event: flow:start_connect @0.000s
2026-08-12 15:20:19.134 Df IlliniCover[18919:3c20dc] [com.apple.network:connection] nw_connection_report_state_with_handler_on_nw_queue [C2] reporting state preparing
2026-08-12 15:20:19.134 Df IlliniCover[18919:3c20dc] [com.apple.network:connection] [C2 Hostname#691f4479:443 in_progress parent-flow (satisfied (Path is satisfied), interface: en0[802.11], uses wifi, LQM: unknown)] event: flow:start_child @0.000s
2026-08-12 15:20:19.134 Df IlliniCover[18919:3c20dc] [com.apple.network:connection] [C2.1 Hostname#691f4479:443 initial path ((null))] event: path:start @0.000s
2026-08-12 15:20:19.135 Df IlliniCover[18919:3c20dc] [com.apple.network:connection] [C2.1 Hostname#691f4479:443 waiting path (satisfied (Path is satisfied), interface: en0[802.11], uses wifi, LQM: unknown)] event: path:satisfied @0.000s, uuid: A030D544-69D6-4D71-975C-3F4BEAEFEE9A
2026-08-12 15:20:19.135 Df IlliniCover[18919:3c20dc] [com.apple.network:connection] [C2.1 Hostname#691f4479:443 in_progress transform (satisfied (Path is satisfied), interface: en0[802.11], uses wifi, LQM: unknown)] event: transform:start @0.000s
2026-08-12 15:20:19.135 Df IlliniCover[18919:3c20dc] [com.apple.network:connection] [C2.1.1 Hostname#691f4479:443 initial path ((null))] event: path:start @0.001s
2026-08-12 15:20:19.135 Df IlliniCover[18919:3c20dc] [com.apple.network:connection] [C2.1.1 Hostname#691f4479:443 waiting path (satisfied (Path is satisfied), interface: en0[802.11], uses wifi, LQM: unknown)] event: path:satisfied @0.001s, uuid: C68CEA3D-A00E-40B2-B271-697776D9470C
2026-08-12 15:20:19.135 Df IlliniCover[18919:3c20dc] [com.apple.network:connection] [C2.1.1 Hostname#691f4479:443 in_progress resolver (satisfied (Path is satisfied), interface: en0[802.11], uses wifi, LQM: unknown)] event: resolver:start_dns @0.001s
2026-08-12 15:20:19.137 Df IlliniCover[18919:3c20dc] [com.apple.CFNetwork:Default] Task <D1B675BB-EBE8-4BFB-B8B1-31C0F61A8FE4>.<1> setting up Connection 2
2026-08-12 15:20:19.137 Df IlliniCover[18919:3c20dc] [com.apple.network:connection] nw_endpoint_resolver_update [C2.1.1 Hostname#691f4479:443 in_progress resolver (satisfied (Path is satisfied), interface: en0[802.11], uses wifi, LQM: unknown)] Adding endpoint handler for IPv6#a026bab4.443
2026-08-12 15:20:19.137 Df IlliniCover[18919:3c20dc] [com.apple.network:connection] nw_endpoint_resolver_update [C2.1.1 Hostname#691f4479:443 in_progress resolver (satisfied (Path is satisfied), interface: en0[802.11], uses wifi, LQM: unknown)] Adding endpoint handler for IPv6#cd97de5b.443
2026-08-12 15:20:19.137 Df IlliniCover[18919:3c20dc] [com.apple.network:connection] nw_endpoint_resolver_update [C2.1.1 Hostname#691f4479:443 in_progress resolver (satisfied (Path is satisfied), interface: en0[802.11], uses wifi, LQM: unknown)] Adding endpoint handler for IPv4#29d3a00a:443
2026-08-12 15:20:19.137 Df IlliniCover[18919:3c20dc] [com.apple.network:connection] nw_endpoint_resolver_update [C2.1.1 Hostname#691f4479:443 in_progress resolver (satisfied (Path is satisfied), interface: en0[802.11], uses wifi, LQM: unknown)] Adding endpoint handler for IPv4#b0385062:443
2026-08-12 15:20:19.137 Df IlliniCover[18919:3c20dc] [com.apple.network:connection] [C2.1.1 Hostname#691f4479:443 in_progress resolver (satisfied (Path is satisfied), interface: en0[802.11], uses wifi, LQM: unknown)] event: resolver:receive_dns @0.003s
2026-08-12 15:20:19.137 Df IlliniCover[18919:3c20dc] [com.apple.network:connection] [C2.1.1.1 IPv6#a026bab4.443 initial path ((null))] event: path:start @0.003s
2026-08-12 15:20:19.138 Df IlliniCover[18919:3c20dc] [com.apple.network:connection] [C2.1.1.1 IPv6#a026bab4.443 waiting path (satisfied (Path is satisfied), interface: en0[802.11], uses wifi, LQM: unknown)] event: path:satisfied @0.003s, uuid: DF1354EB-BBA3-4102-A4D4-4D7269A87890
2026-08-12 15:20:19.138 Df IlliniCover[18919:3c20dc] [com.apple.network:connection] [C2.1.1.1 IPv6#a026bab4.443 in_progress socket-flow (satisfied (Path is satisfied), interface: en0[802.11], uses wifi, LQM: unknown)] event: flow:start_connect @0.004s
2026-08-12 15:20:19.141 A  IlliniCover[18919:3c20dc] (Security) SecItemCopyMatching_ios
2026-08-12 15:20:19.141 Df IlliniCover[18919:3c20dc] [com.apple.securityd:secitemratelimit] Not internal release, disabling SIRL
2026-08-12 15:20:19.143 Df IlliniCover[18919:3c20dc] [com.apple.securityd:thread-local-client-debug] SecSecurityClientGet new thread!
2026-08-12 15:20:19.144 Df IlliniCover[18919:3c20dc] [com.apple.securityd:keychain] System Keychain Always Supported set via feature flag to disabled
2026-08-12 15:20:19.144 Df IlliniCover[18919:3c20dc] [com.apple.xpc:connection] [0x1095f7e80] activating connection: mach=true listener=false peer=false name=com.apple.securityd
2026-08-12 15:20:19.146 A  IlliniCover[18919:3c20dc] (Security) SecItemCopyMatching_ios
2026-08-12 15:20:19.146 A  IlliniCover[18919:3c20dc] (Security) SecItemCopyMatching_ios
2026-08-12 15:20:19.147 Df IlliniCover[18919:3c20de] [com.apple.network:connection] nw_socket_handle_socket_event [C2.1.1.1:3] Socket received CONNECTED event
2026-08-12 15:20:19.147 A  IlliniCover[18919:3c20dc] (Security) SecItemCopyMatching_ios
2026-08-12 15:20:19.147 A  IlliniCover[18919:3c20dc] (Security) SecItemCopyMatching_ios
2026-08-12 15:20:19.147 Df IlliniCover[18919:3c20de] [com.apple.network:connection] nw_flow_connected [C2.1.1.1 IPv6#a026bab4.443 in_progress socket-flow (satisfied (Path is satisfied), interface: en0[802.11], uses wifi, LQM: unknown)] Transport protocol connected (socket)
2026-08-12 15:20:19.147 Df IlliniCover[18919:3c20de] [com.apple.network:connection] [C2.1.1.1 IPv6#a026bab4.443 in_progress socket-flow (satisfied (Path is satisfied), interface: en0[802.11], uses wifi, LQM: unknown)] event: flow:finish_transport @0.013s
2026-08-12 15:20:19.147 A  IlliniCover[18919:3c20dc] (Security) SecItemCopyMatching_ios
2026-08-12 15:20:19.147 A  IlliniCover[18919:3c20dc] (Security) SecItemCopyMatching_ios
2026-08-12 15:20:19.148 A  IlliniCover[18919:3c20dc] (Security) SecItemCopyMatching_ios
2026-08-12 15:20:19.149 A  IlliniCover[18919:3c20dc] (Security) SecItemCopyMatching_ios
2026-08-12 15:20:19.149 Df IlliniCover[18919:3c20de] [com.apple.network:boringssl] boringssl_session_apply_protocol_options_for_transport_block_invoke_2(2367) [C2.1.1.1:2][0x11cdfeae0] TLS configured [server(0) min_version(0x0303) max_version(0x0304) name(redacted) tickets(false) false_start(false) enforce_ev(false) enforce_ats(false) ats_non_pfs_ciphersuite_allowed(false) cc_mode_enforced(false) ech(false) pqtls(true), pake(false) skip_ats_trust(false)]
2026-08-12 15:20:19.150 Df IlliniCover[18919:3c20de] [com.apple.network:boringssl] boringssl_context_info_handler(2806) [C2.1.1.1:2][0x11cdfeae0] Client handshake started
2026-08-12 15:20:19.150 Df IlliniCover[18919:3c20de] [com.apple.network:boringssl] boringssl_context_info_handler(2823) [C2.1.1.1:2][0x11cdfeae0] Client handshake state: TLS client enter_early_data
2026-08-12 15:20:19.150 Df IlliniCover[18919:3c20de] [com.apple.network:boringssl] boringssl_context_info_handler(2823) [C2.1.1.1:2][0x11cdfeae0] Client handshake state: TLS client read_server_hello
2026-08-12 15:20:19.152 Df IlliniCover[18919:3c20de] [com.apple.network:connection] nw_socket_handle_socket_event [C1.1.1.1:3] Socket received CONNECTED event
2026-08-12 15:20:19.152 Df IlliniCover[18919:3c20de] [com.apple.network:connection] nw_flow_connected [C1.1.1.1 IPv6#4c9b3dcd.443 in_progress socket-flow (satisfied (Path is satisfied), interface: en0[802.11], uses wifi, LQM: unknown)] Transport protocol connected (socket)
2026-08-12 15:20:19.152 Df IlliniCover[18919:3c20de] [com.apple.network:connection] [C1.1.1.1 IPv6#4c9b3dcd.443 in_progress socket-flow (satisfied (Path is satisfied), interface: en0[802.11], uses wifi, LQM: unknown)] event: flow:finish_transport @0.028s
2026-08-12 15:20:19.153 Df IlliniCover[18919:3c20de] [com.apple.network:boringssl] boringssl_session_apply_protocol_options_for_transport_block_invoke_2(2367) [C1.1.1.1:2][0x11cdd4a60] TLS configured [server(0) min_version(0x0303) max_version(0x0304) name(redacted) tickets(false) false_start(false) enforce_ev(false) enforce_ats(false) ats_non_pfs_ciphersuite_allowed(false) cc_mode_enforced(false) ech(false) pqtls(true), pake(false) skip_ats_trust(false)]
2026-08-12 15:20:19.153 Df IlliniCover[18919:3c20de] [com.apple.network:boringssl] boringssl_context_info_handler(2806) [C1.1.1.1:2][0x11cdd4a60] Client handshake started
2026-08-12 15:20:19.154 Df IlliniCover[18919:3c20de] [com.apple.network:boringssl] boringssl_context_info_handler(2823) [C1.1.1.1:2][0x11cdd4a60] Client handshake state: TLS client enter_early_data
2026-08-12 15:20:19.154 Df IlliniCover[18919:3c20de] [com.apple.network:boringssl] boringssl_context_info_handler(2823) [C1.1.1.1:2][0x11cdd4a60] Client handshake state: TLS client read_server_hello
2026-08-12 15:20:19.162 Df IlliniCover[18919:3c20de] [com.apple.network:connection] nw_endpoint_resolver_update [C2.1.1 Hostname#691f4479:443 in_progress resolver (satisfied (Path is satisfied), interface: en0[802.11], uses wifi, LQM: unknown)] Adding endpoint handler for IPv6#cd97de5b.443
2026-08-12 15:20:19.163 Df IlliniCover[18919:3c20de] [com.apple.network:connection] nw_endpoint_resolver_update [C2.1.1 Hostname#691f4479:443 in_progress resolver (satisfied (Path is satisfied), interface: en0[802.11], uses wifi, LQM: unknown)] Adding endpoint handler for IPv4#b0385062:443
2026-08-12 15:20:19.163 Df IlliniCover[18919:3c20de] [com.apple.network:connection] nw_endpoint_resolver_update [C2.1.1 Hostname#691f4479:443 in_progress resolver (satisfied (Path is satisfied), interface: en0[802.11], uses wifi, LQM: unknown)] Adding endpoint handler for IPv4#29d3a00a:443
2026-08-12 15:20:19.163 Df IlliniCover[18919:3c20de] [com.apple.network:connection] [C2.1.1 Hostname#691f4479:443 in_progress resolver (satisfied (Path is satisfied), interface: en0[802.11], uses wifi, LQM: unknown)] event: resolver:receive_dns @0.029s
2026-08-12 15:20:19.164 Df IlliniCover[18919:3c20de] [com.apple.network:boringssl] boringssl_context_info_handler(2823) [C2.1.1.1:2][0x11cdfeae0] Client handshake state: TLS 1.3 client read_hello_retry_request
2026-08-12 15:20:19.164 Df IlliniCover[18919:3c20de] [com.apple.network:boringssl] boringssl_context_info_handler(2823) [C2.1.1.1:2][0x11cdfeae0] Client handshake state: TLS 1.3 client read_server_hello
2026-08-12 15:20:19.164 A  IlliniCover[18919:3c20ce] (UIKitCore) send control actions
2026-08-12 15:20:19.164 Df IlliniCover[18919:3c20de] [com.apple.network:boringssl] boringssl_context_info_handler(2823) [C2.1.1.1:2][0x11cdfeae0] Client handshake state: TLS 1.3 client read_encrypted_extensions
2026-08-12 15:20:19.164 Df IlliniCover[18919:3c20de] [com.apple.network:boringssl] boringssl_context_info_handler(2823) [C2.1.1.1:2][0x11cdfeae0] Client handshake state: TLS 1.3 client read_certificate_request
2026-08-12 15:20:19.164 Df IlliniCover[18919:3c20de] [com.apple.network:boringssl] boringssl_context_info_handler(2823) [C2.1.1.1:2][0x11cdfeae0] Client handshake state: TLS 1.3 client read_server_certificate
2026-08-12 15:20:19.164 Df IlliniCover[18919:3c20de] [com.apple.network:boringssl] boringssl_context_info_handler(2823) [C2.1.1.1:2][0x11cdfeae0] Client handshake state: TLS 1.3 client read_server_certificate_verify
2026-08-12 15:20:19.165 Df IlliniCover[18919:3c20de] [com.apple.network:boringssl] boringssl_context_evaluate_trust_async(2249) [C2.1.1.1:2][0x11cdfeae0] Performing external trust evaluation
2026-08-12 15:20:19.165 A  IlliniCover[18919:3c20de] (Security) SecKeyCopyPublicBytes
2026-08-12 15:20:19.165 A  IlliniCover[18919:3c20de] (Security) SecKeyCopyAttributes
2026-08-12 15:20:19.165 A  IlliniCover[18919:3c20de] (Security) SecKeyCopyPublicBytes
2026-08-12 15:20:19.165 Df IlliniCover[18919:3c20de] [com.apple.network:boringssl] boringssl_context_evaluate_trust_async_external(2234) [C2.1.1.1:2][0x11cdfeae0] Asyncing for external verify block
2026-08-12 15:20:19.165 Df IlliniCover[18919:3c20de] [com.apple.CFNetwork:Default] Connection 2: asked to evaluate TLS Trust
2026-08-12 15:20:19.166 Df IlliniCover[18919:3c20db] [com.apple.CFNetwork:Default] Task <D1B675BB-EBE8-4BFB-B8B1-31C0F61A8FE4>.<1> auth completion disp=1 cred=0x0
2026-08-12 15:20:19.167 Df IlliniCover[18919:3c20de] [com.apple.securityd:trust] (Trust 0x1094c6400) No pending evals, starting
2026-08-12 15:20:19.167 A  IlliniCover[18919:3c20de] (Security) SecTrustEvaluateIfNecessaryFastAsync
2026-08-12 15:20:19.167 Df IlliniCover[18919:3c20de] [com.apple.xpc:connection] [0x1095ca1c0] activating connection: mach=true listener=false peer=false name=com.apple.trustd
2026-08-12 15:20:19.167 Df IlliniCover[18919:3c20de] [com.apple.xpc:connection] [0x1095ca300] activating connection: mach=true listener=false peer=false name=com.apple.trustd
2026-08-12 15:20:19.167 Df IlliniCover[18919:3c20ce] [PrototypeTools:domain] Not observing PTDefaults on customer install.
2026-08-12 15:20:19.167 Df IlliniCover[18919:3c20de] [com.apple.securityd:trust] (Trust 0x1094c6400) Completed async eval kickoff
2026-08-12 15:20:19.175 Df IlliniCover[18919:3c20db] [com.apple.securityd:trust] (Trust 0x1094c6400) trustd returned 4
2026-08-12 15:20:19.175 Df IlliniCover[18919:3c20db] [com.apple.CFNetwork:Default] System Trust Evaluation yielded status(0)
2026-08-12 15:20:19.175 Df IlliniCover[18919:3c20db] [com.apple.securityd:trust] (Trust 0x1094c6040) No pending evals, starting
2026-08-12 15:20:19.175 A  IlliniCover[18919:3c20db] (Security) SecTrustEvaluateIfNecessaryFastAsync
2026-08-12 15:20:19.176 Df IlliniCover[18919:3c20db] [com.apple.xpc:connection] [0x1095ca580] activating connection: mach=true listener=false peer=false name=com.apple.trustd
2026-08-12 15:20:19.176 Df IlliniCover[18919:3c20db] [com.apple.securityd:trust] (Trust 0x1094c6040) Completed async eval kickoff
2026-08-12 15:20:19.177 Df IlliniCover[18919:3c20db] [com.apple.xpc:connection] [0x1095ca300] invalidated because the current process cancelled the connection by calling xpc_connection_cancel()
2026-08-12 15:20:19.178 Df IlliniCover[18919:3c20dc] [com.apple.securityd:trust] (Trust 0x1094c6040) trustd returned 4
2026-08-12 15:20:19.178 Df IlliniCover[18919:3c20dc] [com.apple.CFNetwork:Default] Connection 2: TLS Trust result 0
2026-08-12 15:20:19.178 Df IlliniCover[18919:3c20dc] [com.apple.network:boringssl] boringssl_context_evaluate_trust_async_external_block_invoke_3(2148) [C2.1.1.1:2][0x11cdfeae0] Returning from external verify block with result: true
2026-08-12 15:20:19.178 Df IlliniCover[18919:3c20dc] [com.apple.network:boringssl] boringssl_context_certificate_verify_callback(2430) [C2.1.1.1:2][0x11cdfeae0] Certificate verification result: OK
2026-08-12 15:20:19.179 Df IlliniCover[18919:3c20dc] [com.apple.network:boringssl] boringssl_context_info_handler(2823) [C2.1.1.1:2][0x11cdfeae0] Client handshake state: TLS 1.3 client read_server_finished
2026-08-12 15:20:19.179 Df IlliniCover[18919:3c20dc] [com.apple.network:boringssl] boringssl_context_info_handler(2823) [C2.1.1.1:2][0x11cdfeae0] Client handshake state: TLS 1.3 client send_end_of_early_data
2026-08-12 15:20:19.179 Df IlliniCover[18919:3c20dc] [com.apple.network:boringssl] boringssl_context_info_handler(2823) [C2.1.1.1:2][0x11cdfeae0] Client handshake state: TLS 1.3 client send_client_encrypted_extensions
2026-08-12 15:20:19.179 Df IlliniCover[18919:3c20dc] [com.apple.network:boringssl] boringssl_context_info_handler(2823) [C2.1.1.1:2][0x11cdfeae0] Client handshake state: TLS 1.3 client send_client_certificate
2026-08-12 15:20:19.179 Df IlliniCover[18919:3c20dc] [com.apple.network:boringssl] boringssl_context_info_handler(2823) [C2.1.1.1:2][0x11cdfeae0] Client handshake state: TLS 1.3 client complete_second_flight
2026-08-12 15:20:19.179 Df IlliniCover[18919:3c20dc] [com.apple.network:boringssl] boringssl_context_info_handler(2823) [C2.1.1.1:2][0x11cdfeae0] Client handshake state: TLS 1.3 client done
2026-08-12 15:20:19.179 Df IlliniCover[18919:3c20dc] [com.apple.network:boringssl] boringssl_context_info_handler(2823) [C2.1.1.1:2][0x11cdfeae0] Client handshake state: TLS client finish_client_handshake
2026-08-12 15:20:19.179 Df IlliniCover[18919:3c20dc] [com.apple.network:boringssl] boringssl_context_info_handler(2823) [C2.1.1.1:2][0x11cdfeae0] Client handshake state: TLS client done
2026-08-12 15:20:19.179 Df IlliniCover[18919:3c20dc] [com.apple.network:boringssl] boringssl_context_info_handler(2812) [C2.1.1.1:2][0x11cdfeae0] Client handshake done
2026-08-12 15:20:19.179 A  IlliniCover[18919:3c20dc] (Security) SecKeyCopyPublicBytes
2026-08-12 15:20:19.179 A  IlliniCover[18919:3c20dc] (Security) SecKeyCopyAttributes
2026-08-12 15:20:19.179 A  IlliniCover[18919:3c20dc] (Security) SecKeyCopyPublicBytes
2026-08-12 15:20:19.179 Df IlliniCover[18919:3c20dc] [com.apple.network:boringssl] nw_protocol_boringssl_signal_connected(895) [C2.1.1.1:2][0x11cdfeae0] TLS connected [server(0) version(0x0304) ciphersuite(TLS_AES_256_GCM_SHA384) group(0x11ec) signature_alg(0x0403) alpn(h2) resumed(0) offered_ticket(0) in_early_data(0) early_data_accepted(0) false_started(0) ocsp_received(0) sct_received(0) connect_time(30ms) flight_time(14ms) rtt(13ms) write_stalls(0) read_stalls(2) pake(0x0000)]
2026-08-12 15:20:19.179 Df IlliniCover[18919:3c20dc] [com.apple.network:connection] nw_flow_connected [C2.1.1.1 IPv6#a026bab4.443 in_progress socket-flow (satisfied (Path is satisfied), interface: en0[802.11], uses wifi, LQM: unknown)] Output protocol connected (CFNetworkConnection-1709496193)
2026-08-12 15:20:19.180 Df IlliniCover[18919:3c20dc] [com.apple.network:connection] [C2.1.1.1 IPv6#a026bab4.443 ready socket-flow (satisfied (Path is satisfied), interface: en0[802.11], uses wifi, LQM: unknown)] event: flow:child_finish_connect @0.045s
2026-08-12 15:20:19.180 Df IlliniCover[18919:3c20dc] [com.apple.network:connection] [C2.1.1 Hostname#691f4479:443 ready resolver (satisfied (Path is satisfied), interface: en0[802.11], uses wifi, LQM: unknown)] event: flow:child_finish_connect @0.045s
2026-08-12 15:20:19.180 Df IlliniCover[18919:3c20dc] [com.apple.network:connection] [C2.1 Hostname#691f4479:443 ready transform (satisfied (Path is satisfied), interface: en0[802.11], uses wifi, LQM: unknown)] event: flow:child_finish_connect @0.045s
2026-08-12 15:20:19.180 Df IlliniCover[18919:3c20dc] [com.apple.network:connection] nw_flow_connected [C2 IPv6#a026bab4.443 in_progress parent-flow (satisfied (Path is satisfied), interface: en0[802.11], uses wifi, LQM: unknown)] Output protocol connected (endpoint_flow)
2026-08-12 15:20:19.180 Df IlliniCover[18919:3c20dc] [com.apple.network:connection] [C2 IPv6#a026bab4.443 ready parent-flow (satisfied (Path is satisfied), interface: en0[802.11], uses wifi, LQM: unknown)] event: flow:finish_connect @0.046s
2026-08-12 15:20:19.180 Df IlliniCover[18919:3c20dc] [com.apple.network:connection] nw_connection_report_state_with_handler_on_nw_queue [C2] reporting state ready
2026-08-12 15:20:19.180 Df IlliniCover[18919:3c20dc] [com.apple.xpc:connection] [0x1095ca580] invalidated because the current process cancelled the connection by calling xpc_connection_cancel()
2026-08-12 15:20:19.181 Df IlliniCover[18919:3c20dc] [com.apple.CFNetwork:Default] Connection 2: connected successfully
2026-08-12 15:20:19.181 Df IlliniCover[18919:3c20dc] [com.apple.CFNetwork:Default] Connection 2: TLS handshake complete
2026-08-12 15:20:19.181 Df IlliniCover[18919:3c20dc] [com.apple.CFNetwork:Default] Connection 2: ready C(N) E(N)
2026-08-12 15:20:19.182 Df IlliniCover[18919:3c20dc] [com.apple.network:connection] [C2] event: client:connection_reused @0.048s
2026-08-12 15:20:19.182 Df IlliniCover[18919:3c20dc] [com.apple.network:connection] nw_protocol_socket_notify [C2.1.1.1:3] nw_protocol_notification_type_connection_idle is false
2026-08-12 15:20:19.183 Df IlliniCover[18919:3c20dc] [com.apple.CFNetwork:Default] Task <D1B675BB-EBE8-4BFB-B8B1-31C0F61A8FE4>.<1> now using Connection 2
2026-08-12 15:20:19.184 Df IlliniCover[18919:3c20dc] [com.apple.CFNetwork:Default] Task <D1B675BB-EBE8-4BFB-B8B1-31C0F61A8FE4>.<1> sent request, body N 0
2026-08-12 15:20:19.184 Df IlliniCover[18919:3c20dc] [com.apple.network:boringssl] boringssl_context_info_handler(2823) [C1.1.1.1:2][0x11cdd4a60] Client handshake state: TLS 1.3 client read_hello_retry_request
2026-08-12 15:20:19.184 Df IlliniCover[18919:3c20dc] [com.apple.network:boringssl] boringssl_context_info_handler(2823) [C1.1.1.1:2][0x11cdd4a60] Client handshake state: TLS 1.3 client read_server_hello
2026-08-12 15:20:19.184 Df IlliniCover[18919:3c20dc] [com.apple.network:boringssl] boringssl_context_info_handler(2823) [C1.1.1.1:2][0x11cdd4a60] Client handshake state: TLS 1.3 client read_encrypted_extensions
2026-08-12 15:20:19.184 Df IlliniCover[18919:3c20dc] [com.apple.network:boringssl] boringssl_context_info_handler(2823) [C1.1.1.1:2][0x11cdd4a60] Client handshake state: TLS 1.3 client read_certificate_request
2026-08-12 15:20:19.184 Df IlliniCover[18919:3c20dc] [com.apple.network:boringssl] boringssl_context_info_handler(2823) [C1.1.1.1:2][0x11cdd4a60] Client handshake state: TLS 1.3 client read_server_certificate
2026-08-12 15:20:19.184 Df IlliniCover[18919:3c20dc] [com.apple.network:boringssl] boringssl_context_info_handler(2823) [C1.1.1.1:2][0x11cdd4a60] Client handshake state: TLS 1.3 client read_server_certificate_verify
2026-08-12 15:20:19.184 Df IlliniCover[18919:3c20dc] [com.apple.network:boringssl] boringssl_context_evaluate_trust_async(2249) [C1.1.1.1:2][0x11cdd4a60] Performing external trust evaluation
2026-08-12 15:20:19.184 A  IlliniCover[18919:3c20dc] (Security) SecKeyCopyPublicBytes
2026-08-12 15:20:19.184 Df IlliniCover[18919:3c20dc] [com.apple.network:boringssl] boringssl_context_evaluate_trust_async_external(2234) [C1.1.1.1:2][0x11cdd4a60] Asyncing for external verify block
2026-08-12 15:20:19.184 Df IlliniCover[18919:3c20dc] [com.apple.CFNetwork:Default] Connection 1: asked to evaluate TLS Trust
2026-08-12 15:20:19.185 Df IlliniCover[18919:3c20dc] [com.apple.CFNetwork:Default] Task <1F8F0B31-58FA-4EB2-8CE2-BCCB5899B58D>.<1> auth completion disp=1 cred=0x0
2026-08-12 15:20:19.185 Df IlliniCover[18919:3c20dc] [com.apple.securityd:trust] (Trust 0x1094c5740) No pending evals, starting
2026-08-12 15:20:19.185 A  IlliniCover[18919:3c20dc] (Security) SecTrustEvaluateIfNecessaryFastAsync
2026-08-12 15:20:19.185 Df IlliniCover[18919:3c20dc] [com.apple.xpc:connection] [0x1095ca580] activating connection: mach=true listener=false peer=false name=com.apple.trustd
2026-08-12 15:20:19.185 Df IlliniCover[18919:3c20dc] [com.apple.securityd:trust] (Trust 0x1094c5740) Completed async eval kickoff
2026-08-12 15:20:19.186 A  IlliniCover[18919:3c20dc] (Security) SecKeyCopyPublicBytes
2026-08-12 15:20:19.186 A  IlliniCover[18919:3c20dc] (Security) SecKeyCopyAttributes
2026-08-12 15:20:19.186 A  IlliniCover[18919:3c20dc] (Security) SecKeyCopyPublicBytes
2026-08-12 15:20:19.186 A  IlliniCover[18919:3c20dc] (Security) SecKeyCopyPublicBytes
2026-08-12 15:20:19.186 A  IlliniCover[18919:3c20dc] (Security) SecKeyCopyAttributes
2026-08-12 15:20:19.186 A  IlliniCover[18919:3c20dc] (Security) SecKeyCopyPublicBytes
2026-08-12 15:20:19.195 Df IlliniCover[18919:3c20dc] [com.apple.securityd:trust] (Trust 0x1094c5740) trustd returned 4
2026-08-12 15:20:19.195 Df IlliniCover[18919:3c20dc] [com.apple.CFNetwork:Default] System Trust Evaluation yielded status(0)
2026-08-12 15:20:19.195 Df IlliniCover[18919:3c20dc] [com.apple.securityd:trust] (Trust 0x1094c5b00) No pending evals, starting
2026-08-12 15:20:19.195 A  IlliniCover[18919:3c20dc] (Security) SecTrustEvaluateIfNecessaryFastAsync
2026-08-12 15:20:19.196 Df IlliniCover[18919:3c20dc] [com.apple.xpc:connection] [0x1095cb0c0] activating connection: mach=true listener=false peer=false name=com.apple.trustd
2026-08-12 15:20:19.196 Df IlliniCover[18919:3c20dc] [com.apple.securityd:trust] (Trust 0x1094c5b00) Completed async eval kickoff
2026-08-12 15:20:19.196 Df IlliniCover[18919:3c20dc] [com.apple.xpc:connection] [0x1095ca580] invalidated because the current process cancelled the connection by calling xpc_connection_cancel()
2026-08-12 15:20:19.198 Df IlliniCover[18919:3c20de] [com.apple.securityd:trust] (Trust 0x1094c5b00) trustd returned 4
2026-08-12 15:20:19.198 Df IlliniCover[18919:3c20de] [com.apple.CFNetwork:Default] Connection 1: TLS Trust result 0
2026-08-12 15:20:19.198 Df IlliniCover[18919:3c20de] [com.apple.network:boringssl] boringssl_context_evaluate_trust_async_external_block_invoke_3(2148) [C1.1.1.1:2][0x11cdd4a60] Returning from external verify block with result: true
2026-08-12 15:20:19.198 Df IlliniCover[18919:3c20de] [com.apple.network:boringssl] boringssl_context_certificate_verify_callback(2430) [C1.1.1.1:2][0x11cdd4a60] Certificate verification result: OK
2026-08-12 15:20:19.198 Df IlliniCover[18919:3c20de] [com.apple.network:boringssl] boringssl_context_info_handler(2823) [C1.1.1.1:2][0x11cdd4a60] Client handshake state: TLS 1.3 client read_server_finished
2026-08-12 15:20:19.198 Df IlliniCover[18919:3c20de] [com.apple.network:boringssl] boringssl_context_info_handler(2823) [C1.1.1.1:2][0x11cdd4a60] Client handshake state: TLS 1.3 client send_end_of_early_data
2026-08-12 15:20:19.198 Df IlliniCover[18919:3c20de] [com.apple.network:boringssl] boringssl_context_info_handler(2823) [C1.1.1.1:2][0x11cdd4a60] Client handshake state: TLS 1.3 client send_client_encrypted_extensions
2026-08-12 15:20:19.198 Df IlliniCover[18919:3c20de] [com.apple.network:boringssl] boringssl_context_info_handler(2823) [C1.1.1.1:2][0x11cdd4a60] Client handshake state: TLS 1.3 client send_client_certificate
2026-08-12 15:20:19.198 Df IlliniCover[18919:3c20de] [com.apple.network:boringssl] boringssl_context_info_handler(2823) [C1.1.1.1:2][0x11cdd4a60] Client handshake state: TLS 1.3 client complete_second_flight
2026-08-12 15:20:19.198 Df IlliniCover[18919:3c20de] [com.apple.network:boringssl] boringssl_context_info_handler(2823) [C1.1.1.1:2][0x11cdd4a60] Client handshake state: TLS 1.3 client done
2026-08-12 15:20:19.199 Df IlliniCover[18919:3c20de] [com.apple.network:boringssl] boringssl_context_info_handler(2823) [C1.1.1.1:2][0x11cdd4a60] Client handshake state: TLS client finish_client_handshake
2026-08-12 15:20:19.199 Df IlliniCover[18919:3c20de] [com.apple.network:boringssl] boringssl_context_info_handler(2823) [C1.1.1.1:2][0x11cdd4a60] Client handshake state: TLS client done
2026-08-12 15:20:19.199 Df IlliniCover[18919:3c20de] [com.apple.network:boringssl] boringssl_context_info_handler(2812) [C1.1.1.1:2][0x11cdd4a60] Client handshake done
2026-08-12 15:20:19.199 A  IlliniCover[18919:3c20de] (Security) SecKeyCopyPublicBytes
2026-08-12 15:20:19.199 Df IlliniCover[18919:3c20de] [com.apple.network:boringssl] nw_protocol_boringssl_signal_connected(895) [C1.1.1.1:2][0x11cdd4a60] TLS connected [server(0) version(0x0304) ciphersuite(TLS_AES_256_GCM_SHA384) group(0x001d) signature_alg(0x0804) alpn(h2) resumed(0) offered_ticket(0) in_early_data(0) early_data_accepted(0) false_started(0) ocsp_received(0) sct_received(0) connect_time(46ms) flight_time(31ms) rtt(30ms) write_stalls(0) read_stalls(2) pake(0x0000)]
2026-08-12 15:20:19.199 Df IlliniCover[18919:3c20de] [com.apple.network:connection] nw_flow_connected [C1.1.1.1 IPv6#4c9b3dcd.443 in_progress socket-flow (satisfied (Path is satisfied), interface: en0[802.11], uses wifi, LQM: unknown)] Output protocol connected (CFNetworkConnection-1709496193)
2026-08-12 15:20:19.199 Df IlliniCover[18919:3c20de] [com.apple.network:connection] [C1.1.1.1 IPv6#4c9b3dcd.443 ready socket-flow (satisfied (Path is satisfied), interface: en0[802.11], uses wifi, LQM: unknown)] event: flow:child_finish_connect @0.075s
2026-08-12 15:20:19.199 Df IlliniCover[18919:3c20de] [com.apple.network:connection] [C1.1.1 Hostname#b6a2a27b:443 ready resolver (satisfied (Path is satisfied), interface: en0[802.11], uses wifi, LQM: unknown)] event: flow:child_finish_connect @0.076s
2026-08-12 15:20:19.200 Df IlliniCover[18919:3c20de] [com.apple.network:connection] [C1.1 Hostname#b6a2a27b:443 ready transform (satisfied (Path is satisfied), interface: en0[802.11], uses wifi, LQM: unknown)] event: flow:child_finish_connect @0.076s
2026-08-12 15:20:19.200 Df IlliniCover[18919:3c20de] [com.apple.network:connection] nw_flow_connected [C1 IPv6#4c9b3dcd.443 in_progress parent-flow (satisfied (Path is satisfied), interface: en0[802.11], uses wifi, LQM: unknown)] Output protocol connected (endpoint_flow)
2026-08-12 15:20:19.200 Df IlliniCover[18919:3c20de] [com.apple.network:connection] [C1 IPv6#4c9b3dcd.443 ready parent-flow (satisfied (Path is satisfied), interface: en0[802.11], uses wifi, LQM: unknown)] event: flow:finish_connect @0.076s
2026-08-12 15:20:19.200 Df IlliniCover[18919:3c20de] [com.apple.network:connection] nw_connection_report_state_with_handler_on_nw_queue [C1] reporting state ready
2026-08-12 15:20:19.200 Df IlliniCover[18919:3c20de] [com.apple.xpc:connection] [0x1095cb0c0] invalidated because the current process cancelled the connection by calling xpc_connection_cancel()
2026-08-12 15:20:19.200 Df IlliniCover[18919:3c20de] [com.apple.CFNetwork:Default] Connection 1: connected successfully
2026-08-12 15:20:19.200 Df IlliniCover[18919:3c20de] [com.apple.CFNetwork:Default] Connection 1: TLS handshake complete
2026-08-12 15:20:19.201 Df IlliniCover[18919:3c20de] [com.apple.CFNetwork:Default] Connection 1: ready C(N) E(N)
2026-08-12 15:20:19.201 Df IlliniCover[18919:3c20de] [com.apple.network:connection] [C1] event: client:connection_reused @0.077s
2026-08-12 15:20:19.201 Df IlliniCover[18919:3c20de] [com.apple.network:connection] nw_protocol_socket_notify [C1.1.1.1:3] nw_protocol_notification_type_connection_idle is false
2026-08-12 15:20:19.201 Df IlliniCover[18919:3c20de] [com.apple.CFNetwork:Default] Task <1F8F0B31-58FA-4EB2-8CE2-BCCB5899B58D>.<1> now using Connection 1
2026-08-12 15:20:19.202 Df IlliniCover[18919:3c20de] [com.apple.CFNetwork:Default] Task <1F8F0B31-58FA-4EB2-8CE2-BCCB5899B58D>.<1> sent request, body S 430
2026-08-12 15:20:19.202 Df IlliniCover[18919:3c20ce] [com.apple.UIKit:KeyboardSceneDelegate] Reloading input views for key-window scene responder: <UITextField: 0x1163a4000; frame = (0 0; 0 0); hidden = YES; opaque = NO; > force:N
2026-08-12 15:20:19.202 Df IlliniCover[18919:3c20ce] [com.apple.UIKit:KeyboardSceneDelegate] _reloadInputViewsForKeyWindowSceneResponder: 1 force: 0, fromBecomeFirstResponder: 1 (automaticKeyboard: 1, reloadIdentifier: 842191A5-E2F9-4772-A234-8B034C3FD8F6)
2026-08-12 15:20:19.202 Df IlliniCover[18919:3c20ce] [com.apple.UIKit:KeyboardSceneDelegate] _inputViewsForResponder: <UITextField: 0x1163a4000; frame = (0 0; 0 0); hidden = YES; opaque = NO; >, automaticKeyboard: 1, force: 0
2026-08-12 15:20:19.202 Df IlliniCover[18919:3c20ce] [com.apple.UIKit:KeyboardSceneDelegate] _inputViewsForResponder, found custom inputView: <(null): 0x0>, customInputViewController: <(null): 0x0>
2026-08-12 15:20:19.203 Df IlliniCover[18919:3c20ce] [com.apple.UIKit:KeyboardSceneDelegate] _inputViewsForResponder, found inputAccessoryView: <(null): 0x0>
2026-08-12 15:20:19.203 Df IlliniCover[18919:3c20ce] [com.apple.UIKit:KeyboardSceneDelegate] _inputViewsForResponder, responderRequiresKeyboard 1 (automaticKeyboardEnabled: 1, activeInstance: <(null): 0x0>, self.isOnScreen: 0, requiresKBWhenFirstResponder: 1)
2026-08-12 15:20:19.203 Df IlliniCover[18919:3c20ce] [com.apple.UIKit:KeyboardSceneDelegate] _inputViewsForResponder, useKeyboard 1 (allowsSystemInputView: 1, !inputView <(null): 0x0>, responderRequiresKeyboard 1)
2026-08-12 15:20:19.217 A  IlliniCover[18919:3c20db] (Security) SecKeyCopyPublicBytes
2026-08-12 15:20:19.217 A  IlliniCover[18919:3c20db] (Security) SecKeyCopyPublicBytes
2026-08-12 15:20:19.238 Df IlliniCover[18919:3c20db] [com.apple.dt.xctest:Default] Received request to fetch matches for query:
2026-08-12 15:20:19.238 Df IlliniCover[18919:3c20db] [com.apple.dt.xctest:Default] Evaluating query:
2026-08-12 15:20:19.238 Df IlliniCover[18919:3c20db] [com.apple.dt.xctest:Default] Getting root element snapshot
2026-08-12 15:20:19.238 Df IlliniCover[18919:3c20db] [com.apple.dt.xctest:Default] Getting snapshot for App element pid: 18919 for query
2026-08-12 15:20:19.238 Df IlliniCover[18919:3c20db] [com.apple.dt.xctest:Default] Query requires iOS snapshot attributes .
2026-08-12 15:20:19.238 Df IlliniCover[18919:3c20db] [com.apple.dt.xctest:Default] XCTPerformOnMainRunLoop[not MT]: about to CFRunLoopPerform
2026-08-12 15:20:19.238 Df IlliniCover[18919:3c20db] [com.apple.dt.xctest:Default] XCTPerformOnMainRunLoop[not MT]: waiting with 30.00s responsiveness timeout
2026-08-12 15:20:19.243 Df IlliniCover[18919:3c20dc] [com.apple.CFNetwork:Default] Task <1F8F0B31-58FA-4EB2-8CE2-BCCB5899B58D>.<1> received response, status 200 content K
2026-08-12 15:20:19.243 Df IlliniCover[18919:3c20dc] [com.apple.CFNetwork:Default] Task <1F8F0B31-58FA-4EB2-8CE2-BCCB5899B58D>.<1> done using Connection 1
2026-08-12 15:20:19.243 Df IlliniCover[18919:3c20dc] [com.apple.network:connection] [C1] event: client:connection_idle @0.119s
2026-08-12 15:20:19.243 Df IlliniCover[18919:3c20dc] [com.apple.network:connection] nw_protocol_socket_notify [C1.1.1.1:3] nw_protocol_notification_type_connection_idle is true
2026-08-12 15:20:19.243 A  IlliniCover[18919:3c20dc] (Security) SecTrustEvaluateIfNecessary
2026-08-12 15:20:19.243 Df IlliniCover[18919:3c20dc] [com.apple.xpc:connection] [0x1061eda40] activating connection: mach=true listener=false peer=false name=com.apple.trustd
2026-08-12 15:20:19.245 Df IlliniCover[18919:3c20dc] [com.apple.xpc:connection] [0x1061eda40] invalidated because the current process cancelled the connection by calling xpc_connection_cancel()
2026-08-12 15:20:19.245 Df IlliniCover[18919:3c20dc] [com.apple.CFNetwork:Default] Task <1F8F0B31-58FA-4EB2-8CE2-BCCB5899B58D>.<1> response ended
2026-08-12 15:20:19.245 Df IlliniCover[18919:3c20dc] [com.apple.CFNetwork:Summary] Task <1F8F0B31-58FA-4EB2-8CE2-BCCB5899B58D>.<1> summary for task success {transaction_duration_ms=136, response_status=200, connection=1, protocol="h2", domain_lookup_duration_ms=5, connect_duration_ms=67, secure_connection_duration_ms=46, private_relay=false, request_start_ms=93, request_duration_ms=0, response_start_ms=134, response_duration_ms=2, request_bytes=700, request_throughput_kbps=23833, response_bytes=297, response_throughput_kbps=1087, cache_hit=false}
2026-08-12 15:20:19.245 Df IlliniCover[18919:3c20dc] [com.apple.CoreAnalytics:client] No XPC connection in Simulator
2026-08-12 15:20:19.245 Df IlliniCover[18919:3c20de] [com.apple.CFNetwork:Default] Garbage collection for alternative services
2026-08-12 15:20:19.245 Df IlliniCover[18919:3c20e0] [com.apple.CFNetwork:Default] Task <1F8F0B31-58FA-4EB2-8CE2-BCCB5899B58D>.<1> finished successfully
2026-08-12 15:20:19.280 Df IlliniCover[18919:3c20de] [com.apple.CFNetwork:Default] Task <D1B675BB-EBE8-4BFB-B8B1-31C0F61A8FE4>.<1> received response, status 200 content U
2026-08-12 15:20:19.280 Df IlliniCover[18919:3c20de] [com.apple.CFNetwork:Default] Task <D1B675BB-EBE8-4BFB-B8B1-31C0F61A8FE4>.<1> done using Connection 2
2026-08-12 15:20:19.280 Df IlliniCover[18919:3c20de] [com.apple.network:connection] [C2] event: client:connection_idle @0.146s
2026-08-12 15:20:19.280 Df IlliniCover[18919:3c20de] [com.apple.network:connection] nw_protocol_socket_notify [C2.1.1.1:3] nw_protocol_notification_type_connection_idle is true
2026-08-12 15:20:19.280 Df IlliniCover[18919:3c20de] [com.apple.CFNetwork:Default] Task <D1B675BB-EBE8-4BFB-B8B1-31C0F61A8FE4>.<1> response ended
2026-08-12 15:20:19.283 Df IlliniCover[18919:3c20e1] [com.apple.CFNetwork:Summary] Task <D1B675BB-EBE8-4BFB-B8B1-31C0F61A8FE4>.<1> summary for task success {transaction_duration_ms=173, response_status=200, connection=2, protocol="h2", domain_lookup_duration_ms=2, connect_duration_ms=42, secure_connection_duration_ms=30, private_relay=false, request_start_ms=73, request_duration_ms=0, response_start_ms=170, response_duration_ms=0, request_bytes=390, request_throughput_kbps=3610, response_bytes=657, response_throughput_kbps=20365, cache_hit=true}
2026-08-12 15:20:19.286 Df IlliniCover[18919:3c20e1] [com.apple.CFNetwork:Default] Task <D1B675BB-EBE8-4BFB-B8B1-31C0F61A8FE4>.<1> finished successfully
2026-08-12 15:20:19.303 Df IlliniCover[18919:3c20ce] [com.apple.UIKit:KeyboardSceneDelegate] _inputViewsForResponder, found assistantVC: <UISystemInputAssistantViewController: 0x1163a4f00; frame = {{0, 0}, {0, 0}}> (should suppress: 0, _dontNeed: 0)
2026-08-12 15:20:19.303 Df IlliniCover[18919:3c20ce] [com.apple.UIKit:KeyboardSceneDelegate] _inputViewsForResponder, configuring _responderWithoutAutomaticAppearanceEnabled: <(null): 0x0> (_automaticAppearEnabled: 1)
2026-08-12 15:20:19.307 Df IlliniCover[18919:3c20ce] [com.apple.xpc:connection] [0x11da14280] activating connection: mach=true listener=false peer=false name=com.apple.TextInput
2026-08-12 15:20:19.317 A  IlliniCover[18919:3c20ce] (CoreFoundation) Updating Key-Value Observers Of Preferences
2026-08-12 15:20:19.318 Df IlliniCover[18919:3c20ce] [com.apple.UIKit:UIKBFeedbackGenerator] <_UIKBFeedbackGenerator: 0x10624f3c0>: Updating mode. Haptics: unsupported. Haptics: disabled. Ringer: on. Sound: enabled. Mode: audio only
2026-08-12 15:20:19.319 Df IlliniCover[18919:3c20ce] [com.apple.UIKit:KeyboardSceneDelegate] _inputViewsForResponder, useKeyboard ivs: <UIInputViewSet: 0x10624f480>
2026-08-12 15:20:19.321 Df IlliniCover[18919:3c20ce] [com.apple.UIKit:KeyboardSceneDelegate] _inputViewsForResponder returning: <<UIInputViewSet: 0x10624f480>; view = <_UIKBCompatInputView: 0x1063fe300; frame = (0 0; 0 0); >; assistant = <TUISystemInputAssistantView: 0x1095e4900; frame = (0 0; 0 0); hidden = YES; >; usesKeyClicks = NO;  >
2026-08-12 15:20:19.326 Df IlliniCover[18919:3c20ce] [com.apple.UIKit:TrackingElementWindowController] Change from input view set: (null)
2026-08-12 15:20:19.326 Df IlliniCover[18919:3c20ce] [com.apple.UIKit:TrackingElementWindowController] Change to input view set: (null)
2026-08-12 15:20:19.327 Df IlliniCover[18919:3c20ce] [com.apple.UIKit:KeyboardLayoutGuide] _moveGuideOffscreenAtEdge: 4
2026-08-12 15:20:19.327 Df IlliniCover[18919:3c20ce] [com.apple.UIKit:KeyboardLayoutGuide] changeOffsetConstants: offset is changing to {0, 0} [previous offset: {-1, -1}]
2026-08-12 15:20:19.327 Df IlliniCover[18919:3c20ce] [com.apple.UIKit:KeyboardLayoutGuide] changeSizingConstants: size is changing [not transitioning] to {390, 0} [previous size: {1, 0}]
2026-08-12 15:20:19.329 Df IlliniCover[18919:3c20ce] [com.apple.BackBoard:Keyboard] Activating connection to server: (null)
2026-08-12 15:20:19.329 Df IlliniCover[18919:3c20ce] [com.apple.BackBoard:Keyboard] server remote target <BSXPCServiceConnectionProxy<BKSKeyboardServiceClientToServerIPC>: 0x10952f2c0>
2026-08-12 15:20:19.329 Df IlliniCover[18919:3c20ce] [com.apple.BackBoard:Keyboard] currently observing: YES
2026-08-12 15:20:19.329 Df IlliniCover[18919:3c20ce] [com.apple.BackBoard:Keyboard] currently observing: NO
2026-08-12 15:20:19.330 Df IlliniCover[18919:3c20ce] [com.apple.UIKit:InputSessionChange] -_teardownExistingDelegate:(nil) forSetDelegate:<UITextField: 0x1163a4000> force:NO delayEndInputSession:YES
2026-08-12 15:20:19.330 Df IlliniCover[18919:3c20ce] [com.apple.UIKit:InputSessionChange] endInputSession completion is disabled
2026-08-12 15:20:19.330 Df IlliniCover[18919:3c20ce] [com.apple.UIKit:KeyboardSceneDelegate] [Interface Orientation] was:Interface Unknown now:UIInterfaceOrientationPortrait reason:Using key window scene
2026-08-12 15:20:19.333 Df IlliniCover[18919:3c20ce] [com.apple.UIKit:SmartReply] Handling responseContextDidChange - existing: (null), new: (null)
2026-08-12 15:20:19.346 E  IlliniCover[18919:3c20ce] [com.apple.UIKit:UIFocus] UIKeyboardLayoutStar implements focusItemsInRect: - caching for linear focus movement is limited as long as this view is on screen.
2026-08-12 15:20:19.353 Df IlliniCover[18919:3c20de] [com.apple.CFNetwork:Default] Task <70BE2E80-63D5-496F-B2DF-E8CEBE803124>.<2> resuming, timeouts(15.0, 604800.0) qos(0x15) voucher((null)) activity(00000000-0000-0000-0000-000000000000)
2026-08-12 15:20:19.353 Df IlliniCover[18919:3c20de] [com.apple.network:connection] [C1] event: client:connection_reused @0.229s
2026-08-12 15:20:19.353 Df IlliniCover[18919:3c20de] [com.apple.network:connection] nw_protocol_socket_notify [C1.1.1.1:3] nw_protocol_notification_type_connection_idle is false
2026-08-12 15:20:19.353 Df IlliniCover[18919:3c20de] [com.apple.CFNetwork:Default] Task <70BE2E80-63D5-496F-B2DF-E8CEBE803124>.<2> now using Connection 1
2026-08-12 15:20:19.354 Df IlliniCover[18919:3c20de] [com.apple.CFNetwork:Default] Task <70BE2E80-63D5-496F-B2DF-E8CEBE803124>.<2> sent request, body S 424
2026-08-12 15:20:19.384 Df IlliniCover[18919:3c20ce] [com.apple.TextInputUI:DynamicKeyplaneView] <TUIKeyplaneView: 0x11da1c800> changed keyplane size to {390, 216}; docked
2026-08-12 15:20:19.386 Df IlliniCover[18919:3c20ce] [com.apple.TextInputUI:DynamicKeyplaneView] Setting dynamic keyplane: Dynamic-QWERTY-British-Small_Capital-Letters
2026-08-12 15:20:19.390 Df IlliniCover[18919:3c20e1] [com.apple.calls.callkit:Default] Call host has no calls
2026-08-12 15:20:19.395 Df IlliniCover[18919:3c20de] [com.apple.CFNetwork:Default] Task <70BE2E80-63D5-496F-B2DF-E8CEBE803124>.<2> received response, status 200 content K
2026-08-12 15:20:19.395 Df IlliniCover[18919:3c20de] [com.apple.CFNetwork:Default] Task <70BE2E80-63D5-496F-B2DF-E8CEBE803124>.<2> done using Connection 1
2026-08-12 15:20:19.395 Df IlliniCover[18919:3c20de] [com.apple.network:connection] [C1] event: client:connection_idle @0.271s
2026-08-12 15:20:19.395 Df IlliniCover[18919:3c20de] [com.apple.network:connection] nw_protocol_socket_notify [C1.1.1.1:3] nw_protocol_notification_type_connection_idle is true
2026-08-12 15:20:19.395 Df IlliniCover[18919:3c20de] [com.apple.CFNetwork:Default] Task <70BE2E80-63D5-496F-B2DF-E8CEBE803124>.<2> response ended
2026-08-12 15:20:19.395 Df IlliniCover[18919:3c20e1] [com.apple.CFNetwork:Summary] Task <70BE2E80-63D5-496F-B2DF-E8CEBE803124>.<2> summary for task success {transaction_duration_ms=42, response_status=200, connection=1, reused=1, reused_after_ms=110, request_start_ms=0, request_duration_ms=0, response_start_ms=41, response_duration_ms=0, request_bytes=483, request_throughput_kbps=20553, response_bytes=56, response_throughput_kbps=1594, cache_hit=false}
2026-08-12 15:20:19.395 Df IlliniCover[18919:3c20e0] [com.apple.CFNetwork:Default] Task <70BE2E80-63D5-496F-B2DF-E8CEBE803124>.<2> finished successfully
2026-08-12 15:20:19.413 Df IlliniCover[18919:3c20e0] [com.apple.TextInputUI:CandidateGeneration] -[TUIKeyboardCandidateMultiplexer installGeneratorForSource:]_block_invoke: Multiplexer is installing generator for source: 1
2026-08-12 15:20:19.413 Df IlliniCover[18919:3c20e0] [com.apple.TextInputUI:CandidateGeneration] -[TUIKeyboardCandidateMultiplexer installGeneratorForSource:]_block_invoke: Multiplexer is installing generator for source: 3
2026-08-12 15:20:19.414 Df IlliniCover[18919:3c20ce] [com.apple.UIKit:KeyboardUI] Creating a new RTI client
2026-08-12 15:20:19.414 Df IlliniCover[18919:3c20ce] [com.apple.BoardServices:XPCErrors] [C:3] Alloc com.apple.inputservice.input-ui-host
2026-08-12 15:20:19.414 Df IlliniCover[18919:3c20ce] [com.apple.xpc:connection] [0x11db3fd40] activating connection: mach=false listener=false peer=false name=(anonymous)
2026-08-12 15:20:19.415 Df IlliniCover[18919:3c20ce] [com.apple.UIKit:KeyboardUI] creating new AutofillUI connection
2026-08-12 15:20:19.415 Df IlliniCover[18919:3c20ce] [com.apple.xpc:connection] [0x11db3fe80] activating connection: mach=true listener=false peer=false name=com.apple.rti-screencontinuity
2026-08-12 15:20:19.415 Df IlliniCover[18919:3c20ce] [com.apple.xpc:connection] [0x11db3fe80] failed to do a bootstrap look-up: xpc_error=[3: No such process]
2026-08-12 15:20:19.415 Df IlliniCover[18919:3c20ce] [com.apple.xpc:connection] [0x11db3fe80] invalidated after a failed init
2026-08-12 15:20:19.415 Df IlliniCover[18919:3c20e0] [com.apple.RemoteTextInput:InputSessionChange] -[RTIInputSystemClient _configureConnection:withMachName:]_block_invoke_2  Client connection to service was invalidated: <NSXPCConnection: 0x11d9ea080> connection to service named com.apple.rti-screencontinuity
2026-08-12 15:20:19.415 Df IlliniCover[18919:3c20ce] [com.apple.RemoteTextInput:InputSessionChange] -[RTIInputSystemClient beginAllowingRemoteTextInput:]  Begin allowing remote text input: 12457665-4422-4C4A-A0E7-3F8E208E46F4
2026-08-12 15:20:19.416 Df IlliniCover[18919:3c20ce] [com.apple.RemoteTextInput:InputSessionChange] -[RTIInputSystemClient _modifyTextEditingAllowedForReason:notify:animated:modifyAllowancesBlock:completion:]  Text editing allowed did change (editingAllowedAfter = YES)
2026-08-12 15:20:19.426 Df IlliniCover[18919:3c20ce] [com.apple.xpc:connection] [0x11db13700] activating connection: mach=true listener=false peer=false name=com.apple.pasteboard.pasted
2026-08-12 15:20:19.451 Df IlliniCover[18919:3c20ce] [com.apple.RemoteTextInput:InputSessionChange] -[RTIInputSystemClient _beginSessionWithID:forServices:force:]  Begin text input session. sessionID = 12457665-4422-4C4A-A0E7-3F8E208E46F4, options = <RTISessionOptions: 0x11db50da0; shouldResign = NO; animated = YES; offscreenDirection = 0; enhancedWindowingModeEnabled = NO
2026-08-12 15:20:19.495 Df IlliniCover[18919:3c20ce] [com.apple.UIKit:KeyboardSceneDelegate] Reloading input views for key-window scene responder: <(null): 0x0; > force:N
2026-08-12 15:20:19.496 Df IlliniCover[18919:3c20ce] [com.apple.UIKit:KeyboardSceneDelegate] _reloadInputViewsForKeyWindowSceneResponder: 0 force: 0, fromBecomeFirstResponder: 0 (automaticKeyboard: 0, reloadIdentifier: 28D84A76-598F-42FF-9EFC-2017F5851D85)
2026-08-12 15:20:19.496 Df IlliniCover[18919:3c20ce] [com.apple.UIKit:KeyboardSceneDelegate] _inputViewsForResponder: <(null): 0x0; >, automaticKeyboard: 0, force: 0
2026-08-12 15:20:19.496 Df IlliniCover[18919:3c20ce] [com.apple.UIKit:KeyboardSceneDelegate] _inputViewsForResponder, found custom inputView: <(null): 0x0>, customInputViewController: <(null): 0x0>
2026-08-12 15:20:19.496 Df IlliniCover[18919:3c20ce] [com.apple.UIKit:KeyboardSceneDelegate] _inputViewsForResponder, found inputAccessoryView: <(null): 0x0>
2026-08-12 15:20:19.496 Df IlliniCover[18919:3c20ce] [com.apple.UIKit:KeyboardSceneDelegate] _inputViewsForResponder, responderRequiresKeyboard 0 (automaticKeyboardEnabled: 0, activeInstance: <UIKeyboardAutomatic: 0x11d9fad00; frame = {{0, 0}, {0, 0}}; alpha = 1.000000; isHidden = 0; tAMIC = 0>, self.isOnScreen: 0, requiresKBWhenFirstResponder: 0)
2026-08-12 15:20:19.496 Df IlliniCover[18919:3c20ce] [com.apple.UIKit:KeyboardSceneDelegate] _inputViewsForResponder, useKeyboard 0 (allowsSystemInputView: 1, !inputView <(null): 0x0>, responderRequiresKeyboard 0)
2026-08-12 15:20:19.496 Df IlliniCover[18919:3c20ce] [com.apple.UIKit:KeyboardSceneDelegate] _inputViewsForResponder, configuring _responderWithoutAutomaticAppearanceEnabled: <(null): 0x0> (_automaticAppearEnabled: 1)
2026-08-12 15:20:19.496 Df IlliniCover[18919:3c20ce] [com.apple.UIKit:KeyboardSceneDelegate] _inputViewsForResponder, needsIVPlaceholder: 0, needsIAVPlaceholder: 0, needsInputSetWithPlaceholder: 0
2026-08-12 15:20:19.496 Df IlliniCover[18919:3c20ce] [com.apple.UIKit:KeyboardSceneDelegate] _inputViewsForResponder returning: <<UIInputViewSet: 0x11db1d140>; (empty)>
2026-08-12 15:20:19.496 Df IlliniCover[18919:3c20ce] [com.apple.BackBoard:Keyboard] currently observing: YES
2026-08-12 15:20:19.496 Df IlliniCover[18919:3c20ce] [com.apple.BackBoard:Keyboard] currently observing: NO
2026-08-12 15:20:19.496 Df IlliniCover[18919:3c20ce] [com.apple.UIKit:InputSessionChange] -_teardownExistingDelegate:<UITextField: 0x1163a4000> forSetDelegate:(nil) force:NO delayEndInputSession:NO
2026-08-12 15:20:19.503 Df IlliniCover[18919:3c20e1] [com.apple.network:path] nw_path_evaluator_start [463551EA-BB2E-4046-A0E9-190EDA54AD37 <NULL> generic, multipath service: handover, attribution: developer]
	path: satisfied (Path is satisfied), interface: en0[802.11], uses wifi, LQM: unknown
2026-08-12 15:20:19.503 Df IlliniCover[18919:3c20e1] [com.apple.xpc:connection] [0x11db7da40] activating connection: mach=true listener=false peer=false name=com.apple.SystemConfiguration.NetworkInformation_sim
2026-08-12 15:20:19.503 Df IlliniCover[18919:3c20e1] [com.apple.network:path] nw_path_evaluator_cancel [463551EA-BB2E-4046-A0E9-190EDA54AD37] cancel
2026-08-12 15:20:19.504 Df IlliniCover[18919:3c20ce] [com.apple.RemoteTextInput:InputSessionChange] -[RTIInputSystemClient endRemoteTextInputSessionWithID:options:completion:]  Ending text input session. sessionID = 12457665-4422-4C4A-A0E7-3F8E208E46F4, options = <RTISessionOptions: 0x11db51fa0; shouldResign = YES; animated = YES; offscreenDirection = 0; enhancedWindowingModeEnabled = NO
2026-08-12 15:20:19.504 Df IlliniCover[18919:3c20ce] [com.apple.RemoteTextInput:InputSessionChange] -[RTIInputSystemClient _endSessionWithID:forServices:options:completion:]  End input session: 12457665-4422-4C4A-A0E7-3F8E208E46F4
2026-08-12 15:20:19.505 Df IlliniCover[18919:3c20ce] [com.apple.RemoteTextInput:InputSessionChange] -[RTIInputSystemClient endAllowingRemoteTextInput:completion:]  End allowing remote text input: 12457665-4422-4C4A-A0E7-3F8E208E46F4
2026-08-12 15:20:19.505 Df IlliniCover[18919:3c20ce] [com.apple.RemoteTextInput:InputSessionChange] -[RTIInputSystemClient _modifyTextEditingAllowedForReason:notify:animated:modifyAllowancesBlock:completion:]  Text editing allowed did change (editingAllowedAfter = NO)
2026-08-12 15:20:19.506 Df IlliniCover[18919:3c20ce] [com.apple.UIKit:SmartReply] Handling responseContextDidChange - existing: (null), new: (null)
2026-08-12 15:20:19.511 Df IlliniCover[18919:3c20ce] [com.apple.UIKit:UIPeripheralHost] endPlacementForInputViewSet: <<UIInputViewSet: 0x10624f480>; keyboard = <UIKeyboardAutomatic: 0x11d9fad00; frame = (0 0; 0 0); opaque = NO; layer = <CALayer: 0x11d9d8d80>>%; assistant = <TUISystemInputAssistantView: 0x1095e4900; frame = (0 0; 0 0); hidden = YES; >; usesKeyClicks = NO;  > windowScene: <UIWindowScene: 0x109467600; role: UIWindowSceneSessionRoleApplication; persistentIdentifier: 2050C5AC-6A26-42BC-8E8F-FBAE5EDC0388; activationState: UISceneActivationStateForegroundActive>
2026-08-12 15:20:19.512 Df IlliniCover[18919:3c20ce] [com.apple.UIKit:UIPeripheralHost] endPlacementForInputViewSet, returning -> <UIInputViewSetPlacementOnScreen>
2026-08-12 15:20:19.513 Df IlliniCover[18919:3c20ce] [com.apple.UIKit:KeyboardArbiterClientLog] -[_UIRemoteKeyboards prepareToMoveKeyboard:withIAV:isIAVRelevant:showing:notifyRemote:forScene:] position: {{0, 0}, {390, 325}} visible: 1; notifyRemote: 1; isMinimized: NO
2026-08-12 15:20:19.514 Df IlliniCover[18919:3c20ce] [com.apple.UIKit:InterfaceStyle] Should send trait collection or coordinate space update, interface style 2 -> 2, <_UIKeyboardWindowScene: 0x11db06d00> (B456C391-9091-4474-89E2-5C9F6F4E786D)
2026-08-12 15:20:19.514 Df IlliniCover[18919:3c20ce] [com.apple.UIKit:InterfaceStyle] Should send trait collection or coordinate space update, interface style 2 -> 2, <_UIKeyboardWindowScene: 0x11db06d00> (B456C391-9091-4474-89E2-5C9F6F4E786D)
2026-08-12 15:20:19.514 Df IlliniCover[18919:3c20ce] [com.apple.UIKit:HomeAffordanceObservation] Initializing: <_UIHomeAffordanceSceneNotifierProxy: 0x11ce21ec0>; with scene: <_UIKeyboardWindowScene: 0x11db06d00>
2026-08-12 15:20:19.518 Df IlliniCover[18919:3c20ce] [com.apple.UIKit:InputWindowController] Change from input view set: (null)
2026-08-12 15:20:19.518 Df IlliniCover[18919:3c20ce] [com.apple.UIKit:InputWindowController] Change to input view set: (null)
2026-08-12 15:20:19.519 Df IlliniCover[18919:3c20ce] [com.apple.FrontBoard:SceneExtension] Realizing settings extension <_UIApplicationSceneDisplaySettings> on FBSSceneSettings
2026-08-12 15:20:19.521 Df IlliniCover[18919:3c20ce] [com.apple.UIKit:InputWindowController] Change from input view set: (null)
2026-08-12 15:20:19.521 Df IlliniCover[18919:3c20ce] [com.apple.UIKit:InputWindowController] Change to input view set: <<UIInputViewSet: 0x11db1d380>; (empty)>
2026-08-12 15:20:19.595 Df IlliniCover[18919:3c20e0] [com.apple.network:path] nw_path_evaluator_start [FC0C40B7-DE8E-4677-8510-EDE778C215A7 <NULL> generic, multipath service: handover, attribution: developer]
	path: satisfied (Path is satisfied), interface: en0[802.11], uses wifi, LQM: unknown
2026-08-12 15:20:19.599 Df IlliniCover[18919:3c20ce] [com.apple.UIKit:InputWindowController] updatePlacementWithPlacement: <UITrackingElementPlacementInitialPosition>
2026-08-12 15:20:19.604 Df IlliniCover[18919:3c20ce] [com.apple.runningboard:connection] Creating side-channel connection to com.apple.runningboard
2026-08-12 15:20:19.604 Df IlliniCover[18919:3c20ce] [com.apple.xpc:connection] [0x11ec14f00] activating connection: mach=true listener=false peer=false name=com.apple.runningboard
2026-08-12 15:20:19.605 Df IlliniCover[18919:3c20ce] [com.apple.runningboard:process] Hit the server for a process handle 1fe4ef46000049e7 that resolved to: [app<com.illinicover.app((null))>:18919]
2026-08-12 15:20:19.605 Df IlliniCover[18919:3c20ce] [com.apple.KeyboardArbiter:Client] prepareToMoveKeyboard: set currentKeyboard:Y
2026-08-12 15:20:19.605 Df IlliniCover[18919:3c20ce] [com.apple.KeyboardArbiter:Client] TX signalKeyboardChanged
2026-08-12 15:20:19.605 Df IlliniCover[18919:3c20ce] [com.apple.UIKit:KeyboardArbiterClientLog] -[_UIRemoteKeyboards signalToProxyKeyboardChanged:onCompletion:]  Signaling keyboard changed <<<_UIKeyboardChangedInformation: 0x11ec18600>; appId (null) bundleId (null) animation fence <BKSAnimationFenceHandle:0x11db5c760 -> <CAFenceHandle:0x10951ef40 name=2 fence=756000000de usable=YES>>; position {{0, 519}, {390, 325}}; animated YES; on screen YES; tracking NO; resizing NO; local NO, dock state: Unknown, hasValidNotif: NO>; source canvas com.apple.frontboard.systemappservices/FBSceneManager:sceneID%3Acom.illinicover.app-default; source display Main; source bundle com.illinicover.app; host bundle (null); animation fence <BKSAnimationFenceHandle:0x11db5c760 -> <CAFenceHandle:0x10951ef40 name=2 fence=756000000de usable=YES>>; position {{0, 519}, {390, 325}} (with IAV same); floating 0; on screen YES;  intersectable YES; snapshot YES>
2026-08-12 15:20:19.605 Df IlliniCover[18919:3c20ce] [com.apple.KeyboardArbiter:Client] TX setWindowContextID:3348530840 windowState:Enabled level:0.0
    focusContext:<contextID:923976286 sceneID:com.illinicover.app-default>
2026-08-12 15:20:19.606 Df IlliniCover[18919:3c20ce] [com.apple.UIKit:UIKeyboardExtended] Requesting scene for autofill UI
2026-08-12 15:20:19.606 Df IlliniCover[18919:3c20ce] [com.apple.UIKit:KeyboardVisualMode] Show keyboard with visual mode windowed (0)
2026-08-12 15:20:19.606 Df IlliniCover[18919:3c20ce] [com.apple.UIKit:InputWindowController] Setting input views: <<UIInputViewSet: 0x11db1d500>; keyboard = [uninitialized]; assistant = <TUISystemInputAssistantView: 0x1095e4900; frame = (0 0; 0 0); hidden = YES; >; usesKeyClicks = NO;  >
2026-08-12 15:20:19.616 Df IlliniCover[18919:3c20ce] [com.apple.UIKit:UIPeripheralHost] endPlacementForInputViewSet: <<UIInputViewSet: 0x11db1d500>; keyboard = <UIKeyboardAutomatic: 0x11d9fad00; frame = (0 0; 0 0); opaque = NO; layer = <CALayer: 0x11d9d8d80>>%; assistant = <TUISystemInputAssistantView: 0x1095e4900; frame = (0 0; 0 0); hidden = YES; >; usesKeyClicks = NO;  > windowScene: <_UIKeyboardWindowScene: 0x11db06d00; role: _UIScreenBasedSceneSession; persistentIdentifier: B456C391-9091-4474-89E2-5C9F6F4E786D; activationState: UISceneActivationStateForegroundActive>
2026-08-12 15:20:19.616 Df IlliniCover[18919:3c20ce] [com.apple.UIKit:UIPeripheralHost] endPlacementForInputViewSet, returning -> <UIInputViewSetPlacementOnScreen>
2026-08-12 15:20:19.616 Df IlliniCover[18919:3c20ce] [com.apple.UIKit:InputWindowController] Moving from placement: <UITrackingElementPlacementInitialPosition> to placement: <UIInputViewSetPlacementOnScreen> (currentPlacement: <UITrackingElementPlacementInitialPosition>)
2026-08-12 15:20:19.616 Df IlliniCover[18919:3c20ce] [com.apple.UIKit:InputWindowController] Change from input view set: <<UIInputViewSet: 0x11db1d380>; (empty)>
2026-08-12 15:20:19.616 Df IlliniCover[18919:3c20ce] [com.apple.UIKit:InputWindowController] Change to input view set: <<UIInputViewSet: 0x11db1d500>; keyboard = <UIKeyboardAutomatic: 0x11d9fad00; frame = (0 0; 0 0); opaque = NO; layer = <CALayer: 0x11d9d8d80>>%; assistant = <TUISystemInputAssistantView: 0x1095e4900; frame = (0 0; 0 0); hidden = YES; >; usesKeyClicks = NO;  >
2026-08-12 15:20:19.621 Df IlliniCover[18919:3c20ce] [com.apple.TextInputUI:DynamicKeyplaneView] Setting dynamic keyplane: Dynamic-QWERTY-British-Small_Small-Letters-Small-Display
2026-08-12 15:20:19.657 A  IlliniCover[18919:3c20e0] (RunningBoardServices) didChangeInheritances
2026-08-12 15:20:19.717 Df IlliniCover[18919:3c20ce] [com.apple.UIKit:UIPeripheralHost] endPlacementForInputViewSet: <<UIInputViewSet: 0x11db1d500>; keyboard = <UIKeyboardAutomatic: 0x11d9fad00; frame = (0 0; 0 0); opaque = NO; layer = <CALayer: 0x11d9d8d80>>%; assistant = <TUISystemInputAssistantView: 0x1095e4900; frame = (0 0; 0 0); hidden = YES; >; usesKeyClicks = NO;  > windowScene: <_UIKeyboardWindowScene: 0x11db06d00; role: _UIScreenBasedSceneSession; persistentIdentifier: B456C391-9091-4474-89E2-5C9F6F4E786D; activationState: UISceneActivationStateForegroundActive>
2026-08-12 15:20:19.717 Df IlliniCover[18919:3c20ce] [com.apple.UIKit:UIPeripheralHost] endPlacementForInputViewSet, returning -> <UIInputViewSetPlacementOnScreen>
2026-08-12 15:20:19.718 Df IlliniCover[18919:3c20ce] [com.apple.UIKit:UIPeripheralHost] endPlacementForInputViewSet: <<UIInputViewSet: 0x11db1d500>; keyboard = <UIKeyboardAutomatic: 0x11d9fad00; frame = (0 0; 0 0); opaque = NO; layer = <CALayer: 0x11d9d8d80>>%; assistant = <TUISystemInputAssistantView: 0x1095e4900; frame = (0 0; 0 0); hidden = YES; >; usesKeyClicks = NO;  > windowScene: <_UIKeyboardWindowScene: 0x11db06d00; role: _UIScreenBasedSceneSession; persistentIdentifier: B456C391-9091-4474-89E2-5C9F6F4E786D; activationState: UISceneActivationStateForegroundActive>
2026-08-12 15:20:19.718 Df IlliniCover[18919:3c20ce] [com.apple.UIKit:UIPeripheralHost] endPlacementForInputViewSet, returning -> <UIInputViewSetPlacementOnScreen>
2026-08-12 15:20:19.718 Df IlliniCover[18919:3c20ce] [com.apple.UIKit:UIPeripheralHost] endPlacementForInputViewSet: <<UIInputViewSet: 0x11db1d500>; keyboard = <UIKeyboardAutomatic: 0x11d9fad00; frame = (0 0; 0 0); opaque = NO; layer = <CALayer: 0x11d9d8d80>>%; assistant = <TUISystemInputAssistantView: 0x1095e4900; frame = (0 0; 0 0); hidden = YES; >; usesKeyClicks = NO;  > windowScene: <_UIKeyboardWindowScene: 0x11db06d00; role: _UIScreenBasedSceneSession; persistentIdentifier: B456C391-9091-4474-89E2-5C9F6F4E786D; activationState: UISceneActivationStateForegroundActive>
2026-08-12 15:20:19.719 Df IlliniCover[18919:3c20ce] [com.apple.UIKit:UIPeripheralHost] endPlacementForInputViewSet, returning -> <UIInputViewSetPlacementOnScreen>
2026-08-12 15:20:19.719 Df IlliniCover[18919:3c20ce] [com.apple.UIKit:UIPeripheralHost] endPlacementForInputViewSet: <<UIInputViewSet: 0x11db1d500>; keyboard = <UIKeyboardAutomatic: 0x11d9fad00; frame = (0 0; 0 0); opaque = NO; layer = <CALayer: 0x11d9d8d80>>%; assistant = <TUISystemInputAssistantView: 0x1095e4900; frame = (0 0; 0 0); hidden = YES; >; usesKeyClicks = NO;  > windowScene: <_UIKeyboardWindowScene: 0x11db06d00; role: _UIScreenBasedSceneSession; persistentIdentifier: B456C391-9091-4474-89E2-5C9F6F4E786D; activationState: UISceneActivationStateForegroundActive>
2026-08-12 15:20:19.719 Df IlliniCover[18919:3c20ce] [com.apple.UIKit:UIPeripheralHost] endPlacementForInputViewSet, returning -> <UIInputViewSetPlacementOnScreen>
2026-08-12 15:20:19.723 Df IlliniCover[18919:3c20ce] [com.apple.UIKit:UIPeripheralHost] endPlacementForInputViewSet: <<UIInputViewSet: 0x11db1d500>; keyboard = <UIKeyboardAutomatic: 0x11d9fad00; frame = (0 0; 0 0); opaque = NO; layer = <CALayer: 0x11d9d8d80>>%; assistant = <TUISystemInputAssistantView: 0x1095e4900; frame = (0 0; 0 0); hidden = YES; >; usesKeyClicks = NO;  > windowScene: <_UIKeyboardWindowScene: 0x11db06d00; role: _UIScreenBasedSceneSession; persistentIdentifier: B456C391-9091-4474-89E2-5C9F6F4E786D; activationState: UISceneActivationStateForegroundActive>
2026-08-12 15:20:19.723 Df IlliniCover[18919:3c20ce] [com.apple.UIKit:UIPeripheralHost] endPlacementForInputViewSet, returning -> <UIInputViewSetPlacementOnScreen>
2026-08-12 15:20:19.723 Df IlliniCover[18919:3c20ce] [com.apple.UIKit:UIPeripheralHost] endPlacementForInputViewSet: <<UIInputViewSet: 0x11db1d500>; keyboard = <UIKeyboardAutomatic: 0x11d9fad00; frame = (0 0; 0 0); opaque = NO; layer = <CALayer: 0x11d9d8d80>>%; assistant = <TUISystemInputAssistantView: 0x1095e4900; frame = (0 0; 0 0); hidden = YES; >; usesKeyClicks = NO;  > windowScene: <_UIKeyboardWindowScene: 0x11db06d00; role: _UIScreenBasedSceneSession; persistentIdentifier: B456C391-9091-4474-89E2-5C9F6F4E786D; activationState: UISceneActivationStateForegroundActive>
2026-08-12 15:20:19.723 Df IlliniCover[18919:3c20ce] [com.apple.UIKit:UIPeripheralHost] endPlacementForInputViewSet, returning -> <UIInputViewSetPlacementOnScreen>
2026-08-12 15:20:19.723 Df IlliniCover[18919:3c20ce] [com.apple.UIKit:UIPeripheralHost] endPlacementForInputViewSet: <<UIInputViewSet: 0x11db1d500>; keyboard = <UIKeyboardAutomatic: 0x11d9fad00; frame = (0 0; 0 0); opaque = NO; layer = <CALayer: 0x11d9d8d80>>%; assistant = <TUISystemInputAssistantView: 0x1095e4900; frame = (0 0; 0 0); hidden = YES; >; usesKeyClicks = NO;  > windowScene: <_UIKeyboardWindowScene: 0x11db06d00; role: _UIScreenBasedSceneSession; persistentIdentifier: B456C391-9091-4474-89E2-5C9F6F4E786D; activationState: UISceneActivationStateForegroundActive>
2026-08-12 15:20:19.723 Df IlliniCover[18919:3c20ce] [com.apple.UIKit:UIPeripheralHost] endPlacementForInputViewSet, returning -> <UIInputViewSetPlacementOnScreen>
2026-08-12 15:20:19.723 Df IlliniCover[18919:3c20ce] [com.apple.UIKit:UIPeripheralHost] endPlacementForInputViewSet: <<UIInputViewSet: 0x11db1d500>; keyboard = <UIKeyboardAutomatic: 0x11d9fad00; frame = (0 0; 0 0); opaque = NO; layer = <CALayer: 0x11d9d8d80>>%; assistant = <TUISystemInputAssistantView: 0x1095e4900; frame = (0 0; 0 0); hidden = YES; >; usesKeyClicks = NO;  > windowScene: <_UIKeyboardWindowScene: 0x11db06d00; role: _UIScreenBasedSceneSession; persistentIdentifier: B456C391-9091-4474-89E2-5C9F6F4E786D; activationState: UISceneActivationStateForegroundActive>
2026-08-12 15:20:19.723 Df IlliniCover[18919:3c20ce] [com.apple.UIKit:UIPeripheralHost] endPlacementForInputViewSet, returning -> <UIInputViewSetPlacementOnScreen>
2026-08-12 15:20:19.744 Df IlliniCover[18919:3c20ce] [com.apple.UIKit:InputWindowController] moveFromPlacement, updated placements from: <UITrackingElementPlacementInitialPosition>, to: <UIInputViewSetPlacementOnScreen>
2026-08-12 15:20:19.745 Df IlliniCover[18919:3c20ce] [com.apple.UIKit:InputWindowController] updatePlacementWithPlacement: <UIInputViewSetPlacementOnScreen>
2026-08-12 15:20:19.746 Df IlliniCover[18919:3c20ce] [com.apple.UIKit:UIPeripheralHost] endPlacementForInputViewSet: <<UIInputViewSet: 0x11db1d500>; keyboard = <UIKeyboardAutomatic: 0x11d9fad00; frame = (0 0; 390 233); opaque = NO; layer = <CALayer: 0x11d9d8d80>>%; assistant = <TUISystemInputAssistantView: 0x1095e4900; frame = (0 0; 390 0); hidden = YES; >; usesKeyClicks = NO;  > windowScene: <_UIKeyboardWindowScene: 0x11db06d00; role: _UIScreenBasedSceneSession; persistentIdentifier: B456C391-9091-4474-89E2-5C9F6F4E786D; activationState: UISceneActivationStateForegroundActive>
2026-08-12 15:20:19.746 Df IlliniCover[18919:3c20ce] [com.apple.UIKit:UIPeripheralHost] endPlacementForInputViewSet, returning -> <UIInputViewSetPlacementOnScreen>
2026-08-12 15:20:19.746 Df IlliniCover[18919:3c20ce] [com.apple.UIKit:UIPeripheralHost] endPlacementForInputViewSet: <<UIInputViewSet: 0x11db1d500>; keyboard = <UIKeyboardAutomatic: 0x11d9fad00; frame = (0 0; 390 233); opaque = NO; layer = <CALayer: 0x11d9d8d80>>%; assistant = <TUISystemInputAssistantView: 0x1095e4900; frame = (0 0; 390 0); hidden = YES; >; usesKeyClicks = NO;  > windowScene: <_UIKeyboardWindowScene: 0x11db06d00; role: _UIScreenBasedSceneSession; persistentIdentifier: B456C391-9091-4474-89E2-5C9F6F4E786D; activationState: UISceneActivationStateForegroundActive>
2026-08-12 15:20:19.746 Df IlliniCover[18919:3c20ce] [com.apple.UIKit:UIPeripheralHost] endPlacementForInputViewSet, returning -> <UIInputViewSetPlacementOnScreen>
2026-08-12 15:20:19.746 Df IlliniCover[18919:3c20ce] [com.apple.UIKit:UIPeripheralHost] endPlacementForInputViewSet: <<UIInputViewSet: 0x11db1d500>; keyboard = <UIKeyboardAutomatic: 0x11d9fad00; frame = (0 0; 390 233); opaque = NO; layer = <CALayer: 0x11d9d8d80>>%; assistant = <TUISystemInputAssistantView: 0x1095e4900; frame = (0 0; 390 0); hidden = YES; >; usesKeyClicks = NO;  > windowScene: <_UIKeyboardWindowScene: 0x11db06d00; role: _UIScreenBasedSceneSession; persistentIdentifier: B456C391-9091-4474-89E2-5C9F6F4E786D; activationState: UISceneActivationStateForegroundActive>
2026-08-12 15:20:19.746 Df IlliniCover[18919:3c20ce] [com.apple.UIKit:UIPeripheralHost] endPlacementForInputViewSet, returning -> <UIInputViewSetPlacementOnScreen>
2026-08-12 15:20:19.746 Df IlliniCover[18919:3c20ce] [com.apple.UIKit:UIPeripheralHost] endPlacementForInputViewSet: <<UIInputViewSet: 0x11db1d500>; keyboard = <UIKeyboardAutomatic: 0x11d9fad00; frame = (0 0; 390 233); opaque = NO; layer = <CALayer: 0x11d9d8d80>>%; assistant = <TUISystemInputAssistantView: 0x1095e4900; frame = (0 0; 390 0); hidden = YES; >; usesKeyClicks = NO;  > windowScene: <_UIKeyboardWindowScene: 0x11db06d00; role: _UIScreenBasedSceneSession; persistentIdentifier: B456C391-9091-4474-89E2-5C9F6F4E786D; activationState: UISceneActivationStateForegroundActive>
2026-08-12 15:20:19.746 Df IlliniCover[18919:3c20ce] [com.apple.UIKit:UIPeripheralHost] endPlacementForInputViewSet, returning -> <UIInputViewSetPlacementOnScreen>
2026-08-12 15:20:19.747 Df IlliniCover[18919:3c20ce] [com.apple.UIKit:KeyboardArbiterClientLog] -[_UIRemoteKeyboards prepareToMoveKeyboard:withIAV:isIAVRelevant:showing:notifyRemote:forScene:] position: {{0, 0}, {390, 308}} visible: 1; notifyRemote: 0; isMinimized: NO
2026-08-12 15:20:19.747 Df IlliniCover[18919:3c20ce] [com.apple.KeyboardArbiter:Client] prepareToMoveKeyboard: set currentKeyboard:Y
2026-08-12 15:20:19.747 Df IlliniCover[18919:3c20ce] [com.apple.KeyboardArbiter:Client] TX signalKeyboardChanged
2026-08-12 15:20:19.747 Df IlliniCover[18919:3c20ce] [com.apple.UIKit:KeyboardArbiterClientLog] -[_UIRemoteKeyboards signalToProxyKeyboardChanged:onCompletion:]  Signaling keyboard changed <<<_UIKeyboardChangedInformation: 0x11ec18480>; appId (null) bundleId (null) animation fence <BKSAnimationFenceHandle:0x11db5d890 -> <CAFenceHandle:0x10951f560 name=4 fence=756000000de usable=YES>>; position {{0, 536}, {390, 308}}; animated YES; on screen YES; tracking NO; resizing NO; local NO, dock state: Unknown, hasValidNotif: NO>; source canvas com.apple.frontboard.systemappservices/FBSceneManager:sceneID%3Acom.illinicover.app-default; source display Main; source bundle com.illinicover.app; host bundle (null); animation fence <BKSAnimationFenceHandle:0x11db5d890 -> <CAFenceHandle:0x10951f560 name=4 fence=756000000de usable=YES>>; position {{0, 536}, {390, 308}} (with IAV same); floating 0; on screen YES;  intersectable YES; snapshot YES>
2026-08-12 15:20:19.750 Df IlliniCover[18919:3c20ce] [com.apple.UIKit:InputWindowController] Tracking provider: moveFromPlacement: <UITrackingElementPlacementInitialPosition> toPlacement: <UIInputViewSetPlacementOnScreen> update to: {{0, 536}, {390, 308}}
2026-08-12 15:20:19.750 Df IlliniCover[18919:3c20ce] [com.apple.UIKit:KeyboardSceneDelegate] KeyboardTrackingCoordinator: Creating tracking provider for <_UIKeyboardWindowScene: 0x11db06d00; role: _UIScreenBasedSceneSession; persistentIdentifier: B456C391-9091-4474-89E2-5C9F6F4E786D; activationState: UISceneActivationStateForegroundActive>
2026-08-12 15:20:19.751 Df IlliniCover[18919:3c20ce] [com.apple.UIKit:KeyboardSceneDelegate] KeyboardTrackingCoordinator: Creating tracking coordinator for <UIWindowScene: 0x109467600; role: UIWindowSceneSessionRoleApplication; persistentIdentifier: 2050C5AC-6A26-42BC-8E8F-FBAE5EDC0388; activationState: UISceneActivationStateForegroundActive>
2026-08-12 15:20:19.751 Df IlliniCover[18919:3c20ce] [com.apple.TextInputUI:KeyboardTrackingCoordinator] Updating tracking clients for start <TUIKeyboardTrackingCoordinator:0x1061efc00 state=<TUIKeyboardState: 0x11db53d80 State: onscreen with input view; is docked>; frame={{0, 536}, {390, 308}}; animation=<TUIKeyboardAnimationInfo: 0x11ecfa240, duration: 0.38, from local keyboard, is not rotating, should animate, type: 0, notificationInfo: {
    UIKeyboardAnimationCurveUserInfoKey = 7;
    UIKeyboardAnimationDurationUserInfoKey = "0.3833";
    UIKeyboardBoundsUserInfoKey = "NSRect: {{0, 0}, {390, 308}}";
    UIKeyboardCenterBeginUserInfoKey = "NSPoint: {195, 844}";
    UIKeyboardCenterEndUserInfoKey = "NSPoint: {195, 690}";
    UIKeyboardFrameBeginUserInfoKey = "NSRect: {{0, 844}, {390, 0}}";
    UIKeyboardFrameEndUserInfoKey = "NSRect: {{0, 536}, {390, 308}}";
    UIKeyboardIsLocalUserInfoKey = 1;
}notificationsDebug: >>
2026-08-12 15:20:19.751 Df IlliniCover[18919:3c20ce] [com.apple.UIKit:KeyboardLayoutGuide] changeSizingConstants: size is changing [not transitioning] to {390, 308} [previous size: {390, 0}]
2026-08-12 15:20:19.752 Df IlliniCover[18919:3c20ce] [com.apple.UIKit:TrackingElementWindowController] Setting tracking element input views: <<UIInputViewSet: 0x11db1d5c0>; keyboard = [uninitialized]; usesKeyClicks = NO;  >
2026-08-12 15:20:19.752 Df IlliniCover[18919:3c20ce] [com.apple.UIKit:UIPeripheralHost] endPlacementForInputViewSet: <<UIInputViewSet: 0x11db1d5c0>; keyboard = <UIKeyboardAutomatic: 0x11d9fad00; frame = (0 0; 390 233); opaque = NO; layer = <CALayer: 0x11d9d8d80>>%; usesKeyClicks = NO;  > windowScene: <UIWindowScene: 0x109467600; role: UIWindowSceneSessionRoleApplication; persistentIdentifier: 2050C5AC-6A26-42BC-8E8F-FBAE5EDC0388; activationState: UISceneActivationStateForegroundActive>
2026-08-12 15:20:19.752 Df IlliniCover[18919:3c20ce] [com.apple.UIKit:UIPeripheralHost] endPlacementForInputViewSet, returning -> <UIInputViewSetPlacementOnScreen>
2026-08-12 15:20:19.752 Df IlliniCover[18919:3c20ce] [com.apple.UIKit:TrackingElementWindowController] Moving from placement: <UITrackingElementPlacementInitialPosition> to placement: <UIInputViewSetPlacementOnScreen> (currentPlacement: <UITrackingElementPlacementInitialPosition>)
2026-08-12 15:20:19.752 Df IlliniCover[18919:3c20ce] [com.apple.UIKit:TrackingElementWindowController] Change from input view set: (null)
2026-08-12 15:20:19.752 Df IlliniCover[18919:3c20ce] [com.apple.UIKit:TrackingElementWindowController] Change to input view set: <<UIInputViewSet: 0x11db1d5c0>; keyboard = <UIKeyboardAutomatic: 0x11d9fad00; frame = (0 0; 390 233); opaque = NO; layer = <CALayer: 0x11d9d8d80>>%; usesKeyClicks = NO;  >
2026-08-12 15:20:19.752 Df IlliniCover[18919:3c20ce] [com.apple.UIKit:KeyboardArbiterClientLog] -[_UIRemoteKeyboardPlaceholderView refreshPlaceholder]  refreshPlaceholder: size={390, 308} [previous size={390, 0}]
2026-08-12 15:20:19.753 Df IlliniCover[18919:3c20ce] [com.apple.UIKit:UIPeripheralHost] endPlacementForInputViewSet: <<UIInputViewSet: 0x11db1d5c0>; keyboard = <UIKeyboardAutomatic: 0x11d9fad00; frame = (0 0; 390 233); opaque = NO; layer = <CALayer: 0x11d9d8d80>>%; usesKeyClicks = NO;  > windowScene: <UIWindowScene: 0x109467600; role: UIWindowSceneSessionRoleApplication; persistentIdentifier: 2050C5AC-6A26-42BC-8E8F-FBAE5EDC0388; activationState: UISceneActivationStateForegroundActive>
2026-08-12 15:20:19.753 Df IlliniCover[18919:3c20ce] [com.apple.UIKit:UIPeripheralHost] endPlacementForInputViewSet, returning -> <UIInputViewSetPlacementOnScreen>
2026-08-12 15:20:19.759 Df IlliniCover[18919:3c20ce] [com.apple.UIKit:TrackingElementWindowController] updatePlacementWithPlacement: <UIInputViewSetPlacementOnScreen>
2026-08-12 15:20:19.760 Df IlliniCover[18919:3c20ce] [com.apple.TextInputUI:KeyboardTrackingCoordinator] Posted notification willShow with {
    UIKeyboardAnimationCurveUserInfoKey = 7;
    UIKeyboardAnimationDurationUserInfoKey = "0.3833";
    UIKeyboardBoundsUserInfoKey = "NSRect: {{0, 0}, {390, 308}}";
    UIKeyboardCenterBeginUserInfoKey = "NSPoint: {195, 844}";
    UIKeyboardCenterEndUserInfoKey = "NSPoint: {195, 690}";
    UIKeyboardFrameBeginUserInfoKey = "NSRect: {{0, 844}, {390, 0}}";
    UIKeyboardFrameEndUserInfoKey = "NSRect: {{0, 536}, {390, 308}}";
    UIKeyboardIsLocalUserInfoKey = 1;
} (null)
2026-08-12 15:20:19.760 Df IlliniCover[18919:3c20ce] [com.apple.UIKit:UIPeripheralHost] endPlacementForInputViewSet: <<UIInputViewSet: 0x11db1d140>; (empty)> windowScene: <UIWindowScene: 0x109467600; role: UIWindowSceneSessionRoleApplication; persistentIdentifier: 2050C5AC-6A26-42BC-8E8F-FBAE5EDC0388; activationState: UISceneActivationStateForegroundActive>
2026-08-12 15:20:19.760 Df IlliniCover[18919:3c20ce] [com.apple.UIKit:KeyboardArbiterClientLog] -[_UIRemoteKeyboards prepareToMoveKeyboard:withIAV:isIAVRelevant:showing:notifyRemote:forScene:] position: {{0, 0}, {0, 0}} visible: 0; notifyRemote: 1; isMinimized: NO
2026-08-12 15:20:19.761 Df IlliniCover[18919:3c20ce] [com.apple.KeyboardArbiter:Client] prepareToMoveKeyboard: set currentKeyboard:N
2026-08-12 15:20:19.761 Df IlliniCover[18919:3c20ce] [com.apple.KeyboardArbiter:Client] TX signalKeyboardChanged
2026-08-12 15:20:19.761 Df IlliniCover[18919:3c20ce] [com.apple.UIKit:KeyboardArbiterClientLog] -[_UIRemoteKeyboards signalToProxyKeyboardChanged:onCompletion:]  Signaling keyboard changed <<<_UIKeyboardChangedInformation: 0x11ec18600>; appId (null) bundleId (null) animation fence <BKSAnimationFenceHandle:0x11db5dab0 -> <CAFenceHandle:0x10951e840 name=5 fence=756000000de usable=YES>>; position {{0, 0}, {0, 0}}; animated YES; on screen NO; tracking NO; resizing NO; local NO, dock state: Unknown, hasValidNotif: NO>; source canvas com.apple.frontboard.systemappservices/FBSceneManager:sceneID%3Acom.illinicover.app-default; source display Main; source bundle com.illinicover.app; host bundle (null); animation fence <BKSAnimationFenceHandle:0x11db5dab0 -> <CAFenceHandle:0x10951e840 name=5 fence=756000000de usable=YES>>; position {{0, 0}, {0, 0}} (with IAV same); floating 0; on screen NO;  intersectable YES; snapshot YES>
2026-08-12 15:20:19.761 Df IlliniCover[18919:3c20ce] [com.apple.UIKit:KeyboardVisualMode] Show keyboard with visual mode windowed (0)
2026-08-12 15:20:19.761 Df IlliniCover[18919:3c20ce] [com.apple.UIKit:InputWindowController] Setting input views: <<UIInputViewSet: 0x11db1df80>; (empty)>
2026-08-12 15:20:19.761 Df IlliniCover[18919:3c20ce] [com.apple.UIKit:UIPeripheralHost] endPlacementForInputViewSet: <<UIInputViewSet: 0x11db1d500>; keyboard = <UIKeyboardAutomatic: 0x11d9fad00; frame = (0 0; 390 233); opaque = NO; layer = <CALayer: 0x11d9d8d80>>%; assistant = <TUISystemInputAssistantView: 0x1095e4900; frame = (0 0; 390 0); hidden = YES; >; usesKeyClicks = NO;  > windowScene: <_UIKeyboardWindowScene: 0x11db06d00; role: _UIScreenBasedSceneSession; persistentIdentifier: B456C391-9091-4474-89E2-5C9F6F4E786D; activationState: UISceneActivationStateForegroundActive>
2026-08-12 15:20:19.761 Df IlliniCover[18919:3c20ce] [com.apple.UIKit:UIPeripheralHost] endPlacementForInputViewSet, returning -> <UIInputViewSetPlacementOnScreen>
2026-08-12 15:20:19.762 Df IlliniCover[18919:3c20ce] [com.apple.UIKit:UIPeripheralHost] endPlacementForInputViewSet: <<UIInputViewSet: 0x11db1d500>; keyboard = <UIKeyboardAutomatic: 0x11d9fad00; frame = (0 0; 390 233); opaque = NO; layer = <CALayer: 0x11d9d8d80>>%; assistant = <TUISystemInputAssistantView: 0x1095e4900; frame = (0 0; 390 0); hidden = YES; >; usesKeyClicks = NO;  > windowScene: <_UIKeyboardWindowScene: 0x11db06d00; role: _UIScreenBasedSceneSession; persistentIdentifier: B456C391-9091-4474-89E2-5C9F6F4E786D; activationState: UISceneActivationStateForegroundActive>
2026-08-12 15:20:19.762 Df IlliniCover[18919:3c20ce] [com.apple.UIKit:UIPeripheralHost] endPlacementForInputViewSet, returning -> <UIInputViewSetPlacementOnScreen>
2026-08-12 15:20:19.762 Df IlliniCover[18919:3c20ce] [com.apple.UIKit:UIPeripheralHost] endPlacementForInputViewSet: <<UIInputViewSet: 0x11db1d500>; keyboard = <UIKeyboardAutomatic: 0x11d9fad00; frame = (0 0; 390 233); opaque = NO; layer = <CALayer: 0x11d9d8d80>>%; assistant = <TUISystemInputAssistantView: 0x1095e4900; frame = (0 0; 390 0); hidden = YES; >; usesKeyClicks = NO;  > windowScene: <_UIKeyboardWindowScene: 0x11db06d00; role: _UIScreenBasedSceneSession; persistentIdentifier: B456C391-9091-4474-89E2-5C9F6F4E786D; activationState: UISceneActivationStateForegroundActive>
2026-08-12 15:20:19.762 Df IlliniCover[18919:3c20ce] [com.apple.UIKit:UIPeripheralHost] endPlacementForInputViewSet, returning -> <UIInputViewSetPlacementOnScreen>
2026-08-12 15:20:19.763 Df IlliniCover[18919:3c20ce] [com.apple.UIKit:UIPeripheralHost] endPlacementForInputViewSet: <<UIInputViewSet: 0x11db1d500>; keyboard = <UIKeyboardAutomatic: 0x11d9fad00; frame = (0 0; 390 233); opaque = NO; layer = <CALayer: 0x11d9d8d80>>%; assistant = <TUISystemInputAssistantView: 0x1095e4900; frame = (0 0; 390 0); hidden = YES; >; usesKeyClicks = NO;  > windowScene: <_UIKeyboardWindowScene: 0x11db06d00; role: _UIScreenBasedSceneSession; persistentIdentifier: B456C391-9091-4474-89E2-5C9F6F4E786D; activationState: UISceneActivationStateForegroundActive>
2026-08-12 15:20:19.763 Df IlliniCover[18919:3c20ce] [com.apple.UIKit:UIPeripheralHost] endPlacementForInputViewSet, returning -> <UIInputViewSetPlacementOnScreen>
2026-08-12 15:20:19.764 Df IlliniCover[18919:3c20ce] [com.apple.UIKit:UIPeripheralHost] endPlacementForInputViewSet: <<UIInputViewSet: 0x11db1df80>; (empty)> windowScene: <_UIKeyboardWindowScene: 0x11db06d00; role: _UIScreenBasedSceneSession; persistentIdentifier: B456C391-9091-4474-89E2-5C9F6F4E786D; activationState: UISceneActivationStateForegroundActive>
2026-08-12 15:20:19.764 Df IlliniCover[18919:3c20ce] [com.apple.UIKit:InputWindowController] Moving from placement: <UIInputViewSetPlacementOnScreen> to placement: <UIInputViewSetPlacementOffScreenDown> (currentPlacement: <UIInputViewSetPlacementOnScreen>)
2026-08-12 15:20:19.764 Df IlliniCover[18919:3c20ce] [com.apple.UIKit:InputWindowController] Merging transitions: <UIInputViewPlacementTransition: 0x11ec253b0> into <UIInputViewPlacementTransition: 0x11eceb390>
2026-08-12 15:20:19.765 Df IlliniCover[18919:3c20ce] [com.apple.UIKit:InputWindowController] Change from input view set: <<UIInputViewSet: 0x11db1d500>; keyboard = <UIKeyboardAutomatic: 0x11d9fad00; frame = (0 0; 390 233); opaque = NO; layer = <CALayer: 0x11d9d8d80>>%; assistant = <TUISystemInputAssistantView: 0x1095e4900; frame = (0 0; 390 0); hidden = YES; >; usesKeyClicks = NO;  >
2026-08-12 15:20:19.765 Df IlliniCover[18919:3c20ce] [com.apple.UIKit:InputWindowController] Change to input view set: <<UIInputViewSet: 0x11db1df80>; (empty)>
2026-08-12 15:20:19.773 Df IlliniCover[18919:3c20ce] [com.apple.UIKit:InputWindowController] Tracking provider: viewDidLayoutSubviews update to {{0, 844}, {390, 0}}
2026-08-12 15:20:19.773 Df IlliniCover[18919:3c20ce] [com.apple.TextInputUI:KeyboardTrackingCoordinator] Updating tracking clients for start <TUIKeyboardTrackingCoordinator:0x1061efc00 state=<TUIKeyboardState: 0x11dae70c0 State: onscreen with input view; is docked>; frame={{0, 844}, {390, 0}}; animation=<TUIKeyboardAnimationInfo: 0x11ed4fb40, duration: 0.38, from local keyboard, is not rotating, should not animate, type: 0, notificationInfo: {
    UIKeyboardAnimationCurveUserInfoKey = 7;
    UIKeyboardAnimationDurationUserInfoKey = 0;
    UIKeyboardBoundsUserInfoKey = "NSRect: {{0, 0}, {390, 0}}";
    UIKeyboardCenterBeginUserInfoKey = "NSPoint: {195, 690}";
    UIKeyboardCenterEndUserInfoKey = "NSPoint: {195, 844}";
    UIKeyboardFrameBeginUserInfoKey = "NSRect: {{0, 536}, {390, 308}}";
    UIKeyboardFrameEndUserInfoKey = "NSRect: {{0, 844}, {390, 0}}";
    UIKeyboardIsLocalUserInfoKey = 1;
}notificationsDebug: >>
2026-08-12 15:20:19.774 Df IlliniCover[18919:3c20ce] [com.apple.UIKit:KeyboardLayoutGuide] changeSizingConstants: size is changing [not transitioning] to {390, 0} [previous size: {390, 308}]
2026-08-12 15:20:19.774 Df IlliniCover[18919:3c20ce] [com.apple.UIKit:InputWindowController] moveFromPlacement, updated placements from: <UITrackingElementPlacementInitialPosition>, to: <UIInputViewSetPlacementOffScreenDown>
2026-08-12 15:20:19.774 Df IlliniCover[18919:3c20ce] [com.apple.UIKit:InputWindowController] chainPlacementsIfNecessaryFrom, from: <UITrackingElementPlacementInitialPosition>, to: <UIInputViewSetPlacementOffScreenDown> transition: <UIInputViewPlacementTransition: 0x11eceb390>
2026-08-12 15:20:19.774 Df IlliniCover[18919:3c20ce] [com.apple.UIKit:InputWindowController] updatePlacementWithPlacement: <UIInputViewSetPlacementOffScreenDown>
2026-08-12 15:20:19.775 Df IlliniCover[18919:3c20ce] [com.apple.UIKit:InputWindowController] Tracking provider: moveFromPlacement: <UITrackingElementPlacementInitialPosition> toPlacement: <UIInputViewSetPlacementOffScreenDown> update to: {{0, 844}, {390, 0}}
2026-08-12 15:20:19.775 Df IlliniCover[18919:3c20ce] [com.apple.TextInputUI:KeyboardTrackingCoordinator] Updating tracking clients for start <TUIKeyboardTrackingCoordinator:0x1061efc00 state=<TUIKeyboardState: 0x11dae5c60 State: offscreen; is docked>; frame={{0, 844}, {390, 0}}; animation=<TUIKeyboardAnimationInfo: 0x11ed4fbc0, duration: 0.38, from local keyboard, is not rotating, should not animate, type: 0, notificationInfo: {
    UIKeyboardAnimationCurveUserInfoKey = 7;
    UIKeyboardAnimationDurationUserInfoKey = "0.3833";
    UIKeyboardBoundsUserInfoKey = "NSRect: {{0, 0}, {390, 0}}";
    UIKeyboardCenterBeginUserInfoKey = "NSPoint: {195, 690}";
    UIKeyboardCenterEndUserInfoKey = "NSPoint: {195, 844}";
    UIKeyboardFrameBeginUserInfoKey = "NSRect: {{0, 536}, {390, 308}}";
    UIKeyboardFrameEndUserInfoKey = "NSRect: {{0, 844}, {390, 0}}";
    UIKeyboardIsLocalUserInfoKey = 1;
}notificationsDebug: >>
2026-08-12 15:20:19.776 Df IlliniCover[18919:3c20ce] [com.apple.UIKit:Dictation] -[UIDictationController setIgnoreFinalizePhrases:] Setting ignoreFinalizePhrases flag 1
2026-08-12 15:20:19.776 Df IlliniCover[18919:3c20ce] [com.apple.TextInputUI:KeyboardTrackingCoordinator] Posted notification didHide with {
    UIKeyboardAnimationCurveUserInfoKey = 7;
    UIKeyboardAnimationDurationUserInfoKey = "0.3833";
    UIKeyboardBoundsUserInfoKey = "NSRect: {{0, 0}, {390, 0}}";
    UIKeyboardCenterBeginUserInfoKey = "NSPoint: {195, 690}";
    UIKeyboardCenterEndUserInfoKey = "NSPoint: {195, 844}";
    UIKeyboardFrameBeginUserInfoKey = "NSRect: {{0, 536}, {390, 308}}";
    UIKeyboardFrameEndUserInfoKey = "NSRect: {{0, 844}, {390, 0}}";
    UIKeyboardIsLocalUserInfoKey = 1;
} (null)
2026-08-12 15:20:19.776 Df IlliniCover[18919:3c20ce] [com.apple.UIKit:TrackingElementWindowController] Setting tracking element input views: <<UIInputViewSet: 0x11db1e040>; (empty)>
2026-08-12 15:20:19.776 Df IlliniCover[18919:3c20ce] [com.apple.UIKit:KeyboardArbiterClientLog] -[_UIRemoteKeyboardPlaceholderView refreshPlaceholder]  refreshPlaceholder: size={390, 0} [previous size={390, 308}]
2026-08-12 15:20:19.776 Df IlliniCover[18919:3c20ce] [com.apple.UIKit:TrackingElementWindowController] Placeholder height changed from 308.0 to 0.0
2026-08-12 15:20:19.777 Df IlliniCover[18919:3c20ce] [com.apple.UIKit:UIPeripheralHost] endPlacementForInputViewSet: <<UIInputViewSet: 0x11db1e040>; (empty)> windowScene: <UIWindowScene: 0x109467600; role: UIWindowSceneSessionRoleApplication; persistentIdentifier: 2050C5AC-6A26-42BC-8E8F-FBAE5EDC0388; activationState: UISceneActivationStateForegroundActive>
2026-08-12 15:20:19.777 Df IlliniCover[18919:3c20ce] [com.apple.UIKit:TrackingElementWindowController] Moving from placement: <UIInputViewSetPlacementOnScreen> to placement: <UIInputViewSetPlacementOffScreenDown> (currentPlacement: <UIInputViewSetPlacementOnScreen>)
2026-08-12 15:20:19.777 Df IlliniCover[18919:3c20ce] [com.apple.UIKit:TrackingElementWindowController] Merging transitions: <UITrackingElementPlacementTransition: 0x10951f560> into <UITrackingElementPlacementTransition: 0x10951e840>
2026-08-12 15:20:19.778 Df IlliniCover[18919:3c20ce] [com.apple.TextInputUI:KeyboardTrackingCoordinator] Posted notification didShow with {
    UIKeyboardAnimationCurveUserInfoKey = 7;
    UIKeyboardAnimationDurationUserInfoKey = "0.3833";
    UIKeyboardBoundsUserInfoKey = "NSRect: {{0, 0}, {390, 0}}";
    UIKeyboardCenterBeginUserInfoKey = "NSPoint: {195, 690}";
    UIKeyboardCenterEndUserInfoKey = "NSPoint: {195, 844}";
    UIKeyboardFrameBeginUserInfoKey = "NSRect: {{0, 536}, {390, 308}}";
    UIKeyboardFrameEndUserInfoKey = "NSRect: {{0, 844}, {390, 0}}";
    UIKeyboardIsLocalUserInfoKey = 1;
} (null)
2026-08-12 15:20:19.801 Df IlliniCover[18919:3c20ce] [com.apple.UIKit:TrackingElementWindowController] updatePlacementWithPlacement: <UIInputViewSetPlacementOffScreenDown>
2026-08-12 15:20:19.801 Df IlliniCover[18919:3c20ce] [com.apple.UIKit:TrackingElementWindowController] Tracking provider: moveFromPlacement: <UITrackingElementPlacementInitialPosition> toPlacement: <UIInputViewSetPlacementOffScreenDown> update to {{0, 844}, {390, 0}}
2026-08-12 15:20:19.801 Df IlliniCover[18919:3c20ce] [com.apple.TextInputUI:KeyboardTrackingCoordinator] Updating tracking clients for start <TUIKeyboardTrackingCoordinator:0x1061efc00 state=<TUIKeyboardState: 0x11dae6160 State: offscreen; is docked>; frame={{0, 844}, {390, 0}}; animation=<TUIKeyboardAnimationInfo: 0x11ed60780, duration: 0.00, from local keyboard, is not rotating, should not animate, type: 0, notificationInfo: {
    UIKeyboardAnimationCurveUserInfoKey = 7;
    UIKeyboardAnimationDurationUserInfoKey = 0;
    UIKeyboardBoundsUserInfoKey = "NSRect: {{0, 0}, {390, 0}}";
    UIKeyboardCenterBeginUserInfoKey = "NSPoint: {195, 998}";
    UIKeyboardCenterEndUserInfoKey = "NSPoint: {195, 844}";
    UIKeyboardFrameBeginUserInfoKey = "NSRect: {{0, 844}, {390, 308}}";
    UIKeyboardFrameEndUserInfoKey = "NSRect: {{0, 844}, {390, 0}}";
    UIKeyboardIsLocalUserInfoKey = 1;
}notificationsDebug: >>
2026-08-12 15:20:19.802 Df IlliniCover[18919:3c20ce] [com.apple.TextInputUI:KeyboardTrackingCoordinator] Posted notification willHide with {
    UIKeyboardAnimationCurveUserInfoKey = 7;
    UIKeyboardAnimationDurationUserInfoKey = 0;
    UIKeyboardBoundsUserInfoKey = "NSRect: {{0, 0}, {390, 0}}";
    UIKeyboardCenterBeginUserInfoKey = "NSPoint: {195, 998}";
    UIKeyboardCenterEndUserInfoKey = "NSPoint: {195, 844}";
    UIKeyboardFrameBeginUserInfoKey = "NSRect: {{0, 844}, {390, 308}}";
    UIKeyboardFrameEndUserInfoKey = "NSRect: {{0, 844}, {390, 0}}";
    UIKeyboardIsLocalUserInfoKey = 1;
} (null)
2026-08-12 15:20:19.802 Df IlliniCover[18919:3c20ce] [com.apple.KeyboardArbiter:Client] TX setWindowContextID:3348530840 windowState:Disabled level:0.0
    focusContext:<contextID:923976286 sceneID:com.illinicover.app-default>
2026-08-12 15:20:19.802 Df IlliniCover[18919:3c20ce] [com.apple.UIKit:TrackingElementWindowController] Change from input view set: <<UIInputViewSet: 0x11db1d5c0>; keyboard = <UIKeyboardAutomatic: 0x11d9fad00; frame = (0 0; 390 233); opaque = NO; layer = <CALayer: 0x11d9d8d80>>%; usesKeyClicks = NO;  >
2026-08-12 15:20:19.802 Df IlliniCover[18919:3c20ce] [com.apple.UIKit:TrackingElementWindowController] Change to input view set: <<UIInputViewSet: 0x11db1e040>; (empty)>
2026-08-12 15:20:19.804 Df IlliniCover[18919:3c20ce] [com.apple.UIKit:UIPeripheralHost] endPlacementForInputViewSet: <<UIInputViewSet: 0x11db1e040>; (empty)> windowScene: <UIWindowScene: 0x109467600; role: UIWindowSceneSessionRoleApplication; persistentIdentifier: 2050C5AC-6A26-42BC-8E8F-FBAE5EDC0388; activationState: UISceneActivationStateForegroundActive>
2026-08-12 15:20:19.805 Df IlliniCover[18919:3c20ce] [com.apple.UIKit:Dictation] -[UIDictationController setIgnoreFinalizePhrases:] Setting ignoreFinalizePhrases flag 1
2026-08-12 15:20:19.805 Df IlliniCover[18919:3c20ce] [com.apple.TextInputUI:KeyboardTrackingCoordinator] Posted notification didHide with {
    UIKeyboardAnimationCurveUserInfoKey = 7;
    UIKeyboardAnimationDurationUserInfoKey = 0;
    UIKeyboardBoundsUserInfoKey = "NSRect: {{0, 0}, {390, 0}}";
    UIKeyboardCenterBeginUserInfoKey = "NSPoint: {195, 998}";
    UIKeyboardCenterEndUserInfoKey = "NSPoint: {195, 844}";
    UIKeyboardFrameBeginUserInfoKey = "NSRect: {{0, 844}, {390, 308}}";
    UIKeyboardFrameEndUserInfoKey = "NSRect: {{0, 844}, {390, 0}}";
    UIKeyboardIsLocalUserInfoKey = 1;
} (null)
2026-08-12 15:20:19.805 Df IlliniCover[18919:3c20ce] [com.apple.RemoteTextInput:RTILog] -[RTIInputSystemClient remoteTextInputSessionWithID:textSuggestionsChanged:]  Text input session suggestions changed. sessionID = (null)
2026-08-12 15:20:19.808 A  IlliniCover[18919:3c20ce] (UIKitCore) send control actions
2026-08-12 15:20:19.810 Df IlliniCover[18919:3c20ce] [com.apple.dt.xctest:Default] XCTPerformOnMainRunLoop[MT]: inside CFRunLoopPerform
2026-08-12 15:20:19.811 Df IlliniCover[18919:3c20ce] [com.apple.dt.xctest:Default] XCTPerformOnMainRunLoop[MT]: MT responded in time (won the race to the busy flag)
2026-08-12 15:20:19.811 Df IlliniCover[18919:3c20db] [com.apple.dt.xctest:Default] XCTPerformOnMainRunLoop[not MT]: waiting 60.00s for work to complete
2026-08-12 15:20:19.811 Df IlliniCover[18919:3c20ce] [com.apple.dt.xctest:Default] Got main window <AXUIElementRef 0x11ed64510> {pid=18919} {uid=[ID:4 hash:0x10621c400]}
2026-08-12 15:20:19.811 Df IlliniCover[18919:3c20ce] [com.apple.dt.xctest:Default] Capturing hierarchy with attributes XC_kAXXCAttributeElementType, XC_kAXXCAttributeElementBaseType, XC_kAXXCAttributeParent, XC_kAXXCAttributeIdentifier, XC_kAXXCAttributeAutomationType, XC_kAXXCAttributeTraits
2026-08-12 15:20:19.811 Df IlliniCover[18919:3c20ce] [com.apple.dt.xctest:Default] Capturing hierarchy with parameters {
    attributes =     (
        5003,
        5004,
        5002,
        5019,
        5058,
        2004
    );
    maxArrayCount = 2147483647;
    maxChildren = 2147483647;
    maxDepth = 2147483647;
    snapshotKeyHonorModalViews = 0;
    traverseFromParentsToChildren = 1;
}
2026-08-12 15:20:19.811 Df IlliniCover[18919:3c20ce] [com.apple.dt.xctest:Default] Snapshot attributes 5003, 5004, 5002, 5019, 5058, 2004
2026-08-12 15:20:19.814 Df IlliniCover[18919:3c20ce] [com.apple.dt.xctest:Default] Got snapshot for <AXUIElementRef 0x11d9c53b0> {pid=18919} {uid=[ID:1 hash:0x0]}
2026-08-12 15:20:19.814 Df IlliniCover[18919:3c20ce] [com.apple.dt.xctest:Default] Got app orientation 0
2026-08-12 15:20:19.814 Df IlliniCover[18919:3c20ce] [com.apple.dt.xctest:Default] Captured accessibility snapshot data in 0.00s
2026-08-12 15:20:19.814 Df IlliniCover[18919:3c20db] [com.apple.dt.xctest:Default] Found main window: Window
2026-08-12 15:20:19.814 Df IlliniCover[18919:3c20db] [com.apple.dt.xctest:Default] App orientation is 0 (not portrait) and UITextEffectsWindow window Window is not main window
2026-08-12 15:20:19.814 Df IlliniCover[18919:3c20db] [com.apple.dt.xctest:Default] Leaving frame unchanged for Window: either already correct or we can't detect it.
2026-08-12 15:20:19.814 Df IlliniCover[18919:3c20db] [com.apple.dt.xctest:Default] Query  found matching snapshots: {(
    Application, pid: 18919
)} (error: (null))
2026-08-12 15:20:19.815 Df IlliniCover[18919:3c20db] [com.apple.dt.xctest:Default] Replying to query  with results: <XCTElementQueryResults: 0x11ec64270> (error: (null))
2026-08-12 15:20:19.868 Df IlliniCover[18919:3c20ce] [com.apple.xpc:connection] [0x11da157c0] activating connection: mach=true listener=false peer=false name=com.apple.metal.simulator
2026-08-12 15:20:19.870 Df IlliniCover[18919:3c20ce] [com.apple.xpc:connection] [0x11da14b40] activating connection: mach=true listener=false peer=false name=com.apple.metal.simulator
2026-08-12 15:20:19.871 Df IlliniCover[18919:3c20ce] [com.apple.xpc:connection] [0x11da14c80] activating connection: mach=true listener=false peer=false name=com.apple.metal.simulator
2026-08-12 15:20:19.872 Df IlliniCover[18919:3c20ce] [com.apple.UIKit:KeyboardLayoutGuide] _moveGuideOffscreenAtEdge: 4
2026-08-12 15:20:19.872 Df IlliniCover[18919:3c20ce] [com.apple.UIKit:KeyboardLayoutGuide] changeOffsetConstants: offset is changing to {0, 0} [previous offset: {-1, -1}]
2026-08-12 15:20:19.876 Df IlliniCover[18919:3c20ce] [com.apple.UIKit:KeyboardLayoutGuide] changeSizingConstants: size is changing [not transitioning] to {390, 0} [previous size: {1, 0}]
2026-08-12 15:20:19.877 A  IlliniCover[18919:3c20db] (RunningBoardServices) didChangeInheritances
2026-08-12 15:20:19.898 Df IlliniCover[18919:3c20ce] [com.apple.KeyboardArbiter:Client] RX keyboardArbiterClientHandle:Y
2026-08-12 15:20:19.900 Df IlliniCover[18919:3c20ce] [com.apple.KeyboardArbiter:Client] RX keyboardArbiterClientHandle:Y
2026-08-12 15:20:19.901 Df IlliniCover[18919:3c20ce] [com.apple.xpc:connection] [0x11da14280] invalidated because the current process cancelled the connection by calling xpc_connection_cancel()
2026-08-12 15:20:20.078 A  IlliniCover[18919:3c20e0] (CoreLocation) CL: CLInternalGetAuthorizationStatus
2026-08-12 15:20:20.078 Df IlliniCover[18919:3c20e0] [com.apple.locationd.Core:Client] {"msg":"CLInternalGetAuthorizationStatus", "event":activity}
2026-08-12 15:20:20.081 Df IlliniCover[18919:3c20e0] [com.apple.xpc:connection] [0x11da14280] activating connection: mach=true listener=false peer=false name=com.apple.locationd.synchronous
2026-08-12 15:20:20.090 A  IlliniCover[18919:3c20e0] (CoreLocation) CL: CLLocationManager
2026-08-12 15:20:20.090 Df IlliniCover[18919:3c20e0] [com.apple.locationd.Core:Client] {"msg":"CLLocationManager", "event":activity, "_cmd":initWithEffectiveBundleIdentifier:bundlePath:websiteIdentifier:delegate:silo:, "self":"0x11db5c160", "identifier":(null), "bundlePath":(null)}
2026-08-12 15:20:20.091 Df IlliniCover[18919:3c20e0] [com.apple.locationd.Core:Client] {"msg":"client allocated", "client":"0x12050fb80"}
2026-08-12 15:20:20.091 A  IlliniCover[18919:3c20e0] (CoreLocation) CL: _CLClientCreateConnection
2026-08-12 15:20:20.091 Df IlliniCover[18919:3c20e0] [com.apple.locationd.Core:Client] {"msg":"_CLClientCreateConnection", "event":activity, "client":"0x12050fb80"}
2026-08-12 15:20:20.092 A  IlliniCover[18919:3c20db] (LocationSupport) CL: Sending cached messages to daemon
2026-08-12 15:20:20.092 Df IlliniCover[18919:3c20db] [com.apple.LocationSupport:Connection] {"msg":"Sending cached messages to daemon", "event":activity}
2026-08-12 15:20:20.092 Df IlliniCover[18919:3c20db] [com.apple.xpc:connection] [0x11da15540] activating connection: mach=true listener=false peer=false name=com.apple.locationd.registration
2026-08-12 15:20:20.092 A  IlliniCover[18919:3c20e0] (LocationSupport) CL: CLConnectionClient::sendMessage(cache)
2026-08-12 15:20:20.093 A  IlliniCover[18919:3c20db] (LocationSupport) CL: CLConnection::sendMessage
2026-08-12 15:20:20.093 A  IlliniCover[18919:3c20e0] (LocationSupport) CL: CLConnectionClient::sendMessage(cache)
2026-08-12 15:20:20.093 A  IlliniCover[18919:3c20db] (LocationSupport) CL: CLConnection::sendMessage
2026-08-12 15:20:20.093 A  IlliniCover[18919:3c20e0] (CoreLocation) CL: CLInternalGetPrecisionPermission
2026-08-12 15:20:20.093 Df IlliniCover[18919:3c20e0] [com.apple.locationd.Core:Client] {"msg":"CLInternalGetPrecisionPermission", "event":activity}
2026-08-12 15:20:20.095 A  IlliniCover[18919:3c20e0] (CoreLocation) CL: CLLocationManager
2026-08-12 15:20:20.095 Df IlliniCover[18919:3c20e0] [com.apple.locationd.Core:Client] {"msg":"CLLocationManager", "event":activity, "_cmd":dealloc, "self":"0x11db5c160"}
2026-08-12 15:20:20.095 Df IlliniCover[18919:3c20e0] [com.apple.locationd.Core:Client] {"msg":"invalidating client", "client":"0x12050fb80"}
2026-08-12 15:20:20.097 Df IlliniCover[18919:3c20db] [com.apple.xpc:connection] [0x11da15540] invalidated because the current process cancelled the connection by calling xpc_connection_cancel()
2026-08-12 15:20:20.097 Df IlliniCover[18919:3c20e0] [com.apple.locationd.Core:Client] {"msg":"invalidating client", "client":"0x12050fb80"}
2026-08-12 15:20:20.099 Df IlliniCover[18919:3c20e0] [com.apple.CFNetwork:Default] Task <87918BD6-23F8-4742-9442-62FB5BA4CC0E>.<2> resuming, timeouts(0.0, 604800.0) qos(0x19) voucher((null)) activity(00000000-0000-0000-0000-000000000000)
2026-08-12 15:20:20.103 Df IlliniCover[18919:3c20e0] [com.apple.CFNetwork:Default] Connection 0: creating secure tcp or quic connection
2026-08-12 15:20:20.104 Df IlliniCover[18919:3c20e0] [com.apple.CFNetwork:Default] Connection 3: enabling TLS
2026-08-12 15:20:20.104 Df IlliniCover[18919:3c20e0] [com.apple.CFNetwork:Default] Connection 3: starting, TC(0x0)
2026-08-12 15:20:20.106 Df IlliniCover[18919:3c20e0] [com.apple.network:connection] [C3 9F7DB55E-FE92-4C42-A566-12F6717ACD0B Hostname#cf44bcec:443 quic-connection, url: https://kfjwrhviuhsqrcwfxmne.supabase.co/functions/v1/get-deals-feed, definite, attribution: developer, context: com.apple.CFNetwork.NSURLSession.{8C3C13A9-0445-4F65-98AD-BF105AB91C1B}{(null)}{Y}{2}{0x0} (private), proc: D65E3B26-71A5-3DAD-A8B4-60173E19864C, delegated upid: 0] start
2026-08-12 15:20:20.107 Df IlliniCover[18919:3c20e0] [com.apple.network:connection] [C3 Hostname#cf44bcec:443 initial parent-flow ((null))] event: path:start @0.000s
2026-08-12 15:20:20.119 Df IlliniCover[18919:3c20db] [com.apple.locationd.Core:Client] {"msg":"client about to be destroyed", "client":"0x12050fb80"}
2026-08-12 15:20:20.127 E  IlliniCover[18919:3c20ce] [com.apple.UIKit:UIFocus] RCTScrollViewComponentView implements focusItemsInRect: - caching for linear focus movement is limited as long as this view is on screen.
2026-08-12 15:20:20.134 Df IlliniCover[18919:3c20e0] [com.apple.network:connection] [C3 Hostname#cf44bcec:443 waiting parent-flow (satisfied (Path is satisfied), interface: en0[802.11], uses wifi, LQM: unknown)] event: path:satisfied @0.027s, uuid: 7026340E-631F-4E99-92E9-D3FF33F1E693
2026-08-12 15:20:20.142 Df IlliniCover[18919:3c20e0] [com.apple.network:connection] [C3 Hostname#cf44bcec:443 in_progress parent-flow (satisfied (Path is satisfied), interface: en0[802.11], uses wifi, LQM: unknown)] event: flow:start_connect @0.035s
2026-08-12 15:20:20.142 Df IlliniCover[18919:3c20e0] [com.apple.network:connection] nw_connection_report_state_with_handler_on_nw_queue [C3] reporting state preparing
2026-08-12 15:20:20.150 Df IlliniCover[18919:3c20e0] [com.apple.network:connection] [C3 Hostname#cf44bcec:443 in_progress parent-flow (satisfied (Path is satisfied), interface: en0[802.11], uses wifi, LQM: unknown)] event: flow:start_child @0.043s
2026-08-12 15:20:20.150 Df IlliniCover[18919:3c20e0] [com.apple.network:connection] [C3.1 Hostname#cf44bcec:443 initial path ((null))] event: path:start @0.043s
2026-08-12 15:20:20.151 Df IlliniCover[18919:3c20e0] [com.apple.network:connection] [C3.1 Hostname#cf44bcec:443 waiting path (satisfied (Path is satisfied), interface: en0[802.11], uses wifi, LQM: unknown)] event: path:satisfied @0.044s, uuid: 7026340E-631F-4E99-92E9-D3FF33F1E693
2026-08-12 15:20:20.151 Df IlliniCover[18919:3c20e0] [com.apple.network:connection] [C3.1 Hostname#cf44bcec:443 in_progress transform (satisfied (Path is satisfied), interface: en0[802.11], uses wifi, LQM: unknown)] event: transform:start @0.044s
2026-08-12 15:20:20.175 Df IlliniCover[18919:3c20e0] [com.apple.network:connection] [C3.1.1 Hostname#cf44bcec:443 initial path ((null))] event: path:start @0.068s
2026-08-12 15:20:20.176 Df IlliniCover[18919:3c20e0] [com.apple.network:connection] [C3.1.1 Hostname#cf44bcec:443 waiting path (satisfied (Path is satisfied), interface: en0[802.11], uses wifi, LQM: unknown)] event: path:satisfied @0.069s, uuid: FE3BC099-8E65-4503-851E-258C28F54128
2026-08-12 15:20:20.178 Df IlliniCover[18919:3c20e0] [com.apple.network:connection] [C3.1.1 Hostname#cf44bcec:443 in_progress resolver (satisfied (Path is satisfied), interface: en0[802.11], uses wifi, LQM: unknown)] event: resolver:start_dns @0.071s
2026-08-12 15:20:20.182 Df IlliniCover[18919:3c20e0] [com.apple.CFNetwork:Default] Task <87918BD6-23F8-4742-9442-62FB5BA4CC0E>.<2> setting up Connection 3
2026-08-12 15:20:20.210 Df IlliniCover[18919:3c20e0] [com.apple.network:connection] nw_endpoint_resolver_update [C3.1.1 Hostname#cf44bcec:443 in_progress resolver (satisfied (Path is satisfied), interface: en0[802.11], uses wifi, LQM: unknown)] Adding endpoint handler for IPv4#f6161ec5:443
2026-08-12 15:20:20.212 Df IlliniCover[18919:3c20e0] [com.apple.network:connection] nw_endpoint_resolver_update [C3.1.1 Hostname#cf44bcec:443 in_progress resolver (satisfied (Path is satisfied), interface: en0[802.11], uses wifi, LQM: unknown)] Adding endpoint handler for IPv4#c2d6e559:443
2026-08-12 15:20:20.212 Df IlliniCover[18919:3c20e0] [com.apple.network:connection] [C3.1.1 Hostname#cf44bcec:443 in_progress resolver (satisfied (Path is satisfied), interface: en0[802.11], uses wifi, LQM: unknown)] event: resolver:receive_dns @0.105s
2026-08-12 15:20:20.212 Df IlliniCover[18919:3c20e0] [com.apple.network:connection] [C3.1.1.1 IPv4#f6161ec5:443 initial path ((null))] event: path:start @0.105s
2026-08-12 15:20:20.213 Df IlliniCover[18919:3c20e0] [com.apple.network:connection] [C3.1.1.1 IPv4#f6161ec5:443 waiting path (satisfied (Path is satisfied), interface: en0[802.11], uses wifi, LQM: unknown)] event: path:satisfied @0.106s, uuid: 6978352B-7B73-4A1B-B934-B49D2E199C89
2026-08-12 15:20:20.247 Df IlliniCover[18919:3c20e0] [com.apple.network:quic] quic_conn_initialize_inner [C3.1.1.1:2] [-6591dc5ffd499614] created QUIC connection (spin bit disabled)
2026-08-12 15:20:20.248 Df IlliniCover[18919:3c20e0] [com.apple.network:connection] [C3.1.1.1 IPv4#f6161ec5:443 in_progress socket-flow (satisfied (Path is satisfied), interface: en0[802.11], uses wifi, LQM: unknown)] event: flow:start_connect @0.141s
2026-08-12 15:20:20.251 Df IlliniCover[18919:3c20e0] [com.apple.network:quic] quic_crypto_new_flow [C3.1.1.1:2] [-6591dc5ffd499614] TLS stream is: [C4]
2026-08-12 15:20:20.252 Df IlliniCover[18919:3c20e0] [com.apple.network:connection] [C4 1EDBACBC-B6E0-4CB9-A9BF-8623EF4C1580 IPv4#f6161ec5:443 quic-connection, url: https://kfjwrhviuhsqrcwfxmne.supabase.co/functions/v1/get-deals-feed, tls, definite, attribution: developer, context: com.apple.CFNetwork.NSURLSession.{8C3C13A9-0445-4F65-98AD-BF105AB91C1B}{(null)}{Y}{2}{0x0} (private), proc: D65E3B26-71A5-3DAD-A8B4-60173E19864C, delegated upid: 0] start
2026-08-12 15:20:20.252 Df IlliniCover[18919:3c20e0] [com.apple.network:connection] [C4 IPv4#f6161ec5:443 initial socket-flow (satisfied (Path is satisfied), interface: en0[802.11], uses wifi, LQM: unknown)] event: path:start @0.000s
2026-08-12 15:20:20.252 Df IlliniCover[18919:3c20e0] [com.apple.network:connection] [C4 IPv4#f6161ec5:443 waiting socket-flow (satisfied (Path is satisfied), interface: en0[802.11], uses wifi, LQM: unknown)] event: path:satisfied @0.000s, uuid: 6978352B-7B73-4A1B-B934-B49D2E199C89
2026-08-12 15:20:20.254 Df IlliniCover[18919:3c20e0] [com.apple.network:connection] [C4 IPv4#f6161ec5:443 in_progress socket-flow (satisfied (Path is satisfied), interface: en0[802.11], uses wifi, LQM: unknown)] event: flow:start_connect @0.002s
2026-08-12 15:20:20.254 Df IlliniCover[18919:3c20e0] [com.apple.network:connection] nw_connection_report_state_with_handler_on_nw_queue [C4] reporting state preparing
2026-08-12 15:20:20.256 Df IlliniCover[18919:3c20e0] [com.apple.network:connection] nw_flow_connected [C4 IPv4#f6161ec5:443 in_progress socket-flow (satisfied (Path is satisfied), interface: en0[802.11], uses wifi, LQM: unknown)] Transport protocol connected (quic-connection)
2026-08-12 15:20:20.256 Df IlliniCover[18919:3c20e0] [com.apple.network:connection] [C4 IPv4#f6161ec5:443 in_progress socket-flow (satisfied (Path is satisfied), interface: en0[802.11], uses wifi, LQM: unknown)] event: flow:finish_transport @0.004s
2026-08-12 15:20:20.258 Df IlliniCover[18919:3c20e0] [com.apple.network:boringssl] boringssl_session_apply_protocol_options_for_transport_block_invoke_2(2367) [C4:1][0x120568560] TLS configured [server(0) min_version(0x0304) max_version(0x0304) name(redacted) tickets(false) false_start(false) enforce_ev(false) enforce_ats(false) ats_non_pfs_ciphersuite_allowed(false) cc_mode_enforced(false) ech(false) pqtls(true), pake(false) skip_ats_trust(false)]
2026-08-12 15:20:20.258 Df IlliniCover[18919:3c20e0] [com.apple.network:boringssl] boringssl_context_info_handler(2806) [C4:1][0x120568560] Client handshake started
2026-08-12 15:20:20.259 Df IlliniCover[18919:3c20e0] [com.apple.network:boringssl] boringssl_context_info_handler(2823) [C4:1][0x120568560] Client handshake state: TLS client enter_early_data
2026-08-12 15:20:20.261 Df IlliniCover[18919:3c20e0] [com.apple.network:boringssl] boringssl_context_info_handler(2823) [C4:1][0x120568560] Client handshake state: TLS client read_server_hello
2026-08-12 15:20:20.262 Df IlliniCover[18919:3c20e0] [com.apple.network:connection] nw_socket_handle_socket_event [C3.1.1.1:2] Socket received CONNECTED event
2026-08-12 15:20:20.276 Df IlliniCover[18919:3c20e0] [com.apple.dt.xctest:Default] Received request to fetch matches for query:
2026-08-12 15:20:20.276 Df IlliniCover[18919:3c20e0] [com.apple.dt.xctest:Default] Evaluating query:
2026-08-12 15:20:20.276 Df IlliniCover[18919:3c20e0] [com.apple.dt.xctest:Default] Getting root element snapshot
2026-08-12 15:20:20.276 Df IlliniCover[18919:3c20e0] [com.apple.dt.xctest:Default] Getting snapshot for App element pid: 18919 for query
2026-08-12 15:20:20.276 Df IlliniCover[18919:3c20e0] [com.apple.dt.xctest:Default] Query requires iOS snapshot attributes .
2026-08-12 15:20:20.276 Df IlliniCover[18919:3c20e0] [com.apple.dt.xctest:Default] XCTPerformOnMainRunLoop[not MT]: about to CFRunLoopPerform
2026-08-12 15:20:20.276 Df IlliniCover[18919:3c20e0] [com.apple.dt.xctest:Default] XCTPerformOnMainRunLoop[not MT]: waiting with 30.00s responsiveness timeout
2026-08-12 15:20:20.281 Df IlliniCover[18919:3c20db] [com.apple.network:boringssl] boringssl_context_info_handler(2823) [C4:1][0x120568560] Client handshake state: TLS 1.3 client read_hello_retry_request
2026-08-12 15:20:20.281 Df IlliniCover[18919:3c20db] [com.apple.network:boringssl] boringssl_context_info_handler(2823) [C4:1][0x120568560] Client handshake state: TLS 1.3 client read_server_hello
2026-08-12 15:20:20.283 Df IlliniCover[18919:3c20db] [com.apple.network:boringssl] boringssl_context_info_handler(2823) [C4:1][0x120568560] Client handshake state: TLS 1.3 client read_encrypted_extensions
2026-08-12 15:20:20.283 Df IlliniCover[18919:3c20db] [com.apple.network:boringssl] boringssl_context_info_handler(2823) [C4:1][0x120568560] Client handshake state: TLS 1.3 client read_certificate_request
2026-08-12 15:20:20.283 Df IlliniCover[18919:3c20db] [com.apple.network:boringssl] boringssl_context_info_handler(2823) [C4:1][0x120568560] Client handshake state: TLS 1.3 client read_server_certificate
2026-08-12 15:20:20.283 Df IlliniCover[18919:3c20db] [com.apple.network:boringssl] boringssl_context_info_handler(2823) [C4:1][0x120568560] Client handshake state: TLS 1.3 client read_server_certificate_verify
2026-08-12 15:20:20.284 Df IlliniCover[18919:3c20db] [com.apple.network:boringssl] boringssl_context_evaluate_trust_async(2249) [C4:1][0x120568560] Performing external trust evaluation
2026-08-12 15:20:20.284 A  IlliniCover[18919:3c20db] (Security) SecKeyCopyPublicBytes
2026-08-12 15:20:20.284 A  IlliniCover[18919:3c20db] (Security) SecKeyCopyAttributes
2026-08-12 15:20:20.284 A  IlliniCover[18919:3c20db] (Security) SecKeyCopyPublicBytes
2026-08-12 15:20:20.284 Df IlliniCover[18919:3c20db] [com.apple.network:boringssl] boringssl_context_evaluate_trust_async_external(2234) [C4:1][0x120568560] Asyncing for external verify block
2026-08-12 15:20:20.284 Df IlliniCover[18919:3c20db] [com.apple.network:connection] [C3.1.2 Hostname#cf44bcec:443 initial path ((null))] event: path:start @0.177s
2026-08-12 15:20:20.285 Df IlliniCover[18919:3c20db] [com.apple.network:connection] [C3.1.2 Hostname#cf44bcec:443 waiting path (satisfied (Path is satisfied), interface: en0[802.11], uses wifi, LQM: unknown)] event: path:satisfied @0.178s, uuid: DE500663-8340-47BB-8F7B-1E94836328B0
2026-08-12 15:20:20.285 Df IlliniCover[18919:3c20db] [com.apple.network:connection] [C3.1.2 Hostname#cf44bcec:443 in_progress resolver (satisfied (Path is satisfied), interface: en0[802.11], uses wifi, LQM: unknown)] event: resolver:start_dns @0.178s
2026-08-12 15:20:20.286 Df IlliniCover[18919:3c20db] [com.apple.CFNetwork:Default] Connection 3: asked to evaluate TLS Trust
2026-08-12 15:20:20.286 Df IlliniCover[18919:3c20db] [com.apple.CFNetwork:Default] Task <87918BD6-23F8-4742-9442-62FB5BA4CC0E>.<2> auth completion disp=1 cred=0x0
2026-08-12 15:20:20.286 Df IlliniCover[18919:3c20db] [com.apple.securityd:trust] (Trust 0x11edbdc80) No pending evals, starting
2026-08-12 15:20:20.286 A  IlliniCover[18919:3c20db] (Security) SecTrustEvaluateIfNecessaryFastAsync
2026-08-12 15:20:20.286 Df IlliniCover[18919:3c20db] [com.apple.xpc:connection] [0x11dbc7ac0] activating connection: mach=true listener=false peer=false name=com.apple.trustd
2026-08-12 15:20:20.287 Df IlliniCover[18919:3c20db] [com.apple.securityd:trust] (Trust 0x11edbdc80) Completed async eval kickoff
2026-08-12 15:20:20.287 Df IlliniCover[18919:3c20db] [com.apple.network:connection] nw_endpoint_resolver_update [C3.1.2 Hostname#cf44bcec:443 in_progress resolver (satisfied (Path is satisfied), interface: en0[802.11], uses wifi, LQM: unknown)] Adding endpoint handler for IPv4#f6161ec5:443
2026-08-12 15:20:20.288 Df IlliniCover[18919:3c20db] [com.apple.network:connection] nw_endpoint_resolver_update [C3.1.2 Hostname#cf44bcec:443 in_progress resolver (satisfied (Path is satisfied), interface: en0[802.11], uses wifi, LQM: unknown)] Adding endpoint handler for IPv4#c2d6e559:443
2026-08-12 15:20:20.288 Df IlliniCover[18919:3c20db] [com.apple.network:connection] [C3.1.2 Hostname#cf44bcec:443 in_progress resolver (satisfied (Path is satisfied), interface: en0[802.11], uses wifi, LQM: unknown)] event: resolver:receive_dns @0.181s
2026-08-12 15:20:20.288 Df IlliniCover[18919:3c20db] [com.apple.network:connection] [C3.1.2.1 IPv4#f6161ec5:443 initial path ((null))] event: path:start @0.181s
2026-08-12 15:20:20.288 Df IlliniCover[18919:3c20db] [com.apple.network:connection] [C3.1.2.1 IPv4#f6161ec5:443 waiting path (satisfied (Path is satisfied), interface: en0[802.11], uses wifi, LQM: unknown)] event: path:satisfied @0.181s, uuid: 42F7778B-F94F-4714-AE57-7DF91070CF98
2026-08-12 15:20:20.288 Df IlliniCover[18919:3c20db] [com.apple.network:connection] [C3.1.2.1 IPv4#f6161ec5:443 in_progress socket-flow (satisfied (Path is satisfied), interface: en0[802.11], uses wifi, LQM: unknown)] event: flow:start_connect @0.181s
2026-08-12 15:20:20.290 Df IlliniCover[18919:3c20db] [com.apple.securityd:trust] (Trust 0x11edbdc80) trustd returned 4
2026-08-12 15:20:20.290 Df IlliniCover[18919:3c20db] [com.apple.CFNetwork:Default] System Trust Evaluation yielded status(0)
2026-08-12 15:20:20.290 Df IlliniCover[18919:3c20db] [com.apple.securityd:trust] (Trust 0x11edbda40) No pending evals, starting
2026-08-12 15:20:20.290 A  IlliniCover[18919:3c20db] (Security) SecTrustEvaluateIfNecessaryFastAsync
2026-08-12 15:20:20.290 Df IlliniCover[18919:3c20db] [com.apple.xpc:connection] [0x11dbc6080] activating connection: mach=true listener=false peer=false name=com.apple.trustd
2026-08-12 15:20:20.290 Df IlliniCover[18919:3c20db] [com.apple.securityd:trust] (Trust 0x11edbda40) Completed async eval kickoff
2026-08-12 15:20:20.290 Df IlliniCover[18919:3c20db] [com.apple.xpc:connection] [0x11dbc7ac0] invalidated because the current process cancelled the connection by calling xpc_connection_cancel()
2026-08-12 15:20:20.292 Df IlliniCover[18919:3c20de] [com.apple.securityd:trust] (Trust 0x11edbda40) trustd returned 4
2026-08-12 15:20:20.292 Df IlliniCover[18919:3c20de] [com.apple.CFNetwork:Default] Connection 3: TLS Trust result 0
2026-08-12 15:20:20.292 Df IlliniCover[18919:3c20de] [com.apple.network:boringssl] boringssl_context_evaluate_trust_async_external_block_invoke_3(2148) [C4:1][0x120568560] Returning from external verify block with result: true
2026-08-12 15:20:20.292 Df IlliniCover[18919:3c20de] [com.apple.network:boringssl] boringssl_context_certificate_verify_callback(2430) [C4:1][0x120568560] Certificate verification result: OK
2026-08-12 15:20:20.292 Df IlliniCover[18919:3c20de] [com.apple.network:boringssl] boringssl_context_info_handler(2823) [C4:1][0x120568560] Client handshake state: TLS 1.3 client read_server_finished
2026-08-12 15:20:20.293 Df IlliniCover[18919:3c20de] [com.apple.network:boringssl] boringssl_context_info_handler(2823) [C4:1][0x120568560] Client handshake state: TLS 1.3 client send_end_of_early_data
2026-08-12 15:20:20.293 Df IlliniCover[18919:3c20de] [com.apple.network:boringssl] boringssl_context_info_handler(2823) [C4:1][0x120568560] Client handshake state: TLS 1.3 client send_client_encrypted_extensions
2026-08-12 15:20:20.293 Df IlliniCover[18919:3c20de] [com.apple.network:boringssl] boringssl_context_info_handler(2823) [C4:1][0x120568560] Client handshake state: TLS 1.3 client send_client_certificate
2026-08-12 15:20:20.293 Df IlliniCover[18919:3c20de] [com.apple.network:boringssl] boringssl_context_info_handler(2823) [C4:1][0x120568560] Client handshake state: TLS 1.3 client complete_second_flight
2026-08-12 15:20:20.293 A  IlliniCover[18919:3c20de] (Security) SecKeyCopyPublicBytes
2026-08-12 15:20:20.293 A  IlliniCover[18919:3c20de] (Security) SecKeyCopyAttributes
2026-08-12 15:20:20.293 A  IlliniCover[18919:3c20de] (Security) SecKeyCopyPublicBytes
2026-08-12 15:20:20.293 A  IlliniCover[18919:3c20de] (Security) SecKeyCopyPublicBytes
2026-08-12 15:20:20.293 A  IlliniCover[18919:3c20de] (Security) SecKeyCopyAttributes
2026-08-12 15:20:20.293 A  IlliniCover[18919:3c20de] (Security) SecKeyCopyPublicBytes
2026-08-12 15:20:20.293 Df IlliniCover[18919:3c20de] [com.apple.network:boringssl] boringssl_context_info_handler(2823) [C4:1][0x120568560] Client handshake state: TLS 1.3 client done
2026-08-12 15:20:20.293 Df IlliniCover[18919:3c20de] [com.apple.network:boringssl] boringssl_context_info_handler(2823) [C4:1][0x120568560] Client handshake state: TLS client finish_client_handshake
2026-08-12 15:20:20.293 Df IlliniCover[18919:3c20de] [com.apple.network:boringssl] boringssl_context_info_handler(2823) [C4:1][0x120568560] Client handshake state: TLS client done
2026-08-12 15:20:20.293 Df IlliniCover[18919:3c20de] [com.apple.network:boringssl] boringssl_context_info_handler(2812) [C4:1][0x120568560] Client handshake done
2026-08-12 15:20:20.293 A  IlliniCover[18919:3c20de] (Security) SecKeyCopyPublicBytes
2026-08-12 15:20:20.293 A  IlliniCover[18919:3c20de] (Security) SecKeyCopyAttributes
2026-08-12 15:20:20.293 A  IlliniCover[18919:3c20de] (Security) SecKeyCopyPublicBytes
2026-08-12 15:20:20.293 Df IlliniCover[18919:3c20de] [com.apple.network:boringssl] nw_protocol_boringssl_signal_connected(895) [C4:1][0x120568560] TLS connected [server(0) version(0x0304) ciphersuite(TLS_AES_256_GCM_SHA384) group(0x11ec) signature_alg(0x0403) alpn(h3) resumed(0) offered_ticket(0) in_early_data(0) early_data_accepted(0) false_started(0) ocsp_received(0) sct_received(0) connect_time(35ms) flight_time(23ms) rtt(21ms) write_stalls(0) read_stalls(5) pake(0x0000)]
2026-08-12 15:20:20.293 Df IlliniCover[18919:3c20de] [com.apple.network:connection] nw_flow_connected [C4 IPv4#f6161ec5:443 in_progress socket-flow (satisfied (Path is satisfied), interface: en0[802.11], uses wifi, LQM: unknown)] Output protocol connected (tls)
2026-08-12 15:20:20.294 Df IlliniCover[18919:3c20de] [com.apple.network:connection] [C4 IPv4#f6161ec5:443 ready socket-flow (satisfied (Path is satisfied), interface: en0[802.11], uses wifi, LQM: unknown)] event: flow:finish_connect @0.042s
2026-08-12 15:20:20.294 Df IlliniCover[18919:3c20de] [com.apple.network:connection] nw_connection_report_state_with_handler_on_nw_queue [C4] reporting state ready
2026-08-12 15:20:20.294 Df IlliniCover[18919:3c20de] [com.apple.xpc:connection] [0x11dbc6080] invalidated because the current process cancelled the connection by calling xpc_connection_cancel()
2026-08-12 15:20:20.294 Df IlliniCover[18919:3c20de] [com.apple.network:quic] quic_pmtud_restart [C3.1.1.1:2] [-01f6cd92ea0c3ea717f6c391b10c28d057edcf04] PMTUD enabled, max PMTU: 1500, header size: 28, current PMTU 1228
2026-08-12 15:20:20.295 Df IlliniCover[18919:3c20de] [com.apple.network:quic] quic_crypto_tls_ready_inner [C3.1.1.1:2] [-01f6cd92ea0c3ea717f6c391b10c28d057edcf04] QUIC connection established in 45.251 ms, RTT 8.887 ms
2026-08-12 15:20:20.295 Df IlliniCover[18919:3c20de] [com.apple.network:connection] nw_flow_connected [C3.1.1.1 IPv4#f6161ec5:443 in_progress socket-flow (satisfied (Path is satisfied), interface: en0[802.11], uses wifi, LQM: unknown)] Transport protocol connected (quic-connection)
2026-08-12 15:20:20.295 Df IlliniCover[18919:3c20de] [com.apple.network:connection] [C3.1.1.1 IPv4#f6161ec5:443 in_progress socket-flow (satisfied (Path is satisfied), interface: en0[802.11], uses wifi, LQM: unknown)] event: flow:finish_transport @0.188s
2026-08-12 15:20:20.295 Df IlliniCover[18919:3c20de] [com.apple.network:connection] nw_flow_connected [C3.1.1.1 IPv4#f6161ec5:443 in_progress socket-flow (satisfied (Path is satisfied), interface: en0[802.11], uses wifi, LQM: unknown)] Output protocol connected (CFNetworkConnection-1709496193)
2026-08-12 15:20:20.295 Df IlliniCover[18919:3c20de] [com.apple.network:connection] [C3.1.1.1 IPv4#f6161ec5:443 ready socket-flow (satisfied (Path is satisfied), interface: en0[802.11], uses wifi, LQM: unknown)] event: flow:child_finish_connect @0.188s
2026-08-12 15:20:20.295 Df IlliniCover[18919:3c20de] [com.apple.network:connection] [C3.1.1 Hostname#cf44bcec:443 ready resolver (satisfied (Path is satisfied), interface: en0[802.11], uses wifi, LQM: unknown)] event: flow:child_finish_connect @0.188s
2026-08-12 15:20:20.295 Df IlliniCover[18919:3c20de] [com.apple.network:connection] [C3.1 Hostname#cf44bcec:443 ready transform (satisfied (Path is satisfied), interface: en0[802.11], uses wifi, LQM: unknown)] event: flow:child_finish_connect @0.188s
2026-08-12 15:20:20.295 Df IlliniCover[18919:3c20de] [com.apple.network:connection] nw_flow_connected [C3 IPv4#f6161ec5:443 in_progress parent-flow (satisfied (Path is satisfied), interface: en0[802.11], uses wifi, LQM: unknown)] Output protocol connected (endpoint_flow)
2026-08-12 15:20:20.296 Df IlliniCover[18919:3c20de] [com.apple.network:connection] [C3 IPv4#f6161ec5:443 ready parent-flow (satisfied (Path is satisfied), interface: en0[802.11], uses wifi, LQM: unknown)] event: flow:finish_connect @0.189s
2026-08-12 15:20:20.296 Df IlliniCover[18919:3c20de] [com.apple.network:connection] nw_connection_report_state_with_handler_on_nw_queue [C3] reporting state ready
2026-08-12 15:20:20.297 E  IlliniCover[18919:3c20de] [com.apple.network:] nw_protocol_instance_set_output_handler Not calling remove_input_handler on 0x120579c00:socket
2026-08-12 15:20:20.298 Df IlliniCover[18919:3c20de] [com.apple.network:quic] quic_migration_path_event_block_invoke [C3.1.1.1:2] [-01f6cd92ea0c3ea717f6c391b10c28d057edcf04] path ab90b02cd1b3a671 over en0 received event established
2026-08-12 15:20:20.298 Df IlliniCover[18919:3c20de] [com.apple.network:quic] quic_migration_evaluate_primary [C3.1.1.1:2] [-01f6cd92ea0c3ea717f6c391b10c28d057edcf04] promoted path 0x1205c4c40 over en0 to primary
2026-08-12 15:20:20.298 Df IlliniCover[18919:3c20de] [com.apple.network:] nw_protocol_instance_report_ready [C3.1.1.1:2] Calling notify with interface en0 for flow_registration 66D2A5FD-7188-47B2-98C0-4F92BB2AB0AB
2026-08-12 15:20:20.298 Df IlliniCover[18919:3c20de] [com.apple.network:connection] [C3.1.1.1 IPv4#f6161ec5:443 ready socket-flow (satisfied (Path is satisfied), interface: en0[802.11], uses wifi, LQM: unknown)] event: path:migrated @0.191s, uuid: 6978352B-7B73-4A1B-B934-B49D2E199C89
2026-08-12 15:20:20.298 Df IlliniCover[18919:3c20de] [com.apple.network:connection] [C3.1.1 Hostname#cf44bcec:443 ready resolver (satisfied (Path is satisfied), interface: en0[802.11], uses wifi, LQM: unknown)] event: path:migrated @0.191s, uuid: FE3BC099-8E65-4503-851E-258C28F54128
2026-08-12 15:20:20.298 Df IlliniCover[18919:3c20de] [com.apple.network:connection] [C3.1 Hostname#cf44bcec:443 ready transform (satisfied (Path is satisfied), interface: en0[802.11], uses wifi, LQM: unknown)] event: path:migrated @0.191s, uuid: 7026340E-631F-4E99-92E9-D3FF33F1E693
2026-08-12 15:20:20.298 Df IlliniCover[18919:3c20de] [com.apple.network:connection] [C3 IPv4#f6161ec5:443 ready parent-flow (satisfied (Path is satisfied), interface: en0[802.11], uses wifi, LQM: unknown)] event: path:migrated @0.191s, uuid: 7026340E-631F-4E99-92E9-D3FF33F1E693
2026-08-12 15:20:20.299 Df IlliniCover[18919:3c20de] [com.apple.network:quic] quic_migration_evaluate [C3.1.1.1:2] [-01f6cd92ea0c3ea717f6c391b10c28d057edcf04] evaluating path migration
2026-08-12 15:20:20.299 Df IlliniCover[18919:3c20de] [com.apple.network:quic] quic_migration_evaluate_block_invoke [C3.1.1.1:2] [-01f6cd92ea0c3ea717f6c391b10c28d057edcf04] path ab90b02cd1b3a671 state validated (0), ifname en0, primary? 1, initial? 1, fallback? 0, preferred? 0 lossy? 0
2026-08-12 15:20:20.299 Df IlliniCover[18919:3c20de] [com.apple.network:quic] quic_migration_evaluate [C3.1.1.1:2] [-01f6cd92ea0c3ea717f6c391b10c28d057edcf04] current path is usable, no strong fallback or we are probing
2026-08-12 15:20:20.299 Df IlliniCover[18919:3c20de] [com.apple.CFNetwork:Default] Connection 3: connected successfully
2026-08-12 15:20:20.299 E  IlliniCover[18919:3c20de] [com.apple.network:connection] nw_connection_copy_connected_local_endpoint_block_invoke [C3] Connection has no local endpoint
2026-08-12 15:20:20.299 Df IlliniCover[18919:3c20de] [com.apple.CFNetwork:Default] Connection 3: TLS handshake complete
2026-08-12 15:20:20.299 E  IlliniCover[18919:3c20de] [com.apple.network:connection] nw_connection_copy_connected_local_endpoint_block_invoke [C3] Connection has no local endpoint
2026-08-12 15:20:20.299 Df IlliniCover[18919:3c20de] [com.apple.CFNetwork:Default] Connection 3: ready C(N) E(N)
2026-08-12 15:20:20.301 Df IlliniCover[18919:3c20de] [com.apple.network:connection] [C3] event: client:connection_reused @0.194s
2026-08-12 15:20:20.302 Df IlliniCover[18919:3c20de] [com.apple.CFNetwork:Default] Task <87918BD6-23F8-4742-9442-62FB5BA4CC0E>.<2> now using Connection 3
2026-08-12 15:20:20.305 A  IlliniCover[18919:3c20de] (Security) SecKeyCopyPublicBytes
2026-08-12 15:20:20.305 A  IlliniCover[18919:3c20de] (Security) SecKeyCopyAttributes
2026-08-12 15:20:20.305 A  IlliniCover[18919:3c20de] (Security) SecKeyCopyPublicBytes
2026-08-12 15:20:20.306 Df IlliniCover[18919:3c20de] [com.apple.network:boringssl] boringssl_context_new_session_handler(1771) [C4:1][0x120568560] Asyncing for session update block
2026-08-12 15:20:20.306 A  IlliniCover[18919:3c20de] (Security) SecKeyCopyPublicBytes
2026-08-12 15:20:20.306 A  IlliniCover[18919:3c20de] (Security) SecKeyCopyAttributes
2026-08-12 15:20:20.306 A  IlliniCover[18919:3c20de] (Security) SecKeyCopyPublicBytes
2026-08-12 15:20:20.306 Df IlliniCover[18919:3c20de] [com.apple.network:boringssl] boringssl_context_new_session_handler(1771) [C4:1][0x120568560] Asyncing for session update block
2026-08-12 15:20:20.307 Df IlliniCover[18919:3c20de] [com.apple.network:boringssl] nw_protocol_boringssl_signal_connected(895) [C4:1][0x120568560] TLS connected [server(0) version(0x0304) ciphersuite(TLS_AES_256_GCM_SHA384) group(0x11ec) signature_alg(0x0403) alpn(h3) resumed(0) offered_ticket(0) in_early_data(0) early_data_accepted(0) false_started(0) ocsp_received(0) sct_received(0) connect_time(35ms) flight_time(23ms) rtt(21ms) write_stalls(0) read_stalls(5) pake(0x0000)]
2026-08-12 15:20:20.307 Df IlliniCover[18919:3c20de] [com.apple.network:connection] nw_flow_connected [C4 IPv4#f6161ec5:443 ready socket-flow (satisfied (Path is satisfied), interface: en0[802.11], uses wifi, LQM: unknown)] Output protocol connected (tls)
2026-08-12 15:20:20.307 Df IlliniCover[18919:3c20de] [com.apple.network:quic] quic_stream_create_inbound [C3.1.1.1:2] [-01f6cd92ea0c3ea717f6c391b10c28d057edcf04] creating inbound stream 3
2026-08-12 15:20:20.307 Df IlliniCover[18919:3c20de] [com.apple.network:quic] quic_stream_create_inbound [C3.1.1.1:2] [-01f6cd92ea0c3ea717f6c391b10c28d057edcf04] creating inbound stream 7
2026-08-12 15:20:20.308 Df IlliniCover[18919:3c20de] [com.apple.network:quic] quic_stream_create_inbound [C3.1.1.1:2] [-01f6cd92ea0c3ea717f6c391b10c28d057edcf04] creating inbound stream 11
2026-08-12 15:20:20.308 Df IlliniCover[18919:3c20de] [com.apple.network:quic] quic_stream_create_inbound [C3.1.1.1:2] [-01f6cd92ea0c3ea717f6c391b10c28d057edcf04] creating inbound stream 15
2026-08-12 15:20:20.310 Df IlliniCover[18919:3c20de] [com.apple.network:boringssl] boringssl_context_new_session_handler_block_invoke(1774) [C4:1][0x120568560] Returning from session update block
2026-08-12 15:20:20.310 Df IlliniCover[18919:3c20de] [com.apple.network:boringssl] boringssl_context_new_session_handler_block_invoke(1774) [C4:1][0x120568560] Returning from session update block
2026-08-12 15:20:20.310 Df IlliniCover[18919:3c20de] [com.apple.cfnetwork:h3stream] 0x1205c6318 ID=0 Task <87918BD6-23F8-4742-9442-62FB5BA4CC0E>.<2> sent request, body N 0
2026-08-12 15:20:20.336 Df IlliniCover[18919:3c20ce] [com.apple.UIKit:_UIVisualStyleRegistry] Note: no default visual style class registered as fallback for stylable class UIActivityIndicatorView
2026-08-12 15:20:20.336 Df IlliniCover[18919:3c20ce] [com.apple.UIKit:_UIVisualStyleRegistry] Note: no default visual style class registered as fallback for stylable class UIActivityIndicatorView
2026-08-12 15:20:20.562 Df IlliniCover[18919:3c20ce] [com.apple.dt.xctest:Default] XCTPerformOnMainRunLoop[MT]: inside CFRunLoopPerform
2026-08-12 15:20:20.562 Df IlliniCover[18919:3c20ce] [com.apple.dt.xctest:Default] XCTPerformOnMainRunLoop[MT]: MT responded in time (won the race to the busy flag)
2026-08-12 15:20:20.562 Df IlliniCover[18919:3c20e0] [com.apple.dt.xctest:Default] XCTPerformOnMainRunLoop[not MT]: waiting 60.00s for work to complete
2026-08-12 15:20:20.563 Df IlliniCover[18919:3c20ce] [com.apple.dt.xctest:Default] Got main window <AXUIElementRef 0x1210c05a0> {pid=18919} {uid=[ID:4 hash:0x10621c400]}
2026-08-12 15:20:20.563 Df IlliniCover[18919:3c20ce] [com.apple.dt.xctest:Default] Capturing hierarchy with attributes XC_kAXXCAttributeElementType, XC_kAXXCAttributeElementBaseType, XC_kAXXCAttributeParent, XC_kAXXCAttributeIdentifier, XC_kAXXCAttributeAutomationType, XC_kAXXCAttributeTraits
2026-08-12 15:20:20.563 Df IlliniCover[18919:3c20ce] [com.apple.dt.xctest:Default] Capturing hierarchy with parameters {
    attributes =     (
        5003,
        5004,
        5002,
        5019,
        5058,
        2004
    );
    maxArrayCount = 2147483647;
    maxChildren = 2147483647;
    maxDepth = 2147483647;
    snapshotKeyHonorModalViews = 0;
    traverseFromParentsToChildren = 1;
}
2026-08-12 15:20:20.563 Df IlliniCover[18919:3c20ce] [com.apple.dt.xctest:Default] Snapshot attributes 5003, 5004, 5002, 5019, 5058, 2004
2026-08-12 15:20:20.567 Df IlliniCover[18919:3c20ce] [com.apple.dt.xctest:Default] Got snapshot for <AXUIElementRef 0x120543d20> {pid=18919} {uid=[ID:1 hash:0x0]}
2026-08-12 15:20:20.567 Df IlliniCover[18919:3c20ce] [com.apple.dt.xctest:Default] Got app orientation 0
2026-08-12 15:20:20.567 Df IlliniCover[18919:3c20ce] [com.apple.dt.xctest:Default] Captured accessibility snapshot data in 0.00s
2026-08-12 15:20:20.567 Df IlliniCover[18919:3c20e0] [com.apple.dt.xctest:Default] Found main window: Window
2026-08-12 15:20:20.567 Df IlliniCover[18919:3c20e0] [com.apple.dt.xctest:Default] App orientation is 0 (not portrait) and UITextEffectsWindow window Window is not main window
2026-08-12 15:20:20.567 Df IlliniCover[18919:3c20e0] [com.apple.dt.xctest:Default] Leaving frame unchanged for Window: either already correct or we can't detect it.
2026-08-12 15:20:20.567 Df IlliniCover[18919:3c20e0] [com.apple.dt.xctest:Default] Query  found matching snapshots: {(
    Application, pid: 18919
)} (error: (null))
2026-08-12 15:20:20.567 Df IlliniCover[18919:3c20e0] [com.apple.dt.xctest:Default] Replying to query  with results: <XCTElementQueryResults: 0x121089a40> (error: (null))
2026-08-12 15:20:20.628 E  IlliniCover[18919:3c20ce] [com.apple.UIKit:Assert] button text attributes only respected for UIControlStateNormal, UIControlStateHighlighted, UIControlStateDisabled and UIControlStateFocused. state = 4 is interpreted as UIControlStateHighlighted.
2026-08-12 15:20:20.631 E  IlliniCover[18919:3c20ce] [com.apple.UIKit:Assert] button text attributes only respected for UIControlStateNormal, UIControlStateHighlighted, UIControlStateDisabled and UIControlStateFocused. state = 4 is interpreted as UIControlStateHighlighted.
2026-08-12 15:20:20.703 E  IlliniCover[18919:3c20ce] [com.apple.UIKit:Assert] button text attributes only respected for UIControlStateNormal, UIControlStateHighlighted, UIControlStateDisabled and UIControlStateFocused. state = 4 is interpreted as UIControlStateHighlighted.
2026-08-12 15:20:20.703 E  IlliniCover[18919:3c20ce] [com.apple.UIKit:Assert] button text attributes only respected for UIControlStateNormal, UIControlStateHighlighted, UIControlStateDisabled and UIControlStateFocused. state = 4 is interpreted as UIControlStateHighlighted.
2026-08-12 15:20:20.738 A  IlliniCover[18919:3c20ce] (CoreFoundation) Updating Key-Value Observers Of Preferences
2026-08-12 15:20:20.928 Df IlliniCover[18919:3c20e0] [com.apple.cfnetwork:h3stream] 0x1205c6318 ID=0 Task <87918BD6-23F8-4742-9442-62FB5BA4CC0E>.<2> received response, status 200 content K
2026-08-12 15:20:20.928 A  IlliniCover[18919:3c20e0] (Security) SecTrustEvaluateIfNecessary
2026-08-12 15:20:20.929 Df IlliniCover[18919:3c20e0] [com.apple.xpc:connection] [0x121434140] activating connection: mach=true listener=false peer=false name=com.apple.trustd
2026-08-12 15:20:20.934 Df IlliniCover[18919:3c20e0] [com.apple.xpc:connection] [0x121434140] invalidated because the current process cancelled the connection by calling xpc_connection_cancel()
2026-08-12 15:20:20.941 Df IlliniCover[18919:3c20e0] [com.apple.CFNetwork:Default] Task <87918BD6-23F8-4742-9442-62FB5BA4CC0E>.<2> response ended
2026-08-12 15:20:20.944 Df IlliniCover[18919:3c20e0] [com.apple.network:connection] [C3] event: client:connection_idle @0.837s
2026-08-12 15:20:20.945 Df IlliniCover[18919:3c20e0] [com.apple.CFNetwork:Default] Task <87918BD6-23F8-4742-9442-62FB5BA4CC0E>.<2> done using Connection 3
2026-08-12 15:20:20.947 Df IlliniCover[18919:3c20e2] [com.apple.CFNetwork:Summary] Task <87918BD6-23F8-4742-9442-62FB5BA4CC0E>.<2> summary for task success {transaction_duration_ms=847, response_status=200, connection=3, protocol="h3", domain_lookup_duration_ms=34, connect_duration_ms=48, secure_connection_duration_ms=45, private_relay=false, request_start_ms=201, request_duration_ms=8, response_start_ms=826, response_duration_ms=18, request_bytes=391, request_throughput_kbps=385, response_bytes=2235, response_throughput_kbps=963, cache_hit=true}
2026-08-12 15:20:20.949 Df IlliniCover[18919:3c20e2] [com.apple.CFNetwork:Default] Task <87918BD6-23F8-4742-9442-62FB5BA4CC0E>.<2> finished successfully
2026-08-12 15:20:21.013 E  IlliniCover[18919:3c20ce] [com.apple.UIKit:UIFocus] RCTScrollViewComponentView implements focusItemsInRect: - caching for linear focus movement is limited as long as this view is on screen.
2026-08-12 15:20:22.375 Df IlliniCover[18919:3c20ce] [com.apple.KeyboardArbiter:Client] TX focusApplication (peekAppEvent) stealKB:Y scene:com.illinicover.app-default
2026-08-12 15:20:22.375 Df IlliniCover[18919:3c20ce] [com.apple.UIKit:EventDispatch] Evaluating dispatch of UIEvent: 0x106198c00; type: 0; subtype: 0; backing type: 11; shouldSend: 1; ignoreInteractionEvents: 0, systemGestureStateChange: 0
2026-08-12 15:20:22.375 Df IlliniCover[18919:3c20ce] [com.apple.UIKit:EventDispatch] Sending UIEvent type: 0; subtype: 0; to windows: 1
2026-08-12 15:20:22.375 Df IlliniCover[18919:3c20ce] [com.apple.UIKit:EventDispatch] Sending UIEvent type: 0; subtype: 0; to window: <UIWindow: 0x10621c400>; contextId: 0x3712C25E
2026-08-12 15:20:22.381 Df IlliniCover[18919:3c20ce] [com.apple.UIKit:EventDispatch] Evaluating dispatch of UIEvent: 0x106198c00; type: 0; subtype: 0; backing type: 11; shouldSend: 0; ignoreInteractionEvents: 0, systemGestureStateChange: 0
2026-08-12 15:20:22.388 Df IlliniCover[18919:3c20ce] [com.apple.UIKit:EventDispatch] Evaluating dispatch of UIEvent: 0x106198c00; type: 0; subtype: 0; backing type: 11; shouldSend: 0; ignoreInteractionEvents: 0, systemGestureStateChange: 0
2026-08-12 15:20:22.405 Df IlliniCover[18919:3c20ce] [com.apple.UIKit:EventDispatch] Evaluating dispatch of UIEvent: 0x106198c00; type: 0; subtype: 0; backing type: 11; shouldSend: 0; ignoreInteractionEvents: 0, systemGestureStateChange: 0
2026-08-12 15:20:22.422 Df IlliniCover[18919:3c20ce] [com.apple.UIKit:EventDispatch] Evaluating dispatch of UIEvent: 0x106198c00; type: 0; subtype: 0; backing type: 11; shouldSend: 0; ignoreInteractionEvents: 0, systemGestureStateChange: 0
2026-08-12 15:20:22.438 Df IlliniCover[18919:3c20ce] [com.apple.UIKit:EventDispatch] Evaluating dispatch of UIEvent: 0x106198c00; type: 0; subtype: 0; backing type: 11; shouldSend: 0; ignoreInteractionEvents: 0, systemGestureStateChange: 0
2026-08-12 15:20:22.455 Df IlliniCover[18919:3c20ce] [com.apple.UIKit:EventDispatch] Evaluating dispatch of UIEvent: 0x106198c00; type: 0; subtype: 0; backing type: 11; shouldSend: 0; ignoreInteractionEvents: 0, systemGestureStateChange: 0
2026-08-12 15:20:22.472 Df IlliniCover[18919:3c20ce] [com.apple.UIKit:EventDispatch] Evaluating dispatch of UIEvent: 0x106198c00; type: 0; subtype: 0; backing type: 11; shouldSend: 0; ignoreInteractionEvents: 0, systemGestureStateChange: 0
2026-08-12 15:20:22.472 Df IlliniCover[18919:3c20ce] [com.apple.UIKit:EventDispatch] Evaluating dispatch of UIEvent: 0x106198c00; type: 0; subtype: 0; backing type: 11; shouldSend: 0; ignoreInteractionEvents: 0, systemGestureStateChange: 1
2026-08-12 15:20:22.472 A  IlliniCover[18919:3c20ce] (UIKitCore) send gesture actions
2026-08-12 15:20:22.488 Df IlliniCover[18919:3c20ce] [com.apple.UIKit:EventDispatch] Evaluating dispatch of UIEvent: 0x106198c00; type: 0; subtype: 0; backing type: 11; shouldSend: 0; ignoreInteractionEvents: 0, systemGestureStateChange: 0
2026-08-12 15:20:22.489 Df IlliniCover[18919:3c20ce] [com.apple.UIKit:EventDispatch] Evaluating dispatch of UIEvent: 0x106198c00; type: 0; subtype: 0; backing type: 11; shouldSend: 1; ignoreInteractionEvents: 0, systemGestureStateChange: 0
2026-08-12 15:20:22.489 Df IlliniCover[18919:3c20ce] [com.apple.UIKit:EventDispatch] Sending UIEvent type: 0; subtype: 0; to windows: 1
2026-08-12 15:20:22.489 Df IlliniCover[18919:3c20ce] [com.apple.UIKit:EventDispatch] Sending UIEvent type: 0; subtype: 0; to window: <UIWindow: 0x10621c400>; contextId: 0x3712C25E
2026-08-12 15:20:22.489 A  IlliniCover[18919:3c20ce] (UIKitCore) send gesture actions
2026-08-12 15:20:22.940 Df IlliniCover[18919:3c20de] [com.apple.dt.xctest:Default] Received request to fetch matches for query:
2026-08-12 15:20:22.940 Df IlliniCover[18919:3c20dc] [com.apple.dt.xctest:Default] Evaluating query:
2026-08-12 15:20:22.940 Df IlliniCover[18919:3c20dc] [com.apple.dt.xctest:Default] Getting root element snapshot
2026-08-12 15:20:22.940 Df IlliniCover[18919:3c20dc] [com.apple.dt.xctest:Default] Getting snapshot for App element pid: 18919 for query
2026-08-12 15:20:22.940 Df IlliniCover[18919:3c20dc] [com.apple.dt.xctest:Default] Query requires iOS snapshot attributes .
2026-08-12 15:20:22.940 Df IlliniCover[18919:3c20dc] [com.apple.dt.xctest:Default] XCTPerformOnMainRunLoop[not MT]: about to CFRunLoopPerform
2026-08-12 15:20:22.940 Df IlliniCover[18919:3c20dc] [com.apple.dt.xctest:Default] XCTPerformOnMainRunLoop[not MT]: waiting with 30.00s responsiveness timeout
2026-08-12 15:20:22.940 Df IlliniCover[18919:3c20ce] [com.apple.dt.xctest:Default] XCTPerformOnMainRunLoop[MT]: inside CFRunLoopPerform
2026-08-12 15:20:22.940 Df IlliniCover[18919:3c20ce] [com.apple.dt.xctest:Default] XCTPerformOnMainRunLoop[MT]: MT responded in time (won the race to the busy flag)
2026-08-12 15:20:22.940 Df IlliniCover[18919:3c20dc] [com.apple.dt.xctest:Default] XCTPerformOnMainRunLoop[not MT]: waiting 60.00s for work to complete
2026-08-12 15:20:22.940 Df IlliniCover[18919:3c20ce] [com.apple.dt.xctest:Default] Got main window <AXUIElementRef 0x1217d8ae0> {pid=18919} {uid=[ID:4 hash:0x10621c400]}
2026-08-12 15:20:22.940 Df IlliniCover[18919:3c20ce] [com.apple.dt.xctest:Default] Capturing hierarchy with attributes XC_kAXXCAttributeElementType, XC_kAXXCAttributeElementBaseType, XC_kAXXCAttributeParent, XC_kAXXCAttributeIdentifier, XC_kAXXCAttributeAutomationType, XC_kAXXCAttributeTraits
2026-08-12 15:20:22.940 Df IlliniCover[18919:3c20ce] [com.apple.dt.xctest:Default] Capturing hierarchy with parameters {
    attributes =     (
        5003,
        5004,
        5002,
        5019,
        5058,
        2004
    );
    maxArrayCount = 2147483647;
    maxChildren = 2147483647;
    maxDepth = 2147483647;
    snapshotKeyHonorModalViews = 0;
    traverseFromParentsToChildren = 1;
}
2026-08-12 15:20:22.940 Df IlliniCover[18919:3c20ce] [com.apple.dt.xctest:Default] Snapshot attributes 5003, 5004, 5002, 5019, 5058, 2004
2026-08-12 15:20:22.996 Df IlliniCover[18919:3c20ce] [com.apple.dt.xctest:Default] Got snapshot for <AXUIElementRef 0x120709b30> {pid=18919} {uid=[ID:1 hash:0x0]}
2026-08-12 15:20:22.996 Df IlliniCover[18919:3c20ce] [com.apple.dt.xctest:Default] Got app orientation 0
2026-08-12 15:20:22.996 Df IlliniCover[18919:3c20ce] [com.apple.dt.xctest:Default] Captured accessibility snapshot data in 0.06s
2026-08-12 15:20:22.996 Df IlliniCover[18919:3c20dc] [com.apple.dt.xctest:Default] Found main window: Window
2026-08-12 15:20:22.997 Df IlliniCover[18919:3c20dc] [com.apple.dt.xctest:Default] Preferring automation type 48 instead of legacy element type OTHER derived from class/trait: UILabel:UILabel 8590000128
2026-08-12 15:20:22.997 Df IlliniCover[18919:3c20dc] [com.apple.dt.xctest:Default] Other is not actually a child of Other, including at this point anyway (rdar://problem/20738636)
2026-08-12 15:20:22.997 Df IlliniCover[18919:3c20dc] [com.apple.dt.xctest:Default] Other is not actually a child of Other, including at this point anyway (rdar://problem/20738636)
2026-08-12 15:20:22.997 Df IlliniCover[18919:3c20dc] [com.apple.dt.xctest:Default] Other is not actually a child of Other, including at this point anyway (rdar://problem/20738636)
2026-08-12 15:20:22.997 Df IlliniCover[18919:3c20dc] [com.apple.dt.xctest:Default] Other is not actually a child of Other, including at this point anyway (rdar://problem/20738636)
2026-08-12 15:20:22.997 Df IlliniCover[18919:3c20dc] [com.apple.dt.xctest:Default] Other is not actually a child of Other, including at this point anyway (rdar://problem/20738636)
2026-08-12 15:20:22.997 Df IlliniCover[18919:3c20dc] [com.apple.dt.xctest:Default] Other is not actually a child of Other, including at this point anyway (rdar://problem/20738636)
2026-08-12 15:20:22.997 Df IlliniCover[18919:3c20dc] [com.apple.dt.xctest:Default] Other is not actually a child of Other, including at this point anyway (rdar://problem/20738636)
2026-08-12 15:20:22.997 Df IlliniCover[18919:3c20dc] [com.apple.dt.xctest:Default] Other is not actually a child of Other, including at this point anyway (rdar://problem/20738636)
2026-08-12 15:20:22.998 Df IlliniCover[18919:3c20dc] [com.apple.dt.xctest:Default] Other is not actually a child of Other, including at this point anyway (rdar://problem/20738636)
2026-08-12 15:20:22.998 Df IlliniCover[18919:3c20dc] [com.apple.dt.xctest:Default] Other is not actually a child of Other, including at this point anyway (rdar://problem/20738636)
2026-08-12 15:20:22.998 Df IlliniCover[18919:3c20dc] [com.apple.dt.xctest:Default] Other is not actually a child of Other, including at this point anyway (rdar://problem/20738636)
2026-08-12 15:20:22.998 Df IlliniCover[18919:3c20dc] [com.apple.dt.xctest:Default] Other is not actually a child of Other, including at this point anyway (rdar://problem/20738636)
2026-08-12 15:20:22.998 Df IlliniCover[18919:3c20dc] [com.apple.dt.xctest:Default] App orientation is 0 (not portrait) and UITextEffectsWindow window Window is not main window
2026-08-12 15:20:22.998 Df IlliniCover[18919:3c20dc] [com.apple.dt.xctest:Default] Leaving frame unchanged for Window: either already correct or we can't detect it.
2026-08-12 15:20:22.998 Df IlliniCover[18919:3c20dc] [com.apple.dt.xctest:Default] Query  found matching snapshots: {(
    Application, pid: 18919
)} (error: (null))
2026-08-12 15:20:22.998 Df IlliniCover[18919:3c20dc] [com.apple.dt.xctest:Default] Replying to query  with results: <XCTElementQueryResults: 0x1211a4a50> (error: (null))
2026-08-12 15:20:23.957 Df IlliniCover[18919:3c20ce] [com.apple.KeyboardArbiter:Client] TX focusApplication (peekAppEvent) stealKB:Y scene:com.illinicover.app-default
2026-08-12 15:20:23.957 Df IlliniCover[18919:3c20ce] [com.apple.UIKit:EventDispatch] Evaluating dispatch of UIEvent: 0x106198c00; type: 0; subtype: 0; backing type: 11; shouldSend: 1; ignoreInteractionEvents: 0, systemGestureStateChange: 0
2026-08-12 15:20:23.957 Df IlliniCover[18919:3c20ce] [com.apple.UIKit:EventDispatch] Sending UIEvent type: 0; subtype: 0; to windows: 1
2026-08-12 15:20:23.958 Df IlliniCover[18919:3c20ce] [com.apple.UIKit:EventDispatch] Sending UIEvent type: 0; subtype: 0; to window: <UIWindow: 0x10621c400>; contextId: 0x3712C25E
2026-08-12 15:20:23.959 Df IlliniCover[18919:3c20ce] [com.apple.UIKit:EventDispatch] Evaluating dispatch of UIEvent: 0x106198c00; type: 0; subtype: 0; backing type: 11; shouldSend: 0; ignoreInteractionEvents: 0, systemGestureStateChange: 0
2026-08-12 15:20:23.972 Df IlliniCover[18919:3c20ce] [com.apple.UIKit:EventDispatch] Evaluating dispatch of UIEvent: 0x106198c00; type: 0; subtype: 0; backing type: 11; shouldSend: 0; ignoreInteractionEvents: 0, systemGestureStateChange: 0
2026-08-12 15:20:23.988 Df IlliniCover[18919:3c20ce] [com.apple.UIKit:EventDispatch] Evaluating dispatch of UIEvent: 0x106198c00; type: 0; subtype: 0; backing type: 11; shouldSend: 0; ignoreInteractionEvents: 0, systemGestureStateChange: 0
2026-08-12 15:20:24.005 Df IlliniCover[18919:3c20ce] [com.apple.UIKit:EventDispatch] Evaluating dispatch of UIEvent: 0x106198c00; type: 0; subtype: 0; backing type: 11; shouldSend: 0; ignoreInteractionEvents: 0, systemGestureStateChange: 0
2026-08-12 15:20:24.022 Df IlliniCover[18919:3c20ce] [com.apple.UIKit:EventDispatch] Evaluating dispatch of UIEvent: 0x106198c00; type: 0; subtype: 0; backing type: 11; shouldSend: 0; ignoreInteractionEvents: 0, systemGestureStateChange: 0
2026-08-12 15:20:24.038 Df IlliniCover[18919:3c20ce] [com.apple.UIKit:EventDispatch] Evaluating dispatch of UIEvent: 0x106198c00; type: 0; subtype: 0; backing type: 11; shouldSend: 0; ignoreInteractionEvents: 0, systemGestureStateChange: 1
2026-08-12 15:20:24.038 Df IlliniCover[18919:3c20ce] [com.apple.UIKit:EventDispatch] Evaluating dispatch of UIEvent: 0x106198c00; type: 0; subtype: 0; backing type: 11; shouldSend: 0; ignoreInteractionEvents: 0, systemGestureStateChange: 0
2026-08-12 15:20:24.039 A  IlliniCover[18919:3c20ce] (UIKitCore) send gesture actions
2026-08-12 15:20:24.055 Df IlliniCover[18919:3c20ce] [com.apple.UIKit:EventDispatch] Evaluating dispatch of UIEvent: 0x106198c00; type: 0; subtype: 0; backing type: 11; shouldSend: 0; ignoreInteractionEvents: 0, systemGestureStateChange: 0
2026-08-12 15:20:24.072 Df IlliniCover[18919:3c20ce] [com.apple.UIKit:EventDispatch] Evaluating dispatch of UIEvent: 0x106198c00; type: 0; subtype: 0; backing type: 11; shouldSend: 0; ignoreInteractionEvents: 0, systemGestureStateChange: 0
2026-08-12 15:20:24.072 Df IlliniCover[18919:3c20ce] [com.apple.UIKit:EventDispatch] Evaluating dispatch of UIEvent: 0x106198c00; type: 0; subtype: 0; backing type: 11; shouldSend: 1; ignoreInteractionEvents: 0, systemGestureStateChange: 0
2026-08-12 15:20:24.072 Df IlliniCover[18919:3c20ce] [com.apple.UIKit:EventDispatch] Sending UIEvent type: 0; subtype: 0; to windows: 1
2026-08-12 15:20:24.072 Df IlliniCover[18919:3c20ce] [com.apple.UIKit:EventDispatch] Sending UIEvent type: 0; subtype: 0; to window: <UIWindow: 0x10621c400>; contextId: 0x3712C25E
2026-08-12 15:20:24.072 A  IlliniCover[18919:3c20ce] (UIKitCore) send gesture actions
2026-08-12 15:20:24.107 Df IlliniCover[18919:3c20de] [com.apple.CFNetwork:Default] Task <B56ED51D-676C-44F5-999A-AE91EEDF0A4D>.<3> resuming, timeouts(0.0, 604800.0) qos(0x19) voucher((null)) activity(00000000-0000-0000-0000-000000000000)
2026-08-12 15:20:24.108 Df IlliniCover[18919:3c20e3] [com.apple.network:connection] [C3] event: client:connection_reused @4.001s
2026-08-12 15:20:24.109 Df IlliniCover[18919:3c20e3] [com.apple.CFNetwork:Default] Task <B56ED51D-676C-44F5-999A-AE91EEDF0A4D>.<3> now using Connection 3
2026-08-12 15:20:24.109 Df IlliniCover[18919:3c20e3] [com.apple.cfnetwork:h3stream] 0x11d8d9898 ID=4 Task <B56ED51D-676C-44F5-999A-AE91EEDF0A4D>.<3> sent request, body N 0
2026-08-12 15:20:24.111 E  IlliniCover[18919:3c20ce] [com.apple.UIKit:UIFocus] RCTScrollViewComponentView implements focusItemsInRect: - caching for linear focus movement is limited as long as this view is on screen.
2026-08-12 15:20:24.167 E  IlliniCover[18919:3c20ce] [com.apple.UIKit:Assert] button text attributes only respected for UIControlStateNormal, UIControlStateHighlighted, UIControlStateDisabled and UIControlStateFocused. state = 4 is interpreted as UIControlStateHighlighted.
2026-08-12 15:20:24.167 E  IlliniCover[18919:3c20ce] [com.apple.UIKit:Assert] button text attributes only respected for UIControlStateNormal, UIControlStateHighlighted, UIControlStateDisabled and UIControlStateFocused. state = 4 is interpreted as UIControlStateHighlighted.
2026-08-12 15:20:24.191 E  IlliniCover[18919:3c20ce] [com.apple.UIKit:Assert] button text attributes only respected for UIControlStateNormal, UIControlStateHighlighted, UIControlStateDisabled and UIControlStateFocused. state = 4 is interpreted as UIControlStateHighlighted.
2026-08-12 15:20:24.191 E  IlliniCover[18919:3c20ce] [com.apple.UIKit:Assert] button text attributes only respected for UIControlStateNormal, UIControlStateHighlighted, UIControlStateDisabled and UIControlStateFocused. state = 4 is interpreted as UIControlStateHighlighted.
2026-08-12 15:20:24.574 Df IlliniCover[18919:3c20de] [com.apple.cfnetwork:h3stream] 0x11d8d9898 ID=4 Task <B56ED51D-676C-44F5-999A-AE91EEDF0A4D>.<3> received response, status 200 content K
2026-08-12 15:20:24.574 Df IlliniCover[18919:3c20de] [com.apple.CFNetwork:Default] Task <B56ED51D-676C-44F5-999A-AE91EEDF0A4D>.<3> response ended
2026-08-12 15:20:24.574 Df IlliniCover[18919:3c20de] [com.apple.network:connection] [C3] event: client:connection_idle @4.467s
2026-08-12 15:20:24.574 Df IlliniCover[18919:3c20de] [com.apple.CFNetwork:Default] Task <B56ED51D-676C-44F5-999A-AE91EEDF0A4D>.<3> done using Connection 3
2026-08-12 15:20:24.575 Df IlliniCover[18919:3c20e2] [com.apple.CFNetwork:Summary] Task <B56ED51D-676C-44F5-999A-AE91EEDF0A4D>.<3> summary for task success {transaction_duration_ms=467, response_status=200, connection=3, reused=1, reused_after_ms=3164, request_start_ms=1, request_duration_ms=0, response_start_ms=466, response_duration_ms=0, request_bytes=402, request_throughput_kbps=10440, response_bytes=1881, response_throughput_kbps=18417, cache_hit=true}
2026-08-12 15:20:24.575 Df IlliniCover[18919:3c20e2] [com.apple.CFNetwork:Default] Task <B56ED51D-676C-44F5-999A-AE91EEDF0A4D>.<3> finished successfully
2026-08-12 15:20:25.167 Df IlliniCover[18919:3c20e0] [com.apple.dt.xctest:Default] Received request to fetch matches for query:
2026-08-12 15:20:25.167 Df IlliniCover[18919:3c20e0] [com.apple.dt.xctest:Default] Evaluating query:
2026-08-12 15:20:25.167 Df IlliniCover[18919:3c20e0] [com.apple.dt.xctest:Default] Getting root element snapshot
2026-08-12 15:20:25.167 Df IlliniCover[18919:3c20e0] [com.apple.dt.xctest:Default] Getting snapshot for App element pid: 18919 for query
2026-08-12 15:20:25.167 Df IlliniCover[18919:3c20e0] [com.apple.dt.xctest:Default] Query requires iOS snapshot attributes .
2026-08-12 15:20:25.167 Df IlliniCover[18919:3c20e0] [com.apple.dt.xctest:Default] XCTPerformOnMainRunLoop[not MT]: about to CFRunLoopPerform
2026-08-12 15:20:25.167 Df IlliniCover[18919:3c20e0] [com.apple.dt.xctest:Default] XCTPerformOnMainRunLoop[not MT]: waiting with 30.00s responsiveness timeout
2026-08-12 15:20:25.167 Df IlliniCover[18919:3c20ce] [com.apple.dt.xctest:Default] XCTPerformOnMainRunLoop[MT]: inside CFRunLoopPerform
2026-08-12 15:20:25.167 Df IlliniCover[18919:3c20ce] [com.apple.dt.xctest:Default] XCTPerformOnMainRunLoop[MT]: MT responded in time (won the race to the busy flag)
2026-08-12 15:20:25.167 Df IlliniCover[18919:3c20e0] [com.apple.dt.xctest:Default] XCTPerformOnMainRunLoop[not MT]: waiting 60.00s for work to complete
2026-08-12 15:20:25.168 Df IlliniCover[18919:3c20ce] [com.apple.dt.xctest:Default] Got main window <AXUIElementRef 0x121760540> {pid=18919} {uid=[ID:4 hash:0x10621c400]}
2026-08-12 15:20:25.168 Df IlliniCover[18919:3c20ce] [com.apple.dt.xctest:Default] Capturing hierarchy with attributes XC_kAXXCAttributeElementType, XC_kAXXCAttributeElementBaseType, XC_kAXXCAttributeParent, XC_kAXXCAttributeIdentifier, XC_kAXXCAttributeAutomationType, XC_kAXXCAttributeTraits
2026-08-12 15:20:25.168 Df IlliniCover[18919:3c20ce] [com.apple.dt.xctest:Default] Capturing hierarchy with parameters {
    attributes =     (
        5003,
        5004,
        5002,
        5019,
        5058,
        2004
    );
    maxArrayCount = 2147483647;
    maxChildren = 2147483647;
    maxDepth = 2147483647;
    snapshotKeyHonorModalViews = 0;
    traverseFromParentsToChildren = 1;
}
2026-08-12 15:20:25.168 Df IlliniCover[18919:3c20ce] [com.apple.dt.xctest:Default] Snapshot attributes 5003, 5004, 5002, 5019, 5058, 2004
2026-08-12 15:20:25.244 Df IlliniCover[18919:3c20ce] [com.apple.dt.xctest:Default] Got snapshot for <AXUIElementRef 0x1210c1770> {pid=18919} {uid=[ID:1 hash:0x0]}
2026-08-12 15:20:25.244 Df IlliniCover[18919:3c20ce] [com.apple.dt.xctest:Default] Got app orientation 0
2026-08-12 15:20:25.244 Df IlliniCover[18919:3c20ce] [com.apple.dt.xctest:Default] Captured accessibility snapshot data in 0.08s
2026-08-12 15:20:25.244 Df IlliniCover[18919:3c20e0] [com.apple.dt.xctest:Default] Found main window: Window
2026-08-12 15:20:25.244 Df IlliniCover[18919:3c20e0] [com.apple.dt.xctest:Default] Preferring automation type 48 instead of legacy element type OTHER derived from class/trait: UILabel:UILabel 8590000128
2026-08-12 15:20:25.245 Df IlliniCover[18919:3c20e0] [com.apple.dt.xctest:Default] Other is not actually a child of Other, including at this point anyway (rdar://problem/20738636)
2026-08-12 15:20:25.245 Df IlliniCover[18919:3c20e0] [com.apple.dt.xctest:Default] Other is not actually a child of Other, including at this point anyway (rdar://problem/20738636)
2026-08-12 15:20:25.245 Df IlliniCover[18919:3c20e0] [com.apple.dt.xctest:Default] Other is not actually a child of Other, including at this point anyway (rdar://problem/20738636)
2026-08-12 15:20:25.245 Df IlliniCover[18919:3c20e0] [com.apple.dt.xctest:Default] Other is not actually a child of Other, including at this point anyway (rdar://problem/20738636)
2026-08-12 15:20:25.245 Df IlliniCover[18919:3c20e0] [com.apple.dt.xctest:Default] Other is not actually a child of Other, including at this point anyway (rdar://problem/20738636)
2026-08-12 15:20:25.245 Df IlliniCover[18919:3c20e0] [com.apple.dt.xctest:Default] Other is not actually a child of Other, including at this point anyway (rdar://problem/20738636)
2026-08-12 15:20:25.245 Df IlliniCover[18919:3c20e0] [com.apple.dt.xctest:Default] Other is not actually a child of Other, including at this point anyway (rdar://problem/20738636)
2026-08-12 15:20:25.245 Df IlliniCover[18919:3c20e0] [com.apple.dt.xctest:Default] Other is not actually a child of Other, including at this point anyway (rdar://problem/20738636)
2026-08-12 15:20:25.245 Df IlliniCover[18919:3c20e0] [com.apple.dt.xctest:Default] Other is not actually a child of Other, including at this point anyway (rdar://problem/20738636)
2026-08-12 15:20:25.245 Df IlliniCover[18919:3c20e0] [com.apple.dt.xctest:Default] Other is not actually a child of Other, including at this point anyway (rdar://problem/20738636)
2026-08-12 15:20:25.246 Df IlliniCover[18919:3c20e0] [com.apple.dt.xctest:Default] Other is not actually a child of Other, including at this point anyway (rdar://problem/20738636)
2026-08-12 15:20:25.246 Df IlliniCover[18919:3c20e0] [com.apple.dt.xctest:Default] Other is not actually a child of Other, including at this point anyway (rdar://problem/20738636)
2026-08-12 15:20:25.246 Df IlliniCover[18919:3c20e0] [com.apple.dt.xctest:Default] App orientation is 0 (not portrait) and UITextEffectsWindow window Window is not main window
2026-08-12 15:20:25.246 Df IlliniCover[18919:3c20e0] [com.apple.dt.xctest:Default] Leaving frame unchanged for Window: either already correct or we can't detect it.
2026-08-12 15:20:25.246 Df IlliniCover[18919:3c20e0] [com.apple.dt.xctest:Default] Query  found matching snapshots: {(
    Application, pid: 18919
)} (error: (null))
2026-08-12 15:20:25.246 Df IlliniCover[18919:3c20e0] [com.apple.dt.xctest:Default] Replying to query  with results: <XCTElementQueryResults: 0x1217b59e0> (error: (null))
2026-08-12 15:20:25.422 Df IlliniCover[18919:3c20e0] [com.apple.dt.xctest:Default] Received request to fetch matches for query:
2026-08-12 15:20:25.422 Df IlliniCover[18919:3c20e2] [com.apple.dt.xctest:Default] Evaluating query:
2026-08-12 15:20:25.422 Df IlliniCover[18919:3c20e2] [com.apple.dt.xctest:Default] Getting root element snapshot
2026-08-12 15:20:25.422 Df IlliniCover[18919:3c20e2] [com.apple.dt.xctest:Default] Getting snapshot for App element pid: 18919 for query
2026-08-12 15:20:25.422 Df IlliniCover[18919:3c20e2] [com.apple.dt.xctest:Default] Query requires iOS snapshot attributes .
2026-08-12 15:20:25.422 Df IlliniCover[18919:3c20e2] [com.apple.dt.xctest:Default] XCTPerformOnMainRunLoop[not MT]: about to CFRunLoopPerform
2026-08-12 15:20:25.422 Df IlliniCover[18919:3c20e2] [com.apple.dt.xctest:Default] XCTPerformOnMainRunLoop[not MT]: waiting with 30.00s responsiveness timeout
2026-08-12 15:20:25.422 Df IlliniCover[18919:3c20ce] [com.apple.dt.xctest:Default] XCTPerformOnMainRunLoop[MT]: inside CFRunLoopPerform
2026-08-12 15:20:25.422 Df IlliniCover[18919:3c20ce] [com.apple.dt.xctest:Default] XCTPerformOnMainRunLoop[MT]: MT responded in time (won the race to the busy flag)
2026-08-12 15:20:25.422 Df IlliniCover[18919:3c20e2] [com.apple.dt.xctest:Default] XCTPerformOnMainRunLoop[not MT]: waiting 60.00s for work to complete
2026-08-12 15:20:25.423 Df IlliniCover[18919:3c20ce] [com.apple.dt.xctest:Default] Got main window <AXUIElementRef 0x1217a96b0> {pid=18919} {uid=[ID:4 hash:0x10621c400]}
2026-08-12 15:20:25.423 Df IlliniCover[18919:3c20ce] [com.apple.dt.xctest:Default] Capturing hierarchy with attributes XC_kAXXCAttributeElementType, XC_kAXXCAttributeElementBaseType, XC_kAXXCAttributeParent, XC_kAXXCAttributeIdentifier, XC_kAXXCAttributeAutomationType, XC_kAXXCAttributeTraits
2026-08-12 15:20:25.423 Df IlliniCover[18919:3c20ce] [com.apple.dt.xctest:Default] Capturing hierarchy with parameters {
    attributes =     (
        5003,
        5004,
        5002,
        5019,
        5058,
        2004
    );
    maxArrayCount = 2147483647;
    maxChildren = 2147483647;
    maxDepth = 2147483647;
    snapshotKeyHonorModalViews = 0;
    traverseFromParentsToChildren = 1;
}
2026-08-12 15:20:25.423 Df IlliniCover[18919:3c20ce] [com.apple.dt.xctest:Default] Snapshot attributes 5003, 5004, 5002, 5019, 5058, 2004
2026-08-12 15:20:25.494 Df IlliniCover[18919:3c20ce] [com.apple.dt.xctest:Default] Got snapshot for <AXUIElementRef 0x1210c2ac0> {pid=18919} {uid=[ID:1 hash:0x0]}
2026-08-12 15:20:25.494 Df IlliniCover[18919:3c20ce] [com.apple.dt.xctest:Default] Got app orientation 0
2026-08-12 15:20:25.494 Df IlliniCover[18919:3c20ce] [com.apple.dt.xctest:Default] Captured accessibility snapshot data in 0.07s
2026-08-12 15:20:25.494 Df IlliniCover[18919:3c20e2] [com.apple.dt.xctest:Default] Found main window: Window
2026-08-12 15:20:25.494 Df IlliniCover[18919:3c20e2] [com.apple.dt.xctest:Default] Preferring automation type 48 instead of legacy element type OTHER derived from class/trait: UILabel:UILabel 8590000128
2026-08-12 15:20:25.495 Df IlliniCover[18919:3c20e2] [com.apple.dt.xctest:Default] Other is not actually a child of Other, including at this point anyway (rdar://problem/20738636)
2026-08-12 15:20:25.495 Df IlliniCover[18919:3c20e2] [com.apple.dt.xctest:Default] Other is not actually a child of Other, including at this point anyway (rdar://problem/20738636)
2026-08-12 15:20:25.495 Df IlliniCover[18919:3c20e2] [com.apple.dt.xctest:Default] Other is not actually a child of Other, including at this point anyway (rdar://problem/20738636)
2026-08-12 15:20:25.495 Df IlliniCover[18919:3c20e2] [com.apple.dt.xctest:Default] Other is not actually a child of Other, including at this point anyway (rdar://problem/20738636)
2026-08-12 15:20:25.495 Df IlliniCover[18919:3c20e2] [com.apple.dt.xctest:Default] Other is not actually a child of Other, including at this point anyway (rdar://problem/20738636)
2026-08-12 15:20:25.495 Df IlliniCover[18919:3c20e2] [com.apple.dt.xctest:Default] Other is not actually a child of Other, including at this point anyway (rdar://problem/20738636)
2026-08-12 15:20:25.495 Df IlliniCover[18919:3c20e2] [com.apple.dt.xctest:Default] Other is not actually a child of Other, including at this point anyway (rdar://problem/20738636)
2026-08-12 15:20:25.495 Df IlliniCover[18919:3c20e2] [com.apple.dt.xctest:Default] Other is not actually a child of Other, including at this point anyway (rdar://problem/20738636)
2026-08-12 15:20:25.495 Df IlliniCover[18919:3c20e2] [com.apple.dt.xctest:Default] Other is not actually a child of Other, including at this point anyway (rdar://problem/20738636)
2026-08-12 15:20:25.495 Df IlliniCover[18919:3c20e2] [com.apple.dt.xctest:Default] Other is not actually a child of Other, including at this point anyway (rdar://problem/20738636)
2026-08-12 15:20:25.495 Df IlliniCover[18919:3c20e2] [com.apple.dt.xctest:Default] Other is not actually a child of Other, including at this point anyway (rdar://problem/20738636)
2026-08-12 15:20:25.495 Df IlliniCover[18919:3c20e2] [com.apple.dt.xctest:Default] Other is not actually a child of Other, including at this point anyway (rdar://problem/20738636)
2026-08-12 15:20:25.496 Df IlliniCover[18919:3c20e2] [com.apple.dt.xctest:Default] App orientation is 0 (not portrait) and UITextEffectsWindow window Window is not main window
2026-08-12 15:20:25.496 Df IlliniCover[18919:3c20e2] [com.apple.dt.xctest:Default] Leaving frame unchanged for Window: either already correct or we can't detect it.
2026-08-12 15:20:25.496 Df IlliniCover[18919:3c20e2] [com.apple.dt.xctest:Default] Query  found matching snapshots: {(
    Application, pid: 18919
)} (error: (null))
2026-08-12 15:20:25.496 Df IlliniCover[18919:3c20e2] [com.apple.dt.xctest:Default] Replying to query  with results: <XCTElementQueryResults: 0x121777480> (error: (null))
2026-08-12 15:20:26.298 Df IlliniCover[18919:3c20e0] [com.apple.xpc:connection] [0x106178600] invalidated because the client process (pid 18864) either cancelled the connection or exited
2026-08-12 15:20:26.298 Df IlliniCover[18919:3c20e0] [com.apple.dt.xctest:Default] Connection from client with pid 18864 was invalidated.
2026-08-12 15:20:26.304 Df IlliniCover[18919:3c20e0] [com.apple.dt.automationmode:Default] Handling posted change notification (com.apple.dt.automationmode.state-changed)
2026-08-12 15:20:26.304 Df IlliniCover[18919:3c20e0] [com.apple.dt.automationmode:Default] XAM shared observer connecting to com.apple.dt.automationmode.reader
2026-08-12 15:20:26.304 Df IlliniCover[18919:3c20e0] [com.apple.xpc:connection] [0x12252d680] activating connection: mach=true listener=false peer=false name=com.apple.dt.automationmode.reader
2026-08-12 15:20:26.306 Df IlliniCover[18919:3c20e0] [com.apple.xpc:connection] [0x12252d680] invalidated because the current process cancelled the connection by calling xpc_connection_cancel()
2026-08-12 15:20:26.306 Df IlliniCover[18919:3c20e0] [com.apple.dt.automationmode:Default] Comparing previous enabled state (1) to current enabled state (0)
2026-08-12 15:20:26.306 Df IlliniCover[18919:3c20e3] [com.apple.dt.xctest:Default] Automation Mode has been disabled, existing connections will be invalidated.
2026-08-12 15:20:27.204 Df IlliniCover[18919:3c20dd] [com.apple.launchservices:db] NotifyToken::RegisterDispatch(com.apple.LaunchServices.database) fired for session key LSSessionKey(system: 0 uid: 501)
