Timestamp               Ty Process[PID:TID]
2026-08-12 16:08:22.675 Df IlliniCover[43047:3ee4ac] [com.apple.UIKit:EventDispatch] Evaluating dispatch of UIEvent: 0x105995300; type: 0; subtype: 0; backing type: 11; shouldSend: 0; ignoreInteractionEvents: 0, systemGestureStateChange: 0
2026-08-12 16:08:22.676 A  IlliniCover[43047:3ee4ac] (UIKitCore) send gesture actions
2026-08-12 16:08:22.691 Df IlliniCover[43047:3ee4ac] [com.apple.UIKit:EventDispatch] Evaluating dispatch of UIEvent: 0x105995300; type: 0; subtype: 0; backing type: 11; shouldSend: 0; ignoreInteractionEvents: 0, systemGestureStateChange: 0
2026-08-12 16:08:22.693 A  IlliniCover[43047:3ee4ac] (UIKitCore) send gesture actions
2026-08-12 16:08:22.708 Df IlliniCover[43047:3ee4ac] [com.apple.UIKit:EventDispatch] Evaluating dispatch of UIEvent: 0x105995300; type: 0; subtype: 0; backing type: 11; shouldSend: 0; ignoreInteractionEvents: 0, systemGestureStateChange: 0
2026-08-12 16:08:22.709 A  IlliniCover[43047:3ee4ac] (UIKitCore) send gesture actions
2026-08-12 16:08:22.725 Df IlliniCover[43047:3ee4ac] [com.apple.UIKit:EventDispatch] Evaluating dispatch of UIEvent: 0x105995300; type: 0; subtype: 0; backing type: 11; shouldSend: 0; ignoreInteractionEvents: 0, systemGestureStateChange: 0
2026-08-12 16:08:22.726 A  IlliniCover[43047:3ee4ac] (UIKitCore) send gesture actions
2026-08-12 16:08:22.741 Df IlliniCover[43047:3ee4ac] [com.apple.UIKit:EventDispatch] Evaluating dispatch of UIEvent: 0x105995300; type: 0; subtype: 0; backing type: 11; shouldSend: 0; ignoreInteractionEvents: 0, systemGestureStateChange: 0
2026-08-12 16:08:22.742 A  IlliniCover[43047:3ee4ac] (UIKitCore) send gesture actions
2026-08-12 16:08:22.758 Df IlliniCover[43047:3ee4ac] [com.apple.UIKit:EventDispatch] Evaluating dispatch of UIEvent: 0x105995300; type: 0; subtype: 0; backing type: 11; shouldSend: 0; ignoreInteractionEvents: 0, systemGestureStateChange: 0
2026-08-12 16:08:22.759 A  IlliniCover[43047:3ee4ac] (UIKitCore) send gesture actions
2026-08-12 16:08:22.775 Df IlliniCover[43047:3ee4ac] [com.apple.UIKit:EventDispatch] Evaluating dispatch of UIEvent: 0x105995300; type: 0; subtype: 0; backing type: 11; shouldSend: 0; ignoreInteractionEvents: 0, systemGestureStateChange: 0
2026-08-12 16:08:22.776 A  IlliniCover[43047:3ee4ac] (UIKitCore) send gesture actions
2026-08-12 16:08:22.791 Df IlliniCover[43047:3ee4ac] [com.apple.UIKit:EventDispatch] Evaluating dispatch of UIEvent: 0x105995300; type: 0; subtype: 0; backing type: 11; shouldSend: 0; ignoreInteractionEvents: 0, systemGestureStateChange: 0
2026-08-12 16:08:22.792 A  IlliniCover[43047:3ee4ac] (UIKitCore) send gesture actions
2026-08-12 16:08:22.808 Df IlliniCover[43047:3ee4ac] [com.apple.UIKit:EventDispatch] Evaluating dispatch of UIEvent: 0x105995300; type: 0; subtype: 0; backing type: 11; shouldSend: 0; ignoreInteractionEvents: 0, systemGestureStateChange: 0
2026-08-12 16:08:22.809 A  IlliniCover[43047:3ee4ac] (UIKitCore) send gesture actions
2026-08-12 16:08:22.825 Df IlliniCover[43047:3ee4ac] [com.apple.UIKit:EventDispatch] Evaluating dispatch of UIEvent: 0x105995300; type: 0; subtype: 0; backing type: 11; shouldSend: 0; ignoreInteractionEvents: 0, systemGestureStateChange: 0
2026-08-12 16:08:22.825 A  IlliniCover[43047:3ee4ac] (UIKitCore) send gesture actions
2026-08-12 16:08:22.841 Df IlliniCover[43047:3ee4ac] [com.apple.UIKit:EventDispatch] Evaluating dispatch of UIEvent: 0x105995300; type: 0; subtype: 0; backing type: 11; shouldSend: 0; ignoreInteractionEvents: 0, systemGestureStateChange: 0
2026-08-12 16:08:22.843 A  IlliniCover[43047:3ee4ac] (UIKitCore) send gesture actions
2026-08-12 16:08:22.858 Df IlliniCover[43047:3ee4ac] [com.apple.UIKit:EventDispatch] Evaluating dispatch of UIEvent: 0x105995300; type: 0; subtype: 0; backing type: 11; shouldSend: 0; ignoreInteractionEvents: 0, systemGestureStateChange: 0
2026-08-12 16:08:22.859 A  IlliniCover[43047:3ee4ac] (UIKitCore) send gesture actions
2026-08-12 16:08:22.875 Df IlliniCover[43047:3ee4ac] [com.apple.UIKit:EventDispatch] Evaluating dispatch of UIEvent: 0x105995300; type: 0; subtype: 0; backing type: 11; shouldSend: 0; ignoreInteractionEvents: 0, systemGestureStateChange: 0
2026-08-12 16:08:22.877 A  IlliniCover[43047:3ee4ac] (UIKitCore) send gesture actions
2026-08-12 16:08:22.892 Df IlliniCover[43047:3ee4ac] [com.apple.UIKit:EventDispatch] Evaluating dispatch of UIEvent: 0x105995300; type: 0; subtype: 0; backing type: 11; shouldSend: 0; ignoreInteractionEvents: 0, systemGestureStateChange: 0
2026-08-12 16:08:22.893 A  IlliniCover[43047:3ee4ac] (UIKitCore) send gesture actions
2026-08-12 16:08:22.908 Df IlliniCover[43047:3ee4ac] [com.apple.UIKit:EventDispatch] Evaluating dispatch of UIEvent: 0x105995300; type: 0; subtype: 0; backing type: 11; shouldSend: 0; ignoreInteractionEvents: 0, systemGestureStateChange: 0
2026-08-12 16:08:22.909 A  IlliniCover[43047:3ee4ac] (UIKitCore) send gesture actions
2026-08-12 16:08:22.925 Df IlliniCover[43047:3ee4ac] [com.apple.UIKit:EventDispatch] Evaluating dispatch of UIEvent: 0x105995300; type: 0; subtype: 0; backing type: 11; shouldSend: 0; ignoreInteractionEvents: 0, systemGestureStateChange: 0
2026-08-12 16:08:22.926 A  IlliniCover[43047:3ee4ac] (UIKitCore) send gesture actions
2026-08-12 16:08:22.941 Df IlliniCover[43047:3ee4ac] [com.apple.UIKit:EventDispatch] Evaluating dispatch of UIEvent: 0x105995300; type: 0; subtype: 0; backing type: 11; shouldSend: 0; ignoreInteractionEvents: 0, systemGestureStateChange: 0
2026-08-12 16:08:22.943 A  IlliniCover[43047:3ee4ac] (UIKitCore) send gesture actions
2026-08-12 16:08:22.964 Df IlliniCover[43047:3ee4ac] [com.apple.UIKit:UIFocusSystemSceneComponent] Override focusSystemState: (ENABLED) for reason(s): {(
    "<UIContextMenuInteraction 0x108e92f80>"
)}
2026-08-12 16:08:22.964 Df IlliniCover[43047:3ee4ac] [com.apple.UIKit:InterfaceStyle] Not push traits update to screen for new style 2, <UIWindowScene: 0x108c67800> (2050C5AC-6A26-42BC-8E8F-FBAE5EDC0388)
2026-08-12 16:08:22.977 Df IlliniCover[43047:3ee4ac] [com.apple.UIKit:UIPeripheralHost] setDeactivatedKeyboard: 1 forScene: (null) forSuppressionAssertion: 1
2026-08-12 16:08:22.977 Df IlliniCover[43047:3ee4ac] [com.apple.UIKit:UIPeripheralHost] setDeactivatedKeyboard, shouldUpdatePlacement: 1
2026-08-12 16:08:22.977 Df IlliniCover[43047:3ee4ac] [com.apple.UIKit:KeyboardSceneDelegate] _placementForDeactivatedKeyboard, deactivated: 1, curPlacement: <UIInputViewSetPlacementOffScreenDown>, forSuppressionAssertion: 1 -> <UIInputViewSetPlacementOffScreenDown>
2026-08-12 16:08:22.977 Df IlliniCover[43047:3ee4ac] [com.apple.UIKit:TrackingElementWindowController] setPlacementChangeDisabled: 1, placement: <UIInputViewSetPlacementOffScreenDown> (self: <UITrackingElementWindowController: 0x105a05400>)
2026-08-12 16:08:22.977 Df IlliniCover[43047:3ee4ac] [com.apple.UIKit:TrackingElementWindowController] Moving from placement: <UIInputViewSetPlacementOffScreenDown> to placement: <UIInputViewSetPlacementOffScreenDown> (currentPlacement: <UIInputViewSetPlacementOffScreenDown>)
2026-08-12 16:08:22.978 Df IlliniCover[43047:3ee4ac] [com.apple.UIKit:UIPeripheralHost] endPlacementForInputViewSet: <<UIInputViewSet: 0x11d35e340>; (empty)> windowScene: <UIWindowScene: 0x108c67800; role: UIWindowSceneSessionRoleApplication; persistentIdentifier: 2050C5AC-6A26-42BC-8E8F-FBAE5EDC0388; activationState: UISceneActivationStateForegroundActive>
2026-08-12 16:08:22.979 Df IlliniCover[43047:3ee4ac] [com.apple.UIKit:TrackingElementWindowController] updatePlacementWithPlacement: <UIInputViewSetPlacementOffScreenDown>
2026-08-12 16:08:23.017 F  IlliniCover[43047:3ee4ac] [com.apple.runtime-issues:SwiftUI] Adding '_UIReparentingView' as a subview of UIHostingController.view is not supported and may result in a broken view hierarchy. Add your view above UIHostingController.view in a common superview or insert it into your SwiftUI content in a UIViewRepresentable instead.
2026-08-12 16:08:23.017 A  IlliniCover[43047:3ee4ac] (libsystem_trace.dylib) Activity for state dumps
2026-08-12 16:08:23.021 Df IlliniCover[43047:3ee4ac] [com.apple.UIKit:UICMILifecycle] performAllAnimations for animator: <_UIContextMenuAnimator: 0x121b04ea0>
2026-08-12 16:08:23.024 Sd IlliniCover[43047:0] (21AB2359-DEEC-3444-94FE-B7257E43BE34) IOHIDManager State
{
    DispatchQueue = 0;
    RunLoop = 1;
    createOptions = 0;
    isOpen = 0;
    openOptions = 0;
}
2026-08-12 16:08:23.025 Df IlliniCover[43047:3ee4ac] [com.apple.UIKit:EventDispatch] Evaluating dispatch of UIEvent: 0x105995300; type: 0; subtype: 0; backing type: 11; shouldSend: 0; ignoreInteractionEvents: 0, systemGestureStateChange: 0
2026-08-12 16:08:23.033 A  IlliniCover[43047:3ee4ac] (UIKitCore) send gesture actions
2026-08-12 16:08:23.033 A  IlliniCover[43047:3ee4ac] (UIKitCore) send gesture actions
2026-08-12 16:08:23.033 A  IlliniCover[43047:3ee4ac] (UIKitCore) send gesture actions
2026-08-12 16:08:23.041 Df IlliniCover[43047:3ee4ac] [com.apple.UIKit:EventDispatch] Evaluating dispatch of UIEvent: 0x105995300; type: 0; subtype: 0; backing type: 11; shouldSend: 0; ignoreInteractionEvents: 0, systemGestureStateChange: 0
2026-08-12 16:08:23.058 Df IlliniCover[43047:3ee4ac] [com.apple.UIKit:EventDispatch] Evaluating dispatch of UIEvent: 0x105995300; type: 0; subtype: 0; backing type: 11; shouldSend: 0; ignoreInteractionEvents: 0, systemGestureStateChange: 0
2026-08-12 16:08:23.075 Df IlliniCover[43047:3ee4ac] [com.apple.UIKit:EventDispatch] Evaluating dispatch of UIEvent: 0x105995300; type: 0; subtype: 0; backing type: 11; shouldSend: 0; ignoreInteractionEvents: 0, systemGestureStateChange: 0
2026-08-12 16:08:23.091 Df IlliniCover[43047:3ee4ac] [com.apple.UIKit:EventDispatch] Evaluating dispatch of UIEvent: 0x105995300; type: 0; subtype: 0; backing type: 11; shouldSend: 0; ignoreInteractionEvents: 0, systemGestureStateChange: 0
2026-08-12 16:08:23.108 Df IlliniCover[43047:3ee4ac] [com.apple.UIKit:EventDispatch] Evaluating dispatch of UIEvent: 0x105995300; type: 0; subtype: 0; backing type: 11; shouldSend: 0; ignoreInteractionEvents: 0, systemGestureStateChange: 0
2026-08-12 16:08:23.125 Df IlliniCover[43047:3ee4ac] [com.apple.UIKit:EventDispatch] Evaluating dispatch of UIEvent: 0x105995300; type: 0; subtype: 0; backing type: 11; shouldSend: 0; ignoreInteractionEvents: 0, systemGestureStateChange: 0
2026-08-12 16:08:23.141 Df IlliniCover[43047:3ee4ac] [com.apple.UIKit:EventDispatch] Evaluating dispatch of UIEvent: 0x105995300; type: 0; subtype: 0; backing type: 11; shouldSend: 0; ignoreInteractionEvents: 0, systemGestureStateChange: 0
2026-08-12 16:08:23.158 Df IlliniCover[43047:3ee4ac] [com.apple.UIKit:EventDispatch] Evaluating dispatch of UIEvent: 0x105995300; type: 0; subtype: 0; backing type: 11; shouldSend: 0; ignoreInteractionEvents: 0, systemGestureStateChange: 0
2026-08-12 16:08:23.175 Df IlliniCover[43047:3ee4ac] [com.apple.UIKit:EventDispatch] Evaluating dispatch of UIEvent: 0x105995300; type: 0; subtype: 0; backing type: 11; shouldSend: 0; ignoreInteractionEvents: 0, systemGestureStateChange: 0
2026-08-12 16:08:23.191 Df IlliniCover[43047:3ee4ac] [com.apple.UIKit:EventDispatch] Evaluating dispatch of UIEvent: 0x105995300; type: 0; subtype: 0; backing type: 11; shouldSend: 0; ignoreInteractionEvents: 0, systemGestureStateChange: 0
2026-08-12 16:08:23.208 Df IlliniCover[43047:3ee4ac] [com.apple.UIKit:EventDispatch] Evaluating dispatch of UIEvent: 0x105995300; type: 0; subtype: 0; backing type: 11; shouldSend: 0; ignoreInteractionEvents: 0, systemGestureStateChange: 0
2026-08-12 16:08:23.225 Df IlliniCover[43047:3ee4ac] [com.apple.UIKit:EventDispatch] Evaluating dispatch of UIEvent: 0x105995300; type: 0; subtype: 0; backing type: 11; shouldSend: 0; ignoreInteractionEvents: 0, systemGestureStateChange: 0
2026-08-12 16:08:23.241 Df IlliniCover[43047:3ee4ac] [com.apple.UIKit:EventDispatch] Evaluating dispatch of UIEvent: 0x105995300; type: 0; subtype: 0; backing type: 11; shouldSend: 0; ignoreInteractionEvents: 0, systemGestureStateChange: 0
2026-08-12 16:08:23.258 Df IlliniCover[43047:3ee4ac] [com.apple.UIKit:EventDispatch] Evaluating dispatch of UIEvent: 0x105995300; type: 0; subtype: 0; backing type: 11; shouldSend: 0; ignoreInteractionEvents: 0, systemGestureStateChange: 0
2026-08-12 16:08:23.275 Df IlliniCover[43047:3ee4ac] [com.apple.UIKit:EventDispatch] Evaluating dispatch of UIEvent: 0x105995300; type: 0; subtype: 0; backing type: 11; shouldSend: 0; ignoreInteractionEvents: 0, systemGestureStateChange: 0
2026-08-12 16:08:23.292 Df IlliniCover[43047:3ee4ac] [com.apple.UIKit:EventDispatch] Evaluating dispatch of UIEvent: 0x105995300; type: 0; subtype: 0; backing type: 11; shouldSend: 0; ignoreInteractionEvents: 0, systemGestureStateChange: 0
2026-08-12 16:08:23.308 Df IlliniCover[43047:3ee4ac] [com.apple.UIKit:EventDispatch] Evaluating dispatch of UIEvent: 0x105995300; type: 0; subtype: 0; backing type: 11; shouldSend: 0; ignoreInteractionEvents: 0, systemGestureStateChange: 0
2026-08-12 16:08:23.325 Df IlliniCover[43047:3ee4ac] [com.apple.UIKit:EventDispatch] Evaluating dispatch of UIEvent: 0x105995300; type: 0; subtype: 0; backing type: 11; shouldSend: 0; ignoreInteractionEvents: 0, systemGestureStateChange: 0
2026-08-12 16:08:23.341 Df IlliniCover[43047:3ee4ac] [com.apple.UIKit:EventDispatch] Evaluating dispatch of UIEvent: 0x105995300; type: 0; subtype: 0; backing type: 11; shouldSend: 0; ignoreInteractionEvents: 0, systemGestureStateChange: 0
2026-08-12 16:08:23.358 Df IlliniCover[43047:3ee4ac] [com.apple.UIKit:EventDispatch] Evaluating dispatch of UIEvent: 0x105995300; type: 0; subtype: 0; backing type: 11; shouldSend: 0; ignoreInteractionEvents: 0, systemGestureStateChange: 0
2026-08-12 16:08:23.375 Df IlliniCover[43047:3ee4ac] [com.apple.UIKit:EventDispatch] Evaluating dispatch of UIEvent: 0x105995300; type: 0; subtype: 0; backing type: 11; shouldSend: 0; ignoreInteractionEvents: 0, systemGestureStateChange: 0
2026-08-12 16:08:23.391 Df IlliniCover[43047:3ee4ac] [com.apple.UIKit:EventDispatch] Evaluating dispatch of UIEvent: 0x105995300; type: 0; subtype: 0; backing type: 11; shouldSend: 0; ignoreInteractionEvents: 0, systemGestureStateChange: 0
2026-08-12 16:08:23.408 Df IlliniCover[43047:3ee4ac] [com.apple.UIKit:EventDispatch] Evaluating dispatch of UIEvent: 0x105995300; type: 0; subtype: 0; backing type: 11; shouldSend: 0; ignoreInteractionEvents: 0, systemGestureStateChange: 0
2026-08-12 16:08:23.425 Df IlliniCover[43047:3ee4ac] [com.apple.UIKit:EventDispatch] Evaluating dispatch of UIEvent: 0x105995300; type: 0; subtype: 0; backing type: 11; shouldSend: 0; ignoreInteractionEvents: 0, systemGestureStateChange: 0
2026-08-12 16:08:23.441 Df IlliniCover[43047:3ee4ac] [com.apple.UIKit:EventDispatch] Evaluating dispatch of UIEvent: 0x105995300; type: 0; subtype: 0; backing type: 11; shouldSend: 0; ignoreInteractionEvents: 0, systemGestureStateChange: 0
2026-08-12 16:08:23.458 Df IlliniCover[43047:3ee4ac] [com.apple.UIKit:EventDispatch] Evaluating dispatch of UIEvent: 0x105995300; type: 0; subtype: 0; backing type: 11; shouldSend: 0; ignoreInteractionEvents: 0, systemGestureStateChange: 0
2026-08-12 16:08:23.475 Df IlliniCover[43047:3ee4ac] [com.apple.UIKit:EventDispatch] Evaluating dispatch of UIEvent: 0x105995300; type: 0; subtype: 0; backing type: 11; shouldSend: 0; ignoreInteractionEvents: 0, systemGestureStateChange: 0
2026-08-12 16:08:23.491 Df IlliniCover[43047:3ee4ac] [com.apple.UIKit:EventDispatch] Evaluating dispatch of UIEvent: 0x105995300; type: 0; subtype: 0; backing type: 11; shouldSend: 0; ignoreInteractionEvents: 0, systemGestureStateChange: 0
2026-08-12 16:08:23.508 Df IlliniCover[43047:3ee4ac] [com.apple.UIKit:EventDispatch] Evaluating dispatch of UIEvent: 0x105995300; type: 0; subtype: 0; backing type: 11; shouldSend: 0; ignoreInteractionEvents: 0, systemGestureStateChange: 0
2026-08-12 16:08:23.525 Df IlliniCover[43047:3ee4ac] [com.apple.UIKit:EventDispatch] Evaluating dispatch of UIEvent: 0x105995300; type: 0; subtype: 0; backing type: 11; shouldSend: 0; ignoreInteractionEvents: 0, systemGestureStateChange: 0
2026-08-12 16:08:23.525 Df IlliniCover[43047:3ee4ac] [com.apple.UIKit:UICMILifecycle] _animateUsingFluidSpringWithType 0 completion: finished 1, retargeted 0, count: 0
2026-08-12 16:08:23.541 Df IlliniCover[43047:3ee4ac] [com.apple.UIKit:EventDispatch] Evaluating dispatch of UIEvent: 0x105995300; type: 0; subtype: 0; backing type: 11; shouldSend: 0; ignoreInteractionEvents: 0, systemGestureStateChange: 0
2026-08-12 16:08:23.558 Df IlliniCover[43047:3ee4ac] [com.apple.UIKit:EventDispatch] Evaluating dispatch of UIEvent: 0x105995300; type: 0; subtype: 0; backing type: 11; shouldSend: 0; ignoreInteractionEvents: 0, systemGestureStateChange: 0
2026-08-12 16:08:23.575 Df IlliniCover[43047:3ee4ac] [com.apple.UIKit:EventDispatch] Evaluating dispatch of UIEvent: 0x105995300; type: 0; subtype: 0; backing type: 11; shouldSend: 0; ignoreInteractionEvents: 0, systemGestureStateChange: 0
2026-08-12 16:08:23.591 Df IlliniCover[43047:3ee4ac] [com.apple.UIKit:EventDispatch] Evaluating dispatch of UIEvent: 0x105995300; type: 0; subtype: 0; backing type: 11; shouldSend: 0; ignoreInteractionEvents: 0, systemGestureStateChange: 0
2026-08-12 16:08:23.608 Df IlliniCover[43047:3ee4ac] [com.apple.UIKit:EventDispatch] Evaluating dispatch of UIEvent: 0x105995300; type: 0; subtype: 0; backing type: 11; shouldSend: 0; ignoreInteractionEvents: 0, systemGestureStateChange: 0
2026-08-12 16:08:23.625 Df IlliniCover[43047:3ee4ac] [com.apple.UIKit:EventDispatch] Evaluating dispatch of UIEvent: 0x105995300; type: 0; subtype: 0; backing type: 11; shouldSend: 0; ignoreInteractionEvents: 0, systemGestureStateChange: 0
2026-08-12 16:08:23.641 Df IlliniCover[43047:3ee4ac] [com.apple.UIKit:EventDispatch] Evaluating dispatch of UIEvent: 0x105995300; type: 0; subtype: 0; backing type: 11; shouldSend: 0; ignoreInteractionEvents: 0, systemGestureStateChange: 0
2026-08-12 16:08:23.658 Df IlliniCover[43047:3ee4ac] [com.apple.UIKit:EventDispatch] Evaluating dispatch of UIEvent: 0x105995300; type: 0; subtype: 0; backing type: 11; shouldSend: 0; ignoreInteractionEvents: 0, systemGestureStateChange: 0
2026-08-12 16:08:23.675 Df IlliniCover[43047:3ee4ac] [com.apple.UIKit:EventDispatch] Evaluating dispatch of UIEvent: 0x105995300; type: 0; subtype: 0; backing type: 11; shouldSend: 0; ignoreInteractionEvents: 0, systemGestureStateChange: 0
2026-08-12 16:08:23.691 Df IlliniCover[43047:3ee4ac] [com.apple.UIKit:EventDispatch] Evaluating dispatch of UIEvent: 0x105995300; type: 0; subtype: 0; backing type: 11; shouldSend: 0; ignoreInteractionEvents: 0, systemGestureStateChange: 0
2026-08-12 16:08:23.708 Df IlliniCover[43047:3ee4ac] [com.apple.UIKit:EventDispatch] Evaluating dispatch of UIEvent: 0x105995300; type: 0; subtype: 0; backing type: 11; shouldSend: 0; ignoreInteractionEvents: 0, systemGestureStateChange: 0
2026-08-12 16:08:23.725 Df IlliniCover[43047:3ee4ac] [com.apple.UIKit:EventDispatch] Evaluating dispatch of UIEvent: 0x105995300; type: 0; subtype: 0; backing type: 11; shouldSend: 0; ignoreInteractionEvents: 0, systemGestureStateChange: 0
2026-08-12 16:08:23.742 Df IlliniCover[43047:3ee4ac] [com.apple.UIKit:EventDispatch] Evaluating dispatch of UIEvent: 0x105995300; type: 0; subtype: 0; backing type: 11; shouldSend: 0; ignoreInteractionEvents: 0, systemGestureStateChange: 0
2026-08-12 16:08:23.758 Df IlliniCover[43047:3ee4ac] [com.apple.UIKit:EventDispatch] Evaluating dispatch of UIEvent: 0x105995300; type: 0; subtype: 0; backing type: 11; shouldSend: 0; ignoreInteractionEvents: 0, systemGestureStateChange: 0
2026-08-12 16:08:23.775 Df IlliniCover[43047:3ee4ac] [com.apple.UIKit:EventDispatch] Evaluating dispatch of UIEvent: 0x105995300; type: 0; subtype: 0; backing type: 11; shouldSend: 0; ignoreInteractionEvents: 0, systemGestureStateChange: 0
2026-08-12 16:08:23.792 Df IlliniCover[43047:3ee4ac] [com.apple.UIKit:EventDispatch] Evaluating dispatch of UIEvent: 0x105995300; type: 0; subtype: 0; backing type: 11; shouldSend: 0; ignoreInteractionEvents: 0, systemGestureStateChange: 0
2026-08-12 16:08:23.808 Df IlliniCover[43047:3ee4ac] [com.apple.UIKit:EventDispatch] Evaluating dispatch of UIEvent: 0x105995300; type: 0; subtype: 0; backing type: 11; shouldSend: 0; ignoreInteractionEvents: 0, systemGestureStateChange: 0
2026-08-12 16:08:23.825 Df IlliniCover[43047:3ee4ac] [com.apple.UIKit:EventDispatch] Evaluating dispatch of UIEvent: 0x105995300; type: 0; subtype: 0; backing type: 11; shouldSend: 0; ignoreInteractionEvents: 0, systemGestureStateChange: 0
2026-08-12 16:08:23.842 Df IlliniCover[43047:3ee4ac] [com.apple.UIKit:EventDispatch] Evaluating dispatch of UIEvent: 0x105995300; type: 0; subtype: 0; backing type: 11; shouldSend: 0; ignoreInteractionEvents: 0, systemGestureStateChange: 0
2026-08-12 16:08:23.858 Df IlliniCover[43047:3ee4ac] [com.apple.UIKit:EventDispatch] Evaluating dispatch of UIEvent: 0x105995300; type: 0; subtype: 0; backing type: 11; shouldSend: 0; ignoreInteractionEvents: 0, systemGestureStateChange: 0
2026-08-12 16:08:23.875 Df IlliniCover[43047:3ee4ac] [com.apple.UIKit:EventDispatch] Evaluating dispatch of UIEvent: 0x105995300; type: 0; subtype: 0; backing type: 11; shouldSend: 0; ignoreInteractionEvents: 0, systemGestureStateChange: 0
2026-08-12 16:08:23.892 Df IlliniCover[43047:3ee4ac] [com.apple.UIKit:EventDispatch] Evaluating dispatch of UIEvent: 0x105995300; type: 0; subtype: 0; backing type: 11; shouldSend: 0; ignoreInteractionEvents: 0, systemGestureStateChange: 0
2026-08-12 16:08:23.908 Df IlliniCover[43047:3ee4ac] [com.apple.UIKit:EventDispatch] Evaluating dispatch of UIEvent: 0x105995300; type: 0; subtype: 0; backing type: 11; shouldSend: 0; ignoreInteractionEvents: 0, systemGestureStateChange: 0
2026-08-12 16:08:23.925 Df IlliniCover[43047:3ee4ac] [com.apple.UIKit:EventDispatch] Evaluating dispatch of UIEvent: 0x105995300; type: 0; subtype: 0; backing type: 11; shouldSend: 0; ignoreInteractionEvents: 0, systemGestureStateChange: 0
2026-08-12 16:08:23.942 Df IlliniCover[43047:3ee4ac] [com.apple.UIKit:EventDispatch] Evaluating dispatch of UIEvent: 0x105995300; type: 0; subtype: 0; backing type: 11; shouldSend: 0; ignoreInteractionEvents: 0, systemGestureStateChange: 0
2026-08-12 16:08:23.958 Df IlliniCover[43047:3ee4ac] [com.apple.UIKit:EventDispatch] Evaluating dispatch of UIEvent: 0x105995300; type: 0; subtype: 0; backing type: 11; shouldSend: 0; ignoreInteractionEvents: 0, systemGestureStateChange: 0
2026-08-12 16:08:23.981 Df IlliniCover[43047:3ee4ac] [com.apple.UIKit:UICMILifecycle] performAllCompletions for animator: <_UIContextMenuAnimator: 0x121b04ea0>
2026-08-12 16:08:23.997 Df IlliniCover[43047:3ee4ac] [com.apple.UIKit:EventDispatch] Evaluating dispatch of UIEvent: 0x105995300; type: 0; subtype: 0; backing type: 11; shouldSend: 0; ignoreInteractionEvents: 0, systemGestureStateChange: 0
2026-08-12 16:08:24.017 Df IlliniCover[43047:3ee4ac] [com.apple.UIKit:EventDispatch] Evaluating dispatch of UIEvent: 0x105995300; type: 0; subtype: 0; backing type: 11; shouldSend: 0; ignoreInteractionEvents: 0, systemGestureStateChange: 0
2026-08-12 16:08:24.025 Df IlliniCover[43047:3ee4ac] [com.apple.UIKit:EventDispatch] Evaluating dispatch of UIEvent: 0x105995300; type: 0; subtype: 0; backing type: 11; shouldSend: 0; ignoreInteractionEvents: 0, systemGestureStateChange: 0
2026-08-12 16:08:24.041 Df IlliniCover[43047:3ee4ac] [com.apple.UIKit:EventDispatch] Evaluating dispatch of UIEvent: 0x105995300; type: 0; subtype: 0; backing type: 11; shouldSend: 0; ignoreInteractionEvents: 0, systemGestureStateChange: 0
2026-08-12 16:08:24.058 Df IlliniCover[43047:3ee4ac] [com.apple.UIKit:EventDispatch] Evaluating dispatch of UIEvent: 0x105995300; type: 0; subtype: 0; backing type: 11; shouldSend: 0; ignoreInteractionEvents: 0, systemGestureStateChange: 0
2026-08-12 16:08:24.075 Df IlliniCover[43047:3ee4ac] [com.apple.UIKit:EventDispatch] Evaluating dispatch of UIEvent: 0x105995300; type: 0; subtype: 0; backing type: 11; shouldSend: 0; ignoreInteractionEvents: 0, systemGestureStateChange: 0
2026-08-12 16:08:24.091 Df IlliniCover[43047:3ee4ac] [com.apple.UIKit:EventDispatch] Evaluating dispatch of UIEvent: 0x105995300; type: 0; subtype: 0; backing type: 11; shouldSend: 0; ignoreInteractionEvents: 0, systemGestureStateChange: 0
2026-08-12 16:08:24.108 Df IlliniCover[43047:3ee4ac] [com.apple.UIKit:EventDispatch] Evaluating dispatch of UIEvent: 0x105995300; type: 0; subtype: 0; backing type: 11; shouldSend: 0; ignoreInteractionEvents: 0, systemGestureStateChange: 0
2026-08-12 16:08:24.125 Df IlliniCover[43047:3ee4ac] [com.apple.UIKit:EventDispatch] Evaluating dispatch of UIEvent: 0x105995300; type: 0; subtype: 0; backing type: 11; shouldSend: 0; ignoreInteractionEvents: 0, systemGestureStateChange: 0
2026-08-12 16:08:24.141 Df IlliniCover[43047:3ee4ac] [com.apple.UIKit:EventDispatch] Evaluating dispatch of UIEvent: 0x105995300; type: 0; subtype: 0; backing type: 11; shouldSend: 0; ignoreInteractionEvents: 0, systemGestureStateChange: 0
2026-08-12 16:08:24.158 Df IlliniCover[43047:3ee4ac] [com.apple.UIKit:EventDispatch] Evaluating dispatch of UIEvent: 0x105995300; type: 0; subtype: 0; backing type: 11; shouldSend: 0; ignoreInteractionEvents: 0, systemGestureStateChange: 0
2026-08-12 16:08:24.175 Df IlliniCover[43047:3ee4ac] [com.apple.UIKit:EventDispatch] Evaluating dispatch of UIEvent: 0x105995300; type: 0; subtype: 0; backing type: 11; shouldSend: 0; ignoreInteractionEvents: 0, systemGestureStateChange: 0
2026-08-12 16:08:24.191 Df IlliniCover[43047:3ee4ac] [com.apple.UIKit:EventDispatch] Evaluating dispatch of UIEvent: 0x105995300; type: 0; subtype: 0; backing type: 11; shouldSend: 0; ignoreInteractionEvents: 0, systemGestureStateChange: 0
2026-08-12 16:08:24.208 Df IlliniCover[43047:3ee4ac] [com.apple.UIKit:EventDispatch] Evaluating dispatch of UIEvent: 0x105995300; type: 0; subtype: 0; backing type: 11; shouldSend: 0; ignoreInteractionEvents: 0, systemGestureStateChange: 0
2026-08-12 16:08:24.225 Df IlliniCover[43047:3ee4ac] [com.apple.UIKit:EventDispatch] Evaluating dispatch of UIEvent: 0x105995300; type: 0; subtype: 0; backing type: 11; shouldSend: 0; ignoreInteractionEvents: 0, systemGestureStateChange: 0
2026-08-12 16:08:24.241 Df IlliniCover[43047:3ee4ac] [com.apple.UIKit:EventDispatch] Evaluating dispatch of UIEvent: 0x105995300; type: 0; subtype: 0; backing type: 11; shouldSend: 0; ignoreInteractionEvents: 0, systemGestureStateChange: 0
2026-08-12 16:08:24.258 Df IlliniCover[43047:3ee4ac] [com.apple.UIKit:EventDispatch] Evaluating dispatch of UIEvent: 0x105995300; type: 0; subtype: 0; backing type: 11; shouldSend: 0; ignoreInteractionEvents: 0, systemGestureStateChange: 0
2026-08-12 16:08:24.275 Df IlliniCover[43047:3ee4ac] [com.apple.UIKit:EventDispatch] Evaluating dispatch of UIEvent: 0x105995300; type: 0; subtype: 0; backing type: 11; shouldSend: 0; ignoreInteractionEvents: 0, systemGestureStateChange: 0
2026-08-12 16:08:24.292 Df IlliniCover[43047:3ee4ac] [com.apple.UIKit:EventDispatch] Evaluating dispatch of UIEvent: 0x105995300; type: 0; subtype: 0; backing type: 11; shouldSend: 0; ignoreInteractionEvents: 0, systemGestureStateChange: 0
2026-08-12 16:08:24.308 Df IlliniCover[43047:3ee4ac] [com.apple.UIKit:EventDispatch] Evaluating dispatch of UIEvent: 0x105995300; type: 0; subtype: 0; backing type: 11; shouldSend: 0; ignoreInteractionEvents: 0, systemGestureStateChange: 0
2026-08-12 16:08:24.325 Df IlliniCover[43047:3ee4ac] [com.apple.UIKit:EventDispatch] Evaluating dispatch of UIEvent: 0x105995300; type: 0; subtype: 0; backing type: 11; shouldSend: 0; ignoreInteractionEvents: 0, systemGestureStateChange: 0
2026-08-12 16:08:24.342 Df IlliniCover[43047:3ee4ac] [com.apple.UIKit:EventDispatch] Evaluating dispatch of UIEvent: 0x105995300; type: 0; subtype: 0; backing type: 11; shouldSend: 0; ignoreInteractionEvents: 0, systemGestureStateChange: 0
2026-08-12 16:08:24.358 Df IlliniCover[43047:3ee4ac] [com.apple.UIKit:EventDispatch] Evaluating dispatch of UIEvent: 0x105995300; type: 0; subtype: 0; backing type: 11; shouldSend: 0; ignoreInteractionEvents: 0, systemGestureStateChange: 0
2026-08-12 16:08:24.375 Df IlliniCover[43047:3ee4ac] [com.apple.UIKit:EventDispatch] Evaluating dispatch of UIEvent: 0x105995300; type: 0; subtype: 0; backing type: 11; shouldSend: 0; ignoreInteractionEvents: 0, systemGestureStateChange: 0
2026-08-12 16:08:24.391 Df IlliniCover[43047:3ee4ac] [com.apple.UIKit:EventDispatch] Evaluating dispatch of UIEvent: 0x105995300; type: 0; subtype: 0; backing type: 11; shouldSend: 0; ignoreInteractionEvents: 0, systemGestureStateChange: 0
2026-08-12 16:08:24.408 Df IlliniCover[43047:3ee4ac] [com.apple.UIKit:EventDispatch] Evaluating dispatch of UIEvent: 0x105995300; type: 0; subtype: 0; backing type: 11; shouldSend: 0; ignoreInteractionEvents: 0, systemGestureStateChange: 0
2026-08-12 16:08:24.425 Df IlliniCover[43047:3ee4ac] [com.apple.UIKit:EventDispatch] Evaluating dispatch of UIEvent: 0x105995300; type: 0; subtype: 0; backing type: 11; shouldSend: 0; ignoreInteractionEvents: 0, systemGestureStateChange: 0
2026-08-12 16:08:24.441 Df IlliniCover[43047:3ee4ac] [com.apple.UIKit:EventDispatch] Evaluating dispatch of UIEvent: 0x105995300; type: 0; subtype: 0; backing type: 11; shouldSend: 0; ignoreInteractionEvents: 0, systemGestureStateChange: 0
2026-08-12 16:08:24.458 Df IlliniCover[43047:3ee4ac] [com.apple.UIKit:EventDispatch] Evaluating dispatch of UIEvent: 0x105995300; type: 0; subtype: 0; backing type: 11; shouldSend: 0; ignoreInteractionEvents: 0, systemGestureStateChange: 0
2026-08-12 16:08:24.475 Df IlliniCover[43047:3ee4ac] [com.apple.UIKit:EventDispatch] Evaluating dispatch of UIEvent: 0x105995300; type: 0; subtype: 0; backing type: 11; shouldSend: 0; ignoreInteractionEvents: 0, systemGestureStateChange: 0
2026-08-12 16:08:24.492 Df IlliniCover[43047:3ee4ac] [com.apple.UIKit:EventDispatch] Evaluating dispatch of UIEvent: 0x105995300; type: 0; subtype: 0; backing type: 11; shouldSend: 0; ignoreInteractionEvents: 0, systemGestureStateChange: 0
2026-08-12 16:08:24.508 Df IlliniCover[43047:3ee4ac] [com.apple.UIKit:EventDispatch] Evaluating dispatch of UIEvent: 0x105995300; type: 0; subtype: 0; backing type: 11; shouldSend: 0; ignoreInteractionEvents: 0, systemGestureStateChange: 0
2026-08-12 16:08:24.525 Df IlliniCover[43047:3ee4ac] [com.apple.UIKit:EventDispatch] Evaluating dispatch of UIEvent: 0x105995300; type: 0; subtype: 0; backing type: 11; shouldSend: 0; ignoreInteractionEvents: 0, systemGestureStateChange: 0
2026-08-12 16:08:24.541 Df IlliniCover[43047:3ee4ac] [com.apple.UIKit:EventDispatch] Evaluating dispatch of UIEvent: 0x105995300; type: 0; subtype: 0; backing type: 11; shouldSend: 0; ignoreInteractionEvents: 0, systemGestureStateChange: 0
2026-08-12 16:08:24.558 Df IlliniCover[43047:3ee4ac] [com.apple.UIKit:EventDispatch] Evaluating dispatch of UIEvent: 0x105995300; type: 0; subtype: 0; backing type: 11; shouldSend: 0; ignoreInteractionEvents: 0, systemGestureStateChange: 0
2026-08-12 16:08:24.575 Df IlliniCover[43047:3ee4ac] [com.apple.UIKit:EventDispatch] Evaluating dispatch of UIEvent: 0x105995300; type: 0; subtype: 0; backing type: 11; shouldSend: 0; ignoreInteractionEvents: 0, systemGestureStateChange: 0
2026-08-12 16:08:24.591 Df IlliniCover[43047:3ee4ac] [com.apple.UIKit:EventDispatch] Evaluating dispatch of UIEvent: 0x105995300; type: 0; subtype: 0; backing type: 11; shouldSend: 0; ignoreInteractionEvents: 0, systemGestureStateChange: 0
2026-08-12 16:08:24.608 Df IlliniCover[43047:3ee4ac] [com.apple.UIKit:EventDispatch] Evaluating dispatch of UIEvent: 0x105995300; type: 0; subtype: 0; backing type: 11; shouldSend: 0; ignoreInteractionEvents: 0, systemGestureStateChange: 0
2026-08-12 16:08:24.625 Df IlliniCover[43047:3ee4ac] [com.apple.UIKit:EventDispatch] Evaluating dispatch of UIEvent: 0x105995300; type: 0; subtype: 0; backing type: 11; shouldSend: 0; ignoreInteractionEvents: 0, systemGestureStateChange: 0
2026-08-12 16:08:24.641 Df IlliniCover[43047:3ee4ac] [com.apple.UIKit:EventDispatch] Evaluating dispatch of UIEvent: 0x105995300; type: 0; subtype: 0; backing type: 11; shouldSend: 0; ignoreInteractionEvents: 0, systemGestureStateChange: 0
2026-08-12 16:08:24.658 Df IlliniCover[43047:3ee4ac] [com.apple.UIKit:EventDispatch] Evaluating dispatch of UIEvent: 0x105995300; type: 0; subtype: 0; backing type: 11; shouldSend: 0; ignoreInteractionEvents: 0, systemGestureStateChange: 0
2026-08-12 16:08:24.675 Df IlliniCover[43047:3ee4ac] [com.apple.UIKit:EventDispatch] Evaluating dispatch of UIEvent: 0x105995300; type: 0; subtype: 0; backing type: 11; shouldSend: 0; ignoreInteractionEvents: 0, systemGestureStateChange: 0
2026-08-12 16:08:24.691 Df IlliniCover[43047:3ee4ac] [com.apple.UIKit:EventDispatch] Evaluating dispatch of UIEvent: 0x105995300; type: 0; subtype: 0; backing type: 11; shouldSend: 0; ignoreInteractionEvents: 0, systemGestureStateChange: 0
2026-08-12 16:08:24.708 Df IlliniCover[43047:3ee4ac] [com.apple.UIKit:EventDispatch] Evaluating dispatch of UIEvent: 0x105995300; type: 0; subtype: 0; backing type: 11; shouldSend: 0; ignoreInteractionEvents: 0, systemGestureStateChange: 0
2026-08-12 16:08:24.725 Df IlliniCover[43047:3ee4ac] [com.apple.UIKit:EventDispatch] Evaluating dispatch of UIEvent: 0x105995300; type: 0; subtype: 0; backing type: 11; shouldSend: 0; ignoreInteractionEvents: 0, systemGestureStateChange: 0
2026-08-12 16:08:24.741 Df IlliniCover[43047:3ee4ac] [com.apple.UIKit:EventDispatch] Evaluating dispatch of UIEvent: 0x105995300; type: 0; subtype: 0; backing type: 11; shouldSend: 0; ignoreInteractionEvents: 0, systemGestureStateChange: 0
2026-08-12 16:08:24.758 Df IlliniCover[43047:3ee4ac] [com.apple.UIKit:EventDispatch] Evaluating dispatch of UIEvent: 0x105995300; type: 0; subtype: 0; backing type: 11; shouldSend: 0; ignoreInteractionEvents: 0, systemGestureStateChange: 0
2026-08-12 16:08:24.775 Df IlliniCover[43047:3ee4ac] [com.apple.UIKit:EventDispatch] Evaluating dispatch of UIEvent: 0x105995300; type: 0; subtype: 0; backing type: 11; shouldSend: 0; ignoreInteractionEvents: 0, systemGestureStateChange: 0
2026-08-12 16:08:24.791 Df IlliniCover[43047:3ee4ac] [com.apple.UIKit:EventDispatch] Evaluating dispatch of UIEvent: 0x105995300; type: 0; subtype: 0; backing type: 11; shouldSend: 0; ignoreInteractionEvents: 0, systemGestureStateChange: 0
2026-08-12 16:08:24.808 Df IlliniCover[43047:3ee4ac] [com.apple.UIKit:EventDispatch] Evaluating dispatch of UIEvent: 0x105995300; type: 0; subtype: 0; backing type: 11; shouldSend: 0; ignoreInteractionEvents: 0, systemGestureStateChange: 0
2026-08-12 16:08:24.825 Df IlliniCover[43047:3ee4ac] [com.apple.UIKit:EventDispatch] Evaluating dispatch of UIEvent: 0x105995300; type: 0; subtype: 0; backing type: 11; shouldSend: 0; ignoreInteractionEvents: 0, systemGestureStateChange: 0
2026-08-12 16:08:24.841 Df IlliniCover[43047:3ee4ac] [com.apple.UIKit:EventDispatch] Evaluating dispatch of UIEvent: 0x105995300; type: 0; subtype: 0; backing type: 11; shouldSend: 0; ignoreInteractionEvents: 0, systemGestureStateChange: 0
2026-08-12 16:08:24.858 Df IlliniCover[43047:3ee4ac] [com.apple.UIKit:EventDispatch] Evaluating dispatch of UIEvent: 0x105995300; type: 0; subtype: 0; backing type: 11; shouldSend: 0; ignoreInteractionEvents: 0, systemGestureStateChange: 0
2026-08-12 16:08:24.875 Df IlliniCover[43047:3ee4ac] [com.apple.UIKit:EventDispatch] Evaluating dispatch of UIEvent: 0x105995300; type: 0; subtype: 0; backing type: 11; shouldSend: 0; ignoreInteractionEvents: 0, systemGestureStateChange: 0
2026-08-12 16:08:24.891 Df IlliniCover[43047:3ee4ac] [com.apple.UIKit:EventDispatch] Evaluating dispatch of UIEvent: 0x105995300; type: 0; subtype: 0; backing type: 11; shouldSend: 0; ignoreInteractionEvents: 0, systemGestureStateChange: 0
2026-08-12 16:08:24.908 Df IlliniCover[43047:3ee4ac] [com.apple.UIKit:EventDispatch] Evaluating dispatch of UIEvent: 0x105995300; type: 0; subtype: 0; backing type: 11; shouldSend: 0; ignoreInteractionEvents: 0, systemGestureStateChange: 0
2026-08-12 16:08:24.925 Df IlliniCover[43047:3ee4ac] [com.apple.UIKit:EventDispatch] Evaluating dispatch of UIEvent: 0x105995300; type: 0; subtype: 0; backing type: 11; shouldSend: 0; ignoreInteractionEvents: 0, systemGestureStateChange: 0
2026-08-12 16:08:24.941 Df IlliniCover[43047:3ee4ac] [com.apple.UIKit:EventDispatch] Evaluating dispatch of UIEvent: 0x105995300; type: 0; subtype: 0; backing type: 11; shouldSend: 0; ignoreInteractionEvents: 0, systemGestureStateChange: 0
2026-08-12 16:08:24.958 Df IlliniCover[43047:3ee4ac] [com.apple.UIKit:EventDispatch] Evaluating dispatch of UIEvent: 0x105995300; type: 0; subtype: 0; backing type: 11; shouldSend: 0; ignoreInteractionEvents: 0, systemGestureStateChange: 0
2026-08-12 16:08:24.975 Df IlliniCover[43047:3ee4ac] [com.apple.UIKit:EventDispatch] Evaluating dispatch of UIEvent: 0x105995300; type: 0; subtype: 0; backing type: 11; shouldSend: 0; ignoreInteractionEvents: 0, systemGestureStateChange: 0
2026-08-12 16:08:24.992 Df IlliniCover[43047:3ee4ac] [com.apple.UIKit:EventDispatch] Evaluating dispatch of UIEvent: 0x105995300; type: 0; subtype: 0; backing type: 11; shouldSend: 0; ignoreInteractionEvents: 0, systemGestureStateChange: 0
2026-08-12 16:08:25.008 Df IlliniCover[43047:3ee4ac] [com.apple.UIKit:EventDispatch] Evaluating dispatch of UIEvent: 0x105995300; type: 0; subtype: 0; backing type: 11; shouldSend: 0; ignoreInteractionEvents: 0, systemGestureStateChange: 0
2026-08-12 16:08:25.025 Df IlliniCover[43047:3ee4ac] [com.apple.UIKit:EventDispatch] Evaluating dispatch of UIEvent: 0x105995300; type: 0; subtype: 0; backing type: 11; shouldSend: 0; ignoreInteractionEvents: 0, systemGestureStateChange: 0
2026-08-12 16:08:25.041 Df IlliniCover[43047:3ee4ac] [com.apple.UIKit:EventDispatch] Evaluating dispatch of UIEvent: 0x105995300; type: 0; subtype: 0; backing type: 11; shouldSend: 0; ignoreInteractionEvents: 0, systemGestureStateChange: 0
2026-08-12 16:08:25.058 Df IlliniCover[43047:3ee4ac] [com.apple.UIKit:EventDispatch] Evaluating dispatch of UIEvent: 0x105995300; type: 0; subtype: 0; backing type: 11; shouldSend: 0; ignoreInteractionEvents: 0, systemGestureStateChange: 0
2026-08-12 16:08:25.081 Df IlliniCover[43047:3ee4ac] [com.apple.UIKit:EventDispatch] Evaluating dispatch of UIEvent: 0x105995300; type: 0; subtype: 0; backing type: 11; shouldSend: 0; ignoreInteractionEvents: 0, systemGestureStateChange: 0
2026-08-12 16:08:25.091 Df IlliniCover[43047:3ee4ac] [com.apple.UIKit:EventDispatch] Evaluating dispatch of UIEvent: 0x105995300; type: 0; subtype: 0; backing type: 11; shouldSend: 0; ignoreInteractionEvents: 0, systemGestureStateChange: 0
2026-08-12 16:08:25.108 Df IlliniCover[43047:3ee4ac] [com.apple.UIKit:EventDispatch] Evaluating dispatch of UIEvent: 0x105995300; type: 0; subtype: 0; backing type: 11; shouldSend: 0; ignoreInteractionEvents: 0, systemGestureStateChange: 0
2026-08-12 16:08:25.125 Df IlliniCover[43047:3ee4ac] [com.apple.UIKit:EventDispatch] Evaluating dispatch of UIEvent: 0x105995300; type: 0; subtype: 0; backing type: 11; shouldSend: 0; ignoreInteractionEvents: 0, systemGestureStateChange: 0
2026-08-12 16:08:25.141 Df IlliniCover[43047:3ee4ac] [com.apple.UIKit:EventDispatch] Evaluating dispatch of UIEvent: 0x105995300; type: 0; subtype: 0; backing type: 11; shouldSend: 0; ignoreInteractionEvents: 0, systemGestureStateChange: 0
2026-08-12 16:08:25.158 Df IlliniCover[43047:3ee4ac] [com.apple.UIKit:EventDispatch] Evaluating dispatch of UIEvent: 0x105995300; type: 0; subtype: 0; backing type: 11; shouldSend: 0; ignoreInteractionEvents: 0, systemGestureStateChange: 0
2026-08-12 16:08:25.175 Df IlliniCover[43047:3ee4ac] [com.apple.UIKit:EventDispatch] Evaluating dispatch of UIEvent: 0x105995300; type: 0; subtype: 0; backing type: 11; shouldSend: 0; ignoreInteractionEvents: 0, systemGestureStateChange: 0
2026-08-12 16:08:25.192 Df IlliniCover[43047:3ee4ac] [com.apple.UIKit:EventDispatch] Evaluating dispatch of UIEvent: 0x105995300; type: 0; subtype: 0; backing type: 11; shouldSend: 0; ignoreInteractionEvents: 0, systemGestureStateChange: 0
2026-08-12 16:08:25.208 Df IlliniCover[43047:3ee4ac] [com.apple.UIKit:EventDispatch] Evaluating dispatch of UIEvent: 0x105995300; type: 0; subtype: 0; backing type: 11; shouldSend: 0; ignoreInteractionEvents: 0, systemGestureStateChange: 0
2026-08-12 16:08:25.208 Df IlliniCover[43047:3ee4ac] [com.apple.UIKit:EventDispatch] Evaluating dispatch of UIEvent: 0x105995300; type: 0; subtype: 0; backing type: 11; shouldSend: 1; ignoreInteractionEvents: 0, systemGestureStateChange: 0
2026-08-12 16:08:25.208 Df IlliniCover[43047:3ee4ac] [com.apple.UIKit:EventDispatch] Sending UIEvent type: 0; subtype: 0; to windows: 1
2026-08-12 16:08:25.208 Df IlliniCover[43047:3ee4ac] [com.apple.UIKit:EventDispatch] Sending UIEvent type: 0; subtype: 0; to window: <UIWindow: 0x105a10400>; contextId: 0xD942E02A
2026-08-12 16:08:25.208 A  IlliniCover[43047:3ee4ac] (UIKitCore) send gesture actions
2026-08-12 16:08:25.718 Df IlliniCover[43047:3ee4b1] [com.apple.dt.xctest:Default] Received request to fetch matches for query:
2026-08-12 16:08:25.718 Df IlliniCover[43047:3ee4b1] [com.apple.dt.xctest:Default] Evaluating query:
2026-08-12 16:08:25.718 Df IlliniCover[43047:3ee4b1] [com.apple.dt.xctest:Default] Getting root element snapshot
2026-08-12 16:08:25.718 Df IlliniCover[43047:3ee4b1] [com.apple.dt.xctest:Default] Getting snapshot for App element pid: 43047 for query
2026-08-12 16:08:25.718 Df IlliniCover[43047:3ee4b1] [com.apple.dt.xctest:Default] Query requires iOS snapshot attributes .
2026-08-12 16:08:25.718 Df IlliniCover[43047:3ee4b1] [com.apple.dt.xctest:Default] XCTPerformOnMainRunLoop[not MT]: about to CFRunLoopPerform
2026-08-12 16:08:25.718 Df IlliniCover[43047:3ee4b1] [com.apple.dt.xctest:Default] XCTPerformOnMainRunLoop[not MT]: waiting with 30.00s responsiveness timeout
2026-08-12 16:08:25.718 Df IlliniCover[43047:3ee4ac] [com.apple.dt.xctest:Default] XCTPerformOnMainRunLoop[MT]: inside CFRunLoopPerform
2026-08-12 16:08:25.718 Df IlliniCover[43047:3ee4ac] [com.apple.dt.xctest:Default] XCTPerformOnMainRunLoop[MT]: MT responded in time (won the race to the busy flag)
2026-08-12 16:08:25.718 Df IlliniCover[43047:3ee4b1] [com.apple.dt.xctest:Default] XCTPerformOnMainRunLoop[not MT]: waiting 60.00s for work to complete
2026-08-12 16:08:25.718 Df IlliniCover[43047:3ee4ac] [com.apple.dt.xctest:Default] Got main window <AXUIElementRef 0x121a8dc20> {pid=43047} {uid=[ID:4 hash:0x105a10400]}
2026-08-12 16:08:25.718 Df IlliniCover[43047:3ee4ac] [com.apple.dt.xctest:Default] Capturing hierarchy with attributes XC_kAXXCAttributeElementType, XC_kAXXCAttributeElementBaseType, XC_kAXXCAttributeParent, XC_kAXXCAttributeIdentifier, XC_kAXXCAttributeAutomationType, XC_kAXXCAttributeTraits
2026-08-12 16:08:25.718 Df IlliniCover[43047:3ee4ac] [com.apple.dt.xctest:Default] Capturing hierarchy with parameters {
    attributes =     (
        5003,
        5004,
        5002,
        5019,
        5058,
        2004
    );
    maxArrayCount = 2147483647;
    maxChildren = 2147483647;
    maxDepth = 2147483647;
    snapshotKeyHonorModalViews = 0;
    traverseFromParentsToChildren = 1;
}
2026-08-12 16:08:25.718 Df IlliniCover[43047:3ee4ac] [com.apple.dt.xctest:Default] Snapshot attributes 5003, 5004, 5002, 5019, 5058, 2004
2026-08-12 16:08:25.778 Df IlliniCover[43047:3ee4ac] [com.apple.dt.xctest:Default] Got snapshot for <AXUIElementRef 0x11fd24ba0> {pid=43047} {uid=[ID:1 hash:0x0]}
2026-08-12 16:08:25.778 Df IlliniCover[43047:3ee4ac] [com.apple.dt.xctest:Default] Got app orientation 0
2026-08-12 16:08:25.778 Df IlliniCover[43047:3ee4ac] [com.apple.dt.xctest:Default] Captured accessibility snapshot data in 0.06s
2026-08-12 16:08:25.778 Df IlliniCover[43047:3ee4b1] [com.apple.dt.xctest:Default] Found main window: Window
2026-08-12 16:08:25.778 Df IlliniCover[43047:3ee4b1] [com.apple.dt.xctest:Default] Preferring automation type 48 instead of legacy element type OTHER derived from class/trait: UILabel:UILabel 8590000128
2026-08-12 16:08:25.778 Df IlliniCover[43047:3ee4b1] [com.apple.dt.xctest:Default] Other is not actually a child of Other, including at this point anyway (rdar://problem/20738636)
2026-08-12 16:08:25.778 Df IlliniCover[43047:3ee4b1] [com.apple.dt.xctest:Default] Other is not actually a child of Other, including at this point anyway (rdar://problem/20738636)
2026-08-12 16:08:25.778 Df IlliniCover[43047:3ee4b1] [com.apple.dt.xctest:Default] Other is not actually a child of Other, including at this point anyway (rdar://problem/20738636)
2026-08-12 16:08:25.779 Df IlliniCover[43047:3ee4b1] [com.apple.dt.xctest:Default] Other is not actually a child of Other, including at this point anyway (rdar://problem/20738636)
2026-08-12 16:08:25.779 Df IlliniCover[43047:3ee4b1] [com.apple.dt.xctest:Default] Other is not actually a child of Other, including at this point anyway (rdar://problem/20738636)
2026-08-12 16:08:25.779 Df IlliniCover[43047:3ee4b1] [com.apple.dt.xctest:Default] Other is not actually a child of Other, including at this point anyway (rdar://problem/20738636)
2026-08-12 16:08:25.779 Df IlliniCover[43047:3ee4b1] [com.apple.dt.xctest:Default] Other is not actually a child of Other, including at this point anyway (rdar://problem/20738636)
2026-08-12 16:08:25.779 Df IlliniCover[43047:3ee4b1] [com.apple.dt.xctest:Default] Other is not actually a child of Other, including at this point anyway (rdar://problem/20738636)
2026-08-12 16:08:25.779 Df IlliniCover[43047:3ee4b1] [com.apple.dt.xctest:Default] Other is not actually a child of Other, including at this point anyway (rdar://problem/20738636)
2026-08-12 16:08:25.779 Df IlliniCover[43047:3ee4b1] [com.apple.dt.xctest:Default] Other is not actually a child of Other, including at this point anyway (rdar://problem/20738636)
2026-08-12 16:08:25.779 Df IlliniCover[43047:3ee4b1] [com.apple.dt.xctest:Default] Other is not actually a child of Other, including at this point anyway (rdar://problem/20738636)
2026-08-12 16:08:25.779 Df IlliniCover[43047:3ee4b1] [com.apple.dt.xctest:Default] Other is not actually a child of Other, including at this point anyway (rdar://problem/20738636)
2026-08-12 16:08:25.779 Df IlliniCover[43047:3ee4b1] [com.apple.dt.xctest:Default] Preferring automation type 75 instead of legacy element type OTHER derived from class/trait: _UIContextMenuCell:_UIContextMenuCell 146028888064
2026-08-12 16:08:25.779 Df IlliniCover[43047:3ee4b1] [com.apple.dt.xctest:Default] Preferring automation type 75 instead of legacy element type OTHER derived from class/trait: _UIContextMenuCell:_UIContextMenuCell 146028888064
2026-08-12 16:08:25.779 Df IlliniCover[43047:3ee4b1] [com.apple.dt.xctest:Default] Preferring automation type 75 instead of legacy element type OTHER derived from class/trait: _UIContextMenuCell:_UIContextMenuCell 146028888064
2026-08-12 16:08:25.779 Df IlliniCover[43047:3ee4b1] [com.apple.dt.xctest:Default] Preferring automation type 75 instead of legacy element type OTHER derived from class/trait: _UIContextMenuCell:_UIContextMenuCell 146028888064
2026-08-12 16:08:25.779 Df IlliniCover[43047:3ee4b1] [com.apple.dt.xctest:Default] App orientation is 0 (not portrait) and UITextEffectsWindow window Window is not main window
2026-08-12 16:08:25.779 Df IlliniCover[43047:3ee4b1] [com.apple.dt.xctest:Default] Leaving frame unchanged for Window: either already correct or we can't detect it.
2026-08-12 16:08:25.780 Df IlliniCover[43047:3ee4b1] [com.apple.dt.xctest:Default] Query  found matching snapshots: {(
    Application, pid: 43047
)} (error: (null))
2026-08-12 16:08:25.780 Df IlliniCover[43047:3ee4b1] [com.apple.dt.xctest:Default] Replying to query  with results: <XCTElementQueryResults: 0x120810ba0> (error: (null))
2026-08-12 16:08:26.409 Df IlliniCover[43047:3ee4ac] [com.apple.KeyboardArbiter:Client] TX focusApplication (peekAppEvent) stealKB:Y scene:com.illinicover.app-default
2026-08-12 16:08:26.409 Df IlliniCover[43047:3ee4ac] [com.apple.UIKit:EventDispatch] Evaluating dispatch of UIEvent: 0x105995300; type: 0; subtype: 0; backing type: 11; shouldSend: 1; ignoreInteractionEvents: 0, systemGestureStateChange: 0
2026-08-12 16:08:26.409 Df IlliniCover[43047:3ee4ac] [com.apple.UIKit:EventDispatch] Sending UIEvent type: 0; subtype: 0; to windows: 1
2026-08-12 16:08:26.409 Df IlliniCover[43047:3ee4ac] [com.apple.UIKit:EventDispatch] Sending UIEvent type: 0; subtype: 0; to window: <UIWindow: 0x105a10400>; contextId: 0xD942E02A
2026-08-12 16:08:26.412 A  IlliniCover[43047:3ee4ac] (UIKitCore) send gesture actions
2026-08-12 16:08:26.414 Df IlliniCover[43047:3ee4ac] [com.apple.UIKit:EventDispatch] Evaluating dispatch of UIEvent: 0x105995300; type: 0; subtype: 0; backing type: 11; shouldSend: 0; ignoreInteractionEvents: 0, systemGestureStateChange: 0
2026-08-12 16:08:26.425 Df IlliniCover[43047:3ee4ac] [com.apple.UIKit:EventDispatch] Evaluating dispatch of UIEvent: 0x105995300; type: 0; subtype: 0; backing type: 11; shouldSend: 0; ignoreInteractionEvents: 0, systemGestureStateChange: 0
2026-08-12 16:08:26.441 Df IlliniCover[43047:3ee4ac] [com.apple.UIKit:EventDispatch] Evaluating dispatch of UIEvent: 0x105995300; type: 0; subtype: 0; backing type: 11; shouldSend: 0; ignoreInteractionEvents: 0, systemGestureStateChange: 0
2026-08-12 16:08:26.458 Df IlliniCover[43047:3ee4ac] [com.apple.UIKit:EventDispatch] Evaluating dispatch of UIEvent: 0x105995300; type: 0; subtype: 0; backing type: 11; shouldSend: 0; ignoreInteractionEvents: 0, systemGestureStateChange: 0
2026-08-12 16:08:26.475 Df IlliniCover[43047:3ee4ac] [com.apple.UIKit:EventDispatch] Evaluating dispatch of UIEvent: 0x105995300; type: 0; subtype: 0; backing type: 11; shouldSend: 0; ignoreInteractionEvents: 0, systemGestureStateChange: 0
2026-08-12 16:08:26.491 Df IlliniCover[43047:3ee4ac] [com.apple.UIKit:EventDispatch] Evaluating dispatch of UIEvent: 0x105995300; type: 0; subtype: 0; backing type: 11; shouldSend: 0; ignoreInteractionEvents: 0, systemGestureStateChange: 0
2026-08-12 16:08:26.508 Df IlliniCover[43047:3ee4ac] [com.apple.UIKit:EventDispatch] Evaluating dispatch of UIEvent: 0x105995300; type: 0; subtype: 0; backing type: 11; shouldSend: 0; ignoreInteractionEvents: 0, systemGestureStateChange: 1
2026-08-12 16:08:26.508 Df IlliniCover[43047:3ee4ac] [com.apple.UIKit:EventDispatch] Evaluating dispatch of UIEvent: 0x105995300; type: 0; subtype: 0; backing type: 11; shouldSend: 0; ignoreInteractionEvents: 0, systemGestureStateChange: 0
2026-08-12 16:08:26.525 Df IlliniCover[43047:3ee4ac] [com.apple.UIKit:EventDispatch] Evaluating dispatch of UIEvent: 0x105995300; type: 0; subtype: 0; backing type: 11; shouldSend: 0; ignoreInteractionEvents: 0, systemGestureStateChange: 0
2026-08-12 16:08:26.525 Df IlliniCover[43047:3ee4ac] [com.apple.UIKit:EventDispatch] Evaluating dispatch of UIEvent: 0x105995300; type: 0; subtype: 0; backing type: 11; shouldSend: 1; ignoreInteractionEvents: 0, systemGestureStateChange: 0
2026-08-12 16:08:26.525 Df IlliniCover[43047:3ee4ac] [com.apple.UIKit:EventDispatch] Sending UIEvent type: 0; subtype: 0; to windows: 1
2026-08-12 16:08:26.525 Df IlliniCover[43047:3ee4ac] [com.apple.UIKit:EventDispatch] Sending UIEvent type: 0; subtype: 0; to window: <UIWindow: 0x105a10400>; contextId: 0xD942E02A
2026-08-12 16:08:26.526 A  IlliniCover[43047:3ee4ac] (UIKitCore) send gesture actions
2026-08-12 16:08:26.526 A  IlliniCover[43047:3ee4ac] (UIKitCore) send gesture actions
2026-08-12 16:08:26.526 A  IlliniCover[43047:3ee4ac] (UIKitCore) send gesture actions
2026-08-12 16:08:26.531 A  IlliniCover[43047:3ee4ac] (UIKitCore) send gesture actions
2026-08-12 16:08:26.534 Df IlliniCover[43047:3ee4ac] [com.apple.UIKit:UIFocusSystemSceneComponent] Override focusSystemState: (DISABLED) for reason(s): <UIContextMenuInteraction: 0x108e92f80>
2026-08-12 16:08:26.534 Df IlliniCover[43047:3ee4ac] [com.apple.UIKit:InterfaceStyle] Not push traits update to screen for new style 2, <UIWindowScene: 0x108c67800> (2050C5AC-6A26-42BC-8E8F-FBAE5EDC0388)
2026-08-12 16:08:26.549 Df IlliniCover[43047:3ee4ac] [com.apple.UIKit:UICMILifecycle] performAllAnimations for animator: <_UIContextMenuAnimator: 0x121ae2760>
2026-08-12 16:08:26.550 F  IlliniCover[43047:3ee4ac] [com.apple.runtime-issues:SwiftUI] Adding '_UIReparentingView' as a subview of UIHostingController.view is not supported and may result in a broken view hierarchy. Add your view above UIHostingController.view in a common superview or insert it into your SwiftUI content in a UIViewRepresentable instead.
2026-08-12 16:08:26.550 A  IlliniCover[43047:3ee4ac] (libsystem_trace.dylib) Activity for state dumps
2026-08-12 16:08:26.551 Df IlliniCover[43047:3ee4ac] [com.apple.UIKit:UIPeripheralHost] setDeactivatedKeyboard: 0 forScene: (null) forSuppressionAssertion: 1
2026-08-12 16:08:26.551 Df IlliniCover[43047:3ee4ac] [com.apple.UIKit:UIPeripheralHost] setDeactivatedKeyboard, shouldUpdatePlacement: 1
2026-08-12 16:08:26.551 Df IlliniCover[43047:3ee4ac] [com.apple.UIKit:KeyboardSceneDelegate] _inputViewsForResponder: <(null): 0x0; >, automaticKeyboard: 1, force: 0
2026-08-12 16:08:26.551 Df IlliniCover[43047:3ee4ac] [com.apple.UIKit:KeyboardSceneDelegate] _inputViewsForResponder, found custom inputView: <(null): 0x0>, customInputViewController: <(null): 0x0>
2026-08-12 16:08:26.551 Df IlliniCover[43047:3ee4ac] [com.apple.UIKit:KeyboardSceneDelegate] _inputViewsForResponder, found inputAccessoryView: <(null): 0x0>
2026-08-12 16:08:26.551 Df IlliniCover[43047:3ee4ac] [com.apple.UIKit:KeyboardSceneDelegate] _inputViewsForResponder, responderRequiresKeyboard 0 (automaticKeyboardEnabled: 1, activeInstance: <UIKeyboardAutomatic: 0x11d22ef80; frame = {{0, 0}, {390, 233}}; alpha = 1.000000; isHidden = 0; tAMIC = 0>, self.isOnScreen: 0, requiresKBWhenFirstResponder: 0)
2026-08-12 16:08:26.551 Df IlliniCover[43047:3ee4ac] [com.apple.UIKit:KeyboardSceneDelegate] _inputViewsForResponder, useKeyboard 0 (allowsSystemInputView: 1, !inputView <(null): 0x0>, responderRequiresKeyboard 0)
2026-08-12 16:08:26.551 Df IlliniCover[43047:3ee4ac] [com.apple.UIKit:KeyboardSceneDelegate] _inputViewsForResponder, configuring _responderWithoutAutomaticAppearanceEnabled: <(null): 0x0> (_automaticAppearEnabled: 1)
2026-08-12 16:08:26.551 Df IlliniCover[43047:3ee4ac] [com.apple.UIKit:KeyboardSceneDelegate] _inputViewsForResponder, needsIVPlaceholder: 0, needsIAVPlaceholder: 0, needsInputSetWithPlaceholder: 0
2026-08-12 16:08:26.551 Df IlliniCover[43047:3ee4ac] [com.apple.UIKit:KeyboardSceneDelegate] _inputViewsForResponder returning: <<UIInputViewSet: 0x122942400>; (empty)>
2026-08-12 16:08:26.551 Df IlliniCover[43047:3ee4ac] [com.apple.UIKit:UIPeripheralHost] endPlacementForInputViewSet: <<UIInputViewSet: 0x122942400>; (empty)> windowScene: <UIWindowScene: 0x108c67800; role: UIWindowSceneSessionRoleApplication; persistentIdentifier: 2050C5AC-6A26-42BC-8E8F-FBAE5EDC0388; activationState: UISceneActivationStateForegroundActive>
2026-08-12 16:08:26.551 Df IlliniCover[43047:3ee4ac] [com.apple.UIKit:KeyboardSceneDelegate] _placementForDeactivatedKeyboard, deactivated: 0, curPlacement: <UIInputViewSetPlacementOffScreenDown>, forSuppressionAssertion: 1 -> <UIInputViewSetPlacementOffScreenDown>
2026-08-12 16:08:26.551 Df IlliniCover[43047:3ee4ac] [com.apple.UIKit:TrackingElementWindowController] setPlacementChangeDisabled: 0, placement: <UIInputViewSetPlacementOffScreenDown> (self: <UITrackingElementWindowController: 0x105a05400>)
2026-08-12 16:08:26.551 Df IlliniCover[43047:3ee4ac] [com.apple.UIKit:TrackingElementWindowController] Moving from placement: <UIInputViewSetPlacementOffScreenDown> to placement: <UIInputViewSetPlacementOffScreenDown> (currentPlacement: <UIInputViewSetPlacementOffScreenDown>)
2026-08-12 16:08:26.552 Df IlliniCover[43047:3ee4ac] [com.apple.UIKit:UIPeripheralHost] endPlacementForInputViewSet: <<UIInputViewSet: 0x11d35e340>; (empty)> windowScene: <UIWindowScene: 0x108c67800; role: UIWindowSceneSessionRoleApplication; persistentIdentifier: 2050C5AC-6A26-42BC-8E8F-FBAE5EDC0388; activationState: UISceneActivationStateForegroundActive>
2026-08-12 16:08:26.553 Df IlliniCover[43047:3ee4ac] [com.apple.UIKit:TrackingElementWindowController] updatePlacementWithPlacement: <UIInputViewSetPlacementOffScreenDown>
2026-08-12 16:08:26.558 Sd IlliniCover[43047:0] (21AB2359-DEEC-3444-94FE-B7257E43BE34) IOHIDManager State
{
    DispatchQueue = 0;
    RunLoop = 1;
    createOptions = 0;
    isOpen = 0;
    openOptions = 0;
}
2026-08-12 16:08:26.562 Sd IlliniCover[43047:0] (21AB2359-DEEC-3444-94FE-B7257E43BE34) IOHIDManager State
{
    DispatchQueue = 0;
    RunLoop = 1;
    createOptions = 0;
    isOpen = 0;
    openOptions = 0;
}
2026-08-12 16:08:26.570 A  IlliniCover[43047:3ee4b1] (Security) SecItemDelete_ios
2026-08-12 16:08:26.570 Df IlliniCover[43047:3ee4b1] [com.apple.securityd:thread-local-client-debug] SecSecurityClientGet new thread!
2026-08-12 16:08:26.578 A  IlliniCover[43047:3ee4b1] (Security) SecItemDelete_ios
2026-08-12 16:08:26.578 A  IlliniCover[43047:3ee4b1] (Security) SecItemDelete_ios
2026-08-12 16:08:26.586 A  IlliniCover[43047:3ee4b1] (Security) SecItemCopyMatching_ios
2026-08-12 16:08:26.587 A  IlliniCover[43047:3ee4b1] (Security) SecItemCopyMatching_ios
2026-08-12 16:08:26.587 A  IlliniCover[43047:3ee4b1] (Security) SecItemCopyMatching_ios
2026-08-12 16:08:26.588 A  IlliniCover[43047:3ee4b1] (Security) SecItemCopyMatching_ios
2026-08-12 16:08:26.588 A  IlliniCover[43047:3ee4b1] (Security) SecItemCopyMatching_ios
2026-08-12 16:08:26.588 A  IlliniCover[43047:3ee4b1] (Security) SecItemCopyMatching_ios
2026-08-12 16:08:26.590 Df IlliniCover[43047:3ee4b1] [com.apple.CFNetwork:Default] Task <D4AC241E-5159-4A7D-A70B-652DB6E36020>.<3> resuming, timeouts(0.0, 604800.0) qos(0x19) voucher((null)) activity(00000000-0000-0000-0000-000000000000)
2026-08-12 16:08:26.592 Df IlliniCover[43047:3ee4b5] [com.apple.network:connection] [C2] event: client:connection_reused @7.727s
2026-08-12 16:08:26.592 Df IlliniCover[43047:3ee4b5] [com.apple.CFNetwork:Default] Task <D4AC241E-5159-4A7D-A70B-652DB6E36020>.<3> now using Connection 2
2026-08-12 16:08:26.593 Df IlliniCover[43047:3ee4b5] [com.apple.cfnetwork:h3stream] 0x121970018 ID=4 Task <D4AC241E-5159-4A7D-A70B-652DB6E36020>.<3> sent request, body N 0
2026-08-12 16:08:26.706 Df IlliniCover[43047:3ee4b1] [com.apple.cfnetwork:h3stream] 0x121970018 ID=4 Task <D4AC241E-5159-4A7D-A70B-652DB6E36020>.<3> received response, status 200 content U
2026-08-12 16:08:26.707 Df IlliniCover[43047:3ee4b1] [com.apple.CFNetwork:Default] Task <D4AC241E-5159-4A7D-A70B-652DB6E36020>.<3> response ended
2026-08-12 16:08:26.707 Df IlliniCover[43047:3ee4b1] [com.apple.network:connection] [C2] event: client:connection_idle @7.842s
2026-08-12 16:08:26.707 Df IlliniCover[43047:3ee4b1] [com.apple.CFNetwork:Default] Task <D4AC241E-5159-4A7D-A70B-652DB6E36020>.<3> done using Connection 2
2026-08-12 16:08:26.707 Df IlliniCover[43047:3ee4b5] [com.apple.CFNetwork:Summary] Task <D4AC241E-5159-4A7D-A70B-652DB6E36020>.<3> summary for task success {transaction_duration_ms=116, response_status=200, connection=2, reused=1, reused_after_ms=7219, request_start_ms=1, request_duration_ms=0, response_start_ms=115, response_duration_ms=1, request_bytes=993, request_throughput_kbps=8198, response_bytes=776, response_throughput_kbps=5403, cache_hit=true}
2026-08-12 16:08:26.708 Df IlliniCover[43047:3ee4b5] [com.apple.CFNetwork:Default] Task <D4AC241E-5159-4A7D-A70B-652DB6E36020>.<3> finished successfully
2026-08-12 16:08:26.709 Df IlliniCover[43047:3ee4b5] [com.apple.CFNetwork:Default] Task <DF7692D8-0D00-4EE4-B112-89FE8F998126>.<4> resuming, timeouts(0.0, 604800.0) qos(0x19) voucher((null)) activity(00000000-0000-0000-0000-000000000000)
2026-08-12 16:08:26.710 Df IlliniCover[43047:3ee4b1] [com.apple.network:connection] [C2] event: client:connection_reused @7.846s
2026-08-12 16:08:26.710 Df IlliniCover[43047:3ee4b1] [com.apple.CFNetwork:Default] Task <DF7692D8-0D00-4EE4-B112-89FE8F998126>.<4> now using Connection 2
2026-08-12 16:08:26.711 Df IlliniCover[43047:3ee4b1] [com.apple.cfnetwork:h3stream] 0x121970018 ID=8 Task <DF7692D8-0D00-4EE4-B112-89FE8F998126>.<4> sent request, body S 461
2026-08-12 16:08:27.108 Df IlliniCover[43047:3ee4ac] [com.apple.UIKit:UICMILifecycle] _animateUsingFluidSpringWithType 1 completion: finished 1, retargeted 0, count: 0
2026-08-12 16:08:27.160 Df IlliniCover[43047:3ee4b3] [com.apple.cfnetwork:h3stream] 0x121970018 ID=8 Task <DF7692D8-0D00-4EE4-B112-89FE8F998126>.<4> received response, status 200 content K
2026-08-12 16:08:27.160 Df IlliniCover[43047:3ee4b3] [com.apple.CFNetwork:Default] Task <DF7692D8-0D00-4EE4-B112-89FE8F998126>.<4> response ended
2026-08-12 16:08:27.160 Df IlliniCover[43047:3ee4b3] [com.apple.network:connection] [C2] event: client:connection_idle @8.296s
2026-08-12 16:08:27.160 Df IlliniCover[43047:3ee4b3] [com.apple.CFNetwork:Default] Task <DF7692D8-0D00-4EE4-B112-89FE8F998126>.<4> done using Connection 2
2026-08-12 16:08:27.160 Df IlliniCover[43047:3ee4b5] [com.apple.CFNetwork:Summary] Task <DF7692D8-0D00-4EE4-B112-89FE8F998126>.<4> summary for task success {transaction_duration_ms=450, response_status=200, connection=2, reused=1, reused_after_ms=3, request_start_ms=0, request_duration_ms=0, response_start_ms=449, response_duration_ms=0, request_bytes=1615, request_throughput_kbps=22351, response_bytes=914, response_throughput_kbps=9139, cache_hit=true}
2026-08-12 16:08:27.161 Df IlliniCover[43047:3ee4b5] [com.apple.CFNetwork:Default] Task <DF7692D8-0D00-4EE4-B112-89FE8F998126>.<4> finished successfully
2026-08-12 16:08:27.162 Df IlliniCover[43047:3ee4b3] [com.apple.CFNetwork:Default] Task <B06EA74D-4B9A-44B9-9BFC-221E546AC93D>.<5> resuming, timeouts(0.0, 604800.0) qos(0x19) voucher((null)) activity(00000000-0000-0000-0000-000000000000)
2026-08-12 16:08:27.163 Df IlliniCover[43047:3ee4b5] [com.apple.network:connection] [C2] event: client:connection_reused @8.298s
2026-08-12 16:08:27.163 Df IlliniCover[43047:3ee4b5] [com.apple.CFNetwork:Default] Task <B06EA74D-4B9A-44B9-9BFC-221E546AC93D>.<5> now using Connection 2
2026-08-12 16:08:27.163 Df IlliniCover[43047:3ee4b5] [com.apple.cfnetwork:h3stream] 0x121970018 ID=12 Task <B06EA74D-4B9A-44B9-9BFC-221E546AC93D>.<5> sent request, body N 0
2026-08-12 16:08:27.499 Df IlliniCover[43047:3ee4ac] [com.apple.UIKit:UICMILifecycle] performAllCompletions for animator: <_UIContextMenuAnimator: 0x121ae2760>
2026-08-12 16:08:27.537 Df IlliniCover[43047:3ee4b8] [com.apple.cfnetwork:h3stream] 0x121970018 ID=12 Task <B06EA74D-4B9A-44B9-9BFC-221E546AC93D>.<5> received response, status 200 content K
2026-08-12 16:08:27.537 Df IlliniCover[43047:3ee4b8] [com.apple.CFNetwork:Default] Task <B06EA74D-4B9A-44B9-9BFC-221E546AC93D>.<5> response ended
2026-08-12 16:08:27.538 Df IlliniCover[43047:3ee4b8] [com.apple.network:connection] [C2] event: client:connection_idle @8.673s
2026-08-12 16:08:27.538 Df IlliniCover[43047:3ee4b8] [com.apple.CFNetwork:Default] Task <B06EA74D-4B9A-44B9-9BFC-221E546AC93D>.<5> done using Connection 2
2026-08-12 16:08:27.538 Df IlliniCover[43047:3ee4b1] [com.apple.CFNetwork:Summary] Task <B06EA74D-4B9A-44B9-9BFC-221E546AC93D>.<5> summary for task success {transaction_duration_ms=375, response_status=200, connection=2, reused=1, reused_after_ms=2, request_start_ms=0, request_duration_ms=0, response_start_ms=374, response_duration_ms=1, request_bytes=367, request_throughput_kbps=15212, response_bytes=2694, response_throughput_kbps=14551, cache_hit=true}
2026-08-12 16:08:27.538 Df IlliniCover[43047:3ee4b1] [com.apple.CFNetwork:Default] Task <B06EA74D-4B9A-44B9-9BFC-221E546AC93D>.<5> finished successfully
2026-08-12 16:08:29.749 Df IlliniCover[43047:3ee4b8] [com.apple.dt.xctest:Default] Received request to fetch matches for query:
2026-08-12 16:08:29.749 Df IlliniCover[43047:3ee4b8] [com.apple.dt.xctest:Default] Evaluating query:
2026-08-12 16:08:29.749 Df IlliniCover[43047:3ee4b8] [com.apple.dt.xctest:Default] Getting root element snapshot
2026-08-12 16:08:29.749 Df IlliniCover[43047:3ee4b8] [com.apple.dt.xctest:Default] Getting snapshot for App element pid: 43047 for query
2026-08-12 16:08:29.749 Df IlliniCover[43047:3ee4b8] [com.apple.dt.xctest:Default] Query requires iOS snapshot attributes .
2026-08-12 16:08:29.749 Df IlliniCover[43047:3ee4b8] [com.apple.dt.xctest:Default] XCTPerformOnMainRunLoop[not MT]: about to CFRunLoopPerform
2026-08-12 16:08:29.749 Df IlliniCover[43047:3ee4b8] [com.apple.dt.xctest:Default] XCTPerformOnMainRunLoop[not MT]: waiting with 30.00s responsiveness timeout
2026-08-12 16:08:29.749 Df IlliniCover[43047:3ee4ac] [com.apple.dt.xctest:Default] XCTPerformOnMainRunLoop[MT]: inside CFRunLoopPerform
2026-08-12 16:08:29.749 Df IlliniCover[43047:3ee4ac] [com.apple.dt.xctest:Default] XCTPerformOnMainRunLoop[MT]: MT responded in time (won the race to the busy flag)
2026-08-12 16:08:29.749 Df IlliniCover[43047:3ee4b8] [com.apple.dt.xctest:Default] XCTPerformOnMainRunLoop[not MT]: waiting 60.00s for work to complete
2026-08-12 16:08:29.749 Df IlliniCover[43047:3ee4ac] [com.apple.dt.xctest:Default] Got main window <AXUIElementRef 0x120a71740> {pid=43047} {uid=[ID:4 hash:0x105a10400]}
2026-08-12 16:08:29.750 Df IlliniCover[43047:3ee4ac] [com.apple.dt.xctest:Default] Capturing hierarchy with attributes XC_kAXXCAttributeElementType, XC_kAXXCAttributeElementBaseType, XC_kAXXCAttributeParent, XC_kAXXCAttributeIdentifier, XC_kAXXCAttributeAutomationType, XC_kAXXCAttributeTraits
2026-08-12 16:08:29.750 Df IlliniCover[43047:3ee4ac] [com.apple.dt.xctest:Default] Capturing hierarchy with parameters {
    attributes =     (
        5003,
        5004,
        5002,
        5019,
        5058,
        2004
    );
    maxArrayCount = 2147483647;
    maxChildren = 2147483647;
    maxDepth = 2147483647;
    snapshotKeyHonorModalViews = 0;
    traverseFromParentsToChildren = 1;
}
2026-08-12 16:08:29.750 Df IlliniCover[43047:3ee4ac] [com.apple.dt.xctest:Default] Snapshot attributes 5003, 5004, 5002, 5019, 5058, 2004
2026-08-12 16:08:29.805 Df IlliniCover[43047:3ee4ac] [com.apple.dt.xctest:Default] Got snapshot for <AXUIElementRef 0x1209c9050> {pid=43047} {uid=[ID:1 hash:0x0]}
2026-08-12 16:08:29.805 Df IlliniCover[43047:3ee4ac] [com.apple.dt.xctest:Default] Got app orientation 0
2026-08-12 16:08:29.805 Df IlliniCover[43047:3ee4ac] [com.apple.dt.xctest:Default] Captured accessibility snapshot data in 0.06s
2026-08-12 16:08:29.805 Df IlliniCover[43047:3ee4b8] [com.apple.dt.xctest:Default] Found main window: Window
2026-08-12 16:08:29.805 Df IlliniCover[43047:3ee4b8] [com.apple.dt.xctest:Default] Preferring automation type 48 instead of legacy element type OTHER derived from class/trait: UILabel:UILabel 8590000128
2026-08-12 16:08:29.805 Df IlliniCover[43047:3ee4b8] [com.apple.dt.xctest:Default] Other is not actually a child of Other, including at this point anyway (rdar://problem/20738636)
2026-08-12 16:08:29.805 Df IlliniCover[43047:3ee4b8] [com.apple.dt.xctest:Default] Other is not actually a child of Other, including at this point anyway (rdar://problem/20738636)
2026-08-12 16:08:29.805 Df IlliniCover[43047:3ee4b8] [com.apple.dt.xctest:Default] Other is not actually a child of Other, including at this point anyway (rdar://problem/20738636)
2026-08-12 16:08:29.805 Df IlliniCover[43047:3ee4b8] [com.apple.dt.xctest:Default] Other is not actually a child of Other, including at this point anyway (rdar://problem/20738636)
2026-08-12 16:08:29.805 Df IlliniCover[43047:3ee4b8] [com.apple.dt.xctest:Default] Other is not actually a child of Other, including at this point anyway (rdar://problem/20738636)
2026-08-12 16:08:29.805 Df IlliniCover[43047:3ee4b8] [com.apple.dt.xctest:Default] Other is not actually a child of Other, including at this point anyway (rdar://problem/20738636)
2026-08-12 16:08:29.806 Df IlliniCover[43047:3ee4b8] [com.apple.dt.xctest:Default] Other is not actually a child of Other, including at this point anyway (rdar://problem/20738636)
2026-08-12 16:08:29.806 Df IlliniCover[43047:3ee4b8] [com.apple.dt.xctest:Default] Other is not actually a child of Other, including at this point anyway (rdar://problem/20738636)
2026-08-12 16:08:29.806 Df IlliniCover[43047:3ee4b8] [com.apple.dt.xctest:Default] Other is not actually a child of Other, including at this point anyway (rdar://problem/20738636)
2026-08-12 16:08:29.806 Df IlliniCover[43047:3ee4b8] [com.apple.dt.xctest:Default] Other is not actually a child of Other, including at this point anyway (rdar://problem/20738636)
2026-08-12 16:08:29.806 Df IlliniCover[43047:3ee4b8] [com.apple.dt.xctest:Default] Other is not actually a child of Other, including at this point anyway (rdar://problem/20738636)
2026-08-12 16:08:29.806 Df IlliniCover[43047:3ee4b8] [com.apple.dt.xctest:Default] Other is not actually a child of Other, including at this point anyway (rdar://problem/20738636)
2026-08-12 16:08:29.806 Df IlliniCover[43047:3ee4b8] [com.apple.dt.xctest:Default] App orientation is 0 (not portrait) and UITextEffectsWindow window Window is not main window
2026-08-12 16:08:29.806 Df IlliniCover[43047:3ee4b8] [com.apple.dt.xctest:Default] Leaving frame unchanged for Window: either already correct or we can't detect it.
2026-08-12 16:08:29.806 Df IlliniCover[43047:3ee4b8] [com.apple.dt.xctest:Default] Query  found matching snapshots: {(
    Application, pid: 43047
)} (error: (null))
2026-08-12 16:08:29.807 Df IlliniCover[43047:3ee4b8] [com.apple.dt.xctest:Default] Replying to query  with results: <XCTElementQueryResults: 0x120811950> (error: (null))
2026-08-12 16:08:29.917 Df IlliniCover[43047:3ee4b8] [com.apple.dt.xctest:Default] Received request to fetch matches for query:
2026-08-12 16:08:29.917 Df IlliniCover[43047:3ee4b8] [com.apple.dt.xctest:Default] Evaluating query:
2026-08-12 16:08:29.917 Df IlliniCover[43047:3ee4b8] [com.apple.dt.xctest:Default] Getting root element snapshot
2026-08-12 16:08:29.917 Df IlliniCover[43047:3ee4b8] [com.apple.dt.xctest:Default] Getting snapshot for App element pid: 43047 for query
2026-08-12 16:08:29.917 Df IlliniCover[43047:3ee4b8] [com.apple.dt.xctest:Default] Query requires iOS snapshot attributes .
2026-08-12 16:08:29.917 Df IlliniCover[43047:3ee4b8] [com.apple.dt.xctest:Default] XCTPerformOnMainRunLoop[not MT]: about to CFRunLoopPerform
2026-08-12 16:08:29.917 Df IlliniCover[43047:3ee4b8] [com.apple.dt.xctest:Default] XCTPerformOnMainRunLoop[not MT]: waiting with 30.00s responsiveness timeout
2026-08-12 16:08:29.917 Df IlliniCover[43047:3ee4ac] [com.apple.dt.xctest:Default] XCTPerformOnMainRunLoop[MT]: inside CFRunLoopPerform
2026-08-12 16:08:29.917 Df IlliniCover[43047:3ee4ac] [com.apple.dt.xctest:Default] XCTPerformOnMainRunLoop[MT]: MT responded in time (won the race to the busy flag)
2026-08-12 16:08:29.917 Df IlliniCover[43047:3ee4b8] [com.apple.dt.xctest:Default] XCTPerformOnMainRunLoop[not MT]: waiting 60.00s for work to complete
2026-08-12 16:08:29.918 Df IlliniCover[43047:3ee4ac] [com.apple.dt.xctest:Default] Got main window <AXUIElementRef 0x12192b5d0> {pid=43047} {uid=[ID:4 hash:0x105a10400]}
2026-08-12 16:08:29.918 Df IlliniCover[43047:3ee4ac] [com.apple.dt.xctest:Default] Capturing hierarchy with attributes XC_kAXXCAttributeElementType, XC_kAXXCAttributeElementBaseType, XC_kAXXCAttributeParent, XC_kAXXCAttributeIdentifier, XC_kAXXCAttributeAutomationType, XC_kAXXCAttributeTraits
2026-08-12 16:08:29.918 Df IlliniCover[43047:3ee4ac] [com.apple.dt.xctest:Default] Capturing hierarchy with parameters {
    attributes =     (
        5003,
        5004,
        5002,
        5019,
        5058,
        2004
    );
    maxArrayCount = 2147483647;
    maxChildren = 2147483647;
    maxDepth = 2147483647;
    snapshotKeyHonorModalViews = 0;
    traverseFromParentsToChildren = 1;
}
2026-08-12 16:08:29.918 Df IlliniCover[43047:3ee4ac] [com.apple.dt.xctest:Default] Snapshot attributes 5003, 5004, 5002, 5019, 5058, 2004
2026-08-12 16:08:29.971 Df IlliniCover[43047:3ee4ac] [com.apple.dt.xctest:Default] Got snapshot for <AXUIElementRef 0x1209caaf0> {pid=43047} {uid=[ID:1 hash:0x0]}
2026-08-12 16:08:29.971 Df IlliniCover[43047:3ee4ac] [com.apple.dt.xctest:Default] Got app orientation 0
2026-08-12 16:08:29.971 Df IlliniCover[43047:3ee4ac] [com.apple.dt.xctest:Default] Captured accessibility snapshot data in 0.05s
2026-08-12 16:08:29.971 Df IlliniCover[43047:3ee4b8] [com.apple.dt.xctest:Default] Found main window: Window
2026-08-12 16:08:29.972 Df IlliniCover[43047:3ee4b8] [com.apple.dt.xctest:Default] Preferring automation type 48 instead of legacy element type OTHER derived from class/trait: UILabel:UILabel 8590000128
2026-08-12 16:08:29.972 Df IlliniCover[43047:3ee4b8] [com.apple.dt.xctest:Default] Other is not actually a child of Other, including at this point anyway (rdar://problem/20738636)
2026-08-12 16:08:29.972 Df IlliniCover[43047:3ee4b8] [com.apple.dt.xctest:Default] Other is not actually a child of Other, including at this point anyway (rdar://problem/20738636)
2026-08-12 16:08:29.972 Df IlliniCover[43047:3ee4b8] [com.apple.dt.xctest:Default] Other is not actually a child of Other, including at this point anyway (rdar://problem/20738636)
2026-08-12 16:08:29.972 Df IlliniCover[43047:3ee4b8] [com.apple.dt.xctest:Default] Other is not actually a child of Other, including at this point anyway (rdar://problem/20738636)
2026-08-12 16:08:29.972 Df IlliniCover[43047:3ee4b8] [com.apple.dt.xctest:Default] Other is not actually a child of Other, including at this point anyway (rdar://problem/20738636)
2026-08-12 16:08:29.972 Df IlliniCover[43047:3ee4b8] [com.apple.dt.xctest:Default] Other is not actually a child of Other, including at this point anyway (rdar://problem/20738636)
2026-08-12 16:08:29.972 Df IlliniCover[43047:3ee4b8] [com.apple.dt.xctest:Default] Other is not actually a child of Other, including at this point anyway (rdar://problem/20738636)
2026-08-12 16:08:29.972 Df IlliniCover[43047:3ee4b8] [com.apple.dt.xctest:Default] Other is not actually a child of Other, including at this point anyway (rdar://problem/20738636)
2026-08-12 16:08:29.972 Df IlliniCover[43047:3ee4b8] [com.apple.dt.xctest:Default] Other is not actually a child of Other, including at this point anyway (rdar://problem/20738636)
2026-08-12 16:08:29.973 Df IlliniCover[43047:3ee4b8] [com.apple.dt.xctest:Default] Other is not actually a child of Other, including at this point anyway (rdar://problem/20738636)
2026-08-12 16:08:29.973 Df IlliniCover[43047:3ee4b8] [com.apple.dt.xctest:Default] Other is not actually a child of Other, including at this point anyway (rdar://problem/20738636)
2026-08-12 16:08:29.973 Df IlliniCover[43047:3ee4b8] [com.apple.dt.xctest:Default] Other is not actually a child of Other, including at this point anyway (rdar://problem/20738636)
2026-08-12 16:08:29.973 Df IlliniCover[43047:3ee4b8] [com.apple.dt.xctest:Default] App orientation is 0 (not portrait) and UITextEffectsWindow window Window is not main window
2026-08-12 16:08:29.973 Df IlliniCover[43047:3ee4b8] [com.apple.dt.xctest:Default] Leaving frame unchanged for Window: either already correct or we can't detect it.
2026-08-12 16:08:29.973 Df IlliniCover[43047:3ee4b8] [com.apple.dt.xctest:Default] Query  found matching snapshots: {(
    Application, pid: 43047
)} (error: (null))
2026-08-12 16:08:29.973 Df IlliniCover[43047:3ee4b8] [com.apple.dt.xctest:Default] Replying to query  with results: <XCTElementQueryResults: 0x1208112c0> (error: (null))
2026-08-12 16:08:30.106 Df IlliniCover[43047:3ee4b8] [com.apple.dt.xctest:Default] Received request to fetch matches for query:
2026-08-12 16:08:30.106 Df IlliniCover[43047:3ee4b3] [com.apple.dt.xctest:Default] Evaluating query:
2026-08-12 16:08:30.106 Df IlliniCover[43047:3ee4b3] [com.apple.dt.xctest:Default] Getting root element snapshot
2026-08-12 16:08:30.106 Df IlliniCover[43047:3ee4b3] [com.apple.dt.xctest:Default] Getting snapshot for App element pid: 43047 for query
2026-08-12 16:08:30.106 Df IlliniCover[43047:3ee4b3] [com.apple.dt.xctest:Default] Query requires iOS snapshot attributes .
2026-08-12 16:08:30.106 Df IlliniCover[43047:3ee4b3] [com.apple.dt.xctest:Default] XCTPerformOnMainRunLoop[not MT]: about to CFRunLoopPerform
2026-08-12 16:08:30.106 Df IlliniCover[43047:3ee4b3] [com.apple.dt.xctest:Default] XCTPerformOnMainRunLoop[not MT]: waiting with 30.00s responsiveness timeout
2026-08-12 16:08:30.106 Df IlliniCover[43047:3ee4ac] [com.apple.dt.xctest:Default] XCTPerformOnMainRunLoop[MT]: inside CFRunLoopPerform
2026-08-12 16:08:30.106 Df IlliniCover[43047:3ee4ac] [com.apple.dt.xctest:Default] XCTPerformOnMainRunLoop[MT]: MT responded in time (won the race to the busy flag)
2026-08-12 16:08:30.106 Df IlliniCover[43047:3ee4b3] [com.apple.dt.xctest:Default] XCTPerformOnMainRunLoop[not MT]: waiting 60.00s for work to complete
2026-08-12 16:08:30.107 Df IlliniCover[43047:3ee4ac] [com.apple.dt.xctest:Default] Got main window <AXUIElementRef 0x121a987e0> {pid=43047} {uid=[ID:4 hash:0x105a10400]}
2026-08-12 16:08:30.107 Df IlliniCover[43047:3ee4ac] [com.apple.dt.xctest:Default] Capturing hierarchy with attributes XC_kAXXCAttributeElementType, XC_kAXXCAttributeElementBaseType, XC_kAXXCAttributeParent, XC_kAXXCAttributeIdentifier, XC_kAXXCAttributeAutomationType, XC_kAXXCAttributeTraits
2026-08-12 16:08:30.107 Df IlliniCover[43047:3ee4ac] [com.apple.dt.xctest:Default] Capturing hierarchy with parameters {
    attributes =     (
        5003,
        5004,
        5002,
        5019,
        5058,
        2004
    );
    maxArrayCount = 2147483647;
    maxChildren = 2147483647;
    maxDepth = 2147483647;
    snapshotKeyHonorModalViews = 0;
    traverseFromParentsToChildren = 1;
}
2026-08-12 16:08:30.107 Df IlliniCover[43047:3ee4ac] [com.apple.dt.xctest:Default] Snapshot attributes 5003, 5004, 5002, 5019, 5058, 2004
2026-08-12 16:08:30.160 Df IlliniCover[43047:3ee4ac] [com.apple.dt.xctest:Default] Got snapshot for <AXUIElementRef 0x1209caa00> {pid=43047} {uid=[ID:1 hash:0x0]}
2026-08-12 16:08:30.161 Df IlliniCover[43047:3ee4ac] [com.apple.dt.xctest:Default] Got app orientation 0
2026-08-12 16:08:30.161 Df IlliniCover[43047:3ee4ac] [com.apple.dt.xctest:Default] Captured accessibility snapshot data in 0.05s
2026-08-12 16:08:30.161 Df IlliniCover[43047:3ee4b3] [com.apple.dt.xctest:Default] Found main window: Window
2026-08-12 16:08:30.161 Df IlliniCover[43047:3ee4b3] [com.apple.dt.xctest:Default] Preferring automation type 48 instead of legacy element type OTHER derived from class/trait: UILabel:UILabel 8590000128
2026-08-12 16:08:30.161 Df IlliniCover[43047:3ee4b3] [com.apple.dt.xctest:Default] Other is not actually a child of Other, including at this point anyway (rdar://problem/20738636)
2026-08-12 16:08:30.161 Df IlliniCover[43047:3ee4b3] [com.apple.dt.xctest:Default] Other is not actually a child of Other, including at this point anyway (rdar://problem/20738636)
2026-08-12 16:08:30.161 Df IlliniCover[43047:3ee4b3] [com.apple.dt.xctest:Default] Other is not actually a child of Other, including at this point anyway (rdar://problem/20738636)
2026-08-12 16:08:30.161 Df IlliniCover[43047:3ee4b3] [com.apple.dt.xctest:Default] Other is not actually a child of Other, including at this point anyway (rdar://problem/20738636)
2026-08-12 16:08:30.161 Df IlliniCover[43047:3ee4b3] [com.apple.dt.xctest:Default] Other is not actually a child of Other, including at this point anyway (rdar://problem/20738636)
2026-08-12 16:08:30.161 Df IlliniCover[43047:3ee4b3] [com.apple.dt.xctest:Default] Other is not actually a child of Other, including at this point anyway (rdar://problem/20738636)
2026-08-12 16:08:30.161 Df IlliniCover[43047:3ee4b3] [com.apple.dt.xctest:Default] Other is not actually a child of Other, including at this point anyway (rdar://problem/20738636)
2026-08-12 16:08:30.161 Df IlliniCover[43047:3ee4b3] [com.apple.dt.xctest:Default] Other is not actually a child of Other, including at this point anyway (rdar://problem/20738636)
2026-08-12 16:08:30.161 Df IlliniCover[43047:3ee4b3] [com.apple.dt.xctest:Default] Other is not actually a child of Other, including at this point anyway (rdar://problem/20738636)
2026-08-12 16:08:30.162 Df IlliniCover[43047:3ee4b3] [com.apple.dt.xctest:Default] Other is not actually a child of Other, including at this point anyway (rdar://problem/20738636)
2026-08-12 16:08:30.162 Df IlliniCover[43047:3ee4b3] [com.apple.dt.xctest:Default] Other is not actually a child of Other, including at this point anyway (rdar://problem/20738636)
2026-08-12 16:08:30.162 Df IlliniCover[43047:3ee4b3] [com.apple.dt.xctest:Default] Other is not actually a child of Other, including at this point anyway (rdar://problem/20738636)
2026-08-12 16:08:30.162 Df IlliniCover[43047:3ee4b3] [com.apple.dt.xctest:Default] App orientation is 0 (not portrait) and UITextEffectsWindow window Window is not main window
2026-08-12 16:08:30.162 Df IlliniCover[43047:3ee4b3] [com.apple.dt.xctest:Default] Leaving frame unchanged for Window: either already correct or we can't detect it.
2026-08-12 16:08:30.162 Df IlliniCover[43047:3ee4b3] [com.apple.dt.xctest:Default] Query  found matching snapshots: {(
    Application, pid: 43047
)} (error: (null))
2026-08-12 16:08:30.162 Df IlliniCover[43047:3ee4b3] [com.apple.dt.xctest:Default] Replying to query  with results: <XCTElementQueryResults: 0x120811290> (error: (null))
2026-08-12 16:08:30.276 Df IlliniCover[43047:3ee4b3] [com.apple.dt.xctest:Default] Received request to fetch matches for query:
2026-08-12 16:08:30.276 Df IlliniCover[43047:3ee4b3] [com.apple.dt.xctest:Default] Evaluating query:
2026-08-12 16:08:30.276 Df IlliniCover[43047:3ee4b3] [com.apple.dt.xctest:Default] Getting root element snapshot
2026-08-12 16:08:30.276 Df IlliniCover[43047:3ee4b3] [com.apple.dt.xctest:Default] Getting snapshot for App element pid: 43047 for query
2026-08-12 16:08:30.276 Df IlliniCover[43047:3ee4b3] [com.apple.dt.xctest:Default] Query requires iOS snapshot attributes .
2026-08-12 16:08:30.276 Df IlliniCover[43047:3ee4b3] [com.apple.dt.xctest:Default] XCTPerformOnMainRunLoop[not MT]: about to CFRunLoopPerform
2026-08-12 16:08:30.276 Df IlliniCover[43047:3ee4b3] [com.apple.dt.xctest:Default] XCTPerformOnMainRunLoop[not MT]: waiting with 30.00s responsiveness timeout
2026-08-12 16:08:30.276 Df IlliniCover[43047:3ee4ac] [com.apple.dt.xctest:Default] XCTPerformOnMainRunLoop[MT]: inside CFRunLoopPerform
2026-08-12 16:08:30.276 Df IlliniCover[43047:3ee4ac] [com.apple.dt.xctest:Default] XCTPerformOnMainRunLoop[MT]: MT responded in time (won the race to the busy flag)
2026-08-12 16:08:30.276 Df IlliniCover[43047:3ee4b3] [com.apple.dt.xctest:Default] XCTPerformOnMainRunLoop[not MT]: waiting 60.00s for work to complete
2026-08-12 16:08:30.277 Df IlliniCover[43047:3ee4ac] [com.apple.dt.xctest:Default] Got main window <AXUIElementRef 0x121acefd0> {pid=43047} {uid=[ID:4 hash:0x105a10400]}
2026-08-12 16:08:30.277 Df IlliniCover[43047:3ee4ac] [com.apple.dt.xctest:Default] Capturing hierarchy with attributes XC_kAXXCAttributeElementType, XC_kAXXCAttributeElementBaseType, XC_kAXXCAttributeParent, XC_kAXXCAttributeIdentifier, XC_kAXXCAttributeAutomationType, XC_kAXXCAttributeTraits
2026-08-12 16:08:30.277 Df IlliniCover[43047:3ee4ac] [com.apple.dt.xctest:Default] Capturing hierarchy with parameters {
    attributes =     (
        5003,
        5004,
        5002,
        5019,
        5058,
        2004
    );
    maxArrayCount = 2147483647;
    maxChildren = 2147483647;
    maxDepth = 2147483647;
    snapshotKeyHonorModalViews = 0;
    traverseFromParentsToChildren = 1;
}
2026-08-12 16:08:30.277 Df IlliniCover[43047:3ee4ac] [com.apple.dt.xctest:Default] Snapshot attributes 5003, 5004, 5002, 5019, 5058, 2004
2026-08-12 16:08:30.330 Df IlliniCover[43047:3ee4ac] [com.apple.dt.xctest:Default] Got snapshot for <AXUIElementRef 0x1209ca400> {pid=43047} {uid=[ID:1 hash:0x0]}
2026-08-12 16:08:30.330 Df IlliniCover[43047:3ee4ac] [com.apple.dt.xctest:Default] Got app orientation 0
2026-08-12 16:08:30.330 Df IlliniCover[43047:3ee4ac] [com.apple.dt.xctest:Default] Captured accessibility snapshot data in 0.05s
2026-08-12 16:08:30.330 Df IlliniCover[43047:3ee4b3] [com.apple.dt.xctest:Default] Found main window: Window
2026-08-12 16:08:30.330 Df IlliniCover[43047:3ee4b3] [com.apple.dt.xctest:Default] Preferring automation type 48 instead of legacy element type OTHER derived from class/trait: UILabel:UILabel 8590000128
2026-08-12 16:08:30.330 Df IlliniCover[43047:3ee4b3] [com.apple.dt.xctest:Default] Other is not actually a child of Other, including at this point anyway (rdar://problem/20738636)
2026-08-12 16:08:30.330 Df IlliniCover[43047:3ee4b3] [com.apple.dt.xctest:Default] Other is not actually a child of Other, including at this point anyway (rdar://problem/20738636)
2026-08-12 16:08:30.330 Df IlliniCover[43047:3ee4b3] [com.apple.dt.xctest:Default] Other is not actually a child of Other, including at this point anyway (rdar://problem/20738636)
2026-08-12 16:08:30.331 Df IlliniCover[43047:3ee4b3] [com.apple.dt.xctest:Default] Other is not actually a child of Other, including at this point anyway (rdar://problem/20738636)
2026-08-12 16:08:30.331 Df IlliniCover[43047:3ee4b3] [com.apple.dt.xctest:Default] Other is not actually a child of Other, including at this point anyway (rdar://problem/20738636)
2026-08-12 16:08:30.331 Df IlliniCover[43047:3ee4b3] [com.apple.dt.xctest:Default] Other is not actually a child of Other, including at this point anyway (rdar://problem/20738636)
2026-08-12 16:08:30.331 Df IlliniCover[43047:3ee4b3] [com.apple.dt.xctest:Default] Other is not actually a child of Other, including at this point anyway (rdar://problem/20738636)
2026-08-12 16:08:30.331 Df IlliniCover[43047:3ee4b3] [com.apple.dt.xctest:Default] Other is not actually a child of Other, including at this point anyway (rdar://problem/20738636)
2026-08-12 16:08:30.331 Df IlliniCover[43047:3ee4b3] [com.apple.dt.xctest:Default] Other is not actually a child of Other, including at this point anyway (rdar://problem/20738636)
2026-08-12 16:08:30.331 Df IlliniCover[43047:3ee4b3] [com.apple.dt.xctest:Default] Other is not actually a child of Other, including at this point anyway (rdar://problem/20738636)
2026-08-12 16:08:30.331 Df IlliniCover[43047:3ee4b3] [com.apple.dt.xctest:Default] Other is not actually a child of Other, including at this point anyway (rdar://problem/20738636)
2026-08-12 16:08:30.331 Df IlliniCover[43047:3ee4b3] [com.apple.dt.xctest:Default] Other is not actually a child of Other, including at this point anyway (rdar://problem/20738636)
2026-08-12 16:08:30.331 Df IlliniCover[43047:3ee4b3] [com.apple.dt.xctest:Default] App orientation is 0 (not portrait) and UITextEffectsWindow window Window is not main window
2026-08-12 16:08:30.331 Df IlliniCover[43047:3ee4b3] [com.apple.dt.xctest:Default] Leaving frame unchanged for Window: either already correct or we can't detect it.
2026-08-12 16:08:30.331 Df IlliniCover[43047:3ee4b3] [com.apple.dt.xctest:Default] Query  found matching snapshots: {(
    Application, pid: 43047
)} (error: (null))
2026-08-12 16:08:30.332 Df IlliniCover[43047:3ee4b3] [com.apple.dt.xctest:Default] Replying to query  with results: <XCTElementQueryResults: 0x1208116b0> (error: (null))
2026-08-12 16:08:30.445 Df IlliniCover[43047:3ee4b8] [com.apple.dt.xctest:Default] Received request to fetch matches for query:
2026-08-12 16:08:30.445 Df IlliniCover[43047:3ee4b8] [com.apple.dt.xctest:Default] Evaluating query:
2026-08-12 16:08:30.445 Df IlliniCover[43047:3ee4b8] [com.apple.dt.xctest:Default] Getting root element snapshot
2026-08-12 16:08:30.445 Df IlliniCover[43047:3ee4b8] [com.apple.dt.xctest:Default] Getting snapshot for App element pid: 43047 for query
2026-08-12 16:08:30.445 Df IlliniCover[43047:3ee4b8] [com.apple.dt.xctest:Default] Query requires iOS snapshot attributes .
2026-08-12 16:08:30.445 Df IlliniCover[43047:3ee4b8] [com.apple.dt.xctest:Default] XCTPerformOnMainRunLoop[not MT]: about to CFRunLoopPerform
2026-08-12 16:08:30.445 Df IlliniCover[43047:3ee4b8] [com.apple.dt.xctest:Default] XCTPerformOnMainRunLoop[not MT]: waiting with 30.00s responsiveness timeout
2026-08-12 16:08:30.445 Df IlliniCover[43047:3ee4ac] [com.apple.dt.xctest:Default] XCTPerformOnMainRunLoop[MT]: inside CFRunLoopPerform
2026-08-12 16:08:30.445 Df IlliniCover[43047:3ee4ac] [com.apple.dt.xctest:Default] XCTPerformOnMainRunLoop[MT]: MT responded in time (won the race to the busy flag)
2026-08-12 16:08:30.445 Df IlliniCover[43047:3ee4b8] [com.apple.dt.xctest:Default] XCTPerformOnMainRunLoop[not MT]: waiting 60.00s for work to complete
2026-08-12 16:08:30.445 Df IlliniCover[43047:3ee4ac] [com.apple.dt.xctest:Default] Got main window <AXUIElementRef 0x121a8f600> {pid=43047} {uid=[ID:4 hash:0x105a10400]}
2026-08-12 16:08:30.445 Df IlliniCover[43047:3ee4ac] [com.apple.dt.xctest:Default] Capturing hierarchy with attributes XC_kAXXCAttributeElementType, XC_kAXXCAttributeElementBaseType, XC_kAXXCAttributeParent, XC_kAXXCAttributeIdentifier, XC_kAXXCAttributeAutomationType, XC_kAXXCAttributeTraits
2026-08-12 16:08:30.445 Df IlliniCover[43047:3ee4ac] [com.apple.dt.xctest:Default] Capturing hierarchy with parameters {
    attributes =     (
        5003,
        5004,
        5002,
        5019,
        5058,
        2004
    );
    maxArrayCount = 2147483647;
    maxChildren = 2147483647;
    maxDepth = 2147483647;
    snapshotKeyHonorModalViews = 0;
    traverseFromParentsToChildren = 1;
}
2026-08-12 16:08:30.445 Df IlliniCover[43047:3ee4ac] [com.apple.dt.xctest:Default] Snapshot attributes 5003, 5004, 5002, 5019, 5058, 2004
2026-08-12 16:08:30.498 Df IlliniCover[43047:3ee4ac] [com.apple.dt.xctest:Default] Got snapshot for <AXUIElementRef 0x121adae80> {pid=43047} {uid=[ID:1 hash:0x0]}
2026-08-12 16:08:30.498 Df IlliniCover[43047:3ee4ac] [com.apple.dt.xctest:Default] Got app orientation 0
2026-08-12 16:08:30.498 Df IlliniCover[43047:3ee4ac] [com.apple.dt.xctest:Default] Captured accessibility snapshot data in 0.05s
2026-08-12 16:08:30.498 Df IlliniCover[43047:3ee4b8] [com.apple.dt.xctest:Default] Found main window: Window
2026-08-12 16:08:30.498 Df IlliniCover[43047:3ee4b8] [com.apple.dt.xctest:Default] Preferring automation type 48 instead of legacy element type OTHER derived from class/trait: UILabel:UILabel 8590000128
2026-08-12 16:08:30.499 Df IlliniCover[43047:3ee4b8] [com.apple.dt.xctest:Default] Other is not actually a child of Other, including at this point anyway (rdar://problem/20738636)
2026-08-12 16:08:30.499 Df IlliniCover[43047:3ee4b8] [com.apple.dt.xctest:Default] Other is not actually a child of Other, including at this point anyway (rdar://problem/20738636)
2026-08-12 16:08:30.499 Df IlliniCover[43047:3ee4b8] [com.apple.dt.xctest:Default] Other is not actually a child of Other, including at this point anyway (rdar://problem/20738636)
2026-08-12 16:08:30.499 Df IlliniCover[43047:3ee4b8] [com.apple.dt.xctest:Default] Other is not actually a child of Other, including at this point anyway (rdar://problem/20738636)
2026-08-12 16:08:30.499 Df IlliniCover[43047:3ee4b8] [com.apple.dt.xctest:Default] Other is not actually a child of Other, including at this point anyway (rdar://problem/20738636)
2026-08-12 16:08:30.499 Df IlliniCover[43047:3ee4b8] [com.apple.dt.xctest:Default] Other is not actually a child of Other, including at this point anyway (rdar://problem/20738636)
2026-08-12 16:08:30.499 Df IlliniCover[43047:3ee4b8] [com.apple.dt.xctest:Default] Other is not actually a child of Other, including at this point anyway (rdar://problem/20738636)
2026-08-12 16:08:30.499 Df IlliniCover[43047:3ee4b8] [com.apple.dt.xctest:Default] Other is not actually a child of Other, including at this point anyway (rdar://problem/20738636)
2026-08-12 16:08:30.499 Df IlliniCover[43047:3ee4b8] [com.apple.dt.xctest:Default] Other is not actually a child of Other, including at this point anyway (rdar://problem/20738636)
2026-08-12 16:08:30.499 Df IlliniCover[43047:3ee4b8] [com.apple.dt.xctest:Default] Other is not actually a child of Other, including at this point anyway (rdar://problem/20738636)
2026-08-12 16:08:30.499 Df IlliniCover[43047:3ee4b8] [com.apple.dt.xctest:Default] Other is not actually a child of Other, including at this point anyway (rdar://problem/20738636)
2026-08-12 16:08:30.499 Df IlliniCover[43047:3ee4b8] [com.apple.dt.xctest:Default] Other is not actually a child of Other, including at this point anyway (rdar://problem/20738636)
2026-08-12 16:08:30.500 Df IlliniCover[43047:3ee4b8] [com.apple.dt.xctest:Default] App orientation is 0 (not portrait) and UITextEffectsWindow window Window is not main window
2026-08-12 16:08:30.500 Df IlliniCover[43047:3ee4b8] [com.apple.dt.xctest:Default] Leaving frame unchanged for Window: either already correct or we can't detect it.
2026-08-12 16:08:30.500 Df IlliniCover[43047:3ee4b8] [com.apple.dt.xctest:Default] Query  found matching snapshots: {(
    Application, pid: 43047
)} (error: (null))
2026-08-12 16:08:30.500 Df IlliniCover[43047:3ee4b8] [com.apple.dt.xctest:Default] Replying to query  with results: <XCTElementQueryResults: 0x120811c80> (error: (null))
2026-08-12 16:08:30.994 Df IlliniCover[43047:3ee4b5] [com.apple.dt.xctest:Default] Received request to fetch matches for query:
2026-08-12 16:08:30.994 Df IlliniCover[43047:3ee4b8] [com.apple.dt.xctest:Default] Evaluating query:
2026-08-12 16:08:30.994 Df IlliniCover[43047:3ee4b8] [com.apple.dt.xctest:Default] Getting root element snapshot
2026-08-12 16:08:30.994 Df IlliniCover[43047:3ee4b8] [com.apple.dt.xctest:Default] Getting snapshot for App element pid: 43047 for query
2026-08-12 16:08:30.994 Df IlliniCover[43047:3ee4b8] [com.apple.dt.xctest:Default] Query requires iOS snapshot attributes .
2026-08-12 16:08:30.994 Df IlliniCover[43047:3ee4b8] [com.apple.dt.xctest:Default] XCTPerformOnMainRunLoop[not MT]: about to CFRunLoopPerform
2026-08-12 16:08:30.994 Df IlliniCover[43047:3ee4b8] [com.apple.dt.xctest:Default] XCTPerformOnMainRunLoop[not MT]: waiting with 30.00s responsiveness timeout
2026-08-12 16:08:30.994 Df IlliniCover[43047:3ee4ac] [com.apple.dt.xctest:Default] XCTPerformOnMainRunLoop[MT]: inside CFRunLoopPerform
2026-08-12 16:08:30.994 Df IlliniCover[43047:3ee4ac] [com.apple.dt.xctest:Default] XCTPerformOnMainRunLoop[MT]: MT responded in time (won the race to the busy flag)
2026-08-12 16:08:30.994 Df IlliniCover[43047:3ee4b8] [com.apple.dt.xctest:Default] XCTPerformOnMainRunLoop[not MT]: waiting 60.00s for work to complete
2026-08-12 16:08:30.995 Df IlliniCover[43047:3ee4ac] [com.apple.dt.xctest:Default] Got main window <AXUIElementRef 0x122b8ccc0> {pid=43047} {uid=[ID:4 hash:0x105a10400]}
2026-08-12 16:08:30.995 Df IlliniCover[43047:3ee4ac] [com.apple.dt.xctest:Default] Capturing hierarchy with attributes XC_kAXXCAttributeElementType, XC_kAXXCAttributeElementBaseType, XC_kAXXCAttributeParent, XC_kAXXCAttributeIdentifier, XC_kAXXCAttributeAutomationType, XC_kAXXCAttributeTraits
2026-08-12 16:08:30.995 Df IlliniCover[43047:3ee4ac] [com.apple.dt.xctest:Default] Capturing hierarchy with parameters {
    attributes =     (
        5003,
        5004,
        5002,
        5019,
        5058,
        2004
    );
    maxArrayCount = 2147483647;
    maxChildren = 2147483647;
    maxDepth = 2147483647;
    snapshotKeyHonorModalViews = 0;
    traverseFromParentsToChildren = 1;
}
2026-08-12 16:08:30.995 Df IlliniCover[43047:3ee4ac] [com.apple.dt.xctest:Default] Snapshot attributes 5003, 5004, 5002, 5019, 5058, 2004
2026-08-12 16:08:31.048 Df IlliniCover[43047:3ee4ac] [com.apple.dt.xctest:Default] Got snapshot for <AXUIElementRef 0x121adb270> {pid=43047} {uid=[ID:1 hash:0x0]}
2026-08-12 16:08:31.048 Df IlliniCover[43047:3ee4ac] [com.apple.dt.xctest:Default] Got app orientation 0
2026-08-12 16:08:31.048 Df IlliniCover[43047:3ee4ac] [com.apple.dt.xctest:Default] Captured accessibility snapshot data in 0.05s
2026-08-12 16:08:31.048 Df IlliniCover[43047:3ee4b8] [com.apple.dt.xctest:Default] Found main window: Window
2026-08-12 16:08:31.048 Df IlliniCover[43047:3ee4b8] [com.apple.dt.xctest:Default] Preferring automation type 48 instead of legacy element type OTHER derived from class/trait: UILabel:UILabel 8590000128
2026-08-12 16:08:31.048 Df IlliniCover[43047:3ee4b8] [com.apple.dt.xctest:Default] Other is not actually a child of Other, including at this point anyway (rdar://problem/20738636)
2026-08-12 16:08:31.048 Df IlliniCover[43047:3ee4b8] [com.apple.dt.xctest:Default] Other is not actually a child of Other, including at this point anyway (rdar://problem/20738636)
2026-08-12 16:08:31.048 Df IlliniCover[43047:3ee4b8] [com.apple.dt.xctest:Default] Other is not actually a child of Other, including at this point anyway (rdar://problem/20738636)
2026-08-12 16:08:31.049 Df IlliniCover[43047:3ee4b8] [com.apple.dt.xctest:Default] Other is not actually a child of Other, including at this point anyway (rdar://problem/20738636)
2026-08-12 16:08:31.049 Df IlliniCover[43047:3ee4b8] [com.apple.dt.xctest:Default] Other is not actually a child of Other, including at this point anyway (rdar://problem/20738636)
2026-08-12 16:08:31.049 Df IlliniCover[43047:3ee4b8] [com.apple.dt.xctest:Default] Other is not actually a child of Other, including at this point anyway (rdar://problem/20738636)
2026-08-12 16:08:31.049 Df IlliniCover[43047:3ee4b8] [com.apple.dt.xctest:Default] Other is not actually a child of Other, including at this point anyway (rdar://problem/20738636)
2026-08-12 16:08:31.049 Df IlliniCover[43047:3ee4b8] [com.apple.dt.xctest:Default] Other is not actually a child of Other, including at this point anyway (rdar://problem/20738636)
2026-08-12 16:08:31.049 Df IlliniCover[43047:3ee4b8] [com.apple.dt.xctest:Default] Other is not actually a child of Other, including at this point anyway (rdar://problem/20738636)
2026-08-12 16:08:31.049 Df IlliniCover[43047:3ee4b8] [com.apple.dt.xctest:Default] Other is not actually a child of Other, including at this point anyway (rdar://problem/20738636)
2026-08-12 16:08:31.049 Df IlliniCover[43047:3ee4b8] [com.apple.dt.xctest:Default] Other is not actually a child of Other, including at this point anyway (rdar://problem/20738636)
2026-08-12 16:08:31.049 Df IlliniCover[43047:3ee4b8] [com.apple.dt.xctest:Default] Other is not actually a child of Other, including at this point anyway (rdar://problem/20738636)
2026-08-12 16:08:31.049 Df IlliniCover[43047:3ee4b8] [com.apple.dt.xctest:Default] App orientation is 0 (not portrait) and UITextEffectsWindow window Window is not main window
2026-08-12 16:08:31.049 Df IlliniCover[43047:3ee4b8] [com.apple.dt.xctest:Default] Leaving frame unchanged for Window: either already correct or we can't detect it.
2026-08-12 16:08:31.050 Df IlliniCover[43047:3ee4b8] [com.apple.dt.xctest:Default] Query  found matching snapshots: {(
    Application, pid: 43047
)} (error: (null))
2026-08-12 16:08:31.050 Df IlliniCover[43047:3ee4b8] [com.apple.dt.xctest:Default] Replying to query  with results: <XCTElementQueryResults: 0x1208113b0> (error: (null))
2026-08-12 16:08:32.261 Df IlliniCover[43047:3ee4b8] [com.apple.xpc:connection] [0x105970600] invalidated because the client process (pid 42995) either cancelled the connection or exited
2026-08-12 16:08:32.261 Df IlliniCover[43047:3ee4b8] [com.apple.dt.xctest:Default] Connection from client with pid 42995 was invalidated.
2026-08-12 16:08:32.265 Df IlliniCover[43047:3ee4b3] [com.apple.dt.automationmode:Default] Handling posted change notification (com.apple.dt.automationmode.state-changed)
2026-08-12 16:08:32.265 Df IlliniCover[43047:3ee4b3] [com.apple.dt.automationmode:Default] XAM shared observer connecting to com.apple.dt.automationmode.reader
2026-08-12 16:08:32.265 Df IlliniCover[43047:3ee4b3] [com.apple.xpc:connection] [0x1218f8dc0] activating connection: mach=true listener=false peer=false name=com.apple.dt.automationmode.reader
2026-08-12 16:08:32.267 Df IlliniCover[43047:3ee4b3] [com.apple.xpc:connection] [0x1218f8dc0] invalidated because the current process cancelled the connection by calling xpc_connection_cancel()
2026-08-12 16:08:32.267 Df IlliniCover[43047:3ee4b3] [com.apple.dt.automationmode:Default] Comparing previous enabled state (1) to current enabled state (0)
2026-08-12 16:08:32.267 Df IlliniCover[43047:3ee4b1] [com.apple.dt.xctest:Default] Automation Mode has been disabled, existing connections will be invalidated.
2026-08-12 16:08:33.122 Df IlliniCover[43047:3ee4b1] [com.apple.launchservices:db] NotifyToken::RegisterDispatch(com.apple.LaunchServices.database) fired for session key LSSessionKey(system: 0 uid: 501)
2026-08-12 16:08:48.839 Df IlliniCover[43047:3ee4b1] [com.apple.dt.automationmode:Default] Handling posted change notification (com.apple.dt.automationmode.state-changed)
2026-08-12 16:08:48.840 Df IlliniCover[43047:3ee4b1] [com.apple.dt.automationmode:Default] XAM shared observer connecting to com.apple.dt.automationmode.reader
2026-08-12 16:08:48.840 Df IlliniCover[43047:3ee4b1] [com.apple.xpc:connection] [0x1218f8dc0] activating connection: mach=true listener=false peer=false name=com.apple.dt.automationmode.reader
2026-08-12 16:08:48.851 Df IlliniCover[43047:3ee4b1] [com.apple.xpc:connection] [0x1218f8dc0] invalidated because the current process cancelled the connection by calling xpc_connection_cancel()
2026-08-12 16:08:48.851 Df IlliniCover[43047:3ee4b1] [com.apple.dt.automationmode:Default] Comparing previous enabled state (0) to current enabled state (1)
2026-08-12 16:08:48.859 Df IlliniCover[43047:3ee4b3] [com.apple.CFNetwork:Default] Task <AEA47C18-278B-47E8-8AE0-ABE9E3D84F29>.<6> resuming, timeouts(0.0, 604800.0) qos(0x19) voucher((null)) activity(00000000-0000-0000-0000-000000000000)
2026-08-12 16:08:48.860 Df IlliniCover[43047:3ee4b8] [com.apple.CFNetwork:Default] Connection 0: creating secure tcp or quic connection
2026-08-12 16:08:48.860 Df IlliniCover[43047:3ee4b8] [com.apple.CFNetwork:Default] Connection 4: enabling TLS
2026-08-12 16:08:48.860 Df IlliniCover[43047:3ee4b8] [com.apple.CFNetwork:Default] Connection 4: starting, TC(0x0)
2026-08-12 16:08:48.860 Df IlliniCover[43047:3ee4b8] [com.apple.network:connection] [C4 A08F8B91-D4FC-4789-8FE4-DD493477217C Hostname#d1c77a79:443 quic-connection, url: https://us.i.posthog.com/batch/, definite, attribution: developer, context: com.apple.CFNetwork.NSURLSession.{BF9A3ECF-0A9A-4AB8-831B-0AE566B9BD54}{(null)}{Y}{2}{0x0} (private), proc: D65E3B26-71A5-3DAD-A8B4-60173E19864C, delegated upid: 0] start
2026-08-12 16:08:48.860 Df IlliniCover[43047:3ee4b8] [com.apple.network:connection] [C4 Hostname#d1c77a79:443 initial parent-flow ((null))] event: path:start @0.000s
2026-08-12 16:08:48.861 Df IlliniCover[43047:3ee4b8] [com.apple.network:connection] [C4 Hostname#d1c77a79:443 waiting parent-flow (satisfied (Path is satisfied), interface: en0[802.11], uses wifi, LQM: unknown)] event: path:satisfied @0.000s, uuid: 7D34504F-C9B4-44D5-B4C3-A88C890292A5
2026-08-12 16:08:48.861 Df IlliniCover[43047:3ee4b8] [com.apple.network:connection] [C4 Hostname#d1c77a79:443 in_progress parent-flow (satisfied (Path is satisfied), interface: en0[802.11], uses wifi, LQM: unknown)] event: flow:start_connect @0.000s
2026-08-12 16:08:48.861 Df IlliniCover[43047:3ee4b8] [com.apple.network:connection] nw_connection_report_state_with_handler_on_nw_queue [C4] reporting state preparing
2026-08-12 16:08:48.861 Df IlliniCover[43047:3ee4b8] [com.apple.network:connection] [C4 Hostname#d1c77a79:443 in_progress parent-flow (satisfied (Path is satisfied), interface: en0[802.11], uses wifi, LQM: unknown)] event: flow:start_child @0.000s
2026-08-12 16:08:48.861 Df IlliniCover[43047:3ee4b8] [com.apple.network:connection] [C4.1 Hostname#d1c77a79:443 initial path ((null))] event: path:start @0.000s
2026-08-12 16:08:48.861 Df IlliniCover[43047:3ee4b8] [com.apple.network:connection] [C4.1 Hostname#d1c77a79:443 waiting path (satisfied (Path is satisfied), interface: en0[802.11], uses wifi, LQM: unknown)] event: path:satisfied @0.000s, uuid: 7D34504F-C9B4-44D5-B4C3-A88C890292A5
2026-08-12 16:08:48.861 Df IlliniCover[43047:3ee4b8] [com.apple.network:connection] [C4.1 Hostname#d1c77a79:443 in_progress transform (satisfied (Path is satisfied), interface: en0[802.11], uses wifi, LQM: unknown)] event: transform:start @0.000s
2026-08-12 16:08:48.861 Df IlliniCover[43047:3ee4b8] [com.apple.network:connection] [C4.1.1 Hostname#d1c77a79:443 initial path ((null))] event: path:start @0.000s
2026-08-12 16:08:48.861 Df IlliniCover[43047:3ee4b8] [com.apple.network:connection] [C4.1.1 Hostname#d1c77a79:443 waiting path (satisfied (Path is satisfied), interface: en0[802.11], uses wifi, LQM: unknown)] event: path:satisfied @0.000s, uuid: 91B8E6D5-5353-4F37-A0B2-BEFB6E70A333
2026-08-12 16:08:48.862 Df IlliniCover[43047:3ee4b8] [com.apple.network:connection] [C4.1.1 Hostname#d1c77a79:443 in_progress resolver (satisfied (Path is satisfied), interface: en0[802.11], uses wifi, LQM: unknown)] event: resolver:start_dns @0.001s
2026-08-12 16:08:48.862 Df IlliniCover[43047:3ee4b8] [com.apple.CFNetwork:Default] Task <AEA47C18-278B-47E8-8AE0-ABE9E3D84F29>.<6> setting up Connection 4
2026-08-12 16:08:48.864 Df IlliniCover[43047:3ee4b8] [com.apple.network:connection] nw_endpoint_resolver_update [C4.1.1 Hostname#d1c77a79:443 in_progress resolver (satisfied (Path is satisfied), interface: en0[802.11], uses wifi, LQM: unknown)] Adding endpoint handler for IPv6#96b4312c.443
2026-08-12 16:08:48.864 Df IlliniCover[43047:3ee4b8] [com.apple.network:connection] nw_endpoint_resolver_update [C4.1.1 Hostname#d1c77a79:443 in_progress resolver (satisfied (Path is satisfied), interface: en0[802.11], uses wifi, LQM: unknown)] Adding endpoint handler for IPv6#9bd16035.443
2026-08-12 16:08:48.864 Df IlliniCover[43047:3ee4b8] [com.apple.network:connection] nw_endpoint_resolver_update [C4.1.1 Hostname#d1c77a79:443 in_progress resolver (satisfied (Path is satisfied), interface: en0[802.11], uses wifi, LQM: unknown)] Adding endpoint handler for IPv4#e8e44e88:443
2026-08-12 16:08:48.864 Df IlliniCover[43047:3ee4b8] [com.apple.network:connection] nw_endpoint_resolver_update [C4.1.1 Hostname#d1c77a79:443 in_progress resolver (satisfied (Path is satisfied), interface: en0[802.11], uses wifi, LQM: unknown)] Adding endpoint handler for IPv6#39af0e52.443
2026-08-12 16:08:48.864 Df IlliniCover[43047:3ee4b8] [com.apple.network:connection] nw_endpoint_resolver_update [C4.1.1 Hostname#d1c77a79:443 in_progress resolver (satisfied (Path is satisfied), interface: en0[802.11], uses wifi, LQM: unknown)] Adding endpoint handler for IPv6#d40fa498.443
2026-08-12 16:08:48.864 Df IlliniCover[43047:3ee4b8] [com.apple.network:connection] nw_endpoint_resolver_update [C4.1.1 Hostname#d1c77a79:443 in_progress resolver (satisfied (Path is satisfied), interface: en0[802.11], uses wifi, LQM: unknown)] Adding endpoint handler for IPv6#09729a38.443
2026-08-12 16:08:48.864 Df IlliniCover[43047:3ee4b8] [com.apple.network:connection] nw_endpoint_resolver_update [C4.1.1 Hostname#d1c77a79:443 in_progress resolver (satisfied (Path is satisfied), interface: en0[802.11], uses wifi, LQM: unknown)] Adding endpoint handler for IPv6#7e81450d.443
2026-08-12 16:08:48.864 Df IlliniCover[43047:3ee4b8] [com.apple.network:connection] nw_endpoint_resolver_update [C4.1.1 Hostname#d1c77a79:443 in_progress resolver (satisfied (Path is satisfied), interface: en0[802.11], uses wifi, LQM: unknown)] Adding endpoint handler for IPv6#cf2d01f0.443
2026-08-12 16:08:48.864 Df IlliniCover[43047:3ee4b8] [com.apple.network:connection] nw_endpoint_resolver_update [C4.1.1 Hostname#d1c77a79:443 in_progress resolver (satisfied (Path is satisfied), interface: en0[802.11], uses wifi, LQM: unknown)] Adding endpoint handler for IPv6#47fcbc2c.443
2026-08-12 16:08:48.864 Df IlliniCover[43047:3ee4b8] [com.apple.network:connection] nw_endpoint_resolver_update [C4.1.1 Hostname#d1c77a79:443 in_progress resolver (satisfied (Path is satisfied), interface: en0[802.11], uses wifi, LQM: unknown)] Adding endpoint handler for IPv4#c348f65c:443
2026-08-12 16:08:48.865 Df IlliniCover[43047:3ee4b8] [com.apple.network:connection] nw_endpoint_resolver_update [C4.1.1 Hostname#d1c77a79:443 in_progress resolver (satisfied (Path is satisfied), interface: en0[802.11], uses wifi, LQM: unknown)] Adding endpoint handler for IPv4#bb1eb705:443
2026-08-12 16:08:48.865 Df IlliniCover[43047:3ee4b8] [com.apple.network:connection] nw_endpoint_resolver_update [C4.1.1 Hostname#d1c77a79:443 in_progress resolver (satisfied (Path is satisfied), interface: en0[802.11], uses wifi, LQM: unknown)] Adding endpoint handler for IPv4#ccea6868:443
2026-08-12 16:08:48.865 Df IlliniCover[43047:3ee4b8] [com.apple.network:connection] nw_endpoint_resolver_update [C4.1.1 Hostname#d1c77a79:443 in_progress resolver (satisfied (Path is satisfied), interface: en0[802.11], uses wifi, LQM: unknown)] Adding endpoint handler for IPv4#f27c1a51:443
2026-08-12 16:08:48.865 Df IlliniCover[43047:3ee4b8] [com.apple.network:connection] nw_endpoint_resolver_update [C4.1.1 Hostname#d1c77a79:443 in_progress resolver (satisfied (Path is satisfied), interface: en0[802.11], uses wifi, LQM: unknown)] Adding endpoint handler for IPv4#bfc88d07:443
2026-08-12 16:08:48.865 Df IlliniCover[43047:3ee4b8] [com.apple.network:connection] nw_endpoint_resolver_update [C4.1.1 Hostname#d1c77a79:443 in_progress resolver (satisfied (Path is satisfied), interface: en0[802.11], uses wifi, LQM: unknown)] Adding endpoint handler for IPv4#83a101c2:443
2026-08-12 16:08:48.865 Df IlliniCover[43047:3ee4b8] [com.apple.network:connection] nw_endpoint_resolver_update [C4.1.1 Hostname#d1c77a79:443 in_progress resolver (satisfied (Path is satisfied), interface: en0[802.11], uses wifi, LQM: unknown)] Adding endpoint handler for IPv4#84d1c44a:443
2026-08-12 16:08:48.865 Df IlliniCover[43047:3ee4b8] [com.apple.network:connection] [C4.1.1 Hostname#d1c77a79:443 in_progress resolver (satisfied (Path is satisfied), interface: en0[802.11], uses wifi, LQM: unknown)] event: resolver:receive_dns @0.004s
2026-08-12 16:08:48.865 Df IlliniCover[43047:3ee4b8] [com.apple.network:connection] [C4.1.1.1 IPv6#96b4312c.443 initial path ((null))] event: path:start @0.004s
2026-08-12 16:08:48.865 Df IlliniCover[43047:3ee4b8] [com.apple.network:connection] [C4.1.1.1 IPv6#96b4312c.443 waiting path (satisfied (Path is satisfied), interface: en0[802.11], uses wifi, LQM: unknown)] event: path:satisfied @0.004s, uuid: D470D9B7-C385-4BB0-B3F3-D657587D2577
2026-08-12 16:08:48.865 Df IlliniCover[43047:3ee4b8] [com.apple.network:connection] [C4.1.1.1 IPv6#96b4312c.443 in_progress socket-flow (satisfied (Path is satisfied), interface: en0[802.11], uses wifi, LQM: unknown)] event: flow:start_connect @0.004s
2026-08-12 16:08:48.879 Df IlliniCover[43047:3ee4b8] [com.apple.network:connection] nw_endpoint_resolver_update [C4.1.1 Hostname#d1c77a79:443 in_progress resolver (satisfied (Path is satisfied), interface: en0[802.11], uses wifi, LQM: unknown)] Adding endpoint handler for IPv6#9bd16035.443
2026-08-12 16:08:48.879 Df IlliniCover[43047:3ee4b8] [com.apple.network:connection] nw_endpoint_resolver_update [C4.1.1 Hostname#d1c77a79:443 in_progress resolver (satisfied (Path is satisfied), interface: en0[802.11], uses wifi, LQM: unknown)] Adding endpoint handler for IPv4#bfc88d07:443
2026-08-12 16:08:48.879 Df IlliniCover[43047:3ee4b8] [com.apple.network:connection] nw_endpoint_resolver_update [C4.1.1 Hostname#d1c77a79:443 in_progress resolver (satisfied (Path is satisfied), interface: en0[802.11], uses wifi, LQM: unknown)] Adding endpoint handler for IPv6#39af0e52.443
2026-08-12 16:08:48.879 Df IlliniCover[43047:3ee4b8] [com.apple.network:connection] nw_endpoint_resolver_update [C4.1.1 Hostname#d1c77a79:443 in_progress resolver (satisfied (Path is satisfied), interface: en0[802.11], uses wifi, LQM: unknown)] Adding endpoint handler for IPv6#d40fa498.443
2026-08-12 16:08:48.879 Df IlliniCover[43047:3ee4b8] [com.apple.network:connection] nw_endpoint_resolver_update [C4.1.1 Hostname#d1c77a79:443 in_progress resolver (satisfied (Path is satisfied), interface: en0[802.11], uses wifi, LQM: unknown)] Adding endpoint handler for IPv6#09729a38.443
2026-08-12 16:08:48.879 Df IlliniCover[43047:3ee4b8] [com.apple.network:connection] nw_endpoint_resolver_update [C4.1.1 Hostname#d1c77a79:443 in_progress resolver (satisfied (Path is satisfied), interface: en0[802.11], uses wifi, LQM: unknown)] Adding endpoint handler for IPv6#7e81450d.443
2026-08-12 16:08:48.879 Df IlliniCover[43047:3ee4b8] [com.apple.network:connection] nw_endpoint_resolver_update [C4.1.1 Hostname#d1c77a79:443 in_progress resolver (satisfied (Path is satisfied), interface: en0[802.11], uses wifi, LQM: unknown)] Adding endpoint handler for IPv6#cf2d01f0.443
2026-08-12 16:08:48.879 Df IlliniCover[43047:3ee4b8] [com.apple.network:connection] nw_endpoint_resolver_update [C4.1.1 Hostname#d1c77a79:443 in_progress resolver (satisfied (Path is satisfied), interface: en0[802.11], uses wifi, LQM: unknown)] Adding endpoint handler for IPv6#47fcbc2c.443
2026-08-12 16:08:48.880 Df IlliniCover[43047:3ee4b8] [com.apple.network:connection] nw_endpoint_resolver_update [C4.1.1 Hostname#d1c77a79:443 in_progress resolver (satisfied (Path is satisfied), interface: en0[802.11], uses wifi, LQM: unknown)] Adding endpoint handler for IPv4#83a101c2:443
2026-08-12 16:08:48.880 Df IlliniCover[43047:3ee4b8] [com.apple.network:connection] nw_endpoint_resolver_update [C4.1.1 Hostname#d1c77a79:443 in_progress resolver (satisfied (Path is satisfied), interface: en0[802.11], uses wifi, LQM: unknown)] Adding endpoint handler for IPv4#84d1c44a:443
2026-08-12 16:08:48.880 Df IlliniCover[43047:3ee4b8] [com.apple.network:connection] nw_endpoint_resolver_update [C4.1.1 Hostname#d1c77a79:443 in_progress resolver (satisfied (Path is satisfied), interface: en0[802.11], uses wifi, LQM: unknown)] Adding endpoint handler for IPv4#e8e44e88:443
2026-08-12 16:08:48.880 Df IlliniCover[43047:3ee4b8] [com.apple.network:connection] nw_endpoint_resolver_update [C4.1.1 Hostname#d1c77a79:443 in_progress resolver (satisfied (Path is satisfied), interface: en0[802.11], uses wifi, LQM: unknown)] Adding endpoint handler for IPv4#c348f65c:443
2026-08-12 16:08:48.880 Df IlliniCover[43047:3ee4b8] [com.apple.network:connection] nw_endpoint_resolver_update [C4.1.1 Hostname#d1c77a79:443 in_progress resolver (satisfied (Path is satisfied), interface: en0[802.11], uses wifi, LQM: unknown)] Adding endpoint handler for IPv4#bb1eb705:443
2026-08-12 16:08:48.880 Df IlliniCover[43047:3ee4b8] [com.apple.network:connection] nw_endpoint_resolver_update [C4.1.1 Hostname#d1c77a79:443 in_progress resolver (satisfied (Path is satisfied), interface: en0[802.11], uses wifi, LQM: unknown)] Adding endpoint handler for IPv4#ccea6868:443
2026-08-12 16:08:48.880 Df IlliniCover[43047:3ee4b8] [com.apple.network:connection] nw_endpoint_resolver_update [C4.1.1 Hostname#d1c77a79:443 in_progress resolver (satisfied (Path is satisfied), interface: en0[802.11], uses wifi, LQM: unknown)] Adding endpoint handler for IPv4#f27c1a51:443
2026-08-12 16:08:48.880 Df IlliniCover[43047:3ee4b8] [com.apple.network:connection] [C4.1.1 Hostname#d1c77a79:443 in_progress resolver (satisfied (Path is satisfied), interface: en0[802.11], uses wifi, LQM: unknown)] event: resolver:receive_dns @0.019s
2026-08-12 16:08:48.895 Df IlliniCover[43047:3ee4b8] [com.apple.network:connection] nw_socket_handle_socket_event [C4.1.1.1:3] Socket received CONNECTED event
2026-08-12 16:08:48.895 Df IlliniCover[43047:3ee4b8] [com.apple.network:connection] nw_flow_connected [C4.1.1.1 IPv6#96b4312c.443 in_progress socket-flow (satisfied (Path is satisfied), interface: en0[802.11], uses wifi, LQM: unknown)] Transport protocol connected (socket)
2026-08-12 16:08:48.895 Df IlliniCover[43047:3ee4b8] [com.apple.network:connection] [C4.1.1.1 IPv6#96b4312c.443 in_progress socket-flow (satisfied (Path is satisfied), interface: en0[802.11], uses wifi, LQM: unknown)] event: flow:finish_transport @0.034s
2026-08-12 16:08:48.895 Df IlliniCover[43047:3ee4b8] [com.apple.network:boringssl] boringssl_session_apply_protocol_options_for_transport_block_invoke_2(2367) [C4.1.1.1:2][0x122b665e0] TLS configured [server(0) min_version(0x0303) max_version(0x0304) name(redacted) tickets(false) false_start(false) enforce_ev(false) enforce_ats(false) ats_non_pfs_ciphersuite_allowed(false) cc_mode_enforced(false) ech(false) pqtls(true), pake(false) skip_ats_trust(false)]
2026-08-12 16:08:48.895 Df IlliniCover[43047:3ee4b8] [com.apple.network:boringssl] boringssl_context_info_handler(2806) [C4.1.1.1:2][0x122b665e0] Client handshake started
2026-08-12 16:08:48.895 Df IlliniCover[43047:3ee4b8] [com.apple.network:boringssl] boringssl_context_info_handler(2823) [C4.1.1.1:2][0x122b665e0] Client handshake state: TLS client enter_early_data
2026-08-12 16:08:48.896 Df IlliniCover[43047:3ee4b8] [com.apple.network:boringssl] boringssl_context_info_handler(2823) [C4.1.1.1:2][0x122b665e0] Client handshake state: TLS client read_server_hello
2026-08-12 16:08:48.929 Df IlliniCover[43047:3ee4b8] [com.apple.network:boringssl] boringssl_context_info_handler(2823) [C4.1.1.1:2][0x122b665e0] Client handshake state: TLS 1.3 client read_hello_retry_request
2026-08-12 16:08:48.929 Df IlliniCover[43047:3ee4b8] [com.apple.network:boringssl] boringssl_context_info_handler(2823) [C4.1.1.1:2][0x122b665e0] Client handshake state: TLS 1.3 client read_server_hello
2026-08-12 16:08:48.929 Df IlliniCover[43047:3ee4b8] [com.apple.network:boringssl] boringssl_context_info_handler(2823) [C4.1.1.1:2][0x122b665e0] Client handshake state: TLS 1.3 client read_encrypted_extensions
2026-08-12 16:08:48.929 Df IlliniCover[43047:3ee4b8] [com.apple.network:boringssl] boringssl_context_info_handler(2823) [C4.1.1.1:2][0x122b665e0] Client handshake state: TLS 1.3 client read_certificate_request
2026-08-12 16:08:48.929 Df IlliniCover[43047:3ee4b8] [com.apple.network:boringssl] boringssl_context_info_handler(2823) [C4.1.1.1:2][0x122b665e0] Client handshake state: TLS 1.3 client read_server_certificate
2026-08-12 16:08:48.929 Df IlliniCover[43047:3ee4b8] [com.apple.network:boringssl] boringssl_context_info_handler(2823) [C4.1.1.1:2][0x122b665e0] Client handshake state: TLS 1.3 client read_server_certificate_verify
2026-08-12 16:08:48.929 Df IlliniCover[43047:3ee4b8] [com.apple.network:boringssl] boringssl_context_evaluate_trust_async(2249) [C4.1.1.1:2][0x122b665e0] Performing external trust evaluation
2026-08-12 16:08:48.929 A  IlliniCover[43047:3ee4b8] (Security) SecKeyCopyPublicBytes
2026-08-12 16:08:48.929 Df IlliniCover[43047:3ee4b8] [com.apple.network:boringssl] boringssl_context_evaluate_trust_async_external(2234) [C4.1.1.1:2][0x122b665e0] Asyncing for external verify block
2026-08-12 16:08:48.929 Df IlliniCover[43047:3ee4b8] [com.apple.CFNetwork:Default] Connection 4: asked to evaluate TLS Trust
2026-08-12 16:08:48.929 Df IlliniCover[43047:3ee4b8] [com.apple.CFNetwork:Default] Task <AEA47C18-278B-47E8-8AE0-ABE9E3D84F29>.<6> auth completion disp=1 cred=0x0
2026-08-12 16:08:48.929 Df IlliniCover[43047:3ee4b8] [com.apple.securityd:trust] (Trust 0x1229ba580) No pending evals, starting
2026-08-12 16:08:48.929 A  IlliniCover[43047:3ee4b8] (Security) SecTrustEvaluateIfNecessaryFastAsync
2026-08-12 16:08:48.929 Df IlliniCover[43047:3ee4b8] [com.apple.xpc:connection] [0x1218f9400] activating connection: mach=true listener=false peer=false name=com.apple.trustd
2026-08-12 16:08:48.929 Df IlliniCover[43047:3ee4b8] [com.apple.securityd:trust] (Trust 0x1229ba580) Completed async eval kickoff
2026-08-12 16:08:48.934 Df IlliniCover[43047:3ee4b1] [com.apple.securityd:trust] (Trust 0x1229ba580) trustd returned 4
2026-08-12 16:08:48.934 Df IlliniCover[43047:3ee4b1] [com.apple.CFNetwork:Default] System Trust Evaluation yielded status(0)
2026-08-12 16:08:48.934 Df IlliniCover[43047:3ee4b1] [com.apple.securityd:trust] (Trust 0x1229ba4c0) No pending evals, starting
2026-08-12 16:08:48.934 A  IlliniCover[43047:3ee4b1] (Security) SecTrustEvaluateIfNecessaryFastAsync
2026-08-12 16:08:48.934 Df IlliniCover[43047:3ee4b1] [com.apple.xpc:connection] [0x1218f8500] activating connection: mach=true listener=false peer=false name=com.apple.trustd
2026-08-12 16:08:48.934 Df IlliniCover[43047:3ee4b1] [com.apple.securityd:trust] (Trust 0x1229ba4c0) Completed async eval kickoff
2026-08-12 16:08:48.934 Df IlliniCover[43047:3ee4b1] [com.apple.xpc:connection] [0x1218f9400] invalidated because the current process cancelled the connection by calling xpc_connection_cancel()
2026-08-12 16:08:48.935 Df IlliniCover[43047:3ee4b8] [com.apple.securityd:trust] (Trust 0x1229ba4c0) trustd returned 4
2026-08-12 16:08:48.935 Df IlliniCover[43047:3ee4b8] [com.apple.CFNetwork:Default] Connection 4: TLS Trust result 0
2026-08-12 16:08:48.935 Df IlliniCover[43047:3ee4b8] [com.apple.network:boringssl] boringssl_context_evaluate_trust_async_external_block_invoke_3(2148) [C4.1.1.1:2][0x122b665e0] Returning from external verify block with result: true
2026-08-12 16:08:48.935 Df IlliniCover[43047:3ee4b8] [com.apple.network:boringssl] boringssl_context_certificate_verify_callback(2430) [C4.1.1.1:2][0x122b665e0] Certificate verification result: OK
2026-08-12 16:08:48.935 Df IlliniCover[43047:3ee4b8] [com.apple.network:boringssl] boringssl_context_info_handler(2823) [C4.1.1.1:2][0x122b665e0] Client handshake state: TLS 1.3 client read_server_finished
2026-08-12 16:08:48.935 Df IlliniCover[43047:3ee4b8] [com.apple.network:boringssl] boringssl_context_info_handler(2823) [C4.1.1.1:2][0x122b665e0] Client handshake state: TLS 1.3 client send_end_of_early_data
2026-08-12 16:08:48.935 Df IlliniCover[43047:3ee4b8] [com.apple.network:boringssl] boringssl_context_info_handler(2823) [C4.1.1.1:2][0x122b665e0] Client handshake state: TLS 1.3 client send_client_encrypted_extensions
2026-08-12 16:08:48.935 Df IlliniCover[43047:3ee4b8] [com.apple.network:boringssl] boringssl_context_info_handler(2823) [C4.1.1.1:2][0x122b665e0] Client handshake state: TLS 1.3 client send_client_certificate
2026-08-12 16:08:48.935 Df IlliniCover[43047:3ee4b8] [com.apple.network:boringssl] boringssl_context_info_handler(2823) [C4.1.1.1:2][0x122b665e0] Client handshake state: TLS 1.3 client complete_second_flight
2026-08-12 16:08:48.935 Df IlliniCover[43047:3ee4b8] [com.apple.network:boringssl] boringssl_context_info_handler(2823) [C4.1.1.1:2][0x122b665e0] Client handshake state: TLS 1.3 client done
2026-08-12 16:08:48.935 Df IlliniCover[43047:3ee4b8] [com.apple.network:boringssl] boringssl_context_info_handler(2823) [C4.1.1.1:2][0x122b665e0] Client handshake state: TLS client finish_client_handshake
2026-08-12 16:08:48.935 Df IlliniCover[43047:3ee4b8] [com.apple.network:boringssl] boringssl_context_info_handler(2823) [C4.1.1.1:2][0x122b665e0] Client handshake state: TLS client done
2026-08-12 16:08:48.935 Df IlliniCover[43047:3ee4b8] [com.apple.network:boringssl] boringssl_context_info_handler(2812) [C4.1.1.1:2][0x122b665e0] Client handshake done
2026-08-12 16:08:48.936 A  IlliniCover[43047:3ee4b8] (Security) SecKeyCopyPublicBytes
2026-08-12 16:08:48.936 Df IlliniCover[43047:3ee4b8] [com.apple.network:boringssl] nw_protocol_boringssl_signal_connected(895) [C4.1.1.1:2][0x122b665e0] TLS connected [server(0) version(0x0304) ciphersuite(TLS_AES_128_GCM_SHA256) group(0x001d) signature_alg(0x0804) alpn(h2) resumed(0) offered_ticket(0) in_early_data(0) early_data_accepted(0) false_started(0) ocsp_received(0) sct_received(0) connect_time(40ms) flight_time(33ms) rtt(33ms) write_stalls(0) read_stalls(2) pake(0x0000)]
2026-08-12 16:08:48.936 Df IlliniCover[43047:3ee4b8] [com.apple.network:connection] nw_flow_connected [C4.1.1.1 IPv6#96b4312c.443 in_progress socket-flow (satisfied (Path is satisfied), interface: en0[802.11], uses wifi, LQM: unknown)] Output protocol connected (CFNetworkConnection-2374831529)
2026-08-12 16:08:48.936 Df IlliniCover[43047:3ee4b8] [com.apple.network:connection] [C4.1.1.1 IPv6#96b4312c.443 ready socket-flow (satisfied (Path is satisfied), interface: en0[802.11], uses wifi, LQM: unknown)] event: flow:child_finish_connect @0.075s
2026-08-12 16:08:48.936 Df IlliniCover[43047:3ee4b8] [com.apple.network:connection] [C4.1.1 Hostname#d1c77a79:443 ready resolver (satisfied (Path is satisfied), interface: en0[802.11], uses wifi, LQM: unknown)] event: flow:child_finish_connect @0.075s
2026-08-12 16:08:48.936 Df IlliniCover[43047:3ee4b8] [com.apple.network:connection] [C4.1 Hostname#d1c77a79:443 ready transform (satisfied (Path is satisfied), interface: en0[802.11], uses wifi, LQM: unknown)] event: flow:child_finish_connect @0.075s
2026-08-12 16:08:48.936 Df IlliniCover[43047:3ee4b8] [com.apple.network:connection] nw_flow_connected [C4 IPv6#96b4312c.443 in_progress parent-flow (satisfied (Path is satisfied), interface: en0[802.11], uses wifi, LQM: unknown)] Output protocol connected (endpoint_flow)
2026-08-12 16:08:48.936 Df IlliniCover[43047:3ee4b8] [com.apple.network:connection] [C4 IPv6#96b4312c.443 ready parent-flow (satisfied (Path is satisfied), interface: en0[802.11], uses wifi, LQM: unknown)] event: flow:finish_connect @0.076s
2026-08-12 16:08:48.937 Df IlliniCover[43047:3ee4b8] [com.apple.network:connection] nw_connection_report_state_with_handler_on_nw_queue [C4] reporting state ready
2026-08-12 16:08:48.937 Df IlliniCover[43047:3ee4b8] [com.apple.xpc:connection] [0x1218f8500] invalidated because the current process cancelled the connection by calling xpc_connection_cancel()
2026-08-12 16:08:48.937 Df IlliniCover[43047:3ee4b8] [com.apple.CFNetwork:Default] Connection 4: connected successfully
2026-08-12 16:08:48.937 Df IlliniCover[43047:3ee4b8] [com.apple.CFNetwork:Default] Connection 4: TLS handshake complete
2026-08-12 16:08:48.937 Df IlliniCover[43047:3ee4b8] [com.apple.CFNetwork:Default] Connection 4: ready C(N) E(N)
2026-08-12 16:08:48.937 Df IlliniCover[43047:3ee4b8] [com.apple.network:connection] [C4] event: client:connection_reused @0.076s
2026-08-12 16:08:48.937 Df IlliniCover[43047:3ee4b8] [com.apple.network:connection] nw_protocol_socket_notify [C4.1.1.1:3] nw_protocol_notification_type_connection_idle is false
2026-08-12 16:08:48.937 Df IlliniCover[43047:3ee4b8] [com.apple.CFNetwork:Default] Task <AEA47C18-278B-47E8-8AE0-ABE9E3D84F29>.<6> now using Connection 4
2026-08-12 16:08:48.937 Df IlliniCover[43047:3ee4b8] [com.apple.CFNetwork:Default] Task <AEA47C18-278B-47E8-8AE0-ABE9E3D84F29>.<6> sent request, body S 2752
2026-08-12 16:08:48.964 A  IlliniCover[43047:3ee4b3] (Security) SecKeyCopyPublicBytes
2026-08-12 16:08:48.995 Df IlliniCover[43047:3ee4b3] [com.apple.CFNetwork:Default] Task <AEA47C18-278B-47E8-8AE0-ABE9E3D84F29>.<6> received response, status 200 content K
2026-08-12 16:08:48.995 Df IlliniCover[43047:3ee4b3] [com.apple.CFNetwork:Default] Task <AEA47C18-278B-47E8-8AE0-ABE9E3D84F29>.<6> done using Connection 4
2026-08-12 16:08:48.995 Df IlliniCover[43047:3ee4b3] [com.apple.network:connection] [C4] event: client:connection_idle @0.134s
2026-08-12 16:08:48.995 Df IlliniCover[43047:3ee4b3] [com.apple.network:connection] nw_protocol_socket_notify [C4.1.1.1:3] nw_protocol_notification_type_connection_idle is true
2026-08-12 16:08:48.995 Df IlliniCover[43047:3ee4b3] [com.apple.CFNetwork:Default] Task <AEA47C18-278B-47E8-8AE0-ABE9E3D84F29>.<6> response ended
2026-08-12 16:08:48.995 Df IlliniCover[43047:3ee4b8] [com.apple.CFNetwork:Summary] Task <AEA47C18-278B-47E8-8AE0-ABE9E3D84F29>.<6> summary for task success {transaction_duration_ms=135, response_status=200, connection=4, protocol="h2", domain_lookup_duration_ms=3, connect_duration_ms=72, secure_connection_duration_ms=40, private_relay=false, request_start_ms=77, request_duration_ms=0, response_start_ms=135, response_duration_ms=0, request_bytes=3085, request_throughput_kbps=88436, response_bytes=251, response_throughput_kbps=6948, cache_hit=true}
2026-08-12 16:08:48.996 Df IlliniCover[43047:3ee4b8] [com.apple.CFNetwork:Default] Task <AEA47C18-278B-47E8-8AE0-ABE9E3D84F29>.<6> finished successfully
2026-08-12 16:08:48.996 E  IlliniCover[43047:3ee4b8] [dev.expo.modules:expo] 🟠 Invalid state - currentState[3] validStates[4]
2026-08-12 16:08:49.972 Df IlliniCover[43047:3ee4b8] [com.apple.dt.xctest:Default] Received request for endpoint.
2026-08-12 16:08:49.972 Df IlliniCover[43047:3ee4b8] [com.apple.dt.xctest:Default] Sending anonymous endpoint.
2026-08-12 16:08:49.972 Df IlliniCover[43047:3ee4b8] [com.apple.xpc:connection] [0x1059dd540] Connection returned listener port: 0x781b
2026-08-12 16:08:49.972 Df IlliniCover[43047:3ee4b8] [com.apple.dt.xctest:Default] Received client to target connection.
2026-08-12 16:08:49.972 Df IlliniCover[43047:3ee4b8] [com.apple.dt.automationmode:Default] Returning 1 for enabled state
2026-08-12 16:08:49.972 Df IlliniCover[43047:3ee4b8] [com.apple.xpc:connection] [0x11e582580] activating connection: mach=false listener=false peer=true name=com.apple.xpc.anonymous.0x1059dd540.peer[43288].0x11e582580
2026-08-12 16:08:49.973 Df IlliniCover[43047:3ee4b8] [com.apple.dt.xctest:Default] Received request to exchange capabilities, remote interface capabilities are: <XCTCapabilities: 0x120a87690>: {
    "query runtime issue reporting" = 1;
    "query runtime issue reporting/automation type mismatch" = 1;
}
2026-08-12 16:08:49.974 Df IlliniCover[43047:3ee4b8] [com.apple.dt.xctest:Default] Received request to fetch matches for query:
2026-08-12 16:08:49.974 Df IlliniCover[43047:3ee4b8] [com.apple.dt.xctest:Default] Evaluating query:
2026-08-12 16:08:49.974 Df IlliniCover[43047:3ee4b8] [com.apple.dt.xctest:Default] Getting root element snapshot
2026-08-12 16:08:49.974 Df IlliniCover[43047:3ee4b8] [com.apple.dt.xctest:Default] Getting snapshot for App element pid: 43047 for query
2026-08-12 16:08:49.974 Df IlliniCover[43047:3ee4b8] [com.apple.dt.xctest:Default] Query requires iOS snapshot attributes .
2026-08-12 16:08:49.974 Df IlliniCover[43047:3ee4b8] [com.apple.dt.xctest:Default] XCTPerformOnMainRunLoop[not MT]: about to CFRunLoopPerform
2026-08-12 16:08:49.974 Df IlliniCover[43047:3ee4b8] [com.apple.dt.xctest:Default] XCTPerformOnMainRunLoop[not MT]: waiting with 30.00s responsiveness timeout
2026-08-12 16:08:49.974 Df IlliniCover[43047:3ee4ac] [com.apple.dt.xctest:Default] XCTPerformOnMainRunLoop[MT]: inside CFRunLoopPerform
2026-08-12 16:08:49.974 Df IlliniCover[43047:3ee4ac] [com.apple.dt.xctest:Default] XCTPerformOnMainRunLoop[MT]: MT responded in time (won the race to the busy flag)
2026-08-12 16:08:49.974 Df IlliniCover[43047:3ee4b8] [com.apple.dt.xctest:Default] XCTPerformOnMainRunLoop[not MT]: waiting 60.00s for work to complete
2026-08-12 16:08:49.974 Df IlliniCover[43047:3ee4ac] [com.apple.dt.xctest:Default] Got main window <AXUIElementRef 0x122b826d0> {pid=43047} {uid=[ID:4 hash:0x105a10400]}
2026-08-12 16:08:49.974 Df IlliniCover[43047:3ee4ac] [com.apple.dt.xctest:Default] Capturing hierarchy with attributes XC_kAXXCAttributeElementType, XC_kAXXCAttributeElementBaseType, XC_kAXXCAttributeParent, XC_kAXXCAttributeIdentifier, XC_kAXXCAttributeAutomationType, XC_kAXXCAttributeTraits
2026-08-12 16:08:49.974 Df IlliniCover[43047:3ee4ac] [com.apple.dt.xctest:Default] Capturing hierarchy with parameters {
    attributes =     (
        5003,
        5004,
        5002,
        5019,
        5058,
        2004
    );
    maxArrayCount = 2147483647;
    maxChildren = 2147483647;
    maxDepth = 2147483647;
    snapshotKeyHonorModalViews = 0;
    traverseFromParentsToChildren = 1;
}
2026-08-12 16:08:49.974 Df IlliniCover[43047:3ee4ac] [com.apple.dt.xctest:Default] Snapshot attributes 5003, 5004, 5002, 5019, 5058, 2004
2026-08-12 16:08:50.028 Df IlliniCover[43047:3ee4ac] [com.apple.dt.xctest:Default] Got snapshot for <AXUIElementRef 0x121adabe0> {pid=43047} {uid=[ID:1 hash:0x0]}
2026-08-12 16:08:50.028 Df IlliniCover[43047:3ee4ac] [com.apple.dt.xctest:Default] Got app orientation 0
2026-08-12 16:08:50.028 Df IlliniCover[43047:3ee4ac] [com.apple.dt.xctest:Default] Captured accessibility snapshot data in 0.05s
2026-08-12 16:08:50.028 Df IlliniCover[43047:3ee4b8] [com.apple.dt.xctest:Default] Found main window: Window
2026-08-12 16:08:50.028 Df IlliniCover[43047:3ee4b8] [com.apple.dt.xctest:Default] Preferring automation type 48 instead of legacy element type OTHER derived from class/trait: UILabel:UILabel 8590000128
2026-08-12 16:08:50.029 Df IlliniCover[43047:3ee4b8] [com.apple.dt.xctest:Default] Other is not actually a child of Other, including at this point anyway (rdar://problem/20738636)
2026-08-12 16:08:50.029 Df IlliniCover[43047:3ee4b8] [com.apple.dt.xctest:Default] Other is not actually a child of Other, including at this point anyway (rdar://problem/20738636)
2026-08-12 16:08:50.029 Df IlliniCover[43047:3ee4b8] [com.apple.dt.xctest:Default] Other is not actually a child of Other, including at this point anyway (rdar://problem/20738636)
2026-08-12 16:08:50.029 Df IlliniCover[43047:3ee4b8] [com.apple.dt.xctest:Default] Other is not actually a child of Other, including at this point anyway (rdar://problem/20738636)
2026-08-12 16:08:50.029 Df IlliniCover[43047:3ee4b8] [com.apple.dt.xctest:Default] Other is not actually a child of Other, including at this point anyway (rdar://problem/20738636)
2026-08-12 16:08:50.029 Df IlliniCover[43047:3ee4b8] [com.apple.dt.xctest:Default] Other is not actually a child of Other, including at this point anyway (rdar://problem/20738636)
2026-08-12 16:08:50.029 Df IlliniCover[43047:3ee4b8] [com.apple.dt.xctest:Default] Other is not actually a child of Other, including at this point anyway (rdar://problem/20738636)
2026-08-12 16:08:50.029 Df IlliniCover[43047:3ee4b8] [com.apple.dt.xctest:Default] Other is not actually a child of Other, including at this point anyway (rdar://problem/20738636)
2026-08-12 16:08:50.029 Df IlliniCover[43047:3ee4b8] [com.apple.dt.xctest:Default] Other is not actually a child of Other, including at this point anyway (rdar://problem/20738636)
2026-08-12 16:08:50.029 Df IlliniCover[43047:3ee4b8] [com.apple.dt.xctest:Default] Other is not actually a child of Other, including at this point anyway (rdar://problem/20738636)
2026-08-12 16:08:50.029 Df IlliniCover[43047:3ee4b8] [com.apple.dt.xctest:Default] Other is not actually a child of Other, including at this point anyway (rdar://problem/20738636)
2026-08-12 16:08:50.029 Df IlliniCover[43047:3ee4b8] [com.apple.dt.xctest:Default] Other is not actually a child of Other, including at this point anyway (rdar://problem/20738636)
2026-08-12 16:08:50.030 Df IlliniCover[43047:3ee4b8] [com.apple.dt.xctest:Default] App orientation is 0 (not portrait) and UITextEffectsWindow window Window is not main window
2026-08-12 16:08:50.030 Df IlliniCover[43047:3ee4b8] [com.apple.dt.xctest:Default] Leaving frame unchanged for Window: either already correct or we can't detect it.
2026-08-12 16:08:50.030 Df IlliniCover[43047:3ee4b8] [com.apple.dt.xctest:Default] Query  found matching snapshots: {(
    Application, pid: 43047
)} (error: (null))
2026-08-12 16:08:50.030 Df IlliniCover[43047:3ee4b8] [com.apple.dt.xctest:Default] Replying to query  with results: <XCTElementQueryResults: 0x120811950> (error: (null))
2026-08-12 16:08:50.247 Df IlliniCover[43047:3ee74a] [com.apple.dt.xctest:Default] Received request to fetch matches for query:
2026-08-12 16:08:50.247 Df IlliniCover[43047:3ee4b8] [com.apple.dt.xctest:Default] Evaluating query:
2026-08-12 16:08:50.247 Df IlliniCover[43047:3ee4b8] [com.apple.dt.xctest:Default] Getting root element snapshot
2026-08-12 16:08:50.247 Df IlliniCover[43047:3ee4b8] [com.apple.dt.xctest:Default] Getting snapshot for App element pid: 43047 for query
2026-08-12 16:08:50.247 Df IlliniCover[43047:3ee4b8] [com.apple.dt.xctest:Default] Query requires iOS snapshot attributes .
2026-08-12 16:08:50.247 Df IlliniCover[43047:3ee4b8] [com.apple.dt.xctest:Default] XCTPerformOnMainRunLoop[not MT]: about to CFRunLoopPerform
2026-08-12 16:08:50.247 Df IlliniCover[43047:3ee4b8] [com.apple.dt.xctest:Default] XCTPerformOnMainRunLoop[not MT]: waiting with 30.00s responsiveness timeout
2026-08-12 16:08:50.247 Df IlliniCover[43047:3ee4ac] [com.apple.dt.xctest:Default] XCTPerformOnMainRunLoop[MT]: inside CFRunLoopPerform
2026-08-12 16:08:50.247 Df IlliniCover[43047:3ee4ac] [com.apple.dt.xctest:Default] XCTPerformOnMainRunLoop[MT]: MT responded in time (won the race to the busy flag)
2026-08-12 16:08:50.247 Df IlliniCover[43047:3ee4b8] [com.apple.dt.xctest:Default] XCTPerformOnMainRunLoop[not MT]: waiting 60.00s for work to complete
2026-08-12 16:08:50.248 Df IlliniCover[43047:3ee4ac] [com.apple.dt.xctest:Default] Got main window <AXUIElementRef 0x121b0f690> {pid=43047} {uid=[ID:4 hash:0x105a10400]}
2026-08-12 16:08:50.248 Df IlliniCover[43047:3ee4ac] [com.apple.dt.xctest:Default] Capturing hierarchy with attributes XC_kAXXCAttributeElementType, XC_kAXXCAttributeElementBaseType, XC_kAXXCAttributeParent, XC_kAXXCAttributeIdentifier, XC_kAXXCAttributeAutomationType, XC_kAXXCAttributeTraits
2026-08-12 16:08:50.248 Df IlliniCover[43047:3ee4ac] [com.apple.dt.xctest:Default] Capturing hierarchy with parameters {
    attributes =     (
        5003,
        5004,
        5002,
        5019,
        5058,
        2004
    );
    maxArrayCount = 2147483647;
    maxChildren = 2147483647;
    maxDepth = 2147483647;
    snapshotKeyHonorModalViews = 0;
    traverseFromParentsToChildren = 1;
}
2026-08-12 16:08:50.248 Df IlliniCover[43047:3ee4ac] [com.apple.dt.xctest:Default] Snapshot attributes 5003, 5004, 5002, 5019, 5058, 2004
2026-08-12 16:08:50.308 Df IlliniCover[43047:3ee4ac] [com.apple.dt.xctest:Default] Got snapshot for <AXUIElementRef 0x11ff04450> {pid=43047} {uid=[ID:1 hash:0x0]}
2026-08-12 16:08:50.308 Df IlliniCover[43047:3ee4ac] [com.apple.dt.xctest:Default] Got app orientation 0
2026-08-12 16:08:50.308 Df IlliniCover[43047:3ee4ac] [com.apple.dt.xctest:Default] Captured accessibility snapshot data in 0.06s
2026-08-12 16:08:50.308 Df IlliniCover[43047:3ee4b8] [com.apple.dt.xctest:Default] Found main window: Window
2026-08-12 16:08:50.308 Df IlliniCover[43047:3ee4b8] [com.apple.dt.xctest:Default] Preferring automation type 48 instead of legacy element type OTHER derived from class/trait: UILabel:UILabel 8590000128
2026-08-12 16:08:50.309 Df IlliniCover[43047:3ee4b8] [com.apple.dt.xctest:Default] Other is not actually a child of Other, including at this point anyway (rdar://problem/20738636)
2026-08-12 16:08:50.309 Df IlliniCover[43047:3ee4b8] [com.apple.dt.xctest:Default] Other is not actually a child of Other, including at this point anyway (rdar://problem/20738636)
2026-08-12 16:08:50.309 Df IlliniCover[43047:3ee4b8] [com.apple.dt.xctest:Default] Other is not actually a child of Other, including at this point anyway (rdar://problem/20738636)
2026-08-12 16:08:50.309 Df IlliniCover[43047:3ee4b8] [com.apple.dt.xctest:Default] Other is not actually a child of Other, including at this point anyway (rdar://problem/20738636)
2026-08-12 16:08:50.309 Df IlliniCover[43047:3ee4b8] [com.apple.dt.xctest:Default] Other is not actually a child of Other, including at this point anyway (rdar://problem/20738636)
2026-08-12 16:08:50.309 Df IlliniCover[43047:3ee4b8] [com.apple.dt.xctest:Default] Other is not actually a child of Other, including at this point anyway (rdar://problem/20738636)
2026-08-12 16:08:50.309 Df IlliniCover[43047:3ee4b8] [com.apple.dt.xctest:Default] Other is not actually a child of Other, including at this point anyway (rdar://problem/20738636)
2026-08-12 16:08:50.309 Df IlliniCover[43047:3ee4b8] [com.apple.dt.xctest:Default] Other is not actually a child of Other, including at this point anyway (rdar://problem/20738636)
2026-08-12 16:08:50.309 Df IlliniCover[43047:3ee4b8] [com.apple.dt.xctest:Default] Other is not actually a child of Other, including at this point anyway (rdar://problem/20738636)
2026-08-12 16:08:50.309 Df IlliniCover[43047:3ee4b8] [com.apple.dt.xctest:Default] Other is not actually a child of Other, including at this point anyway (rdar://problem/20738636)
2026-08-12 16:08:50.309 Df IlliniCover[43047:3ee4b8] [com.apple.dt.xctest:Default] Other is not actually a child of Other, including at this point anyway (rdar://problem/20738636)
2026-08-12 16:08:50.309 Df IlliniCover[43047:3ee4b8] [com.apple.dt.xctest:Default] Other is not actually a child of Other, including at this point anyway (rdar://problem/20738636)
2026-08-12 16:08:50.310 Df IlliniCover[43047:3ee4b8] [com.apple.dt.xctest:Default] App orientation is 0 (not portrait) and UITextEffectsWindow window Window is not main window
2026-08-12 16:08:50.310 Df IlliniCover[43047:3ee4b8] [com.apple.dt.xctest:Default] Leaving frame unchanged for Window: either already correct or we can't detect it.
2026-08-12 16:08:50.310 Df IlliniCover[43047:3ee4b8] [com.apple.dt.xctest:Default] Query  found matching snapshots: {(
    Application, pid: 43047
)} (error: (null))
2026-08-12 16:08:50.310 Df IlliniCover[43047:3ee4b8] [com.apple.dt.xctest:Default] Replying to query  with results: <XCTElementQueryResults: 0x1208118c0> (error: (null))
