Timestamp               Ty Process[PID:TID]
2026-08-12 15:43:00.574 Df IlliniCover[29785:3d84d9] [com.apple.KeyboardArbiter:Client] TX focusApplication (peekAppEvent) stealKB:Y scene:com.illinicover.app-default
2026-08-12 15:43:00.574 Df IlliniCover[29785:3d84d9] [com.apple.UIKit:EventDispatch] Evaluating dispatch of UIEvent: 0x105995200; type: 0; subtype: 0; backing type: 11; shouldSend: 1; ignoreInteractionEvents: 0, systemGestureStateChange: 0
2026-08-12 15:43:00.574 Df IlliniCover[29785:3d84d9] [com.apple.UIKit:EventDispatch] Sending UIEvent type: 0; subtype: 0; to windows: 1
2026-08-12 15:43:00.574 Df IlliniCover[29785:3d84d9] [com.apple.UIKit:EventDispatch] Sending UIEvent type: 0; subtype: 0; to window: <UIWindow: 0x105a10800>; contextId: 0x50E428C7
2026-08-12 15:43:00.578 A  IlliniCover[29785:3d84d9] (UIKitCore) send gesture actions
2026-08-12 15:43:00.580 A  IlliniCover[29785:3d84d9] (UIKitCore) send gesture actions
2026-08-12 15:43:00.586 Df IlliniCover[29785:3d84d9] [com.apple.UIKit:EventDispatch] Evaluating dispatch of UIEvent: 0x105995200; type: 0; subtype: 0; backing type: 11; shouldSend: 0; ignoreInteractionEvents: 0, systemGestureStateChange: 0
2026-08-12 15:43:00.591 Df IlliniCover[29785:3d84d9] [com.apple.UIKit:EventDispatch] Evaluating dispatch of UIEvent: 0x105995200; type: 0; subtype: 0; backing type: 11; shouldSend: 0; ignoreInteractionEvents: 0, systemGestureStateChange: 0
2026-08-12 15:43:00.605 Df IlliniCover[29785:3d84d9] [com.apple.UIKit:EventDispatch] Evaluating dispatch of UIEvent: 0x105995200; type: 0; subtype: 0; backing type: 11; shouldSend: 0; ignoreInteractionEvents: 0, systemGestureStateChange: 0
2026-08-12 15:43:00.622 Df IlliniCover[29785:3d84d9] [com.apple.UIKit:EventDispatch] Evaluating dispatch of UIEvent: 0x105995200; type: 0; subtype: 0; backing type: 11; shouldSend: 0; ignoreInteractionEvents: 0, systemGestureStateChange: 0
2026-08-12 15:43:00.638 Df IlliniCover[29785:3d84d9] [com.apple.UIKit:EventDispatch] Evaluating dispatch of UIEvent: 0x105995200; type: 0; subtype: 0; backing type: 11; shouldSend: 0; ignoreInteractionEvents: 0, systemGestureStateChange: 0
2026-08-12 15:43:00.655 Df IlliniCover[29785:3d84d9] [com.apple.UIKit:EventDispatch] Evaluating dispatch of UIEvent: 0x105995200; type: 0; subtype: 0; backing type: 11; shouldSend: 0; ignoreInteractionEvents: 0, systemGestureStateChange: 0
2026-08-12 15:43:00.672 Df IlliniCover[29785:3d84d9] [com.apple.UIKit:EventDispatch] Evaluating dispatch of UIEvent: 0x105995200; type: 0; subtype: 0; backing type: 11; shouldSend: 0; ignoreInteractionEvents: 0, systemGestureStateChange: 0
2026-08-12 15:43:00.688 Df IlliniCover[29785:3d84d9] [com.apple.UIKit:EventDispatch] Evaluating dispatch of UIEvent: 0x105995200; type: 0; subtype: 0; backing type: 11; shouldSend: 0; ignoreInteractionEvents: 0, systemGestureStateChange: 0
2026-08-12 15:43:00.689 Df IlliniCover[29785:3d84d9] [com.apple.UIKit:EventDispatch] Evaluating dispatch of UIEvent: 0x105995200; type: 0; subtype: 0; backing type: 11; shouldSend: 1; ignoreInteractionEvents: 0, systemGestureStateChange: 0
2026-08-12 15:43:00.689 Df IlliniCover[29785:3d84d9] [com.apple.UIKit:EventDispatch] Sending UIEvent type: 0; subtype: 0; to windows: 1
2026-08-12 15:43:00.689 Df IlliniCover[29785:3d84d9] [com.apple.UIKit:EventDispatch] Sending UIEvent type: 0; subtype: 0; to window: <UIWindow: 0x105a10800>; contextId: 0x50E428C7
2026-08-12 15:43:00.690 A  IlliniCover[29785:3d84d9] (UIKitCore) send gesture actions
2026-08-12 15:43:00.690 A  IlliniCover[29785:3d84d9] (UIKitCore) send gesture actions
2026-08-12 15:43:00.690 A  IlliniCover[29785:3d84d9] (UIKitCore) send control actions
2026-08-12 15:43:00.700 E  IlliniCover[29785:3d84d9] [com.apple.UIKit:Assert] button text attributes only respected for UIControlStateNormal, UIControlStateHighlighted, UIControlStateDisabled and UIControlStateFocused. state = 4 is interpreted as UIControlStateHighlighted.
2026-08-12 15:43:00.714 E  IlliniCover[29785:3d84d9] [com.apple.UIKit:Assert] button text attributes only respected for UIControlStateNormal, UIControlStateHighlighted, UIControlStateDisabled and UIControlStateFocused. state = 4 is interpreted as UIControlStateHighlighted.
2026-08-12 15:43:00.774 Df IlliniCover[29785:3d84d9] [com.apple.UIKit:EventDispatch] Evaluating dispatch of UIEvent: 0x105995200; type: 0; subtype: 0; backing type: 11; shouldSend: 0; ignoreInteractionEvents: 0, systemGestureStateChange: 1
2026-08-12 15:43:00.776 A  IlliniCover[29785:3d84d9] (UIKitCore) send gesture actions
2026-08-12 15:43:00.776 A  IlliniCover[29785:3d84d9] (UIKitCore) send gesture actions
2026-08-12 15:43:02.724 Df IlliniCover[29785:3d84ed] [com.apple.dt.xctest:Default] Received request to fetch matches for query:
2026-08-12 15:43:02.724 Df IlliniCover[29785:3d84ea] [com.apple.dt.xctest:Default] Evaluating query:
2026-08-12 15:43:02.724 Df IlliniCover[29785:3d84ea] [com.apple.dt.xctest:Default] Getting root element snapshot
2026-08-12 15:43:02.724 Df IlliniCover[29785:3d84ea] [com.apple.dt.xctest:Default] Getting snapshot for App element pid: 29785 for query
2026-08-12 15:43:02.724 Df IlliniCover[29785:3d84ea] [com.apple.dt.xctest:Default] Query requires iOS snapshot attributes .
2026-08-12 15:43:02.724 Df IlliniCover[29785:3d84ea] [com.apple.dt.xctest:Default] XCTPerformOnMainRunLoop[not MT]: about to CFRunLoopPerform
2026-08-12 15:43:02.724 Df IlliniCover[29785:3d84ea] [com.apple.dt.xctest:Default] XCTPerformOnMainRunLoop[not MT]: waiting with 30.00s responsiveness timeout
2026-08-12 15:43:02.724 Df IlliniCover[29785:3d84d9] [com.apple.dt.xctest:Default] XCTPerformOnMainRunLoop[MT]: inside CFRunLoopPerform
2026-08-12 15:43:02.724 Df IlliniCover[29785:3d84d9] [com.apple.dt.xctest:Default] XCTPerformOnMainRunLoop[MT]: MT responded in time (won the race to the busy flag)
2026-08-12 15:43:02.724 Df IlliniCover[29785:3d84ea] [com.apple.dt.xctest:Default] XCTPerformOnMainRunLoop[not MT]: waiting 60.00s for work to complete
2026-08-12 15:43:02.725 Df IlliniCover[29785:3d84d9] [com.apple.dt.xctest:Default] Got main window <AXUIElementRef 0x120efd7d0> {pid=29785} {uid=[ID:4 hash:0x105a10800]}
2026-08-12 15:43:02.725 Df IlliniCover[29785:3d84d9] [com.apple.dt.xctest:Default] Capturing hierarchy with attributes XC_kAXXCAttributeElementType, XC_kAXXCAttributeElementBaseType, XC_kAXXCAttributeParent, XC_kAXXCAttributeIdentifier, XC_kAXXCAttributeAutomationType, XC_kAXXCAttributeTraits
2026-08-12 15:43:02.725 Df IlliniCover[29785:3d84d9] [com.apple.dt.xctest:Default] Capturing hierarchy with parameters {
    attributes =     (
        5003,
        5004,
        5002,
        5019,
        5058,
        2004
    );
    maxArrayCount = 2147483647;
    maxChildren = 2147483647;
    maxDepth = 2147483647;
    snapshotKeyHonorModalViews = 0;
    traverseFromParentsToChildren = 1;
}
2026-08-12 15:43:02.725 Df IlliniCover[29785:3d84d9] [com.apple.dt.xctest:Default] Snapshot attributes 5003, 5004, 5002, 5019, 5058, 2004
2026-08-12 15:43:02.796 Df IlliniCover[29785:3d84d9] [com.apple.dt.xctest:Default] Got snapshot for <AXUIElementRef 0x120b9b360> {pid=29785} {uid=[ID:1 hash:0x0]}
2026-08-12 15:43:02.797 Df IlliniCover[29785:3d84d9] [com.apple.dt.xctest:Default] Got app orientation 0
2026-08-12 15:43:02.797 Df IlliniCover[29785:3d84d9] [com.apple.dt.xctest:Default] Captured accessibility snapshot data in 0.07s
2026-08-12 15:43:02.797 Df IlliniCover[29785:3d84ea] [com.apple.dt.xctest:Default] Found main window: Window
2026-08-12 15:43:02.797 Df IlliniCover[29785:3d84ea] [com.apple.dt.xctest:Default] Preferring automation type 48 instead of legacy element type OTHER derived from class/trait: UILabel:UILabel 8590000128
2026-08-12 15:43:02.798 Df IlliniCover[29785:3d84ea] [com.apple.dt.xctest:Default] App orientation is 0 (not portrait) and UITextEffectsWindow window Window is not main window
2026-08-12 15:43:02.798 Df IlliniCover[29785:3d84ea] [com.apple.dt.xctest:Default] Leaving frame unchanged for Window: either already correct or we can't detect it.
2026-08-12 15:43:02.798 Df IlliniCover[29785:3d84ea] [com.apple.dt.xctest:Default] Query  found matching snapshots: {(
    Application, pid: 29785
)} (error: (null))
2026-08-12 15:43:02.798 Df IlliniCover[29785:3d84ea] [com.apple.dt.xctest:Default] Replying to query  with results: <XCTElementQueryResults: 0x11cf9d8c0> (error: (null))
2026-08-12 15:43:03.805 Df IlliniCover[29785:3d84d9] [com.apple.KeyboardArbiter:Client] TX focusApplication (peekAppEvent) stealKB:Y scene:com.illinicover.app-default
2026-08-12 15:43:03.806 Df IlliniCover[29785:3d84d9] [com.apple.UIKit:EventDispatch] Evaluating dispatch of UIEvent: 0x105995200; type: 0; subtype: 0; backing type: 11; shouldSend: 1; ignoreInteractionEvents: 0, systemGestureStateChange: 0
2026-08-12 15:43:03.806 Df IlliniCover[29785:3d84d9] [com.apple.UIKit:EventDispatch] Sending UIEvent type: 0; subtype: 0; to windows: 1
2026-08-12 15:43:03.806 Df IlliniCover[29785:3d84d9] [com.apple.UIKit:EventDispatch] Sending UIEvent type: 0; subtype: 0; to window: <UIWindow: 0x105a10800>; contextId: 0x50E428C7
2026-08-12 15:43:03.806 Df IlliniCover[29785:3d84d9] [com.apple.UIKit:EventDispatch] Evaluating dispatch of UIEvent: 0x105995200; type: 0; subtype: 0; backing type: 11; shouldSend: 0; ignoreInteractionEvents: 0, systemGestureStateChange: 0
2026-08-12 15:43:03.822 Df IlliniCover[29785:3d84d9] [com.apple.UIKit:EventDispatch] Evaluating dispatch of UIEvent: 0x105995200; type: 0; subtype: 0; backing type: 11; shouldSend: 0; ignoreInteractionEvents: 0, systemGestureStateChange: 0
2026-08-12 15:43:03.838 Df IlliniCover[29785:3d84d9] [com.apple.UIKit:EventDispatch] Evaluating dispatch of UIEvent: 0x105995200; type: 0; subtype: 0; backing type: 11; shouldSend: 0; ignoreInteractionEvents: 0, systemGestureStateChange: 0
2026-08-12 15:43:03.855 Df IlliniCover[29785:3d84d9] [com.apple.UIKit:EventDispatch] Evaluating dispatch of UIEvent: 0x105995200; type: 0; subtype: 0; backing type: 11; shouldSend: 0; ignoreInteractionEvents: 0, systemGestureStateChange: 0
2026-08-12 15:43:03.872 Df IlliniCover[29785:3d84d9] [com.apple.UIKit:EventDispatch] Evaluating dispatch of UIEvent: 0x105995200; type: 0; subtype: 0; backing type: 11; shouldSend: 0; ignoreInteractionEvents: 0, systemGestureStateChange: 0
2026-08-12 15:43:03.888 Df IlliniCover[29785:3d84d9] [com.apple.UIKit:EventDispatch] Evaluating dispatch of UIEvent: 0x105995200; type: 0; subtype: 0; backing type: 11; shouldSend: 0; ignoreInteractionEvents: 0, systemGestureStateChange: 1
2026-08-12 15:43:03.888 Df IlliniCover[29785:3d84d9] [com.apple.UIKit:EventDispatch] Evaluating dispatch of UIEvent: 0x105995200; type: 0; subtype: 0; backing type: 11; shouldSend: 0; ignoreInteractionEvents: 0, systemGestureStateChange: 0
2026-08-12 15:43:03.888 A  IlliniCover[29785:3d84d9] (UIKitCore) send gesture actions
2026-08-12 15:43:03.905 Df IlliniCover[29785:3d84d9] [com.apple.UIKit:EventDispatch] Evaluating dispatch of UIEvent: 0x105995200; type: 0; subtype: 0; backing type: 11; shouldSend: 0; ignoreInteractionEvents: 0, systemGestureStateChange: 0
2026-08-12 15:43:03.922 Df IlliniCover[29785:3d84d9] [com.apple.UIKit:EventDispatch] Evaluating dispatch of UIEvent: 0x105995200; type: 0; subtype: 0; backing type: 11; shouldSend: 0; ignoreInteractionEvents: 0, systemGestureStateChange: 0
2026-08-12 15:43:03.927 Df IlliniCover[29785:3d84d9] [com.apple.UIKit:EventDispatch] Evaluating dispatch of UIEvent: 0x105995200; type: 0; subtype: 0; backing type: 11; shouldSend: 1; ignoreInteractionEvents: 0, systemGestureStateChange: 0
2026-08-12 15:43:03.927 Df IlliniCover[29785:3d84d9] [com.apple.UIKit:EventDispatch] Sending UIEvent type: 0; subtype: 0; to windows: 1
2026-08-12 15:43:03.927 Df IlliniCover[29785:3d84d9] [com.apple.UIKit:EventDispatch] Sending UIEvent type: 0; subtype: 0; to window: <UIWindow: 0x105a10800>; contextId: 0x50E428C7
2026-08-12 15:43:03.927 A  IlliniCover[29785:3d84d9] (UIKitCore) send gesture actions
2026-08-12 15:43:03.929 Df IlliniCover[29785:3d84d9] [com.apple.UIKit:Feedback] generator <UISelectionFeedbackGenerator: 0x121c54180> cannot play feedback <nil: 0x0> (enabled=0)
2026-08-12 15:43:03.983 Df IlliniCover[29785:3d84ed] [com.apple.CFNetwork:Default] Task <39422B8E-8854-46D3-A902-3CBE03A25224>.<3> resuming, timeouts(0.0, 604800.0) qos(0x19) voucher((null)) activity(00000000-0000-0000-0000-000000000000)
2026-08-12 15:43:03.983 Df IlliniCover[29785:3d84ed] [com.apple.CFNetwork:Default] Task <5485FF82-C0C2-4781-A339-EEE0068FC283>.<4> resuming, timeouts(0.0, 604800.0) qos(0x19) voucher((null)) activity(00000000-0000-0000-0000-000000000000)
2026-08-12 15:43:03.984 Df IlliniCover[29785:3d84eb] [com.apple.network:connection] [C3] event: client:connection_reused @5.515s
2026-08-12 15:43:03.984 Df IlliniCover[29785:3d84eb] [com.apple.CFNetwork:Default] Task <39422B8E-8854-46D3-A902-3CBE03A25224>.<3> now using Connection 3
2026-08-12 15:43:03.984 Df IlliniCover[29785:3d84eb] [com.apple.CFNetwork:Default] Task <5485FF82-C0C2-4781-A339-EEE0068FC283>.<4> now using Connection 3
2026-08-12 15:43:03.985 Df IlliniCover[29785:3d84eb] [com.apple.cfnetwork:h3stream] 0x11c6b1898 ID=4 Task <39422B8E-8854-46D3-A902-3CBE03A25224>.<3> sent request, body N 0
2026-08-12 15:43:03.985 Df IlliniCover[29785:3d84eb] [com.apple.cfnetwork:h3stream] 0x11c6b2318 ID=8 Task <5485FF82-C0C2-4781-A339-EEE0068FC283>.<4> sent request, body N 0
2026-08-12 15:43:03.996 E  IlliniCover[29785:3d84d9] [com.apple.UIKit:UIFocus] RCTScrollViewComponentView implements focusItemsInRect: - caching for linear focus movement is limited as long as this view is on screen.
2026-08-12 15:43:04.014 E  IlliniCover[29785:3d84d9] [com.apple.UIKit:UIFocus] RCTScrollViewComponentView implements focusItemsInRect: - caching for linear focus movement is limited as long as this view is on screen.
2026-08-12 15:43:04.068 E  IlliniCover[29785:3d84d9] [com.apple.UIKit:Assert] button text attributes only respected for UIControlStateNormal, UIControlStateHighlighted, UIControlStateDisabled and UIControlStateFocused. state = 4 is interpreted as UIControlStateHighlighted.
2026-08-12 15:43:04.068 E  IlliniCover[29785:3d84d9] [com.apple.UIKit:Assert] button text attributes only respected for UIControlStateNormal, UIControlStateHighlighted, UIControlStateDisabled and UIControlStateFocused. state = 4 is interpreted as UIControlStateHighlighted.
2026-08-12 15:43:04.088 E  IlliniCover[29785:3d84d9] [com.apple.UIKit:Assert] button text attributes only respected for UIControlStateNormal, UIControlStateHighlighted, UIControlStateDisabled and UIControlStateFocused. state = 4 is interpreted as UIControlStateHighlighted.
2026-08-12 15:43:04.088 E  IlliniCover[29785:3d84d9] [com.apple.UIKit:Assert] button text attributes only respected for UIControlStateNormal, UIControlStateHighlighted, UIControlStateDisabled and UIControlStateFocused. state = 4 is interpreted as UIControlStateHighlighted.
2026-08-12 15:43:04.414 Df IlliniCover[29785:3d84eb] [com.apple.dt.xctest:Default] Received request to fetch matches for query:
2026-08-12 15:43:04.414 Df IlliniCover[29785:3d84eb] [com.apple.dt.xctest:Default] Evaluating query:
2026-08-12 15:43:04.414 Df IlliniCover[29785:3d84eb] [com.apple.dt.xctest:Default] Getting root element snapshot
2026-08-12 15:43:04.414 Df IlliniCover[29785:3d84eb] [com.apple.dt.xctest:Default] Getting snapshot for App element pid: 29785 for query
2026-08-12 15:43:04.414 Df IlliniCover[29785:3d84eb] [com.apple.dt.xctest:Default] Query requires iOS snapshot attributes .
2026-08-12 15:43:04.414 Df IlliniCover[29785:3d84eb] [com.apple.dt.xctest:Default] XCTPerformOnMainRunLoop[not MT]: about to CFRunLoopPerform
2026-08-12 15:43:04.414 Df IlliniCover[29785:3d84eb] [com.apple.dt.xctest:Default] XCTPerformOnMainRunLoop[not MT]: waiting with 30.00s responsiveness timeout
2026-08-12 15:43:04.414 Df IlliniCover[29785:3d84d9] [com.apple.dt.xctest:Default] XCTPerformOnMainRunLoop[MT]: inside CFRunLoopPerform
2026-08-12 15:43:04.415 Df IlliniCover[29785:3d84d9] [com.apple.dt.xctest:Default] XCTPerformOnMainRunLoop[MT]: MT responded in time (won the race to the busy flag)
2026-08-12 15:43:04.415 Df IlliniCover[29785:3d84eb] [com.apple.dt.xctest:Default] XCTPerformOnMainRunLoop[not MT]: waiting 60.00s for work to complete
2026-08-12 15:43:04.415 Df IlliniCover[29785:3d84d9] [com.apple.dt.xctest:Default] Got main window <AXUIElementRef 0x120f282a0> {pid=29785} {uid=[ID:4 hash:0x105a10800]}
2026-08-12 15:43:04.415 Df IlliniCover[29785:3d84d9] [com.apple.dt.xctest:Default] Capturing hierarchy with attributes XC_kAXXCAttributeElementType, XC_kAXXCAttributeElementBaseType, XC_kAXXCAttributeParent, XC_kAXXCAttributeIdentifier, XC_kAXXCAttributeAutomationType, XC_kAXXCAttributeTraits
2026-08-12 15:43:04.415 Df IlliniCover[29785:3d84d9] [com.apple.dt.xctest:Default] Capturing hierarchy with parameters {
    attributes =     (
        5003,
        5004,
        5002,
        5019,
        5058,
        2004
    );
    maxArrayCount = 2147483647;
    maxChildren = 2147483647;
    maxDepth = 2147483647;
    snapshotKeyHonorModalViews = 0;
    traverseFromParentsToChildren = 1;
}
2026-08-12 15:43:04.415 Df IlliniCover[29785:3d84d9] [com.apple.dt.xctest:Default] Snapshot attributes 5003, 5004, 5002, 5019, 5058, 2004
2026-08-12 15:43:04.472 Df IlliniCover[29785:3d84ed] [com.apple.cfnetwork:h3stream] 0x11c6b2318 ID=8 Task <5485FF82-C0C2-4781-A339-EEE0068FC283>.<4> received response, status 200 content K
2026-08-12 15:43:04.473 Df IlliniCover[29785:3d84ed] [com.apple.CFNetwork:Default] Task <5485FF82-C0C2-4781-A339-EEE0068FC283>.<4> response ended
2026-08-12 15:43:04.473 Df IlliniCover[29785:3d84ed] [com.apple.CFNetwork:Default] Task <5485FF82-C0C2-4781-A339-EEE0068FC283>.<4> done using Connection 3
2026-08-12 15:43:04.474 Df IlliniCover[29785:3d84f1] [com.apple.CFNetwork:Summary] Task <5485FF82-C0C2-4781-A339-EEE0068FC283>.<4> summary for task success {transaction_duration_ms=490, response_status=200, connection=3, reused=1, reused_after_ms=0, request_start_ms=0, request_duration_ms=0, response_start_ms=488, response_duration_ms=1, request_bytes=416, request_throughput_kbps=21197, response_bytes=1459, response_throughput_kbps=8978, cache_hit=true}
2026-08-12 15:43:04.474 Df IlliniCover[29785:3d84f1] [com.apple.CFNetwork:Default] Task <5485FF82-C0C2-4781-A339-EEE0068FC283>.<4> finished successfully
2026-08-12 15:43:04.539 Df IlliniCover[29785:3d84d9] [com.apple.dt.xctest:Default] Got snapshot for <AXUIElementRef 0x120f11410> {pid=29785} {uid=[ID:1 hash:0x0]}
2026-08-12 15:43:04.539 Df IlliniCover[29785:3d84d9] [com.apple.dt.xctest:Default] Got app orientation 0
2026-08-12 15:43:04.539 Df IlliniCover[29785:3d84d9] [com.apple.dt.xctest:Default] Captured accessibility snapshot data in 0.12s
2026-08-12 15:43:04.539 Df IlliniCover[29785:3d84eb] [com.apple.dt.xctest:Default] Found main window: Window
2026-08-12 15:43:04.539 Df IlliniCover[29785:3d84eb] [com.apple.dt.xctest:Default] Preferring automation type 48 instead of legacy element type OTHER derived from class/trait: UILabel:UILabel 8590000128
2026-08-12 15:43:04.540 Df IlliniCover[29785:3d84eb] [com.apple.dt.xctest:Default] Preferring automation type 14 instead of legacy element type OTHER derived from class/trait: SwiftUI.AccessibilityNode:UIResponder 1108101562369
2026-08-12 15:43:04.540 E  IlliniCover[29785:3d84eb] [com.apple.dt.xctest:Default] Automation type mismatch; legacy system derived element type 9 from class SwiftUI.AccessibilityNode:UIResponder, traits 1108101562369, but AXAutomationType returned 14 which maps to 14
2026-08-12 15:43:04.540 Df IlliniCover[29785:3d84eb] [com.apple.dt.xctest:Default] StaticText is not actually a child of Button, including at this point anyway (rdar://problem/20738636)
2026-08-12 15:43:04.540 Df IlliniCover[29785:3d84eb] [com.apple.dt.xctest:Default] Image, identifier: 'chevron.down' is not actually a child of Button, including at this point anyway (rdar://problem/20738636)
2026-08-12 15:43:04.540 Df IlliniCover[29785:3d84eb] [com.apple.dt.xctest:Default] Button is not actually a child of Button, identifier: 'deal-timing-kind-picker', including at this point anyway (rdar://problem/20738636)
2026-08-12 15:43:04.540 Df IlliniCover[29785:3d84eb] [com.apple.dt.xctest:Default] Preferring automation type 14 instead of legacy element type OTHER derived from class/trait: SwiftUI.AccessibilityNode:UIResponder 1108101562369
2026-08-12 15:43:04.540 E  IlliniCover[29785:3d84eb] [com.apple.dt.xctest:Default] Automation type mismatch; legacy system derived element type 9 from class SwiftUI.AccessibilityNode:UIResponder, traits 1108101562369, but AXAutomationType returned 14 which maps to 14
2026-08-12 15:43:04.540 Df IlliniCover[29785:3d84eb] [com.apple.dt.xctest:Default] StaticText is not actually a child of Button, including at this point anyway (rdar://problem/20738636)
2026-08-12 15:43:04.540 Df IlliniCover[29785:3d84eb] [com.apple.dt.xctest:Default] Image, identifier: 'chevron.down' is not actually a child of Button, including at this point anyway (rdar://problem/20738636)
2026-08-12 15:43:04.540 Df IlliniCover[29785:3d84eb] [com.apple.dt.xctest:Default] Button is not actually a child of Button, identifier: 'deal-serving-picker', including at this point anyway (rdar://problem/20738636)
2026-08-12 15:43:04.540 Df IlliniCover[29785:3d84eb] [com.apple.dt.xctest:Default] App orientation is 0 (not portrait) and UITextEffectsWindow window Window is not main window
2026-08-12 15:43:04.540 Df IlliniCover[29785:3d84eb] [com.apple.dt.xctest:Default] Leaving frame unchanged for Window: either already correct or we can't detect it.
2026-08-12 15:43:04.541 Df IlliniCover[29785:3d84eb] [com.apple.dt.xctest:Default] Query  found matching snapshots: {(
    Application, pid: 29785
)} (error: (null))
2026-08-12 15:43:04.541 Df IlliniCover[29785:3d84eb] [com.apple.dt.xctest:Default] Replying to query  with results: <XCTElementQueryResults: 0x11cf9e1c0> (error: (null))
2026-08-12 15:43:04.723 Df IlliniCover[29785:3d84ed] [com.apple.dt.xctest:Default] Received request to fetch matches for query:
2026-08-12 15:43:04.723 Df IlliniCover[29785:3d84ef] [com.apple.dt.xctest:Default] Evaluating query:
2026-08-12 15:43:04.723 Df IlliniCover[29785:3d84ef] [com.apple.dt.xctest:Default] Getting root element snapshot
2026-08-12 15:43:04.723 Df IlliniCover[29785:3d84ef] [com.apple.dt.xctest:Default] Getting snapshot for App element pid: 29785 for query
2026-08-12 15:43:04.723 Df IlliniCover[29785:3d84ef] [com.apple.dt.xctest:Default] Query requires iOS snapshot attributes .
2026-08-12 15:43:04.723 Df IlliniCover[29785:3d84ef] [com.apple.dt.xctest:Default] XCTPerformOnMainRunLoop[not MT]: about to CFRunLoopPerform
2026-08-12 15:43:04.723 Df IlliniCover[29785:3d84ef] [com.apple.dt.xctest:Default] XCTPerformOnMainRunLoop[not MT]: waiting with 30.00s responsiveness timeout
2026-08-12 15:43:04.723 Df IlliniCover[29785:3d84d9] [com.apple.dt.xctest:Default] XCTPerformOnMainRunLoop[MT]: inside CFRunLoopPerform
2026-08-12 15:43:04.723 Df IlliniCover[29785:3d84d9] [com.apple.dt.xctest:Default] XCTPerformOnMainRunLoop[MT]: MT responded in time (won the race to the busy flag)
2026-08-12 15:43:04.723 Df IlliniCover[29785:3d84ef] [com.apple.dt.xctest:Default] XCTPerformOnMainRunLoop[not MT]: waiting 60.00s for work to complete
2026-08-12 15:43:04.724 Df IlliniCover[29785:3d84d9] [com.apple.dt.xctest:Default] Got main window <AXUIElementRef 0x120f5ad00> {pid=29785} {uid=[ID:4 hash:0x105a10800]}
2026-08-12 15:43:04.724 Df IlliniCover[29785:3d84d9] [com.apple.dt.xctest:Default] Capturing hierarchy with attributes XC_kAXXCAttributeElementType, XC_kAXXCAttributeElementBaseType, XC_kAXXCAttributeParent, XC_kAXXCAttributeIdentifier, XC_kAXXCAttributeAutomationType, XC_kAXXCAttributeTraits
2026-08-12 15:43:04.724 Df IlliniCover[29785:3d84d9] [com.apple.dt.xctest:Default] Capturing hierarchy with parameters {
    attributes =     (
        5003,
        5004,
        5002,
        5019,
        5058,
        2004
    );
    maxArrayCount = 2147483647;
    maxChildren = 2147483647;
    maxDepth = 2147483647;
    snapshotKeyHonorModalViews = 0;
    traverseFromParentsToChildren = 1;
}
2026-08-12 15:43:04.724 Df IlliniCover[29785:3d84d9] [com.apple.dt.xctest:Default] Snapshot attributes 5003, 5004, 5002, 5019, 5058, 2004
2026-08-12 15:43:04.805 Df IlliniCover[29785:3d84d9] [com.apple.dt.xctest:Default] Got snapshot for <AXUIElementRef 0x120f1e6d0> {pid=29785} {uid=[ID:1 hash:0x0]}
2026-08-12 15:43:04.805 Df IlliniCover[29785:3d84d9] [com.apple.dt.xctest:Default] Got app orientation 0
2026-08-12 15:43:04.805 Df IlliniCover[29785:3d84d9] [com.apple.dt.xctest:Default] Captured accessibility snapshot data in 0.08s
2026-08-12 15:43:04.805 Df IlliniCover[29785:3d84ef] [com.apple.dt.xctest:Default] Found main window: Window
2026-08-12 15:43:04.806 Df IlliniCover[29785:3d84ef] [com.apple.dt.xctest:Default] Preferring automation type 48 instead of legacy element type OTHER derived from class/trait: UILabel:UILabel 8590000128
2026-08-12 15:43:04.807 Df IlliniCover[29785:3d84ef] [com.apple.dt.xctest:Default] Preferring automation type 14 instead of legacy element type OTHER derived from class/trait: SwiftUI.AccessibilityNode:UIResponder 1108101562369
2026-08-12 15:43:04.807 E  IlliniCover[29785:3d84ef] [com.apple.dt.xctest:Default] Automation type mismatch; legacy system derived element type 9 from class SwiftUI.AccessibilityNode:UIResponder, traits 1108101562369, but AXAutomationType returned 14 which maps to 14
2026-08-12 15:43:04.807 Df IlliniCover[29785:3d84ef] [com.apple.dt.xctest:Default] StaticText is not actually a child of Button, including at this point anyway (rdar://problem/20738636)
2026-08-12 15:43:04.807 Df IlliniCover[29785:3d84ef] [com.apple.dt.xctest:Default] Image, identifier: 'chevron.down' is not actually a child of Button, including at this point anyway (rdar://problem/20738636)
2026-08-12 15:43:04.807 Df IlliniCover[29785:3d84ef] [com.apple.dt.xctest:Default] Button is not actually a child of Button, identifier: 'deal-timing-kind-picker', including at this point anyway (rdar://problem/20738636)
2026-08-12 15:43:04.807 Df IlliniCover[29785:3d84ef] [com.apple.dt.xctest:Default] Preferring automation type 14 instead of legacy element type OTHER derived from class/trait: SwiftUI.AccessibilityNode:UIResponder 1108101562369
2026-08-12 15:43:04.807 E  IlliniCover[29785:3d84ef] [com.apple.dt.xctest:Default] Automation type mismatch; legacy system derived element type 9 from class SwiftUI.AccessibilityNode:UIResponder, traits 1108101562369, but AXAutomationType returned 14 which maps to 14
2026-08-12 15:43:04.807 Df IlliniCover[29785:3d84ef] [com.apple.dt.xctest:Default] StaticText is not actually a child of Button, including at this point anyway (rdar://problem/20738636)
2026-08-12 15:43:04.807 Df IlliniCover[29785:3d84ef] [com.apple.dt.xctest:Default] Image, identifier: 'chevron.down' is not actually a child of Button, including at this point anyway (rdar://problem/20738636)
2026-08-12 15:43:04.807 Df IlliniCover[29785:3d84ef] [com.apple.dt.xctest:Default] Button is not actually a child of Button, identifier: 'deal-serving-picker', including at this point anyway (rdar://problem/20738636)
2026-08-12 15:43:04.808 Df IlliniCover[29785:3d84ef] [com.apple.dt.xctest:Default] App orientation is 0 (not portrait) and UITextEffectsWindow window Window is not main window
2026-08-12 15:43:04.808 Df IlliniCover[29785:3d84ef] [com.apple.dt.xctest:Default] Leaving frame unchanged for Window: either already correct or we can't detect it.
2026-08-12 15:43:04.808 Df IlliniCover[29785:3d84ef] [com.apple.dt.xctest:Default] Query  found matching snapshots: {(
    Application, pid: 29785
)} (error: (null))
2026-08-12 15:43:04.808 Df IlliniCover[29785:3d84ef] [com.apple.dt.xctest:Default] Replying to query  with results: <XCTElementQueryResults: 0x11cf9df50> (error: (null))
2026-08-12 15:43:04.857 A  IlliniCover[29785:3d84d9] (UIKitCore) send control actions
2026-08-12 15:43:04.867 Df IlliniCover[29785:3d84d9] [com.apple.UIKit:KeyboardSceneDelegate] Reloading input views for key-window scene responder: <RCTUITextField: 0x120872300; baseClass = UITextField; frame = (0 0; 268 44); opaque = NO; > force:N
2026-08-12 15:43:04.867 Df IlliniCover[29785:3d84d9] [com.apple.BackBoard:Keyboard] currently observing: YES
2026-08-12 15:43:04.867 Df IlliniCover[29785:3d84d9] [com.apple.BackBoard:Keyboard] currently observing: NO
2026-08-12 15:43:04.867 E  IlliniCover[29785:3d84d9] [com.apple.RemoteTextInput:RTILog] -[RTIInputSystemClient remoteTextInputSessionWithID:performInputOperation:]  perform input operation requires a valid sessionID. inputModality = Keyboard, inputOperation = <null selector>, customInfoType = UIEmojiSearchOperations
2026-08-12 15:43:04.868 Df IlliniCover[29785:3d84d9] [com.apple.xpc:connection] [0x121d18c80] activating connection: mach=true listener=false peer=false name=com.apple.TextInput
2026-08-12 15:43:04.868 Df IlliniCover[29785:3d84d9] [com.apple.UIKit:KeyboardSceneDelegate] _reloadInputViewsForKeyWindowSceneResponder: 1 force: 0, fromBecomeFirstResponder: 1 (automaticKeyboard: 1, reloadIdentifier: 0165C961-D453-4D00-A7CE-89E66479C3B1)
2026-08-12 15:43:04.868 Df IlliniCover[29785:3d84d9] [com.apple.UIKit:KeyboardSceneDelegate] _inputViewsForResponder: <RCTUITextField: 0x120872300; baseClass = UITextField; frame = (0 0; 268 44); opaque = NO; >, automaticKeyboard: 1, force: 0
2026-08-12 15:43:04.868 Df IlliniCover[29785:3d84d9] [com.apple.UIKit:KeyboardSceneDelegate] _inputViewsForResponder, found custom inputView: <(null): 0x0>, customInputViewController: <(null): 0x0>
2026-08-12 15:43:04.868 Df IlliniCover[29785:3d84d9] [com.apple.UIKit:KeyboardSceneDelegate] _inputViewsForResponder, found inputAccessoryView: <(null): 0x0>
2026-08-12 15:43:04.868 Df IlliniCover[29785:3d84d9] [com.apple.UIKit:KeyboardSceneDelegate] _inputViewsForResponder, responderRequiresKeyboard 1 (automaticKeyboardEnabled: 1, activeInstance: <UIKeyboardAutomatic: 0x11d246d00; frame = {{0, 0}, {390, 233}}; alpha = 1.000000; isHidden = 0; tAMIC = 0>, self.isOnScreen: 0, requiresKBWhenFirstResponder: 1)
2026-08-12 15:43:04.868 Df IlliniCover[29785:3d84d9] [com.apple.UIKit:KeyboardSceneDelegate] _inputViewsForResponder, useKeyboard 1 (allowsSystemInputView: 1, !inputView <(null): 0x0>, responderRequiresKeyboard 1)
2026-08-12 15:43:04.869 Df IlliniCover[29785:3d84d9] [com.apple.UIKit:KeyboardSceneDelegate] _inputViewsForResponder, found assistantVC: <UISystemInputAssistantViewController: 0x105a1cf00; frame = {{0, 0}, {390, 0}}> (should suppress: 0, _dontNeed: 0)
2026-08-12 15:43:04.869 Df IlliniCover[29785:3d84d9] [com.apple.UIKit:KeyboardSceneDelegate] _inputViewsForResponder, configuring _responderWithoutAutomaticAppearanceEnabled: <(null): 0x0> (_automaticAppearEnabled: 1)
2026-08-12 15:43:04.869 Df IlliniCover[29785:3d84d9] [com.apple.UIKit:KeyboardSceneDelegate] _inputViewsForResponder, useKeyboard ivs: <UIInputViewSet: 0x120887000>
2026-08-12 15:43:04.869 Df IlliniCover[29785:3d84d9] [com.apple.UIKit:KeyboardSceneDelegate] _inputViewsForResponder returning: <<UIInputViewSet: 0x120887000>; keyboard = <UIKeyboardAutomatic: 0x11d246d00; frame = (0 0; 390 233); opaque = NO; layer = <CALayer: 0x11d228d50>>%; assistant = <TUISystemInputAssistantView: 0x108dfc900; frame = (0 0; 390 0); hidden = YES; >; usesKeyClicks = NO;  >
2026-08-12 15:43:04.869 Df IlliniCover[29785:3d84d9] [com.apple.BackBoard:Keyboard] currently observing: YES
2026-08-12 15:43:04.869 Df IlliniCover[29785:3d84d9] [com.apple.BackBoard:Keyboard] currently observing: NO
2026-08-12 15:43:04.870 Df IlliniCover[29785:3d84d9] [com.apple.UIKit:InputSessionChange] -_teardownExistingDelegate:(nil) forSetDelegate:<RCTUITextField: 0x120872300> force:NO delayEndInputSession:YES
2026-08-12 15:43:04.870 Df IlliniCover[29785:3d84d9] [com.apple.RemoteTextInput:RTILog] -[RTIInputSystemClient remoteTextInputSessionWithID:textSuggestionsChanged:]  Text input session suggestions changed. sessionID = (null)
2026-08-12 15:43:04.871 Df IlliniCover[29785:3d84d9] [com.apple.UIKit:SmartReply] Handling responseContextDidChange - existing: (null), new: (null)
2026-08-12 15:43:04.929 Df IlliniCover[29785:3d84d9] [com.apple.TextInputUI:DynamicKeyplaneView] Setting dynamic keyplane: Dynamic-QWERTY-British-Small_Capital-Letters
2026-08-12 15:43:04.940 Df IlliniCover[29785:3d84d9] [com.apple.RemoteTextInput:InputSessionChange] -[RTIInputSystemClient beginAllowingRemoteTextInput:]  Begin allowing remote text input: 84EAAC22-7C49-429D-A84F-63F8CC97EEBB
2026-08-12 15:43:04.940 Df IlliniCover[29785:3d84d9] [com.apple.RemoteTextInput:InputSessionChange] -[RTIInputSystemClient _modifyTextEditingAllowedForReason:notify:animated:modifyAllowancesBlock:completion:]  Text editing allowed did change (editingAllowedAfter = YES)
2026-08-12 15:43:04.942 Df IlliniCover[29785:3d84ef] [com.apple.cfnetwork:h3stream] 0x11c6b1898 ID=4 Task <39422B8E-8854-46D3-A902-3CBE03A25224>.<3> received response, status 200 content K
2026-08-12 15:43:04.942 Df IlliniCover[29785:3d84ef] [com.apple.CFNetwork:Default] Task <39422B8E-8854-46D3-A902-3CBE03A25224>.<3> response ended
2026-08-12 15:43:04.942 Df IlliniCover[29785:3d84ef] [com.apple.network:connection] [C3] event: client:connection_idle @6.473s
2026-08-12 15:43:04.943 Df IlliniCover[29785:3d84ef] [com.apple.CFNetwork:Default] Task <39422B8E-8854-46D3-A902-3CBE03A25224>.<3> done using Connection 3
2026-08-12 15:43:04.943 Df IlliniCover[29785:3d84ed] [com.apple.CFNetwork:Summary] Task <39422B8E-8854-46D3-A902-3CBE03A25224>.<3> summary for task success {transaction_duration_ms=960, response_status=200, connection=3, reused=1, reused_after_ms=4979, request_start_ms=1, request_duration_ms=0, response_start_ms=959, response_duration_ms=1, request_bytes=422, request_throughput_kbps=8275, response_bytes=1495, response_throughput_kbps=11901, cache_hit=true}
2026-08-12 15:43:04.943 Df IlliniCover[29785:3d84d9] [com.apple.RemoteTextInput:InputSessionChange] -[RTIInputSystemClient beginRemoteTextInputSessionWithID:options:documentTraits:initialDocumentState:]_block_invoke  Connection to service with mach name com.apple.rti-screencontinuity was invalidated. Attempting to create a new connection.
2026-08-12 15:43:04.943 Df IlliniCover[29785:3d84ed] [com.apple.CFNetwork:Default] Task <39422B8E-8854-46D3-A902-3CBE03A25224>.<3> finished successfully
2026-08-12 15:43:04.943 Df IlliniCover[29785:3d84d9] [com.apple.xpc:connection] [0x121fe3d40] activating connection: mach=true listener=false peer=false name=com.apple.rti-screencontinuity
2026-08-12 15:43:04.944 Df IlliniCover[29785:3d84d9] [com.apple.xpc:connection] [0x121fe3d40] failed to do a bootstrap look-up: xpc_error=[3: No such process]
2026-08-12 15:43:04.944 Df IlliniCover[29785:3d84d9] [com.apple.xpc:connection] [0x121fe3d40] invalidated after a failed init
2026-08-12 15:43:04.944 Df IlliniCover[29785:3d84ed] [com.apple.RemoteTextInput:InputSessionChange] -[RTIInputSystemClient _configureConnection:withMachName:]_block_invoke_2  Client connection to service was invalidated: <NSXPCConnection: 0x1200edea0> connection to service named com.apple.rti-screencontinuity
2026-08-12 15:43:04.944 Df IlliniCover[29785:3d84d9] [com.apple.RemoteTextInput:InputSessionChange] -[RTIInputSystemClient _beginSessionWithID:forServices:force:]  Begin text input session. sessionID = 84EAAC22-7C49-429D-A84F-63F8CC97EEBB, options = <RTISessionOptions: 0x108f170e0; shouldResign = NO; animated = YES; offscreenDirection = 0; enhancedWindowingModeEnabled = NO
2026-08-12 15:43:04.977 Df IlliniCover[29785:3d84d9] [com.apple.KeyboardArbiter:Client] TX setWindowContextID:0 windowState:Disabled level:5.0
    focusContext:<contextID:1357129927 sceneID:com.illinicover.app-default>
2026-08-12 15:43:04.977 Df IlliniCover[29785:3d84d9] [com.apple.UIKit:UIPeripheralHost] endPlacementForInputViewSet: <<UIInputViewSet: 0x120887000>; keyboard = <UIKeyboardAutomatic: 0x11d246d00; frame = (0 0; 390 233); opaque = NO; layer = <CALayer: 0x11d228d50>>%; assistant = <TUISystemInputAssistantView: 0x108dfc900; frame = (0 0; 390 0); hidden = YES; >; usesKeyClicks = NO;  > windowScene: <UIWindowScene: 0x108cb4c00; role: UIWindowSceneSessionRoleApplication; persistentIdentifier: 2050C5AC-6A26-42BC-8E8F-FBAE5EDC0388; activationState: UISceneActivationStateForegroundActive>
2026-08-12 15:43:04.977 Df IlliniCover[29785:3d84d9] [com.apple.UIKit:UIPeripheralHost] endPlacementForInputViewSet, returning -> <UIInputViewSetPlacementOnScreen>
2026-08-12 15:43:04.978 Df IlliniCover[29785:3d84d9] [com.apple.UIKit:KeyboardArbiterClientLog] -[_UIRemoteKeyboards prepareToMoveKeyboard:withIAV:isIAVRelevant:showing:notifyRemote:forScene:] position: {{0, 0}, {390, 308}} visible: 1; notifyRemote: 1; isMinimized: NO
2026-08-12 15:43:04.979 Df IlliniCover[29785:3d84d9] [com.apple.UIKit:InputWindowController] Change from input view set: (null)
2026-08-12 15:43:04.979 Df IlliniCover[29785:3d84d9] [com.apple.UIKit:InputWindowController] Change to input view set: (null)
2026-08-12 15:43:04.980 Df IlliniCover[29785:3d84d9] [com.apple.UIKit:InputWindowController] Change from input view set: (null)
2026-08-12 15:43:04.980 Df IlliniCover[29785:3d84d9] [com.apple.UIKit:InputWindowController] Change to input view set: <<UIInputViewSet: 0x105a49740>; (empty)>
2026-08-12 15:43:04.984 Df IlliniCover[29785:3d84d9] [com.apple.UIKit:InputWindowController] updatePlacementWithPlacement: <UIInputViewSetPlacementOffScreenDown>
2026-08-12 15:43:04.985 Df IlliniCover[29785:3d84d9] [com.apple.KeyboardArbiter:Client] prepareToMoveKeyboard: set currentKeyboard:Y
2026-08-12 15:43:04.985 Df IlliniCover[29785:3d84d9] [com.apple.KeyboardArbiter:Client] TX signalKeyboardChanged
2026-08-12 15:43:04.985 Df IlliniCover[29785:3d84d9] [com.apple.UIKit:KeyboardArbiterClientLog] -[_UIRemoteKeyboards signalToProxyKeyboardChanged:onCompletion:]  Signaling keyboard changed <<<_UIKeyboardChangedInformation: 0x11e96b000>; appId (null) bundleId (null) animation fence <BKSAnimationFenceHandle:0x120a22fe0 -> <CAFenceHandle:0x108d1f2c0 name=7 fence=7560000012c usable=YES>>; position {{0, 536}, {390, 308}}; animated YES; on screen YES; tracking NO; resizing NO; local NO, dock state: Unknown, hasValidNotif: NO>; source canvas com.apple.frontboard.systemappservices/FBSceneManager:sceneID%3Acom.illinicover.app-default; source display Main; source bundle com.illinicover.app; host bundle (null); animation fence <BKSAnimationFenceHandle:0x120a22fe0 -> <CAFenceHandle:0x108d1f2c0 name=7 fence=7560000012c usable=YES>>; position {{0, 536}, {390, 308}} (with IAV same); floating 0; on screen YES;  intersectable YES; snapshot YES>
2026-08-12 15:43:04.985 Df IlliniCover[29785:3d84d9] [com.apple.KeyboardArbiter:Client] TX setWindowContextID:2851595205 windowState:Enabled level:5.0
    focusContext:<contextID:1357129927 sceneID:com.illinicover.app-default>
2026-08-12 15:43:04.986 Df IlliniCover[29785:3d84d9] [com.apple.UIKit:UIKeyboardExtended] Requesting scene for autofill UI
2026-08-12 15:43:04.986 Df IlliniCover[29785:3d84d9] [com.apple.UIKit:KeyboardVisualMode] Show keyboard with visual mode windowed (0)
2026-08-12 15:43:04.986 Df IlliniCover[29785:3d84d9] [com.apple.UIKit:InputWindowController] Setting input views: <<UIInputViewSet: 0x121c54b40>; keyboard = [uninitialized]; assistant = <TUISystemInputAssistantView: 0x108dfc900; frame = (0 0; 390 0); hidden = YES; >; usesKeyClicks = NO;  >
2026-08-12 15:43:04.988 Df IlliniCover[29785:3d84d9] [com.apple.UIKit:UIPeripheralHost] endPlacementForInputViewSet: <<UIInputViewSet: 0x121c54b40>; keyboard = <UIKeyboardAutomatic: 0x11d246d00; frame = (0 0; 390 233); opaque = NO; layer = <CALayer: 0x11d228d50>>%; assistant = <TUISystemInputAssistantView: 0x108dfc900; frame = (0 0; 390 0); >; usesKeyClicks = NO;  > windowScene: <_UIKeyboardWindowScene: 0x11d322d00; role: _UIScreenBasedSceneSession; persistentIdentifier: BC27358A-21DF-425D-A69A-5FD31621A93D; activationState: UISceneActivationStateForegroundActive>
2026-08-12 15:43:04.988 Df IlliniCover[29785:3d84d9] [com.apple.UIKit:UIPeripheralHost] endPlacementForInputViewSet, returning -> <UIInputViewSetPlacementOnScreen>
2026-08-12 15:43:04.988 Df IlliniCover[29785:3d84d9] [com.apple.UIKit:InputWindowController] Moving from placement: <UIInputViewSetPlacementOffScreenDown> to placement: <UIInputViewSetPlacementOnScreen> (currentPlacement: <UIInputViewSetPlacementOffScreenDown>)
2026-08-12 15:43:04.988 Df IlliniCover[29785:3d84d9] [com.apple.UIKit:InputWindowController] Change from input view set: <<UIInputViewSet: 0x105a49740>; (empty)>
2026-08-12 15:43:04.989 Df IlliniCover[29785:3d84d9] [com.apple.UIKit:InputWindowController] Change to input view set: <<UIInputViewSet: 0x121c54b40>; keyboard = <UIKeyboardAutomatic: 0x11d246d00; frame = (0 0; 390 233); opaque = NO; layer = <CALayer: 0x11d228d50>>%; assistant = <TUISystemInputAssistantView: 0x108dfc900; frame = (0 0; 390 0); >; usesKeyClicks = NO;  >
2026-08-12 15:43:04.989 Df IlliniCover[29785:3d84d9] [com.apple.UIKit:UIKBFeedbackGenerator] <_UIKBFeedbackGenerator: 0x105a4b3c0>: -[_UIKBFeedbackGenerator activateWithCompletionBlock:]
2026-08-12 15:43:04.989 Df IlliniCover[29785:3d84ec] [com.apple.UIKit:UIKBFeedbackGenerator] <_UIKBFeedbackGenerator: 0x105a4b3c0>: Releasing engine and players.
2026-08-12 15:43:04.989 Df IlliniCover[29785:3d84ec] [com.apple.UIKit:UIKBFeedbackGenerator] <_UIKBFeedbackGenerator: 0x105a4b3c0>: Recreating engine with reason -[_UIKBFeedbackGenerator activateWithCompletionBlock:]_block_invoke.
2026-08-12 15:43:04.989 Df IlliniCover[29785:3d84ec] (libMobileGestalt.dylib) MGIsDeviceOfType is not supported on this platform.
2026-08-12 15:43:04.990 E  IlliniCover[29785:3d84ec] (CoreHaptics)        CHHapticPattern.mm:487   +[CHHapticPattern patternForKey:error:]: Failed to read pattern library data: Error Domain=NSCocoaErrorDomain Code=260 "The file “hapticpatternlibrary.plist” couldn’t be opened because there is no such file." UserInfo={NSFilePath=/Library/Audio/Tunings/Generic/Haptics/Library/hapticpatternlibrary.plist, NSURL=file:///Library/Audio/Tunings/Generic/Haptics/Library/hapticpatternlibrary.plist, NSUnderlyingError=0x11cf9e4f0 {Error Domain=NSPOSIXErrorDomain Code=2 "No such file or directory"}}
2026-08-12 15:43:04.990 E  IlliniCover[29785:3d84ec] [com.apple.UIKit:UIKBFeedbackGenerator] <_UIKBFeedbackGenerator: 0x105a4b3c0>: Error creating CHHapticPattern: Error Domain=NSCocoaErrorDomain Code=260 "The file “hapticpatternlibrary.plist” couldn’t be opened because there is no such file." UserInfo={NSFilePath=/Library/Audio/Tunings/Generic/Haptics/Library/hapticpatternlibrary.plist, NSURL=file:///Library/Audio/Tunings/Generic/Haptics/Library/hapticpatternlibrary.plist, NSUnderlyingError=0x11cf9e4f0 {Error Domain=NSPOSIXErrorDomain Code=2 "No such file or directory"}}
2026-08-12 15:43:04.991 E  IlliniCover[29785:3d84ec] (CoreHaptics)        CHHapticPattern.mm:487   +[CHHapticPattern patternForKey:error:]: Failed to read pattern library data: Error Domain=NSCocoaErrorDomain Code=260 "The file “hapticpatternlibrary.plist” couldn’t be opened because there is no such file." UserInfo={NSFilePath=/Library/Audio/Tunings/Generic/Haptics/Library/hapticpatternlibrary.plist, NSURL=file:///Library/Audio/Tunings/Generic/Haptics/Library/hapticpatternlibrary.plist, NSUnderlyingError=0x11cf9c270 {Error Domain=NSPOSIXErrorDomain Code=2 "No such file or directory"}}
2026-08-12 15:43:04.991 E  IlliniCover[29785:3d84ec] [com.apple.UIKit:UIKBFeedbackGenerator] <_UIKBFeedbackGenerator: 0x105a4b3c0>: Error creating CHHapticPattern: Error Domain=NSCocoaErrorDomain Code=260 "The file “hapticpatternlibrary.plist” couldn’t be opened because there is no such file." UserInfo={NSFilePath=/Library/Audio/Tunings/Generic/Haptics/Library/hapticpatternlibrary.plist, NSURL=file:///Library/Audio/Tunings/Generic/Haptics/Library/hapticpatternlibrary.plist, NSUnderlyingError=0x11cf9c270 {Error Domain=NSPOSIXErrorDomain Code=2 "No such file or directory"}}
2026-08-12 15:43:04.991 E  IlliniCover[29785:3d84ec] (CoreHaptics)        CHHapticPattern.mm:487   +[CHHapticPattern patternForKey:error:]: Failed to read pattern library data: Error Domain=NSCocoaErrorDomain Code=260 "The file “hapticpatternlibrary.plist” couldn’t be opened because there is no such file." UserInfo={NSFilePath=/Library/Audio/Tunings/Generic/Haptics/Library/hapticpatternlibrary.plist, NSURL=file:///Library/Audio/Tunings/Generic/Haptics/Library/hapticpatternlibrary.plist, NSUnderlyingError=0x11cf9e4f0 {Error Domain=NSPOSIXErrorDomain Code=2 "No such file or directory"}}
2026-08-12 15:43:04.991 E  IlliniCover[29785:3d84ec] [com.apple.UIKit:UIKBFeedbackGenerator] <_UIKBFeedbackGenerator: 0x105a4b3c0>: Error creating CHHapticPattern: Error Domain=NSCocoaErrorDomain Code=260 "The file “hapticpatternlibrary.plist” couldn’t be opened because there is no such file." UserInfo={NSFilePath=/Library/Audio/Tunings/Generic/Haptics/Library/hapticpatternlibrary.plist, NSURL=file:///Library/Audio/Tunings/Generic/Haptics/Library/hapticpatternlibrary.plist, NSUnderlyingError=0x11cf9e4f0 {Error Domain=NSPOSIXErrorDomain Code=2 "No such file or directory"}}
2026-08-12 15:43:04.991 E  IlliniCover[29785:3d84ec] (CoreHaptics)        CHHapticPattern.mm:487   +[CHHapticPattern patternForKey:error:]: Failed to read pattern library data: Error Domain=NSCocoaErrorDomain Code=260 "The file “hapticpatternlibrary.plist” couldn’t be opened because there is no such file." UserInfo={NSFilePath=/Library/Audio/Tunings/Generic/Haptics/Library/hapticpatternlibrary.plist, NSURL=file:///Library/Audio/Tunings/Generic/Haptics/Library/hapticpatternlibrary.plist, NSUnderlyingError=0x11cf9c270 {Error Domain=NSPOSIXErrorDomain Code=2 "No such file or directory"}}
2026-08-12 15:43:04.991 E  IlliniCover[29785:3d84ec] [com.apple.UIKit:UIKBFeedbackGenerator] <_UIKBFeedbackGenerator: 0x105a4b3c0>: Error creating CHHapticPattern: Error Domain=NSCocoaErrorDomain Code=260 "The file “hapticpatternlibrary.plist” couldn’t be opened because there is no such file." UserInfo={NSFilePath=/Library/Audio/Tunings/Generic/Haptics/Library/hapticpatternlibrary.plist, NSURL=file:///Library/Audio/Tunings/Generic/Haptics/Library/hapticpatternlibrary.plist, NSUnderlyingError=0x11cf9c270 {Error Domain=NSPOSIXErrorDomain Code=2 "No such file or directory"}}
2026-08-12 15:43:04.991 E  IlliniCover[29785:3d84ec] (CoreHaptics)        CHHapticPattern.mm:487   +[CHHapticPattern patternForKey:error:]: Failed to read pattern library data: Error Domain=NSCocoaErrorDomain Code=260 "The file “hapticpatternlibrary.plist” couldn’t be opened because there is no such file." UserInfo={NSFilePath=/Library/Audio/Tunings/Generic/Haptics/Library/hapticpatternlibrary.plist, NSURL=file:///Library/Audio/Tunings/Generic/Haptics/Library/hapticpatternlibrary.plist, NSUnderlyingError=0x11cf9e4f0 {Error Domain=NSPOSIXErrorDomain Code=2 "No such file or directory"}}
2026-08-12 15:43:04.992 E  IlliniCover[29785:3d84ec] [com.apple.UIKit:UIKBFeedbackGenerator] <_UIKBFeedbackGenerator: 0x105a4b3c0>: Error creating CHHapticPattern: Error Domain=NSCocoaErrorDomain Code=260 "The file “hapticpatternlibrary.plist” couldn’t be opened because there is no such file." UserInfo={NSFilePath=/Library/Audio/Tunings/Generic/Haptics/Library/hapticpatternlibrary.plist, NSURL=file:///Library/Audio/Tunings/Generic/Haptics/Library/hapticpatternlibrary.plist, NSUnderlyingError=0x11cf9e4f0 {Error Domain=NSPOSIXErrorDomain Code=2 "No such file or directory"}}
2026-08-12 15:43:04.992 E  IlliniCover[29785:3d84ec] (CoreHaptics)        CHHapticPattern.mm:487   +[CHHapticPattern patternForKey:error:]: Failed to read pattern library data: Error Domain=NSCocoaErrorDomain Code=260 "The file “hapticpatternlibrary.plist” couldn’t be opened because there is no such file." UserInfo={NSFilePath=/Library/Audio/Tunings/Generic/Haptics/Library/hapticpatternlibrary.plist, NSURL=file:///Library/Audio/Tunings/Generic/Haptics/Library/hapticpatternlibrary.plist, NSUnderlyingError=0x11cf9c270 {Error Domain=NSPOSIXErrorDomain Code=2 "No such file or directory"}}
2026-08-12 15:43:04.992 E  IlliniCover[29785:3d84ec] [com.apple.UIKit:UIKBFeedbackGenerator] <_UIKBFeedbackGenerator: 0x105a4b3c0>: Error creating CHHapticPattern: Error Domain=NSCocoaErrorDomain Code=260 "The file “hapticpatternlibrary.plist” couldn’t be opened because there is no such file." UserInfo={NSFilePath=/Library/Audio/Tunings/Generic/Haptics/Library/hapticpatternlibrary.plist, NSURL=file:///Library/Audio/Tunings/Generic/Haptics/Library/hapticpatternlibrary.plist, NSUnderlyingError=0x11cf9c270 {Error Domain=NSPOSIXErrorDomain Code=2 "No such file or directory"}}
2026-08-12 15:43:04.992 E  IlliniCover[29785:3d84ec] (CoreHaptics)        CHHapticPattern.mm:487   +[CHHapticPattern patternForKey:error:]: Failed to read pattern library data: Error Domain=NSCocoaErrorDomain Code=260 "The file “hapticpatternlibrary.plist” couldn’t be opened because there is no such file." UserInfo={NSFilePath=/Library/Audio/Tunings/Generic/Haptics/Library/hapticpatternlibrary.plist, NSURL=file:///Library/Audio/Tunings/Generic/Haptics/Library/hapticpatternlibrary.plist, NSUnderlyingError=0x11cf9e4f0 {Error Domain=NSPOSIXErrorDomain Code=2 "No such file or directory"}}
2026-08-12 15:43:04.992 E  IlliniCover[29785:3d84ec] [com.apple.UIKit:UIKBFeedbackGenerator] <_UIKBFeedbackGenerator: 0x105a4b3c0>: Error creating CHHapticPattern: Error Domain=NSCocoaErrorDomain Code=260 "The file “hapticpatternlibrary.plist” couldn’t be opened because there is no such file." UserInfo={NSFilePath=/Library/Audio/Tunings/Generic/Haptics/Library/hapticpatternlibrary.plist, NSURL=file:///Library/Audio/Tunings/Generic/Haptics/Library/hapticpatternlibrary.plist, NSUnderlyingError=0x11cf9e4f0 {Error Domain=NSPOSIXErrorDomain Code=2 "No such file or directory"}}
2026-08-12 15:43:04.993 E  IlliniCover[29785:3d84ec] (CoreHaptics)        CHHapticPattern.mm:487   +[CHHapticPattern patternForKey:error:]: Failed to read pattern library data: Error Domain=NSCocoaErrorDomain Code=260 "The file “hapticpatternlibrary.plist” couldn’t be opened because there is no such file." UserInfo={NSFilePath=/Library/Audio/Tunings/Generic/Haptics/Library/hapticpatternlibrary.plist, NSURL=file:///Library/Audio/Tunings/Generic/Haptics/Library/hapticpatternlibrary.plist, NSUnderlyingError=0x11cf9c270 {Error Domain=NSPOSIXErrorDomain Code=2 "No such file or directory"}}
2026-08-12 15:43:04.993 E  IlliniCover[29785:3d84ec] [com.apple.UIKit:UIKBFeedbackGenerator] <_UIKBFeedbackGenerator: 0x105a4b3c0>: Error creating CHHapticPattern: Error Domain=NSCocoaErrorDomain Code=260 "The file “hapticpatternlibrary.plist” couldn’t be opened because there is no such file." UserInfo={NSFilePath=/Library/Audio/Tunings/Generic/Haptics/Library/hapticpatternlibrary.plist, NSURL=file:///Library/Audio/Tunings/Generic/Haptics/Library/hapticpatternlibrary.plist, NSUnderlyingError=0x11cf9c270 {Error Domain=NSPOSIXErrorDomain Code=2 "No such file or directory"}}
2026-08-12 15:43:04.993 E  IlliniCover[29785:3d84ec] (CoreHaptics)        CHHapticPattern.mm:487   +[CHHapticPattern patternForKey:error:]: Failed to read pattern library data: Error Domain=NSCocoaErrorDomain Code=260 "The file “hapticpatternlibrary.plist” couldn’t be opened because there is no such file." UserInfo={NSFilePath=/Library/Audio/Tunings/Generic/Haptics/Library/hapticpatternlibrary.plist, NSURL=file:///Library/Audio/Tunings/Generic/Haptics/Library/hapticpatternlibrary.plist, NSUnderlyingError=0x11cf9e4f0 {Error Domain=NSPOSIXErrorDomain Code=2 "No such file or directory"}}
2026-08-12 15:43:04.993 E  IlliniCover[29785:3d84ec] [com.apple.UIKit:UIKBFeedbackGenerator] <_UIKBFeedbackGenerator: 0x105a4b3c0>: Error creating CHHapticPattern: Error Domain=NSCocoaErrorDomain Code=260 "The file “hapticpatternlibrary.plist” couldn’t be opened because there is no such file." UserInfo={NSFilePath=/Library/Audio/Tunings/Generic/Haptics/Library/hapticpatternlibrary.plist, NSURL=file:///Library/Audio/Tunings/Generic/Haptics/Library/hapticpatternlibrary.plist, NSUnderlyingError=0x11cf9e4f0 {Error Domain=NSPOSIXErrorDomain Code=2 "No such file or directory"}}
2026-08-12 15:43:04.996 Df IlliniCover[29785:3d84d9] [com.apple.UIKit:UIPeripheralHost] endPlacementForInputViewSet: <<UIInputViewSet: 0x121c54b40>; keyboard = <UIKeyboardAutomatic: 0x11d246d00; frame = (0 0; 390 233); opaque = NO; layer = <CALayer: 0x11d228d50>>%; assistant = <TUISystemInputAssistantView: 0x108dfc900; frame = (0 0; 390 0); >; usesKeyClicks = NO;  > windowScene: <_UIKeyboardWindowScene: 0x11d322d00; role: _UIScreenBasedSceneSession; persistentIdentifier: BC27358A-21DF-425D-A69A-5FD31621A93D; activationState: UISceneActivationStateForegroundActive>
2026-08-12 15:43:04.996 Df IlliniCover[29785:3d84d9] [com.apple.UIKit:UIPeripheralHost] endPlacementForInputViewSet, returning -> <UIInputViewSetPlacementOnScreen>
2026-08-12 15:43:04.996 Df IlliniCover[29785:3d84d9] [com.apple.UIKit:UIPeripheralHost] endPlacementForInputViewSet: <<UIInputViewSet: 0x121c54b40>; keyboard = <UIKeyboardAutomatic: 0x11d246d00; frame = (0 0; 390 233); opaque = NO; layer = <CALayer: 0x11d228d50>>%; assistant = <TUISystemInputAssistantView: 0x108dfc900; frame = (0 0; 390 0); >; usesKeyClicks = NO;  > windowScene: <_UIKeyboardWindowScene: 0x11d322d00; role: _UIScreenBasedSceneSession; persistentIdentifier: BC27358A-21DF-425D-A69A-5FD31621A93D; activationState: UISceneActivationStateForegroundActive>
2026-08-12 15:43:04.997 Df IlliniCover[29785:3d84d9] [com.apple.UIKit:UIPeripheralHost] endPlacementForInputViewSet, returning -> <UIInputViewSetPlacementOnScreen>
2026-08-12 15:43:04.997 Df IlliniCover[29785:3d84d9] [com.apple.UIKit:UIPeripheralHost] endPlacementForInputViewSet: <<UIInputViewSet: 0x121c54b40>; keyboard = <UIKeyboardAutomatic: 0x11d246d00; frame = (0 0; 390 233); opaque = NO; layer = <CALayer: 0x11d228d50>>%; assistant = <TUISystemInputAssistantView: 0x108dfc900; frame = (0 0; 390 0); >; usesKeyClicks = NO;  > windowScene: <_UIKeyboardWindowScene: 0x11d322d00; role: _UIScreenBasedSceneSession; persistentIdentifier: BC27358A-21DF-425D-A69A-5FD31621A93D; activationState: UISceneActivationStateForegroundActive>
2026-08-12 15:43:04.997 Df IlliniCover[29785:3d84d9] [com.apple.UIKit:UIPeripheralHost] endPlacementForInputViewSet, returning -> <UIInputViewSetPlacementOnScreen>
2026-08-12 15:43:04.998 Df IlliniCover[29785:3d84d9] [com.apple.UIKit:UIPeripheralHost] endPlacementForInputViewSet: <<UIInputViewSet: 0x121c54b40>; keyboard = <UIKeyboardAutomatic: 0x11d246d00; frame = (0 0; 390 233); opaque = NO; layer = <CALayer: 0x11d228d50>>%; assistant = <TUISystemInputAssistantView: 0x108dfc900; frame = (0 0; 390 0); >; usesKeyClicks = NO;  > windowScene: <_UIKeyboardWindowScene: 0x11d322d00; role: _UIScreenBasedSceneSession; persistentIdentifier: BC27358A-21DF-425D-A69A-5FD31621A93D; activationState: UISceneActivationStateForegroundActive>
2026-08-12 15:43:04.998 Df IlliniCover[29785:3d84ec] [com.apple.coremedia:] -AVSystemController- +[AVSystemController sharedInstance]: Failed to allocate AVSystemController, numberOfAttempts=1
2026-08-12 15:43:04.998 Df IlliniCover[29785:3d84d9] [com.apple.UIKit:UIPeripheralHost] endPlacementForInputViewSet, returning -> <UIInputViewSetPlacementOnScreen>
2026-08-12 15:43:04.998 Df IlliniCover[29785:3d84ec] [com.apple.coremedia:] -AVSystemController- +[AVSystemController sharedInstance]: Failed to allocate AVSystemController, numberOfAttempts=2
2026-08-12 15:43:04.998 Df IlliniCover[29785:3d84ec] [com.apple.coremedia:] -AVSystemController- +[AVSystemController sharedInstance]: Failed to allocate AVSystemController, numberOfAttempts=3
2026-08-12 15:43:04.998 Df IlliniCover[29785:3d84ec] [com.apple.UIKit:UIKBFeedbackGenerator] <_UIKBFeedbackGenerator: 0x105a4b3c0>: Preheating CoreHaptics.
2026-08-12 15:43:05.001 Df IlliniCover[29785:3d84d9] [com.apple.UIKit:UIPeripheralHost] endPlacementForInputViewSet: <<UIInputViewSet: 0x121c54b40>; keyboard = <UIKeyboardAutomatic: 0x11d246d00; frame = (0 0; 390 233); opaque = NO; layer = <CALayer: 0x11d228d50>>%; assistant = <TUISystemInputAssistantView: 0x108dfc900; frame = (0 0; 390 0); >; usesKeyClicks = NO;  > windowScene: <_UIKeyboardWindowScene: 0x11d322d00; role: _UIScreenBasedSceneSession; persistentIdentifier: BC27358A-21DF-425D-A69A-5FD31621A93D; activationState: UISceneActivationStateForegroundActive>
2026-08-12 15:43:05.001 Df IlliniCover[29785:3d84d9] [com.apple.UIKit:UIPeripheralHost] endPlacementForInputViewSet, returning -> <UIInputViewSetPlacementOnScreen>
2026-08-12 15:43:05.002 Df IlliniCover[29785:3d84d9] [com.apple.UIKit:UIPeripheralHost] endPlacementForInputViewSet: <<UIInputViewSet: 0x121c54b40>; keyboard = <UIKeyboardAutomatic: 0x11d246d00; frame = (0 0; 390 233); opaque = NO; layer = <CALayer: 0x11d228d50>>%; assistant = <TUISystemInputAssistantView: 0x108dfc900; frame = (0 0; 390 0); >; usesKeyClicks = NO;  > windowScene: <_UIKeyboardWindowScene: 0x11d322d00; role: _UIScreenBasedSceneSession; persistentIdentifier: BC27358A-21DF-425D-A69A-5FD31621A93D; activationState: UISceneActivationStateForegroundActive>
2026-08-12 15:43:05.002 Df IlliniCover[29785:3d84d9] [com.apple.UIKit:UIPeripheralHost] endPlacementForInputViewSet, returning -> <UIInputViewSetPlacementOnScreen>
2026-08-12 15:43:05.002 Df IlliniCover[29785:3d84d9] [com.apple.UIKit:UIPeripheralHost] endPlacementForInputViewSet: <<UIInputViewSet: 0x121c54b40>; keyboard = <UIKeyboardAutomatic: 0x11d246d00; frame = (0 0; 390 233); opaque = NO; layer = <CALayer: 0x11d228d50>>%; assistant = <TUISystemInputAssistantView: 0x108dfc900; frame = (0 0; 390 0); >; usesKeyClicks = NO;  > windowScene: <_UIKeyboardWindowScene: 0x11d322d00; role: _UIScreenBasedSceneSession; persistentIdentifier: BC27358A-21DF-425D-A69A-5FD31621A93D; activationState: UISceneActivationStateForegroundActive>
2026-08-12 15:43:05.002 Df IlliniCover[29785:3d84d9] [com.apple.UIKit:UIPeripheralHost] endPlacementForInputViewSet, returning -> <UIInputViewSetPlacementOnScreen>
2026-08-12 15:43:05.002 Df IlliniCover[29785:3d84d9] [com.apple.UIKit:UIPeripheralHost] endPlacementForInputViewSet: <<UIInputViewSet: 0x121c54b40>; keyboard = <UIKeyboardAutomatic: 0x11d246d00; frame = (0 0; 390 233); opaque = NO; layer = <CALayer: 0x11d228d50>>%; assistant = <TUISystemInputAssistantView: 0x108dfc900; frame = (0 0; 390 0); >; usesKeyClicks = NO;  > windowScene: <_UIKeyboardWindowScene: 0x11d322d00; role: _UIScreenBasedSceneSession; persistentIdentifier: BC27358A-21DF-425D-A69A-5FD31621A93D; activationState: UISceneActivationStateForegroundActive>
2026-08-12 15:43:05.003 Df IlliniCover[29785:3d84d9] [com.apple.UIKit:UIPeripheralHost] endPlacementForInputViewSet, returning -> <UIInputViewSetPlacementOnScreen>
2026-08-12 15:43:05.015 Df IlliniCover[29785:3d84d9] [com.apple.UIKit:InputWindowController] updatePlacementWithPlacement: <UIInputViewSetPlacementOnScreen>
2026-08-12 15:43:05.015 Df IlliniCover[29785:3d84d9] [com.apple.UIKit:UIPeripheralHost] endPlacementForInputViewSet: <<UIInputViewSet: 0x121c54b40>; keyboard = <UIKeyboardAutomatic: 0x11d246d00; frame = (0 0; 390 233); opaque = NO; layer = <CALayer: 0x11d228d50>>%; assistant = <TUISystemInputAssistantView: 0x108dfc900; frame = (0 0; 390 44); >; usesKeyClicks = NO;  > windowScene: <_UIKeyboardWindowScene: 0x11d322d00; role: _UIScreenBasedSceneSession; persistentIdentifier: BC27358A-21DF-425D-A69A-5FD31621A93D; activationState: UISceneActivationStateForegroundActive>
2026-08-12 15:43:05.015 Df IlliniCover[29785:3d84d9] [com.apple.UIKit:UIPeripheralHost] endPlacementForInputViewSet, returning -> <UIInputViewSetPlacementOnScreen>
2026-08-12 15:43:05.015 Df IlliniCover[29785:3d84d9] [com.apple.UIKit:UIPeripheralHost] endPlacementForInputViewSet: <<UIInputViewSet: 0x121c54b40>; keyboard = <UIKeyboardAutomatic: 0x11d246d00; frame = (0 0; 390 233); opaque = NO; layer = <CALayer: 0x11d228d50>>%; assistant = <TUISystemInputAssistantView: 0x108dfc900; frame = (0 0; 390 44); >; usesKeyClicks = NO;  > windowScene: <_UIKeyboardWindowScene: 0x11d322d00; role: _UIScreenBasedSceneSession; persistentIdentifier: BC27358A-21DF-425D-A69A-5FD31621A93D; activationState: UISceneActivationStateForegroundActive>
2026-08-12 15:43:05.015 Df IlliniCover[29785:3d84d9] [com.apple.UIKit:UIPeripheralHost] endPlacementForInputViewSet, returning -> <UIInputViewSetPlacementOnScreen>
2026-08-12 15:43:05.016 Df IlliniCover[29785:3d84d9] [com.apple.UIKit:UIPeripheralHost] endPlacementForInputViewSet: <<UIInputViewSet: 0x121c54b40>; keyboard = <UIKeyboardAutomatic: 0x11d246d00; frame = (0 0; 390 233); opaque = NO; layer = <CALayer: 0x11d228d50>>%; assistant = <TUISystemInputAssistantView: 0x108dfc900; frame = (0 0; 390 44); >; usesKeyClicks = NO;  > windowScene: <_UIKeyboardWindowScene: 0x11d322d00; role: _UIScreenBasedSceneSession; persistentIdentifier: BC27358A-21DF-425D-A69A-5FD31621A93D; activationState: UISceneActivationStateForegroundActive>
2026-08-12 15:43:05.016 Df IlliniCover[29785:3d84d9] [com.apple.UIKit:UIPeripheralHost] endPlacementForInputViewSet, returning -> <UIInputViewSetPlacementOnScreen>
2026-08-12 15:43:05.016 Df IlliniCover[29785:3d84d9] [com.apple.UIKit:UIPeripheralHost] endPlacementForInputViewSet: <<UIInputViewSet: 0x121c54b40>; keyboard = <UIKeyboardAutomatic: 0x11d246d00; frame = (0 0; 390 233); opaque = NO; layer = <CALayer: 0x11d228d50>>%; assistant = <TUISystemInputAssistantView: 0x108dfc900; frame = (0 0; 390 44); >; usesKeyClicks = NO;  > windowScene: <_UIKeyboardWindowScene: 0x11d322d00; role: _UIScreenBasedSceneSession; persistentIdentifier: BC27358A-21DF-425D-A69A-5FD31621A93D; activationState: UISceneActivationStateForegroundActive>
2026-08-12 15:43:05.016 Df IlliniCover[29785:3d84d9] [com.apple.UIKit:UIPeripheralHost] endPlacementForInputViewSet, returning -> <UIInputViewSetPlacementOnScreen>
2026-08-12 15:43:05.017 Df IlliniCover[29785:3d84d9] [com.apple.UIKit:KeyboardArbiterClientLog] -[_UIRemoteKeyboards prepareToMoveKeyboard:withIAV:isIAVRelevant:showing:notifyRemote:forScene:] position: {{0, 0}, {390, 335}} visible: 1; notifyRemote: 1; isMinimized: NO
2026-08-12 15:43:05.018 Df IlliniCover[29785:3d84d9] [com.apple.KeyboardArbiter:Client] prepareToMoveKeyboard: set currentKeyboard:Y
2026-08-12 15:43:05.018 Df IlliniCover[29785:3d84d9] [com.apple.KeyboardArbiter:Client] TX signalKeyboardChanged
2026-08-12 15:43:05.018 Df IlliniCover[29785:3d84d9] [com.apple.UIKit:KeyboardArbiterClientLog] -[_UIRemoteKeyboards signalToProxyKeyboardChanged:onCompletion:]  Signaling keyboard changed <<<_UIKeyboardChangedInformation: 0x105976880>; appId (null) bundleId (null) animation fence <BKSAnimationFenceHandle:0x120a23650 -> <CAFenceHandle:0x121fe7e20 name=9 fence=7560000012c usable=YES>>; position {{0, 509}, {390, 335}}; animated YES; on screen YES; tracking NO; resizing NO; local NO, dock state: Unknown, hasValidNotif: NO>; source canvas com.apple.frontboard.systemappservices/FBSceneManager:sceneID%3Acom.illinicover.app-default; source display Main; source bundle com.illinicover.app; host bundle (null); animation fence <BKSAnimationFenceHandle:0x120a23650 -> <CAFenceHandle:0x121fe7e20 name=9 fence=7560000012c usable=YES>>; position {{0, 509}, {390, 335}} (with IAV same); floating 0; on screen YES;  intersectable YES; snapshot YES>
2026-08-12 15:43:05.019 Df IlliniCover[29785:3d84d9] [com.apple.UIKit:InputWindowController] Tracking provider: moveFromPlacement: <UIInputViewSetPlacementOffScreenDown> toPlacement: <UIInputViewSetPlacementOnScreen> update to: {{0, 509}, {390, 335}}
2026-08-12 15:43:05.019 Df IlliniCover[29785:3d84d9] [com.apple.TextInputUI:KeyboardTrackingCoordinator] Updating tracking clients for start <TUIKeyboardTrackingCoordinator:0x1059ebc00 state=<TUIKeyboardState: 0x11d3ea0c0 State: onscreen with input view; is docked>; frame={{0, 509}, {390, 335}}; animation=<TUIKeyboardAnimationInfo: 0x11e8968c0, duration: 0.40, from local keyboard, is not rotating, should animate, type: 1, notificationInfo: {
    UIKeyboardAnimationCurveUserInfoKey = 7;
    UIKeyboardAnimationDurationUserInfoKey = "0.4";
    UIKeyboardBoundsUserInfoKey = "NSRect: {{0, 0}, {390, 335}}";
    UIKeyboardCenterBeginUserInfoKey = "NSPoint: {195, 844}";
    UIKeyboardCenterEndUserInfoKey = "NSPoint: {195, 676.5}";
    UIKeyboardFrameBeginUserInfoKey = "NSRect: {{0, 844}, {390, 0}}";
    UIKeyboardFrameEndUserInfoKey = "NSRect: {{0, 509}, {390, 335}}";
    UIKeyboardIsLocalUserInfoKey = 1;
}notificationsDebug: >>
2026-08-12 15:43:05.020 Df IlliniCover[29785:3d84d9] [com.apple.UIKit:KeyboardLayoutGuide] changeSizingConstants: size is changing [not transitioning] to {390, 335} [previous size: {390, 0}]
2026-08-12 15:43:05.020 Df IlliniCover[29785:3d84d9] [com.apple.UIKit:KeyboardLayoutGuide] changeSizingConstants: size is changing [not transitioning] to {390, 335} [previous size: {390, 0}]
2026-08-12 15:43:05.020 Df IlliniCover[29785:3d84d9] [com.apple.UIKit:TrackingElementWindowController] Setting tracking element input views: <<UIInputViewSet: 0x121c57180>; keyboard = [uninitialized]; usesKeyClicks = NO;  >
2026-08-12 15:43:05.020 Df IlliniCover[29785:3d84d9] [com.apple.UIKit:UIPeripheralHost] endPlacementForInputViewSet: <<UIInputViewSet: 0x121c57180>; keyboard = <UIKeyboardAutomatic: 0x11d246d00; frame = (0 0; 390 233); opaque = NO; layer = <CALayer: 0x11d228d50>>%; usesKeyClicks = NO;  > windowScene: <UIWindowScene: 0x108cb4c00; role: UIWindowSceneSessionRoleApplication; persistentIdentifier: 2050C5AC-6A26-42BC-8E8F-FBAE5EDC0388; activationState: UISceneActivationStateForegroundActive>
2026-08-12 15:43:05.021 Df IlliniCover[29785:3d84d9] [com.apple.UIKit:UIPeripheralHost] endPlacementForInputViewSet, returning -> <UIInputViewSetPlacementOnScreen>
2026-08-12 15:43:05.021 Df IlliniCover[29785:3d84d9] [com.apple.UIKit:TrackingElementWindowController] Moving from placement: <UIInputViewSetPlacementOffScreenDown> to placement: <UIInputViewSetPlacementOnScreen> (currentPlacement: <UIInputViewSetPlacementOffScreenDown>)
2026-08-12 15:43:05.021 Df IlliniCover[29785:3d84d9] [com.apple.UIKit:TrackingElementWindowController] Change from input view set: <<UIInputViewSet: 0x11d33a040>; (empty)>
2026-08-12 15:43:05.021 Df IlliniCover[29785:3d84d9] [com.apple.UIKit:TrackingElementWindowController] Change to input view set: <<UIInputViewSet: 0x121c57180>; keyboard = <UIKeyboardAutomatic: 0x11d246d00; frame = (0 0; 390 233); opaque = NO; layer = <CALayer: 0x11d228d50>>%; usesKeyClicks = NO;  >
2026-08-12 15:43:05.021 Df IlliniCover[29785:3d84d9] [com.apple.UIKit:KeyboardArbiterClientLog] -[_UIRemoteKeyboardPlaceholderView refreshPlaceholder]  refreshPlaceholder: size={390, 335} [previous size={390, 0}]
2026-08-12 15:43:05.022 Df IlliniCover[29785:3d84d9] [com.apple.UIKit:UIPeripheralHost] endPlacementForInputViewSet: <<UIInputViewSet: 0x121c57180>; keyboard = <UIKeyboardAutomatic: 0x11d246d00; frame = (0 0; 390 233); opaque = NO; layer = <CALayer: 0x11d228d50>>%; usesKeyClicks = NO;  > windowScene: <UIWindowScene: 0x108cb4c00; role: UIWindowSceneSessionRoleApplication; persistentIdentifier: 2050C5AC-6A26-42BC-8E8F-FBAE5EDC0388; activationState: UISceneActivationStateForegroundActive>
2026-08-12 15:43:05.022 Df IlliniCover[29785:3d84d9] [com.apple.UIKit:UIPeripheralHost] endPlacementForInputViewSet, returning -> <UIInputViewSetPlacementOnScreen>
2026-08-12 15:43:05.026 Df IlliniCover[29785:3d84d9] [com.apple.UIKit:TrackingElementWindowController] updatePlacementWithPlacement: <UIInputViewSetPlacementOnScreen>
2026-08-12 15:43:05.038 Df IlliniCover[29785:3d84d9] [com.apple.TextInputUI:KeyboardTrackingCoordinator] Posted notification willShow with {
    UIKeyboardAnimationCurveUserInfoKey = 7;
    UIKeyboardAnimationDurationUserInfoKey = "0.4";
    UIKeyboardBoundsUserInfoKey = "NSRect: {{0, 0}, {390, 335}}";
    UIKeyboardCenterBeginUserInfoKey = "NSPoint: {195, 844}";
    UIKeyboardCenterEndUserInfoKey = "NSPoint: {195, 676.5}";
    UIKeyboardFrameBeginUserInfoKey = "NSRect: {{0, 844}, {390, 0}}";
    UIKeyboardFrameEndUserInfoKey = "NSRect: {{0, 509}, {390, 335}}";
    UIKeyboardIsLocalUserInfoKey = 1;
} (null)
2026-08-12 15:43:05.046 A  IlliniCover[29785:3d84ec] (RunningBoardServices) didChangeInheritances
2026-08-12 15:43:05.077 Df IlliniCover[29785:3d84d9] [com.apple.KeyboardArbiter:Client] RX keyboardArbiterClientHandle:Y
2026-08-12 15:43:05.079 Df IlliniCover[29785:3d84d9] [com.apple.KeyboardArbiter:Client] RX keyboardArbiterClientHandle:Y
2026-08-12 15:43:05.080 Df IlliniCover[29785:3d84d9] [com.apple.UIKit:UIKBFeedbackGenerator] <_UIKBFeedbackGenerator: 0x105a4b3c0>: -[_UIKBFeedbackGenerator activateWithCompletionBlock:]
2026-08-12 15:43:05.080 Df IlliniCover[29785:3d84ec] [com.apple.UIKit:UIKBFeedbackGenerator] <_UIKBFeedbackGenerator: 0x105a4b3c0>: Releasing engine and players.
2026-08-12 15:43:05.080 Df IlliniCover[29785:3d84ec] [com.apple.UIKit:UIKBFeedbackGenerator] <_UIKBFeedbackGenerator: 0x105a4b3c0>: Recreating engine with reason -[_UIKBFeedbackGenerator activateWithCompletionBlock:]_block_invoke.
2026-08-12 15:43:05.081 E  IlliniCover[29785:3d84ec] (CoreHaptics)        CHHapticPattern.mm:487   +[CHHapticPattern patternForKey:error:]: Failed to read pattern library data: Error Domain=NSCocoaErrorDomain Code=260 "The file “hapticpatternlibrary.plist” couldn’t be opened because there is no such file." UserInfo={NSFilePath=/Library/Audio/Tunings/Generic/Haptics/Library/hapticpatternlibrary.plist, NSURL=file:///Library/Audio/Tunings/Generic/Haptics/Library/hapticpatternlibrary.plist, NSUnderlyingError=0x11cf9da70 {Error Domain=NSPOSIXErrorDomain Code=2 "No such file or directory"}}
2026-08-12 15:43:05.081 E  IlliniCover[29785:3d84ec] [com.apple.UIKit:UIKBFeedbackGenerator] <_UIKBFeedbackGenerator: 0x105a4b3c0>: Error creating CHHapticPattern: Error Domain=NSCocoaErrorDomain Code=260 "The file “hapticpatternlibrary.plist” couldn’t be opened because there is no such file." UserInfo={NSFilePath=/Library/Audio/Tunings/Generic/Haptics/Library/hapticpatternlibrary.plist, NSURL=file:///Library/Audio/Tunings/Generic/Haptics/Library/hapticpatternlibrary.plist, NSUnderlyingError=0x11cf9da70 {Error Domain=NSPOSIXErrorDomain Code=2 "No such file or directory"}}
2026-08-12 15:43:05.081 E  IlliniCover[29785:3d84ec] (CoreHaptics)        CHHapticPattern.mm:487   +[CHHapticPattern patternForKey:error:]: Failed to read pattern library data: Error Domain=NSCocoaErrorDomain Code=260 "The file “hapticpatternlibrary.plist” couldn’t be opened because there is no such file." UserInfo={NSFilePath=/Library/Audio/Tunings/Generic/Haptics/Library/hapticpatternlibrary.plist, NSURL=file:///Library/Audio/Tunings/Generic/Haptics/Library/hapticpatternlibrary.plist, NSUnderlyingError=0x11cf9dec0 {Error Domain=NSPOSIXErrorDomain Code=2 "No such file or directory"}}
2026-08-12 15:43:05.081 E  IlliniCover[29785:3d84ec] [com.apple.UIKit:UIKBFeedbackGenerator] <_UIKBFeedbackGenerator: 0x105a4b3c0>: Error creating CHHapticPattern: Error Domain=NSCocoaErrorDomain Code=260 "The file “hapticpatternlibrary.plist” couldn’t be opened because there is no such file." UserInfo={NSFilePath=/Library/Audio/Tunings/Generic/Haptics/Library/hapticpatternlibrary.plist, NSURL=file:///Library/Audio/Tunings/Generic/Haptics/Library/hapticpatternlibrary.plist, NSUnderlyingError=0x11cf9dec0 {Error Domain=NSPOSIXErrorDomain Code=2 "No such file or directory"}}
2026-08-12 15:43:05.081 E  IlliniCover[29785:3d84ec] (CoreHaptics)        CHHapticPattern.mm:487   +[CHHapticPattern patternForKey:error:]: Failed to read pattern library data: Error Domain=NSCocoaErrorDomain Code=260 "The file “hapticpatternlibrary.plist” couldn’t be opened because there is no such file." UserInfo={NSFilePath=/Library/Audio/Tunings/Generic/Haptics/Library/hapticpatternlibrary.plist, NSURL=file:///Library/Audio/Tunings/Generic/Haptics/Library/hapticpatternlibrary.plist, NSUnderlyingError=0x11cf9da70 {Error Domain=NSPOSIXErrorDomain Code=2 "No such file or directory"}}
2026-08-12 15:43:05.081 E  IlliniCover[29785:3d84ec] [com.apple.UIKit:UIKBFeedbackGenerator] <_UIKBFeedbackGenerator: 0x105a4b3c0>: Error creating CHHapticPattern: Error Domain=NSCocoaErrorDomain Code=260 "The file “hapticpatternlibrary.plist” couldn’t be opened because there is no such file." UserInfo={NSFilePath=/Library/Audio/Tunings/Generic/Haptics/Library/hapticpatternlibrary.plist, NSURL=file:///Library/Audio/Tunings/Generic/Haptics/Library/hapticpatternlibrary.plist, NSUnderlyingError=0x11cf9da70 {Error Domain=NSPOSIXErrorDomain Code=2 "No such file or directory"}}
2026-08-12 15:43:05.081 E  IlliniCover[29785:3d84ec] (CoreHaptics)        CHHapticPattern.mm:487   +[CHHapticPattern patternForKey:error:]: Failed to read pattern library data: Error Domain=NSCocoaErrorDomain Code=260 "The file “hapticpatternlibrary.plist” couldn’t be opened because there is no such file." UserInfo={NSFilePath=/Library/Audio/Tunings/Generic/Haptics/Library/hapticpatternlibrary.plist, NSURL=file:///Library/Audio/Tunings/Generic/Haptics/Library/hapticpatternlibrary.plist, NSUnderlyingError=0x11cf9dec0 {Error Domain=NSPOSIXErrorDomain Code=2 "No such file or directory"}}
2026-08-12 15:43:05.081 E  IlliniCover[29785:3d84ec] [com.apple.UIKit:UIKBFeedbackGenerator] <_UIKBFeedbackGenerator: 0x105a4b3c0>: Error creating CHHapticPattern: Error Domain=NSCocoaErrorDomain Code=260 "The file “hapticpatternlibrary.plist” couldn’t be opened because there is no such file." UserInfo={NSFilePath=/Library/Audio/Tunings/Generic/Haptics/Library/hapticpatternlibrary.plist, NSURL=file:///Library/Audio/Tunings/Generic/Haptics/Library/hapticpatternlibrary.plist, NSUnderlyingError=0x11cf9dec0 {Error Domain=NSPOSIXErrorDomain Code=2 "No such file or directory"}}
2026-08-12 15:43:05.082 E  IlliniCover[29785:3d84ec] (CoreHaptics)        CHHapticPattern.mm:487   +[CHHapticPattern patternForKey:error:]: Failed to read pattern library data: Error Domain=NSCocoaErrorDomain Code=260 "The file “hapticpatternlibrary.plist” couldn’t be opened because there is no such file." UserInfo={NSFilePath=/Library/Audio/Tunings/Generic/Haptics/Library/hapticpatternlibrary.plist, NSURL=file:///Library/Audio/Tunings/Generic/Haptics/Library/hapticpatternlibrary.plist, NSUnderlyingError=0x11cf9da70 {Error Domain=NSPOSIXErrorDomain Code=2 "No such file or directory"}}
2026-08-12 15:43:05.082 E  IlliniCover[29785:3d84ec] [com.apple.UIKit:UIKBFeedbackGenerator] <_UIKBFeedbackGenerator: 0x105a4b3c0>: Error creating CHHapticPattern: Error Domain=NSCocoaErrorDomain Code=260 "The file “hapticpatternlibrary.plist” couldn’t be opened because there is no such file." UserInfo={NSFilePath=/Library/Audio/Tunings/Generic/Haptics/Library/hapticpatternlibrary.plist, NSURL=file:///Library/Audio/Tunings/Generic/Haptics/Library/hapticpatternlibrary.plist, NSUnderlyingError=0x11cf9da70 {Error Domain=NSPOSIXErrorDomain Code=2 "No such file or directory"}}
2026-08-12 15:43:05.082 E  IlliniCover[29785:3d84ec] (CoreHaptics)        CHHapticPattern.mm:487   +[CHHapticPattern patternForKey:error:]: Failed to read pattern library data: Error Domain=NSCocoaErrorDomain Code=260 "The file “hapticpatternlibrary.plist” couldn’t be opened because there is no such file." UserInfo={NSFilePath=/Library/Audio/Tunings/Generic/Haptics/Library/hapticpatternlibrary.plist, NSURL=file:///Library/Audio/Tunings/Generic/Haptics/Library/hapticpatternlibrary.plist, NSUnderlyingError=0x11cf9dec0 {Error Domain=NSPOSIXErrorDomain Code=2 "No such file or directory"}}
2026-08-12 15:43:05.082 E  IlliniCover[29785:3d84ec] [com.apple.UIKit:UIKBFeedbackGenerator] <_UIKBFeedbackGenerator: 0x105a4b3c0>: Error creating CHHapticPattern: Error Domain=NSCocoaErrorDomain Code=260 "The file “hapticpatternlibrary.plist” couldn’t be opened because there is no such file." UserInfo={NSFilePath=/Library/Audio/Tunings/Generic/Haptics/Library/hapticpatternlibrary.plist, NSURL=file:///Library/Audio/Tunings/Generic/Haptics/Library/hapticpatternlibrary.plist, NSUnderlyingError=0x11cf9dec0 {Error Domain=NSPOSIXErrorDomain Code=2 "No such file or directory"}}
2026-08-12 15:43:05.082 E  IlliniCover[29785:3d84ec] (CoreHaptics)        CHHapticPattern.mm:487   +[CHHapticPattern patternForKey:error:]: Failed to read pattern library data: Error Domain=NSCocoaErrorDomain Code=260 "The file “hapticpatternlibrary.plist” couldn’t be opened because there is no such file." UserInfo={NSFilePath=/Library/Audio/Tunings/Generic/Haptics/Library/hapticpatternlibrary.plist, NSURL=file:///Library/Audio/Tunings/Generic/Haptics/Library/hapticpatternlibrary.plist, NSUnderlyingError=0x11cf9da70 {Error Domain=NSPOSIXErrorDomain Code=2 "No such file or directory"}}
2026-08-12 15:43:05.083 E  IlliniCover[29785:3d84ec] [com.apple.UIKit:UIKBFeedbackGenerator] <_UIKBFeedbackGenerator: 0x105a4b3c0>: Error creating CHHapticPattern: Error Domain=NSCocoaErrorDomain Code=260 "The file “hapticpatternlibrary.plist” couldn’t be opened because there is no such file." UserInfo={NSFilePath=/Library/Audio/Tunings/Generic/Haptics/Library/hapticpatternlibrary.plist, NSURL=file:///Library/Audio/Tunings/Generic/Haptics/Library/hapticpatternlibrary.plist, NSUnderlyingError=0x11cf9da70 {Error Domain=NSPOSIXErrorDomain Code=2 "No such file or directory"}}
2026-08-12 15:43:05.083 E  IlliniCover[29785:3d84ec] (CoreHaptics)        CHHapticPattern.mm:487   +[CHHapticPattern patternForKey:error:]: Failed to read pattern library data: Error Domain=NSCocoaErrorDomain Code=260 "The file “hapticpatternlibrary.plist” couldn’t be opened because there is no such file." UserInfo={NSFilePath=/Library/Audio/Tunings/Generic/Haptics/Library/hapticpatternlibrary.plist, NSURL=file:///Library/Audio/Tunings/Generic/Haptics/Library/hapticpatternlibrary.plist, NSUnderlyingError=0x11cf9dec0 {Error Domain=NSPOSIXErrorDomain Code=2 "No such file or directory"}}
2026-08-12 15:43:05.083 E  IlliniCover[29785:3d84ec] [com.apple.UIKit:UIKBFeedbackGenerator] <_UIKBFeedbackGenerator: 0x105a4b3c0>: Error creating CHHapticPattern: Error Domain=NSCocoaErrorDomain Code=260 "The file “hapticpatternlibrary.plist” couldn’t be opened because there is no such file." UserInfo={NSFilePath=/Library/Audio/Tunings/Generic/Haptics/Library/hapticpatternlibrary.plist, NSURL=file:///Library/Audio/Tunings/Generic/Haptics/Library/hapticpatternlibrary.plist, NSUnderlyingError=0x11cf9dec0 {Error Domain=NSPOSIXErrorDomain Code=2 "No such file or directory"}}
2026-08-12 15:43:05.083 E  IlliniCover[29785:3d84ec] (CoreHaptics)        CHHapticPattern.mm:487   +[CHHapticPattern patternForKey:error:]: Failed to read pattern library data: Error Domain=NSCocoaErrorDomain Code=260 "The file “hapticpatternlibrary.plist” couldn’t be opened because there is no such file." UserInfo={NSFilePath=/Library/Audio/Tunings/Generic/Haptics/Library/hapticpatternlibrary.plist, NSURL=file:///Library/Audio/Tunings/Generic/Haptics/Library/hapticpatternlibrary.plist, NSUnderlyingError=0x11cf9da70 {Error Domain=NSPOSIXErrorDomain Code=2 "No such file or directory"}}
2026-08-12 15:43:05.083 E  IlliniCover[29785:3d84ec] [com.apple.UIKit:UIKBFeedbackGenerator] <_UIKBFeedbackGenerator: 0x105a4b3c0>: Error creating CHHapticPattern: Error Domain=NSCocoaErrorDomain Code=260 "The file “hapticpatternlibrary.plist” couldn’t be opened because there is no such file." UserInfo={NSFilePath=/Library/Audio/Tunings/Generic/Haptics/Library/hapticpatternlibrary.plist, NSURL=file:///Library/Audio/Tunings/Generic/Haptics/Library/hapticpatternlibrary.plist, NSUnderlyingError=0x11cf9da70 {Error Domain=NSPOSIXErrorDomain Code=2 "No such file or directory"}}
2026-08-12 15:43:05.083 Df IlliniCover[29785:3d84ec] [com.apple.coremedia:] -AVSystemController- +[AVSystemController sharedInstance]: Failed to allocate AVSystemController, numberOfAttempts=1
2026-08-12 15:43:05.083 Df IlliniCover[29785:3d84ec] [com.apple.coremedia:] -AVSystemController- +[AVSystemController sharedInstance]: Failed to allocate AVSystemController, numberOfAttempts=2
2026-08-12 15:43:05.083 Df IlliniCover[29785:3d84ec] [com.apple.coremedia:] -AVSystemController- +[AVSystemController sharedInstance]: Failed to allocate AVSystemController, numberOfAttempts=3
2026-08-12 15:43:05.083 Df IlliniCover[29785:3d84ec] [com.apple.UIKit:UIKBFeedbackGenerator] <_UIKBFeedbackGenerator: 0x105a4b3c0>: Preheating CoreHaptics.
2026-08-12 15:43:05.268 Df IlliniCover[29785:3d84ec] [com.apple.dt.xctest:Default] Received request to fetch matches for query:
2026-08-12 15:43:05.268 Df IlliniCover[29785:3d84ed] [com.apple.dt.xctest:Default] Evaluating query:
2026-08-12 15:43:05.268 Df IlliniCover[29785:3d84ed] [com.apple.dt.xctest:Default] Getting root element snapshot
2026-08-12 15:43:05.268 Df IlliniCover[29785:3d84ed] [com.apple.dt.xctest:Default] Getting snapshot for App element pid: 29785 for query
2026-08-12 15:43:05.268 Df IlliniCover[29785:3d84ed] [com.apple.dt.xctest:Default] Query requires iOS snapshot attributes .
2026-08-12 15:43:05.268 Df IlliniCover[29785:3d84ed] [com.apple.dt.xctest:Default] XCTPerformOnMainRunLoop[not MT]: about to CFRunLoopPerform
2026-08-12 15:43:05.268 Df IlliniCover[29785:3d84ed] [com.apple.dt.xctest:Default] XCTPerformOnMainRunLoop[not MT]: waiting with 30.00s responsiveness timeout
2026-08-12 15:43:05.268 Df IlliniCover[29785:3d84d9] [com.apple.dt.xctest:Default] XCTPerformOnMainRunLoop[MT]: inside CFRunLoopPerform
2026-08-12 15:43:05.268 Df IlliniCover[29785:3d84d9] [com.apple.dt.xctest:Default] XCTPerformOnMainRunLoop[MT]: MT responded in time (won the race to the busy flag)
2026-08-12 15:43:05.268 Df IlliniCover[29785:3d84ed] [com.apple.dt.xctest:Default] XCTPerformOnMainRunLoop[not MT]: waiting 60.00s for work to complete
2026-08-12 15:43:05.269 Df IlliniCover[29785:3d84d9] [com.apple.dt.xctest:Default] Got main window <AXUIElementRef 0x120246430> {pid=29785} {uid=[ID:4 hash:0x105a10800]}
2026-08-12 15:43:05.269 Df IlliniCover[29785:3d84d9] [com.apple.dt.xctest:Default] Capturing hierarchy with attributes XC_kAXXCAttributeElementType, XC_kAXXCAttributeElementBaseType, XC_kAXXCAttributeParent, XC_kAXXCAttributeIdentifier, XC_kAXXCAttributeAutomationType, XC_kAXXCAttributeTraits
2026-08-12 15:43:05.269 Df IlliniCover[29785:3d84d9] [com.apple.dt.xctest:Default] Capturing hierarchy with parameters {
    attributes =     (
        5003,
        5004,
        5002,
        5019,
        5058,
        2004
    );
    maxArrayCount = 2147483647;
    maxChildren = 2147483647;
    maxDepth = 2147483647;
    snapshotKeyHonorModalViews = 0;
    traverseFromParentsToChildren = 1;
}
2026-08-12 15:43:05.269 Df IlliniCover[29785:3d84d9] [com.apple.dt.xctest:Default] Snapshot attributes 5003, 5004, 5002, 5019, 5058, 2004
2026-08-12 15:43:05.369 Df IlliniCover[29785:3d84d9] [com.apple.dt.xctest:Default] Got snapshot for <AXUIElementRef 0x120f5a310> {pid=29785} {uid=[ID:1 hash:0x0]}
2026-08-12 15:43:05.369 Df IlliniCover[29785:3d84d9] [com.apple.dt.xctest:Default] Got app orientation 0
2026-08-12 15:43:05.369 Df IlliniCover[29785:3d84d9] [com.apple.dt.xctest:Default] Captured accessibility snapshot data in 0.10s
2026-08-12 15:43:05.369 Df IlliniCover[29785:3d84ed] [com.apple.dt.xctest:Default] Found main window: Window
2026-08-12 15:43:05.369 Df IlliniCover[29785:3d84ed] [com.apple.dt.xctest:Default] Preferring automation type 48 instead of legacy element type OTHER derived from class/trait: UILabel:UILabel 8590000128
2026-08-12 15:43:05.370 Df IlliniCover[29785:3d84ed] [com.apple.dt.xctest:Default] Preferring automation type 14 instead of legacy element type OTHER derived from class/trait: SwiftUI.AccessibilityNode:UIResponder 1108101562369
2026-08-12 15:43:05.370 E  IlliniCover[29785:3d84ed] [com.apple.dt.xctest:Default] Automation type mismatch; legacy system derived element type 9 from class SwiftUI.AccessibilityNode:UIResponder, traits 1108101562369, but AXAutomationType returned 14 which maps to 14
2026-08-12 15:43:05.370 Df IlliniCover[29785:3d84ed] [com.apple.dt.xctest:Default] StaticText is not actually a child of Button, including at this point anyway (rdar://problem/20738636)
2026-08-12 15:43:05.370 Df IlliniCover[29785:3d84ed] [com.apple.dt.xctest:Default] Image, identifier: 'chevron.down' is not actually a child of Button, including at this point anyway (rdar://problem/20738636)
2026-08-12 15:43:05.370 Df IlliniCover[29785:3d84ed] [com.apple.dt.xctest:Default] Button is not actually a child of Button, identifier: 'deal-timing-kind-picker', including at this point anyway (rdar://problem/20738636)
2026-08-12 15:43:05.370 Df IlliniCover[29785:3d84ed] [com.apple.dt.xctest:Default] Preferring automation type 14 instead of legacy element type OTHER derived from class/trait: SwiftUI.AccessibilityNode:UIResponder 1108101562369
2026-08-12 15:43:05.370 E  IlliniCover[29785:3d84ed] [com.apple.dt.xctest:Default] Automation type mismatch; legacy system derived element type 9 from class SwiftUI.AccessibilityNode:UIResponder, traits 1108101562369, but AXAutomationType returned 14 which maps to 14
2026-08-12 15:43:05.370 Df IlliniCover[29785:3d84ed] [com.apple.dt.xctest:Default] StaticText is not actually a child of Button, including at this point anyway (rdar://problem/20738636)
2026-08-12 15:43:05.370 Df IlliniCover[29785:3d84ed] [com.apple.dt.xctest:Default] Image, identifier: 'chevron.down' is not actually a child of Button, including at this point anyway (rdar://problem/20738636)
2026-08-12 15:43:05.370 Df IlliniCover[29785:3d84ed] [com.apple.dt.xctest:Default] Button is not actually a child of Button, identifier: 'deal-serving-picker', including at this point anyway (rdar://problem/20738636)
2026-08-12 15:43:05.371 Df IlliniCover[29785:3d84ed] [com.apple.dt.xctest:Default] App orientation is 0 (not portrait) and UITextEffectsWindow window Window is not main window
2026-08-12 15:43:05.371 Df IlliniCover[29785:3d84ed] [com.apple.dt.xctest:Default] Leaving frame unchanged for Window: either already correct or we can't detect it.
2026-08-12 15:43:05.371 Df IlliniCover[29785:3d84ed] [com.apple.dt.xctest:Default] App orientation is 0 (not portrait) and UIRemoteKeyboardWindow window Window is not main window
2026-08-12 15:43:05.371 Df IlliniCover[29785:3d84ed] [com.apple.dt.xctest:Default] Leaving frame unchanged for Window: either already correct or we can't detect it.
2026-08-12 15:43:05.372 Df IlliniCover[29785:3d84ed] [com.apple.dt.xctest:Default] Preferring automation type 20 instead of legacy element type OTHER derived from class/trait: UIAccessibilityElementKBKey:UIAccessibilityElement 8589934649
2026-08-12 15:43:05.372 E  IlliniCover[29785:3d84ed] [com.apple.dt.xctest:Default] Automation type mismatch; legacy system derived element type 9 from class UIAccessibilityElementKBKey:UIAccessibilityElement, traits 8589934649, but AXAutomationType returned 20 which maps to 20
2026-08-12 15:43:05.372 Df IlliniCover[29785:3d84ed] [com.apple.dt.xctest:Default] Preferring automation type 20 instead of legacy element type OTHER derived from class/trait: UIAccessibilityElementKBKey:UIAccessibilityElement 8589934641
2026-08-12 15:43:05.372 E  IlliniCover[29785:3d84ed] [com.apple.dt.xctest:Default] Automation type mismatch; legacy system derived element type 9 from class UIAccessibilityElementKBKey:UIAccessibilityElement, traits 8589934641, but AXAutomationType returned 20 which maps to 20
2026-08-12 15:43:05.372 Df IlliniCover[29785:3d84ed] [com.apple.dt.xctest:Default] Query  found matching snapshots: {(
    Application, pid: 29785
)} (error: (null))
2026-08-12 15:43:05.372 Df IlliniCover[29785:3d84ed] [com.apple.dt.xctest:Default] Replying to query  with results: <XCTElementQueryResults: 0x11cf9e310> (error: (null))
2026-08-12 15:43:05.573 Df IlliniCover[29785:3d84d9] [com.apple.KeyboardArbiter:Client] TX setWindowContextID:2851595205 windowState:Enabled level:5.0
    focusContext:<contextID:1357129927 sceneID:com.illinicover.app-default>
2026-08-12 15:43:05.575 Df IlliniCover[29785:3d84d9] [com.apple.TextInputUI:KeyboardTrackingCoordinator] Posted notification didShow with {
    UIKeyboardAnimationCurveUserInfoKey = 7;
    UIKeyboardAnimationDurationUserInfoKey = "0.4";
    UIKeyboardBoundsUserInfoKey = "NSRect: {{0, 0}, {390, 335}}";
    UIKeyboardCenterBeginUserInfoKey = "NSPoint: {195, 844}";
    UIKeyboardCenterEndUserInfoKey = "NSPoint: {195, 676.5}";
    UIKeyboardFrameBeginUserInfoKey = "NSRect: {{0, 844}, {390, 0}}";
    UIKeyboardFrameEndUserInfoKey = "NSRect: {{0, 509}, {390, 335}}";
    UIKeyboardIsLocalUserInfoKey = 1;
} (null)
2026-08-12 15:43:05.609 Df IlliniCover[29785:3d84ec] [com.apple.dt.xctest:Default] Received request to fetch matches for query: ↪︎ Descendants matching type Keyboard (First Match)
2026-08-12 15:43:05.609 Df IlliniCover[29785:3d84ed] [com.apple.dt.xctest:Default] Evaluating query:
 ↪︎ Descendants matching type Keyboard (First Match)
2026-08-12 15:43:05.609 Df IlliniCover[29785:3d84ed] [com.apple.dt.xctest:Default] Getting root element snapshot
2026-08-12 15:43:05.609 Df IlliniCover[29785:3d84ed] [com.apple.dt.xctest:Default] Returning faulting root node. Data source will be attached when needed on MT.
2026-08-12 15:43:05.609 Df IlliniCover[29785:3d84ed] [com.apple.dt.xctest:Default] Decomposed transformers into first match sequences:
↪︎ Descendants matching type Keyboard (First Match)
2026-08-12 15:43:05.610 Df IlliniCover[29785:3d84ed] [com.apple.dt.xctest:Default] XCTPerformOnMainRunLoop[not MT]: about to CFRunLoopPerform
2026-08-12 15:43:05.610 Df IlliniCover[29785:3d84ed] [com.apple.dt.xctest:Default] XCTPerformOnMainRunLoop[not MT]: waiting with 30.00s responsiveness timeout
2026-08-12 15:43:05.610 Df IlliniCover[29785:3d84d9] [com.apple.dt.xctest:Default] XCTPerformOnMainRunLoop[MT]: inside CFRunLoopPerform
2026-08-12 15:43:05.610 Df IlliniCover[29785:3d84d9] [com.apple.dt.xctest:Default] XCTPerformOnMainRunLoop[MT]: MT responded in time (won the race to the busy flag)
2026-08-12 15:43:05.610 Df IlliniCover[29785:3d84ed] [com.apple.dt.xctest:Default] XCTPerformOnMainRunLoop[not MT]: waiting 60.00s for work to complete
2026-08-12 15:43:05.610 Df IlliniCover[29785:3d84d9] [com.apple.dt.xctest:Default] XCTElementQuery: set data source for rootElementSnapshot to <XCTAutomationSession: 0x1058a4840>
2026-08-12 15:43:05.610 Df IlliniCover[29785:3d84d9] [com.apple.dt.xctest:Default] Beginning first match sequence for input App element pid: 29785 with transformers 
↪︎ Descendants matching type Keyboard (First Match)
2026-08-12 15:43:05.610 Df IlliniCover[29785:3d84d9] [com.apple.dt.xctest:Default] Current tree:
0x120cd9040 <App element pid: 29785>
2026-08-12 15:43:05.610 Df IlliniCover[29785:3d84d9] [com.apple.dt.xctest:Default] Fetching AX attributes XC_kAXXCAttributeChildren for App element pid: 29785
2026-08-12 15:43:05.610 Df IlliniCover[29785:3d84d9] [com.apple.dt.xctest:Default] Got attributes, transferring to dictionary for return.
2026-08-12 15:43:05.610 Df IlliniCover[29785:3d84d9] [com.apple.dt.xctest:Default] App element pid: 29785 (App element pid: 29785) faulted in {
    "XC_kAXXCAttributeChildren" =     (
        "AX element pid: 29785, elementOrHash.elementID: 4389406720.4",
        "AX element pid: 29785, elementOrHash.elementID: 4389461504.13",
        "AX element pid: 29785, elementOrHash.elementID: 4840698368.511"
    );
}: (no error) for children using XC_kAXXCAttributeChildren
2026-08-12 15:43:05.610 Df IlliniCover[29785:3d84d9] [com.apple.dt.xctest:Default] [First Match] iteration with input App element pid: 29785 and transformer `Descendants matching type Keyboard`
2026-08-12 15:43:05.610 Df IlliniCover[29785:3d84d9] [com.apple.dt.xctest:Default] Fetching AX attributes XC_kAXXCAttributeElementType, XC_kAXXCAttributeElementBaseType, XC_kAXXCAttributeTraits, XC_kAXXCAttributeAutomationType for AX element pid: 29785, elementOrHash.elementID: 4389406720.4
2026-08-12 15:43:05.610 Df IlliniCover[29785:3d84d9] [com.apple.dt.xctest:Default] Got attributes, transferring to dictionary for return.
2026-08-12 15:43:05.610 Df IlliniCover[29785:3d84d9] [com.apple.dt.xctest:Default] AX element pid: 29785, elementOrHash.elementID: 4389406720.4 (AX element pid: 29785, elementOrHash.elementID: 4389406720.4) faulted in {
    "XC_kAXXCAttributeAutomationType" = 2;
    "XC_kAXXCAttributeElementBaseType" = UIWindow;
    "XC_kAXXCAttributeElementType" = UIWindow;
    "XC_kAXXCAttributeTraits" = 0;
}: (no error) for elementType using XC_kAXXCAttributeElementType, XC_kAXXCAttributeElementBaseType, XC_kAXXCAttributeTraits, XC_kAXXCAttributeAutomationType
2026-08-12 15:43:05.610 Df IlliniCover[29785:3d84d9] [com.apple.dt.xctest:Default] Computed elementType Window.
2026-08-12 15:43:05.610 Df IlliniCover[29785:3d84d9] [com.apple.dt.xctest:Default] Fetching AX attributes XC_kAXXCAttributeElementType, XC_kAXXCAttributeElementBaseType, XC_kAXXCAttributeTraits, XC_kAXXCAttributeAutomationType for AX element pid: 29785, elementOrHash.elementID: 4389461504.13
2026-08-12 15:43:05.611 Df IlliniCover[29785:3d84d9] [com.apple.dt.xctest:Default] Got attributes, transferring to dictionary for return.
2026-08-12 15:43:05.611 Df IlliniCover[29785:3d84d9] [com.apple.dt.xctest:Default] AX element pid: 29785, elementOrHash.elementID: 4389461504.13 (AX element pid: 29785, elementOrHash.elementID: 4389461504.13) faulted in {
    "XC_kAXXCAttributeAutomationType" = 2;
    "XC_kAXXCAttributeElementBaseType" = UITextEffectsWindow;
    "XC_kAXXCAttributeElementType" = UITextEffectsWindow;
    "XC_kAXXCAttributeTraits" = 0;
}: (no error) for elementType using XC_kAXXCAttributeElementType, XC_kAXXCAttributeElementBaseType, XC_kAXXCAttributeTraits, XC_kAXXCAttributeAutomationType
2026-08-12 15:43:05.611 Df IlliniCover[29785:3d84d9] [com.apple.dt.xctest:Default] Computed elementType Window.
2026-08-12 15:43:05.611 Df IlliniCover[29785:3d84d9] [com.apple.dt.xctest:Default] Fetching AX attributes XC_kAXXCAttributeElementType, XC_kAXXCAttributeElementBaseType, XC_kAXXCAttributeTraits, XC_kAXXCAttributeAutomationType for AX element pid: 29785, elementOrHash.elementID: 4840698368.511
2026-08-12 15:43:05.611 Df IlliniCover[29785:3d84d9] [com.apple.dt.xctest:Default] Got attributes, transferring to dictionary for return.
2026-08-12 15:43:05.611 Df IlliniCover[29785:3d84d9] [com.apple.dt.xctest:Default] AX element pid: 29785, elementOrHash.elementID: 4840698368.511 (AX element pid: 29785, elementOrHash.elementID: 4840698368.511) faulted in {
    "XC_kAXXCAttributeAutomationType" = 2;
    "XC_kAXXCAttributeElementBaseType" = UIRemoteKeyboardWindow;
    "XC_kAXXCAttributeElementType" = UIRemoteKeyboardWindow;
    "XC_kAXXCAttributeTraits" = 0;
}: (no error) for elementType using XC_kAXXCAttributeElementType, XC_kAXXCAttributeElementBaseType, XC_kAXXCAttributeTraits, XC_kAXXCAttributeAutomationType
2026-08-12 15:43:05.611 Df IlliniCover[29785:3d84d9] [com.apple.dt.xctest:Default] Computed elementType Window.
2026-08-12 15:43:05.611 Df IlliniCover[29785:3d84d9] [com.apple.dt.xctest:Default] Fetching AX attributes XC_kAXXCAttributeChildren for AX element pid: 29785, elementOrHash.elementID: 4389406720.4
2026-08-12 15:43:05.611 Df IlliniCover[29785:3d84d9] [com.apple.dt.xctest:Default] Got attributes, transferring to dictionary for return.
2026-08-12 15:43:05.611 Df IlliniCover[29785:3d84d9] [com.apple.dt.xctest:Default] Window (AX element pid: 29785, elementOrHash.elementID: 4389406720.4) faulted in {
    "XC_kAXXCAttributeChildren" =     (
        "AX element pid: 29785, elementOrHash.elementID: 4442509824.5",
        "AX element pid: 29785, elementOrHash.elementID: 4862728192.423",
        "AX element pid: 29785, elementOrHash.elementID: 4864998912.512"
    );
}: (no error) for children using XC_kAXXCAttributeChildren
2026-08-12 15:43:05.611 Df IlliniCover[29785:3d84d9] [com.apple.dt.xctest:Default] Fetching AX attributes XC_kAXXCAttributeElementType, XC_kAXXCAttributeElementBaseType, XC_kAXXCAttributeTraits, XC_kAXXCAttributeAutomationType for AX element pid: 29785, elementOrHash.elementID: 4442509824.5
2026-08-12 15:43:05.611 Df IlliniCover[29785:3d84d9] [com.apple.dt.xctest:Default] Got attributes, transferring to dictionary for return.
2026-08-12 15:43:05.611 Df IlliniCover[29785:3d84d9] [com.apple.dt.xctest:Default] AX element pid: 29785, elementOrHash.elementID: 4442509824.5 (AX element pid: 29785, elementOrHash.elementID: 4442509824.5) faulted in {
    "XC_kAXXCAttributeAutomationType" = 0;
    "XC_kAXXCAttributeElementBaseType" = UITransitionView;
    "XC_kAXXCAttributeElementType" = UITransitionView;
    "XC_kAXXCAttributeTraits" = 0;
}: (no error) for elementType using XC_kAXXCAttributeElementType, XC_kAXXCAttributeElementBaseType, XC_kAXXCAttributeTraits, XC_kAXXCAttributeAutomationType
2026-08-12 15:43:05.611 Df IlliniCover[29785:3d84d9] [com.apple.dt.xctest:Default] Computed elementType Other.
2026-08-12 15:43:05.611 Df IlliniCover[29785:3d84d9] [com.apple.dt.xctest:Default] Fetching AX attributes XC_kAXXCAttributeElementType, XC_kAXXCAttributeElementBaseType, XC_kAXXCAttributeTraits, XC_kAXXCAttributeAutomationType for AX element pid: 29785, elementOrHash.elementID: 4862728192.423
2026-08-12 15:43:05.611 Df IlliniCover[29785:3d84d9] [com.apple.dt.xctest:Default] Got attributes, transferring to dictionary for return.
2026-08-12 15:43:05.611 Df IlliniCover[29785:3d84d9] [com.apple.dt.xctest:Default] AX element pid: 29785, elementOrHash.elementID: 4862728192.423 (AX element pid: 29785, elementOrHash.elementID: 4862728192.423) faulted in {
    "XC_kAXXCAttributeAutomationType" = 0;
    "XC_kAXXCAttributeElementBaseType" = UITransitionView;
    "XC_kAXXCAttributeElementType" = UITransitionView;
    "XC_kAXXCAttributeTraits" = 0;
}: (no error) for elementType using XC_kAXXCAttributeElementType, XC_kAXXCAttributeElementBaseType, XC_kAXXCAttributeTraits, XC_kAXXCAttributeAutomationType
2026-08-12 15:43:05.611 Df IlliniCover[29785:3d84d9] [com.apple.dt.xctest:Default] Computed elementType Other.
2026-08-12 15:43:05.611 Df IlliniCover[29785:3d84d9] [com.apple.dt.xctest:Default] Fetching AX attributes XC_kAXXCAttributeElementType, XC_kAXXCAttributeElementBaseType, XC_kAXXCAttributeTraits, XC_kAXXCAttributeAutomationType for AX element pid: 29785, elementOrHash.elementID: 4864998912.512
2026-08-12 15:43:05.611 Df IlliniCover[29785:3d84d9] [com.apple.dt.xctest:Default] Got attributes, transferring to dictionary for return.
2026-08-12 15:43:05.611 Df IlliniCover[29785:3d84d9] [com.apple.dt.xctest:Default] AX element pid: 29785, elementOrHash.elementID: 4864998912.512 (AX element pid: 29785, elementOrHash.elementID: 4864998912.512) faulted in {
    "XC_kAXXCAttributeAutomationType" = 0;
    "XC_kAXXCAttributeElementBaseType" = UITransitionView;
    "XC_kAXXCAttributeElementType" = UITransitionView;
    "XC_kAXXCAttributeTraits" = 0;
}: (no error) for elementType using XC_kAXXCAttributeElementType, XC_kAXXCAttributeElementBaseType, XC_kAXXCAttributeTraits, XC_kAXXCAttributeAutomationType
2026-08-12 15:43:05.611 Df IlliniCover[29785:3d84d9] [com.apple.dt.xctest:Default] Computed elementType Other.
2026-08-12 15:43:05.611 Df IlliniCover[29785:3d84d9] [com.apple.dt.xctest:Default] Fetching AX attributes XC_kAXXCAttributeChildren for AX element pid: 29785, elementOrHash.elementID: 4389461504.13
2026-08-12 15:43:05.612 Df IlliniCover[29785:3d84d9] [com.apple.dt.xctest:Default] Got attributes, transferring to dictionary for return.
2026-08-12 15:43:05.612 Df IlliniCover[29785:3d84d9] [com.apple.dt.xctest:Default] Window (AX element pid: 29785, elementOrHash.elementID: 4389461504.13) faulted in {
    "XC_kAXXCAttributeChildren" =     (
        "AX element pid: 29785, elementOrHash.elementID: 4441877440.14"
    );
}: (no error) for children using XC_kAXXCAttributeChildren
2026-08-12 15:43:05.612 Df IlliniCover[29785:3d84d9] [com.apple.dt.xctest:Default] Fetching AX attributes XC_kAXXCAttributeElementType, XC_kAXXCAttributeElementBaseType, XC_kAXXCAttributeTraits, XC_kAXXCAttributeAutomationType for AX element pid: 29785, elementOrHash.elementID: 4441877440.14
2026-08-12 15:43:05.612 Df IlliniCover[29785:3d84d9] [com.apple.dt.xctest:Default] Got attributes, transferring to dictionary for return.
2026-08-12 15:43:05.612 Df IlliniCover[29785:3d84d9] [com.apple.dt.xctest:Default] AX element pid: 29785, elementOrHash.elementID: 4441877440.14 (AX element pid: 29785, elementOrHash.elementID: 4441877440.14) faulted in {
    "XC_kAXXCAttributeAutomationType" = 0;
    "XC_kAXXCAttributeElementBaseType" = UITrackingWindowView;
    "XC_kAXXCAttributeElementType" = UITrackingWindowView;
    "XC_kAXXCAttributeTraits" = 8589934592;
}: (no error) for elementType using XC_kAXXCAttributeElementType, XC_kAXXCAttributeElementBaseType, XC_kAXXCAttributeTraits, XC_kAXXCAttributeAutomationType
2026-08-12 15:43:05.612 Df IlliniCover[29785:3d84d9] [com.apple.dt.xctest:Default] Computed elementType Other.
2026-08-12 15:43:05.612 Df IlliniCover[29785:3d84d9] [com.apple.dt.xctest:Default] Fetching AX attributes XC_kAXXCAttributeChildren for AX element pid: 29785, elementOrHash.elementID: 4840698368.511
2026-08-12 15:43:05.612 Df IlliniCover[29785:3d84d9] [com.apple.dt.xctest:Default] Got attributes, transferring to dictionary for return.
2026-08-12 15:43:05.612 Df IlliniCover[29785:3d84d9] [com.apple.dt.xctest:Default] Window (AX element pid: 29785, elementOrHash.elementID: 4840698368.511) faulted in {
    "XC_kAXXCAttributeChildren" =     (
        "AX element pid: 29785, elementOrHash.elementID: 4782835200.513"
    );
}: (no error) for children using XC_kAXXCAttributeChildren
2026-08-12 15:43:05.612 Df IlliniCover[29785:3d84d9] [com.apple.dt.xctest:Default] Fetching AX attributes XC_kAXXCAttributeElementType, XC_kAXXCAttributeElementBaseType, XC_kAXXCAttributeTraits, XC_kAXXCAttributeAutomationType for AX element pid: 29785, elementOrHash.elementID: 4782835200.513
2026-08-12 15:43:05.612 Df IlliniCover[29785:3d84d9] [com.apple.dt.xctest:Default] Got attributes, transferring to dictionary for return.
2026-08-12 15:43:05.612 Df IlliniCover[29785:3d84d9] [com.apple.dt.xctest:Default] AX element pid: 29785, elementOrHash.elementID: 4782835200.513 (AX element pid: 29785, elementOrHash.elementID: 4782835200.513) faulted in {
    "XC_kAXXCAttributeAutomationType" = 0;
    "XC_kAXXCAttributeElementBaseType" = UIInputSetContainerView;
    "XC_kAXXCAttributeElementType" = UIInputSetContainerView;
    "XC_kAXXCAttributeTraits" = 8589934592;
}: (no error) for elementType using XC_kAXXCAttributeElementType, XC_kAXXCAttributeElementBaseType, XC_kAXXCAttributeTraits, XC_kAXXCAttributeAutomationType
2026-08-12 15:43:05.612 Df IlliniCover[29785:3d84d9] [com.apple.dt.xctest:Default] Computed elementType Other.
2026-08-12 15:43:05.612 Df IlliniCover[29785:3d84d9] [com.apple.dt.xctest:Default] Fetching AX attributes XC_kAXXCAttributeChildren for AX element pid: 29785, elementOrHash.elementID: 4442509824.5
2026-08-12 15:43:05.612 Df IlliniCover[29785:3d84d9] [com.apple.dt.xctest:Default] Got attributes, transferring to dictionary for return.
2026-08-12 15:43:05.612 Df IlliniCover[29785:3d84d9] [com.apple.dt.xctest:Default] Other (AX element pid: 29785, elementOrHash.elementID: 4442509824.5) faulted in {
    "XC_kAXXCAttributeChildren" =     (
        "AX element pid: 29785, elementOrHash.elementID: 4443196544.6"
    );
}: (no error) for children using XC_kAXXCAttributeChildren
2026-08-12 15:43:05.612 Df IlliniCover[29785:3d84d9] [com.apple.dt.xctest:Default] Fetching AX attributes XC_kAXXCAttributeElementType, XC_kAXXCAttributeElementBaseType, XC_kAXXCAttributeTraits, XC_kAXXCAttributeAutomationType for AX element pid: 29785, elementOrHash.elementID: 4443196544.6
2026-08-12 15:43:05.612 Df IlliniCover[29785:3d84d9] [com.apple.dt.xctest:Default] Got attributes, transferring to dictionary for return.
2026-08-12 15:43:05.612 Df IlliniCover[29785:3d84d9] [com.apple.dt.xctest:Default] AX element pid: 29785, elementOrHash.elementID: 4443196544.6 (AX element pid: 29785, elementOrHash.elementID: 4443196544.6) faulted in {
    "XC_kAXXCAttributeAutomationType" = 0;
    "XC_kAXXCAttributeElementBaseType" = UIDropShadowView;
    "XC_kAXXCAttributeElementType" = UIDropShadowView;
    "XC_kAXXCAttributeTraits" = 0;
}: (no error) for elementType using XC_kAXXCAttributeElementType, XC_kAXXCAttributeElementBaseType, XC_kAXXCAttributeTraits, XC_kAXXCAttributeAutomationType
2026-08-12 15:43:05.612 Df IlliniCover[29785:3d84d9] [com.apple.dt.xctest:Default] Computed elementType Other.
2026-08-12 15:43:05.612 Df IlliniCover[29785:3d84d9] [com.apple.dt.xctest:Default] Fetching AX attributes XC_kAXXCAttributeChildren for AX element pid: 29785, elementOrHash.elementID: 4862728192.423
2026-08-12 15:43:05.612 Df IlliniCover[29785:3d84d9] [com.apple.dt.xctest:Default] Got attributes, transferring to dictionary for return.
2026-08-12 15:43:05.612 Df IlliniCover[29785:3d84d9] [com.apple.dt.xctest:Default] Other (AX element pid: 29785, elementOrHash.elementID: 4862728192.423) faulted in {
    "XC_kAXXCAttributeChildren" =     (
        "AX element pid: 29785, elementOrHash.elementID: 4783863552.424",
        "AX element pid: 29785, elementOrHash.elementID: 4783864832.425"
    );
}: (no error) for children using XC_kAXXCAttributeChildren
2026-08-12 15:43:05.612 Df IlliniCover[29785:3d84d9] [com.apple.dt.xctest:Default] Fetching AX attributes XC_kAXXCAttributeElementType, XC_kAXXCAttributeElementBaseType, XC_kAXXCAttributeTraits, XC_kAXXCAttributeAutomationType for AX element pid: 29785, elementOrHash.elementID: 4783863552.424
2026-08-12 15:43:05.612 Df IlliniCover[29785:3d84d9] [com.apple.dt.xctest:Default] Got attributes, transferring to dictionary for return.
2026-08-12 15:43:05.612 Df IlliniCover[29785:3d84d9] [com.apple.dt.xctest:Default] AX element pid: 29785, elementOrHash.elementID: 4783863552.424 (AX element pid: 29785, elementOrHash.elementID: 4783863552.424) faulted in {
    "XC_kAXXCAttributeAutomationType" = 0;
    "XC_kAXXCAttributeElementBaseType" = UIDimmingView;
    "XC_kAXXCAttributeElementType" = UIDimmingView;
    "XC_kAXXCAttributeTraits" = 0;
}: (no error) for elementType using XC_kAXXCAttributeElementType, XC_kAXXCAttributeElementBaseType, XC_kAXXCAttributeTraits, XC_kAXXCAttributeAutomationType
2026-08-12 15:43:05.612 Df IlliniCover[29785:3d84d9] [com.apple.dt.xctest:Default] Computed elementType Other.
2026-08-12 15:43:05.613 Df IlliniCover[29785:3d84d9] [com.apple.dt.xctest:Default] Fetching AX attributes XC_kAXXCAttributeElementType, XC_kAXXCAttributeElementBaseType, XC_kAXXCAttributeTraits, XC_kAXXCAttributeAutomationType for AX element pid: 29785, elementOrHash.elementID: 4783864832.425
2026-08-12 15:43:05.613 Df IlliniCover[29785:3d84d9] [com.apple.dt.xctest:Default] Got attributes, transferring to dictionary for return.
2026-08-12 15:43:05.613 Df IlliniCover[29785:3d84d9] [com.apple.dt.xctest:Default] AX element pid: 29785, elementOrHash.elementID: 4783864832.425 (AX element pid: 29785, elementOrHash.elementID: 4783864832.425) faulted in {
    "XC_kAXXCAttributeAutomationType" = 0;
    "XC_kAXXCAttributeElementBaseType" = UIDropShadowView;
    "XC_kAXXCAttributeElementType" = UIDropShadowView;
    "XC_kAXXCAttributeTraits" = 8589934592;
}: (no error) for elementType using XC_kAXXCAttributeElementType, XC_kAXXCAttributeElementBaseType, XC_kAXXCAttributeTraits, XC_kAXXCAttributeAutomationType
2026-08-12 15:43:05.613 Df IlliniCover[29785:3d84d9] [com.apple.dt.xctest:Default] Computed elementType Other.
2026-08-12 15:43:05.613 Df IlliniCover[29785:3d84d9] [com.apple.dt.xctest:Default] Fetching AX attributes XC_kAXXCAttributeChildren for AX element pid: 29785, elementOrHash.elementID: 4864998912.512
2026-08-12 15:43:05.613 Df IlliniCover[29785:3d84d9] [com.apple.dt.xctest:Default] Got attributes, transferring to dictionary for return.
2026-08-12 15:43:05.613 Df IlliniCover[29785:3d84d9] [com.apple.dt.xctest:Default] Other (AX element pid: 29785, elementOrHash.elementID: 4864998912.512) faulted in {
    "XC_kAXXCAttributeChildren" =     (
        "AX element pid: 29785, elementOrHash.elementID: 4442236992.514"
    );
}: (no error) for children using XC_kAXXCAttributeChildren
2026-08-12 15:43:05.613 Df IlliniCover[29785:3d84d9] [com.apple.dt.xctest:Default] Fetching AX attributes XC_kAXXCAttributeElementType, XC_kAXXCAttributeElementBaseType, XC_kAXXCAttributeTraits, XC_kAXXCAttributeAutomationType for AX element pid: 29785, elementOrHash.elementID: 4442236992.514
2026-08-12 15:43:05.613 Df IlliniCover[29785:3d84d9] [com.apple.dt.xctest:Default] Got attributes, transferring to dictionary for return.
2026-08-12 15:43:05.613 Df IlliniCover[29785:3d84d9] [com.apple.dt.xctest:Default] AX element pid: 29785, elementOrHash.elementID: 4442236992.514 (AX element pid: 29785, elementOrHash.elementID: 4442236992.514) faulted in {
    "XC_kAXXCAttributeAutomationType" = 0;
    "XC_kAXXCAttributeElementBaseType" = UIView;
    "XC_kAXXCAttributeElementType" = UIView;
    "XC_kAXXCAttributeTraits" = 8589934592;
}: (no error) for elementType using XC_kAXXCAttributeElementType, XC_kAXXCAttributeElementBaseType, XC_kAXXCAttributeTraits, XC_kAXXCAttributeAutomationType
2026-08-12 15:43:05.613 Df IlliniCover[29785:3d84d9] [com.apple.dt.xctest:Default] Computed elementType Other.
2026-08-12 15:43:05.613 Df IlliniCover[29785:3d84d9] [com.apple.dt.xctest:Default] Fetching AX attributes XC_kAXXCAttributeChildren for AX element pid: 29785, elementOrHash.elementID: 4441877440.14
2026-08-12 15:43:05.613 Df IlliniCover[29785:3d84d9] [com.apple.dt.xctest:Default] Got attributes, transferring to dictionary for return.
2026-08-12 15:43:05.613 Df IlliniCover[29785:3d84d9] [com.apple.dt.xctest:Default] Other (AX element pid: 29785, elementOrHash.elementID: 4441877440.14) faulted in {
    "XC_kAXXCAttributeChildren" =     (
        "AX element pid: 29785, elementOrHash.elementID: 4441878784.15",
        "AX element pid: 29785, elementOrHash.elementID: 4441877888.515"
    );
}: (no error) for children using XC_kAXXCAttributeChildren
2026-08-12 15:43:05.613 Df IlliniCover[29785:3d84d9] [com.apple.dt.xctest:Default] Fetching AX attributes XC_kAXXCAttributeElementType, XC_kAXXCAttributeElementBaseType, XC_kAXXCAttributeTraits, XC_kAXXCAttributeAutomationType for AX element pid: 29785, elementOrHash.elementID: 4441878784.15
2026-08-12 15:43:05.613 Df IlliniCover[29785:3d84d9] [com.apple.dt.xctest:Default] Got attributes, transferring to dictionary for return.
2026-08-12 15:43:05.613 Df IlliniCover[29785:3d84d9] [com.apple.dt.xctest:Default] AX element pid: 29785, elementOrHash.elementID: 4441878784.15 (AX element pid: 29785, elementOrHash.elementID: 4441878784.15) faulted in {
    "XC_kAXXCAttributeAutomationType" = 0;
    "XC_kAXXCAttributeElementBaseType" = UIEditingOverlayGestureView;
    "XC_kAXXCAttributeElementType" = UIEditingOverlayGestureView;
    "XC_kAXXCAttributeTraits" = 8589934592;
}: (no error) for elementType using XC_kAXXCAttributeElementType, XC_kAXXCAttributeElementBaseType, XC_kAXXCAttributeTraits, XC_kAXXCAttributeAutomationType
2026-08-12 15:43:05.613 Df IlliniCover[29785:3d84d9] [com.apple.dt.xctest:Default] Computed elementType Other.
2026-08-12 15:43:05.613 Df IlliniCover[29785:3d84d9] [com.apple.dt.xctest:Default] Fetching AX attributes XC_kAXXCAttributeElementType, XC_kAXXCAttributeElementBaseType, XC_kAXXCAttributeTraits, XC_kAXXCAttributeAutomationType for AX element pid: 29785, elementOrHash.elementID: 4441877888.515
2026-08-12 15:43:05.613 Df IlliniCover[29785:3d84d9] [com.apple.dt.xctest:Default] Got attributes, transferring to dictionary for return.
2026-08-12 15:43:05.613 Df IlliniCover[29785:3d84d9] [com.apple.dt.xctest:Default] AX element pid: 29785, elementOrHash.elementID: 4441877888.515 (AX element pid: 29785, elementOrHash.elementID: 4441877888.515) faulted in {
    "XC_kAXXCAttributeAutomationType" = 0;
    "XC_kAXXCAttributeElementBaseType" = UIKeyboardItemContainerView;
    "XC_kAXXCAttributeElementType" = UIKeyboardItemContainerView;
    "XC_kAXXCAttributeTraits" = 8589934592;
}: (no error) for elementType using XC_kAXXCAttributeElementType, XC_kAXXCAttributeElementBaseType, XC_kAXXCAttributeTraits, XC_kAXXCAttributeAutomationType
2026-08-12 15:43:05.613 Df IlliniCover[29785:3d84d9] [com.apple.dt.xctest:Default] Computed elementType Other.
2026-08-12 15:43:05.613 Df IlliniCover[29785:3d84d9] [com.apple.dt.xctest:Default] Fetching AX attributes XC_kAXXCAttributeChildren for AX element pid: 29785, elementOrHash.elementID: 4782835200.513
2026-08-12 15:43:05.613 Df IlliniCover[29785:3d84d9] [com.apple.dt.xctest:Default] Got attributes, transferring to dictionary for return.
2026-08-12 15:43:05.613 Df IlliniCover[29785:3d84d9] [com.apple.dt.xctest:Default] Other (AX element pid: 29785, elementOrHash.elementID: 4782835200.513) faulted in {
    "XC_kAXXCAttributeChildren" =     (
        "AX element pid: 29785, elementOrHash.elementID: 4390803136.516"
    );
}: (no error) for children using XC_kAXXCAttributeChildren
2026-08-12 15:43:05.613 Df IlliniCover[29785:3d84d9] [com.apple.dt.xctest:Default] Fetching AX attributes XC_kAXXCAttributeElementType, XC_kAXXCAttributeElementBaseType, XC_kAXXCAttributeTraits, XC_kAXXCAttributeAutomationType for AX element pid: 29785, elementOrHash.elementID: 4390803136.516
2026-08-12 15:43:05.613 Df IlliniCover[29785:3d84d9] [com.apple.dt.xctest:Default] Got attributes, transferring to dictionary for return.
2026-08-12 15:43:05.613 Df IlliniCover[29785:3d84d9] [com.apple.dt.xctest:Default] AX element pid: 29785, elementOrHash.elementID: 4390803136.516 (AX element pid: 29785, elementOrHash.elementID: 4390803136.516) faulted in {
    "XC_kAXXCAttributeAutomationType" = 0;
    "XC_kAXXCAttributeElementBaseType" = UIInputSetHostView;
    "XC_kAXXCAttributeElementType" = UIInputSetHostView;
    "XC_kAXXCAttributeTraits" = 8589934592;
}: (no error) for elementType using XC_kAXXCAttributeElementType, XC_kAXXCAttributeElementBaseType, XC_kAXXCAttributeTraits, XC_kAXXCAttributeAutomationType
2026-08-12 15:43:05.613 Df IlliniCover[29785:3d84d9] [com.apple.dt.xctest:Default] Computed elementType Other.
2026-08-12 15:43:05.613 Df IlliniCover[29785:3d84d9] [com.apple.dt.xctest:Default] Fetching AX attributes XC_kAXXCAttributeChildren for AX element pid: 29785, elementOrHash.elementID: 4443196544.6
2026-08-12 15:43:05.614 Df IlliniCover[29785:3d84d9] [com.apple.dt.xctest:Default] Got attributes, transferring to dictionary for return.
2026-08-12 15:43:05.614 Df IlliniCover[29785:3d84d9] [com.apple.dt.xctest:Default] Other (AX element pid: 29785, elementOrHash.elementID: 4443196544.6) faulted in {
    "XC_kAXXCAttributeChildren" =     (
        "AX element pid: 29785, elementOrHash.elementID: 4783864192.426",
        "AX element pid: 29785, elementOrHash.elementID: 4443193344.7"
    );
}: (no error) for children using XC_kAXXCAttributeChildren
2026-08-12 15:43:05.614 Df IlliniCover[29785:3d84d9] [com.apple.dt.xctest:Default] Fetching AX attributes XC_kAXXCAttributeElementType, XC_kAXXCAttributeElementBaseType, XC_kAXXCAttributeTraits, XC_kAXXCAttributeAutomationType for AX element pid: 29785, elementOrHash.elementID: 4783864192.426
2026-08-12 15:43:05.614 Df IlliniCover[29785:3d84d9] [com.apple.dt.xctest:Default] Got attributes, transferring to dictionary for return.
2026-08-12 15:43:05.614 Df IlliniCover[29785:3d84d9] [com.apple.dt.xctest:Default] AX element pid: 29785, elementOrHash.elementID: 4783864192.426 (AX element pid: 29785, elementOrHash.elementID: 4783864192.426) faulted in {
    "XC_kAXXCAttributeAutomationType" = 0;
    "XC_kAXXCAttributeElementBaseType" = UIDimmingView;
    "XC_kAXXCAttributeElementType" = UIDimmingView;
    "XC_kAXXCAttributeTraits" = 0;
}: (no error) for elementType using XC_kAXXCAttributeElementType, XC_kAXXCAttributeElementBaseType, XC_kAXXCAttributeTraits, XC_kAXXCAttributeAutomationType
2026-08-12 15:43:05.614 Df IlliniCover[29785:3d84d9] [com.apple.dt.xctest:Default] Computed elementType Other.
2026-08-12 15:43:05.614 Df IlliniCover[29785:3d84d9] [com.apple.dt.xctest:Default] Fetching AX attributes XC_kAXXCAttributeElementType, XC_kAXXCAttributeElementBaseType, XC_kAXXCAttributeTraits, XC_kAXXCAttributeAutomationType for AX element pid: 29785, elementOrHash.elementID: 4443193344.7
2026-08-12 15:43:05.614 Df IlliniCover[29785:3d84d9] [com.apple.dt.xctest:Default] Got attributes, transferring to dictionary for return.
2026-08-12 15:43:05.614 Df IlliniCover[29785:3d84d9] [com.apple.dt.xctest:Default] AX element pid: 29785, elementOrHash.elementID: 4443193344.7 (AX element pid: 29785, elementOrHash.elementID: 4443193344.7) faulted in {
    "XC_kAXXCAttributeAutomationType" = 0;
    "XC_kAXXCAttributeElementBaseType" = UIView;
    "XC_kAXXCAttributeElementType" = RCTSurfaceHostingProxyRootView;
    "XC_kAXXCAttributeTraits" = 8589934592;
}: (no error) for elementType using XC_kAXXCAttributeElementType, XC_kAXXCAttributeElementBaseType, XC_kAXXCAttributeTraits, XC_kAXXCAttributeAutomationType
2026-08-12 15:43:05.614 Df IlliniCover[29785:3d84d9] [com.apple.dt.xctest:Default] Computed elementType Other.
2026-08-12 15:43:05.614 Df IlliniCover[29785:3d84d9] [com.apple.dt.xctest:Default] Fetching AX attributes XC_kAXXCAttributeChildren for AX element pid: 29785, elementOrHash.elementID: 4783863552.424
2026-08-12 15:43:05.614 Df IlliniCover[29785:3d84d9] [com.apple.dt.xctest:Default] Got attributes, transferring to dictionary for return.
2026-08-12 15:43:05.614 Df IlliniCover[29785:3d84d9] [com.apple.dt.xctest:Default] Other (AX element pid: 29785, elementOrHash.elementID: 4783863552.424) faulted in {
    "XC_kAXXCAttributeChildren" =     (
    );
}: (no error) for children using XC_kAXXCAttributeChildren
2026-08-12 15:43:05.614 Df IlliniCover[29785:3d84d9] [com.apple.dt.xctest:Default] Fetching AX attributes XC_kAXXCAttributeChildren for AX element pid: 29785, elementOrHash.elementID: 4783864832.425
2026-08-12 15:43:05.614 Df IlliniCover[29785:3d84d9] [com.apple.dt.xctest:Default] Got attributes, transferring to dictionary for return.
2026-08-12 15:43:05.614 Df IlliniCover[29785:3d84d9] [com.apple.dt.xctest:Default] Other (AX element pid: 29785, elementOrHash.elementID: 4783864832.425) faulted in {
    "XC_kAXXCAttributeChildren" =     (
        "AX element pid: 29785, elementOrHash.elementID: 4862729728.427",
        "AX element pid: 29785, elementOrHash.elementID: 4442238336.428",
        "AX element pid: 29785, elementOrHash.elementID: 4862736896.429"
    );
}: (no error) for children using XC_kAXXCAttributeChildren
2026-08-12 15:43:05.614 Df IlliniCover[29785:3d84d9] [com.apple.dt.xctest:Default] Fetching AX attributes XC_kAXXCAttributeElementType, XC_kAXXCAttributeElementBaseType, XC_kAXXCAttributeTraits, XC_kAXXCAttributeAutomationType for AX element pid: 29785, elementOrHash.elementID: 4862729728.427
2026-08-12 15:43:05.614 Df IlliniCover[29785:3d84d9] [com.apple.dt.xctest:Default] Got attributes, transferring to dictionary for return.
2026-08-12 15:43:05.614 Df IlliniCover[29785:3d84d9] [com.apple.dt.xctest:Default] AX element pid: 29785, elementOrHash.elementID: 4862729728.427 (AX element pid: 29785, elementOrHash.elementID: 4862729728.427) faulted in {
    "XC_kAXXCAttributeAutomationType" = 9;
    "XC_kAXXCAttributeElementBaseType" = "_UIGrabber";
    "XC_kAXXCAttributeElementType" = "_UIGrabber";
    "XC_kAXXCAttributeTraits" = 8589934593;
}: (no error) for elementType using XC_kAXXCAttributeElementType, XC_kAXXCAttributeElementBaseType, XC_kAXXCAttributeTraits, XC_kAXXCAttributeAutomationType
2026-08-12 15:43:05.614 Df IlliniCover[29785:3d84d9] [com.apple.dt.xctest:Default] Computed elementType Button.
2026-08-12 15:43:05.614 Df IlliniCover[29785:3d84d9] [com.apple.dt.xctest:Default] Fetching AX attributes XC_kAXXCAttributeElementType, XC_kAXXCAttributeElementBaseType, XC_kAXXCAttributeTraits, XC_kAXXCAttributeAutomationType for AX element pid: 29785, elementOrHash.elementID: 4442238336.428
2026-08-12 15:43:05.614 Df IlliniCover[29785:3d84d9] [com.apple.dt.xctest:Default] Got attributes, transferring to dictionary for return.
2026-08-12 15:43:05.614 Df IlliniCover[29785:3d84d9] [com.apple.dt.xctest:Default] AX element pid: 29785, elementOrHash.elementID: 4442238336.428 (AX element pid: 29785, elementOrHash.elementID: 4442238336.428) faulted in {
    "XC_kAXXCAttributeAutomationType" = 0;
    "XC_kAXXCAttributeElementBaseType" = UIView;
    "XC_kAXXCAttributeElementType" = UIView;
    "XC_kAXXCAttributeTraits" = 8589934592;
}: (no error) for elementType using XC_kAXXCAttributeElementType, XC_kAXXCAttributeElementBaseType, XC_kAXXCAttributeTraits, XC_kAXXCAttributeAutomationType
2026-08-12 15:43:05.614 Df IlliniCover[29785:3d84d9] [com.apple.dt.xctest:Default] Computed elementType Other.
2026-08-12 15:43:05.614 Df IlliniCover[29785:3d84d9] [com.apple.dt.xctest:Default] Fetching AX attributes XC_kAXXCAttributeElementType, XC_kAXXCAttributeElementBaseType, XC_kAXXCAttributeTraits, XC_kAXXCAttributeAutomationType for AX element pid: 29785, elementOrHash.elementID: 4862736896.429
2026-08-12 15:43:05.614 Df IlliniCover[29785:3d84d9] [com.apple.dt.xctest:Default] Got attributes, transferring to dictionary for return.
2026-08-12 15:43:05.614 Df IlliniCover[29785:3d84d9] [com.apple.dt.xctest:Default] AX element pid: 29785, elementOrHash.elementID: 4862736896.429 (AX element pid: 29785, elementOrHash.elementID: 4862736896.429) faulted in {
    "XC_kAXXCAttributeAutomationType" = 0;
    "XC_kAXXCAttributeElementBaseType" = "UIKit._GlassGroupView";
    "XC_kAXXCAttributeElementType" = "UIKit._GlassGroupView";
    "XC_kAXXCAttributeTraits" = 8589934592;
}: (no error) for elementType using XC_kAXXCAttributeElementType, XC_kAXXCAttributeElementBaseType, XC_kAXXCAttributeTraits, XC_kAXXCAttributeAutomationType
2026-08-12 15:43:05.614 Df IlliniCover[29785:3d84d9] [com.apple.dt.xctest:Default] Computed elementType Other.
2026-08-12 15:43:05.614 Df IlliniCover[29785:3d84d9] [com.apple.dt.xctest:Default] Fetching AX attributes XC_kAXXCAttributeChildren for AX element pid: 29785, elementOrHash.elementID: 4442236992.514
2026-08-12 15:43:05.615 Df IlliniCover[29785:3d84d9] [com.apple.dt.xctest:Default] Got attributes, transferring to dictionary for return.
2026-08-12 15:43:05.615 Df IlliniCover[29785:3d84d9] [com.apple.dt.xctest:Default] Other (AX element pid: 29785, elementOrHash.elementID: 4442236992.514) faulted in {
    "XC_kAXXCAttributeChildren" =     (
        "AX element pid: 29785, elementOrHash.elementID: 4861388544.517"
    );
}: (no error) for children using XC_kAXXCAttributeChildren
2026-08-12 15:43:05.615 Df IlliniCover[29785:3d84d9] [com.apple.dt.xctest:Default] Fetching AX attributes XC_kAXXCAttributeElementType, XC_kAXXCAttributeElementBaseType, XC_kAXXCAttributeTraits, XC_kAXXCAttributeAutomationType for AX element pid: 29785, elementOrHash.elementID: 4861388544.517
2026-08-12 15:43:05.615 Df IlliniCover[29785:3d84d9] [com.apple.dt.xctest:Default] Got attributes, transferring to dictionary for return.
2026-08-12 15:43:05.615 Df IlliniCover[29785:3d84d9] [com.apple.dt.xctest:Default] AX element pid: 29785, elementOrHash.elementID: 4861388544.517 (AX element pid: 29785, elementOrHash.elementID: 4861388544.517) faulted in {
    "XC_kAXXCAttributeAutomationType" = 0;
    "XC_kAXXCAttributeElementBaseType" = UIView;
    "XC_kAXXCAttributeElementType" = RCTViewComponentView;
    "XC_kAXXCAttributeTraits" = 8589934592;
}: (no error) for elementType using XC_kAXXCAttributeElementType, XC_kAXXCAttributeElementBaseType, XC_kAXXCAttributeTraits, XC_kAXXCAttributeAutomationType
2026-08-12 15:43:05.615 Df IlliniCover[29785:3d84d9] [com.apple.dt.xctest:Default] Computed elementType Other.
2026-08-12 15:43:05.615 Df IlliniCover[29785:3d84d9] [com.apple.dt.xctest:Default] Fetching AX attributes XC_kAXXCAttributeChildren for AX element pid: 29785, elementOrHash.elementID: 4441878784.15
2026-08-12 15:43:05.615 Df IlliniCover[29785:3d84d9] [com.apple.dt.xctest:Default] Got attributes, transferring to dictionary for return.
2026-08-12 15:43:05.615 Df IlliniCover[29785:3d84d9] [com.apple.dt.xctest:Default] Other (AX element pid: 29785, elementOrHash.elementID: 4441878784.15) faulted in {
    "XC_kAXXCAttributeChildren" =     (
    );
}: (no error) for children using XC_kAXXCAttributeChildren
2026-08-12 15:43:05.615 Df IlliniCover[29785:3d84d9] [com.apple.dt.xctest:Default] Fetching AX attributes XC_kAXXCAttributeChildren for AX element pid: 29785, elementOrHash.elementID: 4441877888.515
2026-08-12 15:43:05.615 Df IlliniCover[29785:3d84d9] [com.apple.dt.xctest:Default] Got attributes, transferring to dictionary for return.
2026-08-12 15:43:05.615 Df IlliniCover[29785:3d84d9] [com.apple.dt.xctest:Default] Other (AX element pid: 29785, elementOrHash.elementID: 4441877888.515) faulted in {
    "XC_kAXXCAttributeChildren" =     (
        "AX element pid: 29785, elementOrHash.elementID: 4783817728.518"
    );
}: (no error) for children using XC_kAXXCAttributeChildren
2026-08-12 15:43:05.615 Df IlliniCover[29785:3d84d9] [com.apple.dt.xctest:Default] Fetching AX attributes XC_kAXXCAttributeElementType, XC_kAXXCAttributeElementBaseType, XC_kAXXCAttributeTraits, XC_kAXXCAttributeAutomationType for AX element pid: 29785, elementOrHash.elementID: 4783817728.518
2026-08-12 15:43:05.615 Df IlliniCover[29785:3d84d9] [com.apple.dt.xctest:Default] Got attributes, transferring to dictionary for return.
2026-08-12 15:43:05.615 Df IlliniCover[29785:3d84d9] [com.apple.dt.xctest:Default] AX element pid: 29785, elementOrHash.elementID: 4783817728.518 (AX element pid: 29785, elementOrHash.elementID: 4783817728.518) faulted in {
    "XC_kAXXCAttributeAutomationType" = 0;
    "XC_kAXXCAttributeElementBaseType" = "_UIRemoteKeyboardPlaceholderView";
    "XC_kAXXCAttributeElementType" = "_UIRemoteKeyboardPlaceholderView";
    "XC_kAXXCAttributeTraits" = 8589934592;
}: (no error) for elementType using XC_kAXXCAttributeElementType, XC_kAXXCAttributeElementBaseType, XC_kAXXCAttributeTraits, XC_kAXXCAttributeAutomationType
2026-08-12 15:43:05.615 Df IlliniCover[29785:3d84d9] [com.apple.dt.xctest:Default] Computed elementType Other.
2026-08-12 15:43:05.615 Df IlliniCover[29785:3d84d9] [com.apple.dt.xctest:Default] Fetching AX attributes XC_kAXXCAttributeChildren for AX element pid: 29785, elementOrHash.elementID: 4390803136.516
2026-08-12 15:43:05.615 Df IlliniCover[29785:3d84d9] [com.apple.dt.xctest:Default] Got attributes, transferring to dictionary for return.
2026-08-12 15:43:05.615 Df IlliniCover[29785:3d84d9] [com.apple.dt.xctest:Default] Other (AX element pid: 29785, elementOrHash.elementID: 4390803136.516) faulted in {
    "XC_kAXXCAttributeChildren" =     (
        "AX element pid: 29785, elementOrHash.elementID: 4443851008.519",
        "AX element pid: 29785, elementOrHash.elementID: 4442407808.520",
        "AX element pid: 29785, elementOrHash.elementID: 4441875200.521",
        "AX element pid: 29785, elementOrHash.elementID: 4442407360.522"
    );
}: (no error) for children using XC_kAXXCAttributeChildren
2026-08-12 15:43:05.615 Df IlliniCover[29785:3d84d9] [com.apple.dt.xctest:Default] Fetching AX attributes XC_kAXXCAttributeElementType, XC_kAXXCAttributeElementBaseType, XC_kAXXCAttributeTraits, XC_kAXXCAttributeAutomationType for AX element pid: 29785, elementOrHash.elementID: 4443851008.519
2026-08-12 15:43:05.615 Df IlliniCover[29785:3d84d9] [com.apple.dt.xctest:Default] Got attributes, transferring to dictionary for return.
2026-08-12 15:43:05.615 Df IlliniCover[29785:3d84d9] [com.apple.dt.xctest:Default] AX element pid: 29785, elementOrHash.elementID: 4443851008.519 (AX element pid: 29785, elementOrHash.elementID: 4443851008.519) faulted in {
    "XC_kAXXCAttributeAutomationType" = 0;
    "XC_kAXXCAttributeElementBaseType" = UIView;
    "XC_kAXXCAttributeElementType" = TUISystemInputAssistantView;
    "XC_kAXXCAttributeTraits" = 8589934592;
}: (no error) for elementType using XC_kAXXCAttributeElementType, XC_kAXXCAttributeElementBaseType, XC_kAXXCAttributeTraits, XC_kAXXCAttributeAutomationType
2026-08-12 15:43:05.615 Df IlliniCover[29785:3d84d9] [com.apple.dt.xctest:Default] Computed elementType Other.
2026-08-12 15:43:05.615 Df IlliniCover[29785:3d84d9] [com.apple.dt.xctest:Default] Fetching AX attributes XC_kAXXCAttributeElementType, XC_kAXXCAttributeElementBaseType, XC_kAXXCAttributeTraits, XC_kAXXCAttributeAutomationType for AX element pid: 29785, elementOrHash.elementID: 4442407808.520
2026-08-12 15:43:05.615 Df IlliniCover[29785:3d84d9] [com.apple.dt.xctest:Default] Got attributes, transferring to dictionary for return.
2026-08-12 15:43:05.615 Df IlliniCover[29785:3d84d9] [com.apple.dt.xctest:Default] AX element pid: 29785, elementOrHash.elementID: 4442407808.520 (AX element pid: 29785, elementOrHash.elementID: 4442407808.520) faulted in {
    "XC_kAXXCAttributeAutomationType" = 0;
    "XC_kAXXCAttributeElementBaseType" = UIView;
    "XC_kAXXCAttributeElementType" = UIView;
    "XC_kAXXCAttributeTraits" = 8589934592;
}: (no error) for elementType using XC_kAXXCAttributeElementType, XC_kAXXCAttributeElementBaseType, XC_kAXXCAttributeTraits, XC_kAXXCAttributeAutomationType
2026-08-12 15:43:05.615 Df IlliniCover[29785:3d84d9] [com.apple.dt.xctest:Default] Computed elementType Other.
2026-08-12 15:43:05.615 Df IlliniCover[29785:3d84d9] [com.apple.dt.xctest:Default] Fetching AX attributes XC_kAXXCAttributeElementType, XC_kAXXCAttributeElementBaseType, XC_kAXXCAttributeTraits, XC_kAXXCAttributeAutomationType for AX element pid: 29785, elementOrHash.elementID: 4441875200.521
2026-08-12 15:43:05.615 Df IlliniCover[29785:3d84d9] [com.apple.dt.xctest:Default] Got attributes, transferring to dictionary for return.
2026-08-12 15:43:05.615 Df IlliniCover[29785:3d84d9] [com.apple.dt.xctest:Default] AX element pid: 29785, elementOrHash.elementID: 4441875200.521 (AX element pid: 29785, elementOrHash.elementID: 4441875200.521) faulted in {
    "XC_kAXXCAttributeAutomationType" = 0;
    "XC_kAXXCAttributeElementBaseType" = "_UIKBCompatInputView";
    "XC_kAXXCAttributeElementType" = "_UIKBCompatInputView";
    "XC_kAXXCAttributeTraits" = 8589934592;
}: (no error) for elementType using XC_kAXXCAttributeElementType, XC_kAXXCAttributeElementBaseType, XC_kAXXCAttributeTraits, XC_kAXXCAttributeAutomationType
2026-08-12 15:43:05.615 Df IlliniCover[29785:3d84d9] [com.apple.dt.xctest:Default] Computed elementType Other.
2026-08-12 15:43:05.615 Df IlliniCover[29785:3d84d9] [com.apple.dt.xctest:Default] Fetching AX attributes XC_kAXXCAttributeElementType, XC_kAXXCAttributeElementBaseType, XC_kAXXCAttributeTraits, XC_kAXXCAttributeAutomationType for AX element pid: 29785, elementOrHash.elementID: 4442407360.522
2026-08-12 15:43:05.615 Df IlliniCover[29785:3d84d9] [com.apple.dt.xctest:Default] Got attributes, transferring to dictionary for return.
2026-08-12 15:43:05.615 Df IlliniCover[29785:3d84d9] [com.apple.dt.xctest:Default] AX element pid: 29785, elementOrHash.elementID: 4442407360.522 (AX element pid: 29785, elementOrHash.elementID: 4442407360.522) faulted in {
    "XC_kAXXCAttributeAutomationType" = 0;
    "XC_kAXXCAttributeElementBaseType" = UIKeyboardDockView;
    "XC_kAXXCAttributeElementType" = UIKeyboardDockView;
    "XC_kAXXCAttributeTraits" = 25769803776;
}: (no error) for elementType using XC_kAXXCAttributeElementType, XC_kAXXCAttributeElementBaseType, XC_kAXXCAttributeTraits, XC_kAXXCAttributeAutomationType
2026-08-12 15:43:05.615 Df IlliniCover[29785:3d84d9] [com.apple.dt.xctest:Default] Computed elementType Other.
2026-08-12 15:43:05.615 Df IlliniCover[29785:3d84d9] [com.apple.dt.xctest:Default] Fetching AX attributes XC_kAXXCAttributeChildren for AX element pid: 29785, elementOrHash.elementID: 4783864192.426
2026-08-12 15:43:05.616 Df IlliniCover[29785:3d84d9] [com.apple.dt.xctest:Default] Got attributes, transferring to dictionary for return.
2026-08-12 15:43:05.616 Df IlliniCover[29785:3d84d9] [com.apple.dt.xctest:Default] Other (AX element pid: 29785, elementOrHash.elementID: 4783864192.426) faulted in {
    "XC_kAXXCAttributeChildren" =     (
    );
}: (no error) for children using XC_kAXXCAttributeChildren
2026-08-12 15:43:05.616 Df IlliniCover[29785:3d84d9] [com.apple.dt.xctest:Default] Fetching AX attributes XC_kAXXCAttributeChildren for AX element pid: 29785, elementOrHash.elementID: 4443193344.7
2026-08-12 15:43:05.616 Df IlliniCover[29785:3d84d9] [com.apple.dt.xctest:Default] Got attributes, transferring to dictionary for return.
2026-08-12 15:43:05.616 Df IlliniCover[29785:3d84d9] [com.apple.dt.xctest:Default] Other (AX element pid: 29785, elementOrHash.elementID: 4443193344.7) faulted in {
    "XC_kAXXCAttributeChildren" =     (
        "AX element pid: 29785, elementOrHash.elementID: 4390652544.10"
    );
}: (no error) for children using XC_kAXXCAttributeChildren
2026-08-12 15:43:05.616 Df IlliniCover[29785:3d84d9] [com.apple.dt.xctest:Default] Fetching AX attributes XC_kAXXCAttributeElementType, XC_kAXXCAttributeElementBaseType, XC_kAXXCAttributeTraits, XC_kAXXCAttributeAutomationType for AX element pid: 29785, elementOrHash.elementID: 4390652544.10
2026-08-12 15:43:05.616 Df IlliniCover[29785:3d84d9] [com.apple.dt.xctest:Default] Got attributes, transferring to dictionary for return.
2026-08-12 15:43:05.616 Df IlliniCover[29785:3d84d9] [com.apple.dt.xctest:Default] AX element pid: 29785, elementOrHash.elementID: 4390652544.10 (AX element pid: 29785, elementOrHash.elementID: 4390652544.10) faulted in {
    "XC_kAXXCAttributeAutomationType" = 0;
    "XC_kAXXCAttributeElementBaseType" = UIView;
    "XC_kAXXCAttributeElementType" = RCTSurfaceView;
    "XC_kAXXCAttributeTraits" = 8589934592;
}: (no error) for elementType using XC_kAXXCAttributeElementType, XC_kAXXCAttributeElementBaseType, XC_kAXXCAttributeTraits, XC_kAXXCAttributeAutomationType
2026-08-12 15:43:05.616 Df IlliniCover[29785:3d84d9] [com.apple.dt.xctest:Default] Computed elementType Other.
2026-08-12 15:43:05.616 Df IlliniCover[29785:3d84d9] [com.apple.dt.xctest:Default] Fetching AX attributes XC_kAXXCAttributeChildren for AX element pid: 29785, elementOrHash.elementID: 4862729728.427
2026-08-12 15:43:05.616 Df IlliniCover[29785:3d84d9] [com.apple.dt.xctest:Default] Got attributes, transferring to dictionary for return.
2026-08-12 15:43:05.616 Df IlliniCover[29785:3d84d9] [com.apple.dt.xctest:Default] Button (AX element pid: 29785, elementOrHash.elementID: 4862729728.427) faulted in {
    "XC_kAXXCAttributeChildren" =     (
    );
}: (no error) for children using XC_kAXXCAttributeChildren
2026-08-12 15:43:05.616 Df IlliniCover[29785:3d84d9] [com.apple.dt.xctest:Default] Fetching AX attributes XC_kAXXCAttributeChildren for AX element pid: 29785, elementOrHash.elementID: 4442238336.428
2026-08-12 15:43:05.616 Df IlliniCover[29785:3d84d9] [com.apple.dt.xctest:Default] Got attributes, transferring to dictionary for return.
2026-08-12 15:43:05.616 Df IlliniCover[29785:3d84d9] [com.apple.dt.xctest:Default] Other (AX element pid: 29785, elementOrHash.elementID: 4442238336.428) faulted in {
    "XC_kAXXCAttributeChildren" =     (
        "AX element pid: 29785, elementOrHash.elementID: 4442238784.430"
    );
}: (no error) for children using XC_kAXXCAttributeChildren
2026-08-12 15:43:05.616 Df IlliniCover[29785:3d84d9] [com.apple.dt.xctest:Default] Fetching AX attributes XC_kAXXCAttributeElementType, XC_kAXXCAttributeElementBaseType, XC_kAXXCAttributeTraits, XC_kAXXCAttributeAutomationType for AX element pid: 29785, elementOrHash.elementID: 4442238784.430
2026-08-12 15:43:05.616 Df IlliniCover[29785:3d84d9] [com.apple.dt.xctest:Default] Got attributes, transferring to dictionary for return.
2026-08-12 15:43:05.616 Df IlliniCover[29785:3d84d9] [com.apple.dt.xctest:Default] AX element pid: 29785, elementOrHash.elementID: 4442238784.430 (AX element pid: 29785, elementOrHash.elementID: 4442238784.430) faulted in {
    "XC_kAXXCAttributeAutomationType" = 0;
    "XC_kAXXCAttributeElementBaseType" = UIView;
    "XC_kAXXCAttributeElementType" = UIView;
    "XC_kAXXCAttributeTraits" = 8589934592;
}: (no error) for elementType using XC_kAXXCAttributeElementType, XC_kAXXCAttributeElementBaseType, XC_kAXXCAttributeTraits, XC_kAXXCAttributeAutomationType
2026-08-12 15:43:05.616 Df IlliniCover[29785:3d84d9] [com.apple.dt.xctest:Default] Computed elementType Other.
2026-08-12 15:43:05.616 Df IlliniCover[29785:3d84d9] [com.apple.dt.xctest:Default] Fetching AX attributes XC_kAXXCAttributeChildren for AX element pid: 29785, elementOrHash.elementID: 4862736896.429
2026-08-12 15:43:05.616 Df IlliniCover[29785:3d84d9] [com.apple.dt.xctest:Default] Got attributes, transferring to dictionary for return.
2026-08-12 15:43:05.616 Df IlliniCover[29785:3d84d9] [com.apple.dt.xctest:Default] Other (AX element pid: 29785, elementOrHash.elementID: 4862736896.429) faulted in {
    "XC_kAXXCAttributeChildren" =     (
        "AX element pid: 29785, elementOrHash.elementID: 4864840064.431"
    );
}: (no error) for children using XC_kAXXCAttributeChildren
2026-08-12 15:43:05.616 Df IlliniCover[29785:3d84d9] [com.apple.dt.xctest:Default] Fetching AX attributes XC_kAXXCAttributeElementType, XC_kAXXCAttributeElementBaseType, XC_kAXXCAttributeTraits, XC_kAXXCAttributeAutomationType for AX element pid: 29785, elementOrHash.elementID: 4864840064.431
2026-08-12 15:43:05.616 Df IlliniCover[29785:3d84d9] [com.apple.dt.xctest:Default] Got attributes, transferring to dictionary for return.
2026-08-12 15:43:05.616 Df IlliniCover[29785:3d84d9] [com.apple.dt.xctest:Default] AX element pid: 29785, elementOrHash.elementID: 4864840064.431 (AX element pid: 29785, elementOrHash.elementID: 4864840064.431) faulted in {
    "XC_kAXXCAttributeAutomationType" = 0;
    "XC_kAXXCAttributeElementBaseType" = "_TtC5UIKitP33_0A8B4DB961B57EBA158E8356A5AC0B1F19GlassGroupLayerView";
    "XC_kAXXCAttributeElementType" = "_TtC5UIKitP33_0A8B4DB961B57EBA158E8356A5AC0B1F19GlassGroupLayerView";
    "XC_kAXXCAttributeTraits" = 8589934592;
}: (no error) for elementType using XC_kAXXCAttributeElementType, XC_kAXXCAttributeElementBaseType, XC_kAXXCAttributeTraits, XC_kAXXCAttributeAutomationType
2026-08-12 15:43:05.616 Df IlliniCover[29785:3d84d9] [com.apple.dt.xctest:Default] Computed elementType Other.
2026-08-12 15:43:05.616 Df IlliniCover[29785:3d84d9] [com.apple.dt.xctest:Default] Fetching AX attributes XC_kAXXCAttributeChildren for AX element pid: 29785, elementOrHash.elementID: 4861388544.517
2026-08-12 15:43:05.616 Df IlliniCover[29785:3d84d9] [com.apple.dt.xctest:Default] Got attributes, transferring to dictionary for return.
2026-08-12 15:43:05.616 Df IlliniCover[29785:3d84d9] [com.apple.dt.xctest:Default] Other (AX element pid: 29785, elementOrHash.elementID: 4861388544.517) faulted in {
    "XC_kAXXCAttributeChildren" =     (
        "AX element pid: 29785, elementOrHash.elementID: 4861389312.523",
        "AX element pid: 29785, elementOrHash.elementID: 4861390080.524"
    );
}: (no error) for children using XC_kAXXCAttributeChildren
2026-08-12 15:43:05.616 Df IlliniCover[29785:3d84d9] [com.apple.dt.xctest:Default] Fetching AX attributes XC_kAXXCAttributeElementType, XC_kAXXCAttributeElementBaseType, XC_kAXXCAttributeTraits, XC_kAXXCAttributeAutomationType for AX element pid: 29785, elementOrHash.elementID: 4861389312.523
2026-08-12 15:43:05.616 Df IlliniCover[29785:3d84d9] [com.apple.dt.xctest:Default] Got attributes, transferring to dictionary for return.
2026-08-12 15:43:05.616 Df IlliniCover[29785:3d84d9] [com.apple.dt.xctest:Default] AX element pid: 29785, elementOrHash.elementID: 4861389312.523 (AX element pid: 29785, elementOrHash.elementID: 4861389312.523) faulted in {
    "XC_kAXXCAttributeAutomationType" = 9;
    "XC_kAXXCAttributeElementBaseType" = UIView;
    "XC_kAXXCAttributeElementType" = RCTViewComponentView;
    "XC_kAXXCAttributeTraits" = 8589934593;
}: (no error) for elementType using XC_kAXXCAttributeElementType, XC_kAXXCAttributeElementBaseType, XC_kAXXCAttributeTraits, XC_kAXXCAttributeAutomationType
2026-08-12 15:43:05.616 Df IlliniCover[29785:3d84d9] [com.apple.dt.xctest:Default] Computed elementType Button.
2026-08-12 15:43:05.616 Df IlliniCover[29785:3d84d9] [com.apple.dt.xctest:Default] Fetching AX attributes XC_kAXXCAttributeElementType, XC_kAXXCAttributeElementBaseType, XC_kAXXCAttributeTraits, XC_kAXXCAttributeAutomationType for AX element pid: 29785, elementOrHash.elementID: 4861390080.524
2026-08-12 15:43:05.616 Df IlliniCover[29785:3d84d9] [com.apple.dt.xctest:Default] Got attributes, transferring to dictionary for return.
2026-08-12 15:43:05.616 Df IlliniCover[29785:3d84d9] [com.apple.dt.xctest:Default] AX element pid: 29785, elementOrHash.elementID: 4861390080.524 (AX element pid: 29785, elementOrHash.elementID: 4861390080.524) faulted in {
    "XC_kAXXCAttributeAutomationType" = 0;
    "XC_kAXXCAttributeElementBaseType" = UIView;
    "XC_kAXXCAttributeElementType" = RCTViewComponentView;
    "XC_kAXXCAttributeTraits" = 8589934592;
}: (no error) for elementType using XC_kAXXCAttributeElementType, XC_kAXXCAttributeElementBaseType, XC_kAXXCAttributeTraits, XC_kAXXCAttributeAutomationType
2026-08-12 15:43:05.616 Df IlliniCover[29785:3d84d9] [com.apple.dt.xctest:Default] Computed elementType Other.
2026-08-12 15:43:05.616 Df IlliniCover[29785:3d84d9] [com.apple.dt.xctest:Default] Fetching AX attributes XC_kAXXCAttributeChildren for AX element pid: 29785, elementOrHash.elementID: 4783817728.518
2026-08-12 15:43:05.616 Df IlliniCover[29785:3d84d9] [com.apple.dt.xctest:Default] Got attributes, transferring to dictionary for return.
2026-08-12 15:43:05.616 Df IlliniCover[29785:3d84d9] [com.apple.dt.xctest:Default] Other (AX element pid: 29785, elementOrHash.elementID: 4783817728.518) faulted in {
    "XC_kAXXCAttributeChildren" =     (
    );
}: (no error) for children using XC_kAXXCAttributeChildren
2026-08-12 15:43:05.616 Df IlliniCover[29785:3d84d9] [com.apple.dt.xctest:Default] Fetching AX attributes XC_kAXXCAttributeChildren for AX element pid: 29785, elementOrHash.elementID: 4443851008.519
2026-08-12 15:43:05.617 Df IlliniCover[29785:3d84d9] [com.apple.dt.xctest:Default] Got attributes, transferring to dictionary for return.
2026-08-12 15:43:05.617 Df IlliniCover[29785:3d84d9] [com.apple.dt.xctest:Default] Other (AX element pid: 29785, elementOrHash.elementID: 4443851008.519) faulted in {
    "XC_kAXXCAttributeChildren" =     (
        "AX element pid: 29785, elementOrHash.elementID: 4441868480.525"
    );
}: (no error) for children using XC_kAXXCAttributeChildren
2026-08-12 15:43:05.617 Df IlliniCover[29785:3d84d9] [com.apple.dt.xctest:Default] Fetching AX attributes XC_kAXXCAttributeElementType, XC_kAXXCAttributeElementBaseType, XC_kAXXCAttributeTraits, XC_kAXXCAttributeAutomationType for AX element pid: 29785, elementOrHash.elementID: 4441868480.525
2026-08-12 15:43:05.617 Df IlliniCover[29785:3d84d9] [com.apple.dt.xctest:Default] Got attributes, transferring to dictionary for return.
2026-08-12 15:43:05.617 Df IlliniCover[29785:3d84d9] [com.apple.dt.xctest:Default] AX element pid: 29785, elementOrHash.elementID: 4441868480.525 (AX element pid: 29785, elementOrHash.elementID: 4441868480.525) faulted in {
    "XC_kAXXCAttributeAutomationType" = 0;
    "XC_kAXXCAttributeElementBaseType" = UIView;
    "XC_kAXXCAttributeElementType" = UIView;
    "XC_kAXXCAttributeTraits" = 8589934592;
}: (no error) for elementType using XC_kAXXCAttributeElementType, XC_kAXXCAttributeElementBaseType, XC_kAXXCAttributeTraits, XC_kAXXCAttributeAutomationType
2026-08-12 15:43:05.617 Df IlliniCover[29785:3d84d9] [com.apple.dt.xctest:Default] Computed elementType Other.
2026-08-12 15:43:05.617 Df IlliniCover[29785:3d84d9] [com.apple.dt.xctest:Default] Fetching AX attributes XC_kAXXCAttributeChildren for AX element pid: 29785, elementOrHash.elementID: 4442407808.520
2026-08-12 15:43:05.617 Df IlliniCover[29785:3d84d9] [com.apple.dt.xctest:Default] Got attributes, transferring to dictionary for return.
2026-08-12 15:43:05.617 Df IlliniCover[29785:3d84d9] [com.apple.dt.xctest:Default] Other (AX element pid: 29785, elementOrHash.elementID: 4442407808.520) faulted in {
    "XC_kAXXCAttributeChildren" =     (
        "AX element pid: 29785, elementOrHash.elementID: 4834582016.526"
    );
}: (no error) for children using XC_kAXXCAttributeChildren
2026-08-12 15:43:05.617 Df IlliniCover[29785:3d84d9] [com.apple.dt.xctest:Default] Fetching AX attributes XC_kAXXCAttributeElementType, XC_kAXXCAttributeElementBaseType, XC_kAXXCAttributeTraits, XC_kAXXCAttributeAutomationType for AX element pid: 29785, elementOrHash.elementID: 4834582016.526
2026-08-12 15:43:05.617 Df IlliniCover[29785:3d84d9] [com.apple.dt.xctest:Default] Got attributes, transferring to dictionary for return.
2026-08-12 15:43:05.617 Df IlliniCover[29785:3d84d9] [com.apple.dt.xctest:Default] AX element pid: 29785, elementOrHash.elementID: 4834582016.526 (AX element pid: 29785, elementOrHash.elementID: 4834582016.526) faulted in {
    "XC_kAXXCAttributeAutomationType" = 0;
    "XC_kAXXCAttributeElementBaseType" = UIKBInputBackdropView;
    "XC_kAXXCAttributeElementType" = UIKBInputBackdropView;
    "XC_kAXXCAttributeTraits" = 8589934592;
}: (no error) for elementType using XC_kAXXCAttributeElementType, XC_kAXXCAttributeElementBaseType, XC_kAXXCAttributeTraits, XC_kAXXCAttributeAutomationType
2026-08-12 15:43:05.617 Df IlliniCover[29785:3d84d9] [com.apple.dt.xctest:Default] Computed elementType Other.
2026-08-12 15:43:05.617 Df IlliniCover[29785:3d84d9] [com.apple.dt.xctest:Default] Fetching AX attributes XC_kAXXCAttributeChildren for AX element pid: 29785, elementOrHash.elementID: 4441875200.521
2026-08-12 15:43:05.617 Df IlliniCover[29785:3d84d9] [com.apple.dt.xctest:Default] Got attributes, transferring to dictionary for return.
2026-08-12 15:43:05.617 Df IlliniCover[29785:3d84d9] [com.apple.dt.xctest:Default] Other (AX element pid: 29785, elementOrHash.elementID: 4441875200.521) faulted in {
    "XC_kAXXCAttributeChildren" =     (
        "AX element pid: 29785, elementOrHash.elementID: 4783893760.527"
    );
}: (no error) for children using XC_kAXXCAttributeChildren
2026-08-12 15:43:05.617 Df IlliniCover[29785:3d84d9] [com.apple.dt.xctest:Default] Fetching AX attributes XC_kAXXCAttributeElementType, XC_kAXXCAttributeElementBaseType, XC_kAXXCAttributeTraits, XC_kAXXCAttributeAutomationType for AX element pid: 29785, elementOrHash.elementID: 4783893760.527
2026-08-12 15:43:05.617 Df IlliniCover[29785:3d84d9] [com.apple.dt.xctest:Default] Got attributes, transferring to dictionary for return.
2026-08-12 15:43:05.617 Df IlliniCover[29785:3d84d9] [com.apple.dt.xctest:Default] AX element pid: 29785, elementOrHash.elementID: 4783893760.527 (AX element pid: 29785, elementOrHash.elementID: 4783893760.527) faulted in {
    "XC_kAXXCAttributeAutomationType" = 19;
    "XC_kAXXCAttributeElementBaseType" = UIKeyboardAutomatic;
    "XC_kAXXCAttributeElementType" = UIKeyboardAutomatic;
    "XC_kAXXCAttributeTraits" = 8589934592;
}: (no error) for elementType using XC_kAXXCAttributeElementType, XC_kAXXCAttributeElementBaseType, XC_kAXXCAttributeTraits, XC_kAXXCAttributeAutomationType
2026-08-12 15:43:05.617 Df IlliniCover[29785:3d84d9] [com.apple.dt.xctest:Default] Computed elementType Keyboard.
2026-08-12 15:43:05.617 Df IlliniCover[29785:3d84d9] [com.apple.dt.xctest:Default] [First Match] match found and no more transformers in the current sequence - done, returning Keyboard
2026-08-12 15:43:05.617 Df IlliniCover[29785:3d84d9] [com.apple.dt.xctest:Default] [First Match] unioned related elements {(
)} from {(
)}
2026-08-12 15:43:05.617 Df IlliniCover[29785:3d84ed] [com.apple.dt.xctest:Default] Current tree:
0x120cd9040 <App element pid: 29785>
  Window, 0x120cdb200 <AX element pid: 29785, elementOrHash.elementID: 4389406720.4>
    Other, 0x120cdb0c0 <AX element pid: 29785, elementOrHash.elementID: 4442509824.5>
      Other, 0x120cda6c0 <AX element pid: 29785, elementOrHash.elementID: 4443196544.6>
        Other, 0x120cd8140 <AX element pid: 29785, elementOrHash.elementID: 4783864192.426>
        Other, 0x120cd92c0 <AX element pid: 29785, elementOrHash.elementID: 4443193344.7>
          Other, 0x121c63c00 <AX element pid: 29785, elementOrHash.elementID: 4390652544.10>
    Other, 0x120cdb700 <AX element pid: 29785, elementOrHash.elementID: 4862728192.423>
      Other, 0x120cda440 <AX element pid: 29785, elementOrHash.elementID: 4783863552.424>
      Other, 0x120cda300 <AX element pid: 29785, elementOrHash.elementID: 4783864832.425>
        Button, 0x120cdb480 <AX element pid: 29785, elementOrHash.elementID: 4862729728.427>
        Other, 0x120cd9b80 <AX element pid: 29785, elementOrHash.elementID: 4442238<…>
2026-08-12 15:43:05.617 Df IlliniCover[29785:3d84ed] [com.apple.dt.xctest:Default] Query ↪︎ Descendants matching type Keyboard (First Match) found matching snapshots: {(
    Keyboard
)} (error: (null))
2026-08-12 15:43:05.618 Df IlliniCover[29785:3d84ed] [com.apple.dt.xctest:Default] Replying to query ↪︎ Descendants matching type Keyboard (First Match) with results: <XCTElementQueryResults: 0x11cf9d590> (error: (null))
2026-08-12 15:43:05.638 Df IlliniCover[29785:3d84d9] [com.apple.UIKit:KeyboardUI] Keyboard receives keyEvent type: 4; subtype: 0
2026-08-12 15:43:05.643 Df IlliniCover[29785:3d84d9] [com.apple.UIKit:KeyboardUI] Keyboard adds a string
2026-08-12 15:43:05.647 A  IlliniCover[29785:3d84d9] (UIKitCore) send control actions
2026-08-12 15:43:05.647 Df IlliniCover[29785:3d84d9] [com.apple.UIKit:KeyboardUI] Keyboard inserts text
2026-08-12 15:43:05.648 Df IlliniCover[29785:3d84d9] [com.apple.UIKit:EventDispatch] Evaluating dispatch of UIEvent: 0x121c63200; type: 4; subtype: 0; backing type: 30; shouldSend: 0; ignoreInteractionEvents: 0, systemGestureStateChange: 0
2026-08-12 15:43:05.656 Df IlliniCover[29785:3d84d9] [com.apple.UIKit:UIPeripheralHost] endPlacementForInputViewSet: <<UIInputViewSet: 0x121c54b40>; keyboard = <UIKeyboardAutomatic: 0x11d246d00; frame = (0 0; 390 233); opaque = NO; layer = <CALayer: 0x11d228d50>>%; assistant = <TUISystemInputAssistantView: 0x108dfc900; frame = (0 0; 390 44); >; usesKeyClicks = NO;  > windowScene: <_UIKeyboardWindowScene: 0x11d322d00; role: _UIScreenBasedSceneSession; persistentIdentifier: BC27358A-21DF-425D-A69A-5FD31621A93D; activationState: UISceneActivationStateForegroundActive>
2026-08-12 15:43:05.656 Df IlliniCover[29785:3d84d9] [com.apple.UIKit:UIPeripheralHost] endPlacementForInputViewSet, returning -> <UIInputViewSetPlacementOnScreen>
2026-08-12 15:43:05.656 Df IlliniCover[29785:3d84d9] [com.apple.UIKit:UIPeripheralHost] endPlacementForInputViewSet: <<UIInputViewSet: 0x121c54b40>; keyboard = <UIKeyboardAutomatic: 0x11d246d00; frame = (0 0; 390 233); opaque = NO; layer = <CALayer: 0x11d228d50>>%; assistant = <TUISystemInputAssistantView: 0x108dfc900; frame = (0 0; 390 44); >; usesKeyClicks = NO;  > windowScene: <_UIKeyboardWindowScene: 0x11d322d00; role: _UIScreenBasedSceneSession; persistentIdentifier: BC27358A-21DF-425D-A69A-5FD31621A93D; activationState: UISceneActivationStateForegroundActive>
2026-08-12 15:43:05.656 Df IlliniCover[29785:3d84d9] [com.apple.UIKit:UIPeripheralHost] endPlacementForInputViewSet, returning -> <UIInputViewSetPlacementOnScreen>
2026-08-12 15:43:05.657 Df IlliniCover[29785:3d84d9] [com.apple.UIKit:UIPeripheralHost] endPlacementForInputViewSet: <<UIInputViewSet: 0x121c54b40>; keyboard = <UIKeyboardAutomatic: 0x11d246d00; frame = (0 0; 390 233); opaque = NO; layer = <CALayer: 0x11d228d50>>%; assistant = <TUISystemInputAssistantView: 0x108dfc900; frame = (0 0; 390 44); >; usesKeyClicks = NO;  > windowScene: <_UIKeyboardWindowScene: 0x11d322d00; role: _UIScreenBasedSceneSession; persistentIdentifier: BC27358A-21DF-425D-A69A-5FD31621A93D; activationState: UISceneActivationStateForegroundActive>
2026-08-12 15:43:05.657 Df IlliniCover[29785:3d84d9] [com.apple.UIKit:UIPeripheralHost] endPlacementForInputViewSet, returning -> <UIInputViewSetPlacementOnScreen>
2026-08-12 15:43:05.657 Df IlliniCover[29785:3d84d9] [com.apple.UIKit:UIPeripheralHost] endPlacementForInputViewSet: <<UIInputViewSet: 0x121c54b40>; keyboard = <UIKeyboardAutomatic: 0x11d246d00; frame = (0 0; 390 233); opaque = NO; layer = <CALayer: 0x11d228d50>>%; assistant = <TUISystemInputAssistantView: 0x108dfc900; frame = (0 0; 390 44); >; usesKeyClicks = NO;  > windowScene: <_UIKeyboardWindowScene: 0x11d322d00; role: _UIScreenBasedSceneSession; persistentIdentifier: BC27358A-21DF-425D-A69A-5FD31621A93D; activationState: UISceneActivationStateForegroundActive>
2026-08-12 15:43:05.657 Df IlliniCover[29785:3d84d9] [com.apple.UIKit:UIPeripheralHost] endPlacementForInputViewSet, returning -> <UIInputViewSetPlacementOnScreen>
2026-08-12 15:43:05.657 Df IlliniCover[29785:3d84d9] [com.apple.UIKit:UIPeripheralHost] endPlacementForInputViewSet: <<UIInputViewSet: 0x121c54b40>; keyboard = <UIKeyboardAutomatic: 0x11d246d00; frame = (0 0; 390 233); opaque = NO; layer = <CALayer: 0x11d228d50>>%; assistant = <TUISystemInputAssistantView: 0x108dfc900; frame = (0 0; 390 44); >; usesKeyClicks = NO;  > windowScene: <_UIKeyboardWindowScene: 0x11d322d00; role: _UIScreenBasedSceneSession; persistentIdentifier: BC27358A-21DF-425D-A69A-5FD31621A93D; activationState: UISceneActivationStateForegroundActive>
2026-08-12 15:43:05.657 Df IlliniCover[29785:3d84d9] [com.apple.UIKit:UIPeripheralHost] endPlacementForInputViewSet, returning -> <UIInputViewSetPlacementOnScreen>
2026-08-12 15:43:05.657 Df IlliniCover[29785:3d84d9] [com.apple.UIKit:UIPeripheralHost] endPlacementForInputViewSet: <<UIInputViewSet: 0x121c54b40>; keyboard = <UIKeyboardAutomatic: 0x11d246d00; frame = (0 0; 390 233); opaque = NO; layer = <CALayer: 0x11d228d50>>%; assistant = <TUISystemInputAssistantView: 0x108dfc900; frame = (0 0; 390 44); >; usesKeyClicks = NO;  > windowScene: <_UIKeyboardWindowScene: 0x11d322d00; role: _UIScreenBasedSceneSession; persistentIdentifier: BC27358A-21DF-425D-A69A-5FD31621A93D; activationState: UISceneActivationStateForegroundActive>
2026-08-12 15:43:05.657 Df IlliniCover[29785:3d84d9] [com.apple.UIKit:UIPeripheralHost] endPlacementForInputViewSet, returning -> <UIInputViewSetPlacementOnScreen>
2026-08-12 15:43:05.657 Df IlliniCover[29785:3d84d9] [com.apple.UIKit:UIPeripheralHost] endPlacementForInputViewSet: <<UIInputViewSet: 0x121c54b40>; keyboard = <UIKeyboardAutomatic: 0x11d246d00; frame = (0 0; 390 233); opaque = NO; layer = <CALayer: 0x11d228d50>>%; assistant = <TUISystemInputAssistantView: 0x108dfc900; frame = (0 0; 390 44); >; usesKeyClicks = NO;  > windowScene: <_UIKeyboardWindowScene: 0x11d322d00; role: _UIScreenBasedSceneSession; persistentIdentifier: BC27358A-21DF-425D-A69A-5FD31621A93D; activationState: UISceneActivationStateForegroundActive>
2026-08-12 15:43:05.657 Df IlliniCover[29785:3d84d9] [com.apple.UIKit:UIPeripheralHost] endPlacementForInputViewSet, returning -> <UIInputViewSetPlacementOnScreen>
2026-08-12 15:43:05.658 Df IlliniCover[29785:3d84d9] [com.apple.UIKit:UIPeripheralHost] endPlacementForInputViewSet: <<UIInputViewSet: 0x121c54b40>; keyboard = <UIKeyboardAutomatic: 0x11d246d00; frame = (0 0; 390 233); opaque = NO; layer = <CALayer: 0x11d228d50>>%; assistant = <TUISystemInputAssistantView: 0x108dfc900; frame = (0 0; 390 44); >; usesKeyClicks = NO;  > windowScene: <_UIKeyboardWindowScene: 0x11d322d00; role: _UIScreenBasedSceneSession; persistentIdentifier: BC27358A-21DF-425D-A69A-5FD31621A93D; activationState: UISceneActivationStateForegroundActive>
2026-08-12 15:43:05.658 Df IlliniCover[29785:3d84d9] [com.apple.UIKit:UIPeripheralHost] endPlacementForInputViewSet, returning -> <UIInputViewSetPlacementOnScreen>
2026-08-12 15:43:05.658 Df IlliniCover[29785:3d84d9] [com.apple.UIKit:UIPeripheralHost] endPlacementForInputViewSet: <<UIInputViewSet: 0x121c54b40>; keyboard = <UIKeyboardAutomatic: 0x11d246d00; frame = (0 0; 390 233); opaque = NO; layer = <CALayer: 0x11d228d50>>%; assistant = <TUISystemInputAssistantView: 0x108dfc900; frame = (0 0; 390 44); >; usesKeyClicks = NO;  > windowScene: <_UIKeyboardWindowScene: 0x11d322d00; role: _UIScreenBasedSceneSession; persistentIdentifier: BC27358A-21DF-425D-A69A-5FD31621A93D; activationState: UISceneActivationStateForegroundActive>
2026-08-12 15:43:05.658 Df IlliniCover[29785:3d84d9] [com.apple.UIKit:UIPeripheralHost] endPlacementForInputViewSet, returning -> <UIInputViewSetPlacementOnScreen>
2026-08-12 15:43:05.659 Df IlliniCover[29785:3d84d9] [com.apple.UIKit:UIPeripheralHost] endPlacementForInputViewSet: <<UIInputViewSet: 0x121c54b40>; keyboard = <UIKeyboardAutomatic: 0x11d246d00; frame = (0 0; 390 233); opaque = NO; layer = <CALayer: 0x11d228d50>>%; assistant = <TUISystemInputAssistantView: 0x108dfc900; frame = (0 0; 390 44); >; usesKeyClicks = NO;  > windowScene: <_UIKeyboardWindowScene: 0x11d322d00; role: _UIScreenBasedSceneSession; persistentIdentifier: BC27358A-21DF-425D-A69A-5FD31621A93D; activationState: UISceneActivationStateForegroundActive>
2026-08-12 15:43:05.659 Df IlliniCover[29785:3d84d9] [com.apple.UIKit:UIPeripheralHost] endPlacementForInputViewSet, returning -> <UIInputViewSetPlacementOnScreen>
2026-08-12 15:43:05.659 Df IlliniCover[29785:3d84d9] [com.apple.UIKit:UIPeripheralHost] endPlacementForInputViewSet: <<UIInputViewSet: 0x121c54b40>; keyboard = <UIKeyboardAutomatic: 0x11d246d00; frame = (0 0; 390 233); opaque = NO; layer = <CALayer: 0x11d228d50>>%; assistant = <TUISystemInputAssistantView: 0x108dfc900; frame = (0 0; 390 44); >; usesKeyClicks = NO;  > windowScene: <_UIKeyboardWindowScene: 0x11d322d00; role: _UIScreenBasedSceneSession; persistentIdentifier: BC27358A-21DF-425D-A69A-5FD31621A93D; activationState: UISceneActivationStateForegroundActive>
2026-08-12 15:43:05.659 Df IlliniCover[29785:3d84d9] [com.apple.UIKit:UIPeripheralHost] endPlacementForInputViewSet, returning -> <UIInputViewSetPlacementOnScreen>
2026-08-12 15:43:05.659 Df IlliniCover[29785:3d84d9] [com.apple.UIKit:UIPeripheralHost] endPlacementForInputViewSet: <<UIInputViewSet: 0x121c54b40>; keyboard = <UIKeyboardAutomatic: 0x11d246d00; frame = (0 0; 390 233); opaque = NO; layer = <CALayer: 0x11d228d50>>%; assistant = <TUISystemInputAssistantView: 0x108dfc900; frame = (0 0; 390 44); >; usesKeyClicks = NO;  > windowScene: <_UIKeyboardWindowScene: 0x11d322d00; role: _UIScreenBasedSceneSession; persistentIdentifier: BC27358A-21DF-425D-A69A-5FD31621A93D; activationState: UISceneActivationStateForegroundActive>
2026-08-12 15:43:05.659 Df IlliniCover[29785:3d84d9] [com.apple.UIKit:UIPeripheralHost] endPlacementForInputViewSet, returning -> <UIInputViewSetPlacementOnScreen>
2026-08-12 15:43:05.659 Df IlliniCover[29785:3d84d9] [com.apple.UIKit:UIPeripheralHost] endPlacementForInputViewSet: <<UIInputViewSet: 0x121c54b40>; keyboard = <UIKeyboardAutomatic: 0x11d246d00; frame = (0 0; 390 233); opaque = NO; layer = <CALayer: 0x11d228d50>>%; assistant = <TUISystemInputAssistantView: 0x108dfc900; frame = (0 0; 390 44); >; usesKeyClicks = NO;  > windowScene: <_UIKeyboardWindowScene: 0x11d322d00; role: _UIScreenBasedSceneSession; persistentIdentifier: BC27358A-21DF-425D-A69A-5FD31621A93D; activationState: UISceneActivationStateForegroundActive>
2026-08-12 15:43:05.659 Df IlliniCover[29785:3d84d9] [com.apple.UIKit:UIPeripheralHost] endPlacementForInputViewSet, returning -> <UIInputViewSetPlacementOnScreen>
2026-08-12 15:43:05.659 Df IlliniCover[29785:3d84d9] [com.apple.UIKit:UIPeripheralHost] endPlacementForInputViewSet: <<UIInputViewSet: 0x121c54b40>; keyboard = <UIKeyboardAutomatic: 0x11d246d00; frame = (0 0; 390 233); opaque = NO; layer = <CALayer: 0x11d228d50>>%; assistant = <TUISystemInputAssistantView: 0x108dfc900; frame = (0 0; 390 44); >; usesKeyClicks = NO;  > windowScene: <_UIKeyboardWindowScene: 0x11d322d00; role: _UIScreenBasedSceneSession; persistentIdentifier: BC27358A-21DF-425D-A69A-5FD31621A93D; activationState: UISceneActivationStateForegroundActive>
2026-08-12 15:43:05.659 Df IlliniCover[29785:3d84d9] [com.apple.UIKit:UIPeripheralHost] endPlacementForInputViewSet, returning -> <UIInputViewSetPlacementOnScreen>
2026-08-12 15:43:05.659 Df IlliniCover[29785:3d84d9] [com.apple.UIKit:UIPeripheralHost] endPlacementForInputViewSet: <<UIInputViewSet: 0x121c54b40>; keyboard = <UIKeyboardAutomatic: 0x11d246d00; frame = (0 0; 390 233); opaque = NO; layer = <CALayer: 0x11d228d50>>%; assistant = <TUISystemInputAssistantView: 0x108dfc900; frame = (0 0; 390 44); >; usesKeyClicks = NO;  > windowScene: <_UIKeyboardWindowScene: 0x11d322d00; role: _UIScreenBasedSceneSession; persistentIdentifier: BC27358A-21DF-425D-A69A-5FD31621A93D; activationState: UISceneActivationStateForegroundActive>
2026-08-12 15:43:05.660 Df IlliniCover[29785:3d84d9] [com.apple.UIKit:UIPeripheralHost] endPlacementForInputViewSet, returning -> <UIInputViewSetPlacementOnScreen>
2026-08-12 15:43:05.660 Df IlliniCover[29785:3d84d9] [com.apple.UIKit:UIPeripheralHost] endPlacementForInputViewSet: <<UIInputViewSet: 0x121c54b40>; keyboard = <UIKeyboardAutomatic: 0x11d246d00; frame = (0 0; 390 233); opaque = NO; layer = <CALayer: 0x11d228d50>>%; assistant = <TUISystemInputAssistantView: 0x108dfc900; frame = (0 0; 390 44); >; usesKeyClicks = NO;  > windowScene: <_UIKeyboardWindowScene: 0x11d322d00; role: _UIScreenBasedSceneSession; persistentIdentifier: BC27358A-21DF-425D-A69A-5FD31621A93D; activationState: UISceneActivationStateForegroundActive>
2026-08-12 15:43:05.660 Df IlliniCover[29785:3d84d9] [com.apple.UIKit:UIPeripheralHost] endPlacementForInputViewSet, returning -> <UIInputViewSetPlacementOnScreen>
2026-08-12 15:43:05.671 Df IlliniCover[29785:3d84d9] [com.apple.TextInputUI:DynamicKeyplaneView] Setting dynamic keyplane: Dynamic-QWERTY-British-Small_Small-Letters-Small-Display
2026-08-12 15:43:05.675 Df IlliniCover[29785:3d84ed] [com.apple.CFNetwork:Default] Task <838E493D-4063-4F5C-93E7-6F95160142BF>.<5> resuming, timeouts(0.0, 604800.0) qos(0x19) voucher((null)) activity(00000000-0000-0000-0000-000000000000)
2026-08-12 15:43:05.675 Df IlliniCover[29785:3d84ec] [com.apple.network:connection] [C3] event: client:connection_reused @7.206s
2026-08-12 15:43:05.676 Df IlliniCover[29785:3d84ec] [com.apple.CFNetwork:Default] Task <838E493D-4063-4F5C-93E7-6F95160142BF>.<5> now using Connection 3
2026-08-12 15:43:05.676 Df IlliniCover[29785:3d84ec] [com.apple.cfnetwork:h3stream] 0x11d081c18 ID=12 Task <838E493D-4063-4F5C-93E7-6F95160142BF>.<5> sent request, body N 0
2026-08-12 15:43:05.680 Df IlliniCover[29785:3d84d9] [com.apple.UIKit:UIPeripheralHost] endPlacementForInputViewSet: <<UIInputViewSet: 0x121c54b40>; keyboard = <UIKeyboardAutomatic: 0x11d246d00; frame = (0 0; 390 233); opaque = NO; layer = <CALayer: 0x11d228d50>>%; assistant = <TUISystemInputAssistantView: 0x108dfc900; frame = (0 0; 390 44); >; usesKeyClicks = NO;  > windowScene: <_UIKeyboardWindowScene: 0x11d322d00; role: _UIScreenBasedSceneSession; persistentIdentifier: BC27358A-21DF-425D-A69A-5FD31621A93D; activationState: UISceneActivationStateForegroundActive>
2026-08-12 15:43:05.680 Df IlliniCover[29785:3d84d9] [com.apple.UIKit:UIPeripheralHost] endPlacementForInputViewSet, returning -> <UIInputViewSetPlacementOnScreen>
2026-08-12 15:43:05.680 Df IlliniCover[29785:3d84d9] [com.apple.UIKit:UIPeripheralHost] endPlacementForInputViewSet: <<UIInputViewSet: 0x121c54b40>; keyboard = <UIKeyboardAutomatic: 0x11d246d00; frame = (0 0; 390 233); opaque = NO; layer = <CALayer: 0x11d228d50>>%; assistant = <TUISystemInputAssistantView: 0x108dfc900; frame = (0 0; 390 44); >; usesKeyClicks = NO;  > windowScene: <_UIKeyboardWindowScene: 0x11d322d00; role: _UIScreenBasedSceneSession; persistentIdentifier: BC27358A-21DF-425D-A69A-5FD31621A93D; activationState: UISceneActivationStateForegroundActive>
2026-08-12 15:43:05.680 Df IlliniCover[29785:3d84d9] [com.apple.UIKit:UIPeripheralHost] endPlacementForInputViewSet, returning -> <UIInputViewSetPlacementOnScreen>
2026-08-12 15:43:05.681 Df IlliniCover[29785:3d84d9] [com.apple.UIKit:UIPeripheralHost] endPlacementForInputViewSet: <<UIInputViewSet: 0x121c54b40>; keyboard = <UIKeyboardAutomatic: 0x11d246d00; frame = (0 0; 390 233); opaque = NO; layer = <CALayer: 0x11d228d50>>%; assistant = <TUISystemInputAssistantView: 0x108dfc900; frame = (0 0; 390 44); >; usesKeyClicks = NO;  > windowScene: <_UIKeyboardWindowScene: 0x11d322d00; role: _UIScreenBasedSceneSession; persistentIdentifier: BC27358A-21DF-425D-A69A-5FD31621A93D; activationState: UISceneActivationStateForegroundActive>
2026-08-12 15:43:05.681 Df IlliniCover[29785:3d84d9] [com.apple.UIKit:UIPeripheralHost] endPlacementForInputViewSet, returning -> <UIInputViewSetPlacementOnScreen>
2026-08-12 15:43:05.681 Df IlliniCover[29785:3d84d9] [com.apple.UIKit:UIPeripheralHost] endPlacementForInputViewSet: <<UIInputViewSet: 0x121c54b40>; keyboard = <UIKeyboardAutomatic: 0x11d246d00; frame = (0 0; 390 233); opaque = NO; layer = <CALayer: 0x11d228d50>>%; assistant = <TUISystemInputAssistantView: 0x108dfc900; frame = (0 0; 390 44); >; usesKeyClicks = NO;  > windowScene: <_UIKeyboardWindowScene: 0x11d322d00; role: _UIScreenBasedSceneSession; persistentIdentifier: BC27358A-21DF-425D-A69A-5FD31621A93D; activationState: UISceneActivationStateForegroundActive>
2026-08-12 15:43:05.681 Df IlliniCover[29785:3d84d9] [com.apple.UIKit:UIPeripheralHost] endPlacementForInputViewSet, returning -> <UIInputViewSetPlacementOnScreen>
2026-08-12 15:43:05.681 Df IlliniCover[29785:3d84d9] [com.apple.UIKit:KeyboardArbiterClientLog] -[_UIRemoteKeyboardPlaceholderView refreshPlaceholder]  refreshPlaceholder: size={390, 335} [previous size={390, 335}]
2026-08-12 15:43:05.722 Df IlliniCover[29785:3d8d34] [com.apple.renderbox:misc] RBDevice: initialized bg state: false
2026-08-12 15:43:06.371 Df IlliniCover[29785:3d84d9] [com.apple.UIKit:KeyboardUI] Keyboard receives keyEvent type: 4; subtype: 0
2026-08-12 15:43:06.372 Df IlliniCover[29785:3d84d9] [com.apple.UIKit:KeyboardUI] Keyboard adds a string
2026-08-12 15:43:06.375 A  IlliniCover[29785:3d84d9] (UIKitCore) send control actions
2026-08-12 15:43:06.375 Df IlliniCover[29785:3d84d9] [com.apple.UIKit:KeyboardUI] Keyboard inserts text
2026-08-12 15:43:06.375 Df IlliniCover[29785:3d84d9] [com.apple.UIKit:EventDispatch] Evaluating dispatch of UIEvent: 0x121c63200; type: 4; subtype: 0; backing type: 30; shouldSend: 0; ignoreInteractionEvents: 0, systemGestureStateChange: 0
2026-08-12 15:43:06.405 Df IlliniCover[29785:3d84d9] [com.apple.UIKit:KeyboardUI] Keyboard receives keyEvent type: 4; subtype: 0
2026-08-12 15:43:06.405 Df IlliniCover[29785:3d84d9] [com.apple.UIKit:KeyboardUI] Keyboard adds a string
2026-08-12 15:43:06.408 A  IlliniCover[29785:3d84d9] (UIKitCore) send control actions
2026-08-12 15:43:06.408 Df IlliniCover[29785:3d84d9] [com.apple.UIKit:KeyboardUI] Keyboard inserts text
2026-08-12 15:43:06.408 Df IlliniCover[29785:3d84d9] [com.apple.UIKit:EventDispatch] Evaluating dispatch of UIEvent: 0x121c63200; type: 4; subtype: 0; backing type: 30; shouldSend: 0; ignoreInteractionEvents: 0, systemGestureStateChange: 0
2026-08-12 15:43:06.415 Df IlliniCover[29785:3d84ef] [com.apple.CFNetwork:Default] Task <44E26BAD-3C1C-4510-ABB4-0991818685F0>.<6> resuming, timeouts(0.0, 604800.0) qos(0x19) voucher((null)) activity(00000000-0000-0000-0000-000000000000)
2026-08-12 15:43:06.415 Df IlliniCover[29785:3d84ed] [com.apple.CFNetwork:Default] Task <44E26BAD-3C1C-4510-ABB4-0991818685F0>.<6> now using Connection 3
2026-08-12 15:43:06.416 Df IlliniCover[29785:3d84ed] [com.apple.cfnetwork:h3stream] 0x11d082bd8 ID=16 Task <44E26BAD-3C1C-4510-ABB4-0991818685F0>.<6> sent request, body N 0
2026-08-12 15:43:06.440 Df IlliniCover[29785:3d84ef] [com.apple.CFNetwork:Default] Task <E22C4298-20BF-45AD-BF04-3199AAC9CEFE>.<7> resuming, timeouts(0.0, 604800.0) qos(0x19) voucher((null)) activity(00000000-0000-0000-0000-000000000000)
2026-08-12 15:43:06.441 Df IlliniCover[29785:3d84ed] [com.apple.CFNetwork:Default] Task <E22C4298-20BF-45AD-BF04-3199AAC9CEFE>.<7> now using Connection 3
2026-08-12 15:43:06.441 Df IlliniCover[29785:3d84ed] [com.apple.cfnetwork:h3stream] 0x11d082d98 ID=20 Task <E22C4298-20BF-45AD-BF04-3199AAC9CEFE>.<7> sent request, body N 0
2026-08-12 15:43:06.455 Df IlliniCover[29785:3d84d9] [com.apple.UIKit:KeyboardUI] Keyboard receives keyEvent type: 4; subtype: 0
2026-08-12 15:43:06.455 Df IlliniCover[29785:3d84d9] [com.apple.UIKit:KeyboardUI] Keyboard adds a string
2026-08-12 15:43:06.457 A  IlliniCover[29785:3d84d9] (UIKitCore) send control actions
2026-08-12 15:43:06.457 Df IlliniCover[29785:3d84d9] [com.apple.UIKit:KeyboardUI] Keyboard inserts text
2026-08-12 15:43:06.457 Df IlliniCover[29785:3d84d9] [com.apple.UIKit:EventDispatch] Evaluating dispatch of UIEvent: 0x121c63200; type: 4; subtype: 0; backing type: 30; shouldSend: 0; ignoreInteractionEvents: 0, systemGestureStateChange: 0
2026-08-12 15:43:06.480 Df IlliniCover[29785:3d84ef] [com.apple.CFNetwork:Default] Task <B6DFA435-1D3A-4696-BDC4-F8A82F8B02FA>.<8> resuming, timeouts(0.0, 604800.0) qos(0x19) voucher((null)) activity(00000000-0000-0000-0000-000000000000)
2026-08-12 15:43:06.480 Df IlliniCover[29785:3d84ed] [com.apple.CFNetwork:Default] Task <B6DFA435-1D3A-4696-BDC4-F8A82F8B02FA>.<8> now using Connection 3
2026-08-12 15:43:06.481 Df IlliniCover[29785:3d84ed] [com.apple.cfnetwork:h3stream] 0x11d083d58 ID=24 Task <B6DFA435-1D3A-4696-BDC4-F8A82F8B02FA>.<8> sent request, body N 0
2026-08-12 15:43:06.488 Df IlliniCover[29785:3d84d9] [com.apple.UIKit:KeyboardUI] Keyboard receives keyEvent type: 4; subtype: 0
2026-08-12 15:43:06.488 Df IlliniCover[29785:3d84d9] [com.apple.UIKit:KeyboardUI] Keyboard adds a string
2026-08-12 15:43:06.490 A  IlliniCover[29785:3d84d9] (UIKitCore) send control actions
2026-08-12 15:43:06.490 Df IlliniCover[29785:3d84d9] [com.apple.UIKit:KeyboardUI] Keyboard inserts text
2026-08-12 15:43:06.490 Df IlliniCover[29785:3d84d9] [com.apple.UIKit:EventDispatch] Evaluating dispatch of UIEvent: 0x121c63200; type: 4; subtype: 0; backing type: 30; shouldSend: 0; ignoreInteractionEvents: 0, systemGestureStateChange: 0
2026-08-12 15:43:06.511 Df IlliniCover[29785:3d84ed] [com.apple.cfnetwork:h3stream] 0x11d081c18 ID=12 Task <838E493D-4063-4F5C-93E7-6F95160142BF>.<5> received response, status 200 content K
2026-08-12 15:43:06.511 Df IlliniCover[29785:3d84ed] [com.apple.CFNetwork:Default] Task <838E493D-4063-4F5C-93E7-6F95160142BF>.<5> response ended
2026-08-12 15:43:06.511 Df IlliniCover[29785:3d84ed] [com.apple.CFNetwork:Default] Task <838E493D-4063-4F5C-93E7-6F95160142BF>.<5> done using Connection 3
2026-08-12 15:43:06.511 Df IlliniCover[29785:3d84ef] [com.apple.CFNetwork:Summary] Task <838E493D-4063-4F5C-93E7-6F95160142BF>.<5> summary for task success {transaction_duration_ms=836, response_status=200, connection=3, reused=1, reused_after_ms=732, request_start_ms=0, request_duration_ms=0, response_start_ms=835, response_duration_ms=0, request_bytes=417, request_throughput_kbps=14697, response_bytes=1408, response_throughput_kbps=26752, cache_hit=false}
2026-08-12 15:43:06.512 Df IlliniCover[29785:3d84ef] [com.apple.CFNetwork:Default] Task <838E493D-4063-4F5C-93E7-6F95160142BF>.<5> finished successfully
2026-08-12 15:43:06.515 Df IlliniCover[29785:3d84ed] [com.apple.CFNetwork:Default] Task <1339305C-57CA-456A-97EF-6C3EF4BF4A88>.<9> resuming, timeouts(0.0, 604800.0) qos(0x19) voucher((null)) activity(00000000-0000-0000-0000-000000000000)
2026-08-12 15:43:06.515 Df IlliniCover[29785:3d84ec] [com.apple.CFNetwork:Default] Task <1339305C-57CA-456A-97EF-6C3EF4BF4A88>.<9> now using Connection 3
2026-08-12 15:43:06.515 Df IlliniCover[29785:3d84ec] [com.apple.cfnetwork:h3stream] 0x11d0b4718 ID=28 Task <1339305C-57CA-456A-97EF-6C3EF4BF4A88>.<9> sent request, body N 0
2026-08-12 15:43:06.522 Df IlliniCover[29785:3d84d9] [com.apple.UIKit:KeyboardUI] Keyboard receives keyEvent type: 4; subtype: 0
2026-08-12 15:43:06.522 Df IlliniCover[29785:3d84d9] [com.apple.UIKit:KeyboardUI] Keyboard adds a string
2026-08-12 15:43:06.523 A  IlliniCover[29785:3d84d9] (UIKitCore) send control actions
2026-08-12 15:43:06.523 Df IlliniCover[29785:3d84d9] [com.apple.UIKit:KeyboardUI] Keyboard inserts text
2026-08-12 15:43:06.524 Df IlliniCover[29785:3d84d9] [com.apple.UIKit:EventDispatch] Evaluating dispatch of UIEvent: 0x121c63200; type: 4; subtype: 0; backing type: 30; shouldSend: 0; ignoreInteractionEvents: 0, systemGestureStateChange: 0
2026-08-12 15:43:06.547 Df IlliniCover[29785:3d84ec] [com.apple.CFNetwork:Default] Task <ADB620FE-5CCE-4778-BAF4-E9D2BB53FC1C>.<10> resuming, timeouts(0.0, 604800.0) qos(0x19) voucher((null)) activity(00000000-0000-0000-0000-000000000000)
2026-08-12 15:43:06.547 Df IlliniCover[29785:3d84ef] [com.apple.CFNetwork:Default] Task <ADB620FE-5CCE-4778-BAF4-E9D2BB53FC1C>.<10> now using Connection 3
2026-08-12 15:43:06.548 Df IlliniCover[29785:3d84ef] [com.apple.cfnetwork:h3stream] 0x11d0b41d8 ID=32 Task <ADB620FE-5CCE-4778-BAF4-E9D2BB53FC1C>.<10> sent request, body N 0
2026-08-12 15:43:06.555 Df IlliniCover[29785:3d84d9] [com.apple.UIKit:KeyboardUI] Keyboard receives keyEvent type: 4; subtype: 0
2026-08-12 15:43:06.555 Df IlliniCover[29785:3d84d9] [com.apple.UIKit:KeyboardUI] Keyboard adds a string
2026-08-12 15:43:06.557 A  IlliniCover[29785:3d84d9] (UIKitCore) send control actions
2026-08-12 15:43:06.557 Df IlliniCover[29785:3d84d9] [com.apple.UIKit:KeyboardUI] Keyboard inserts text
2026-08-12 15:43:06.557 Df IlliniCover[29785:3d84d9] [com.apple.UIKit:EventDispatch] Evaluating dispatch of UIEvent: 0x121c63200; type: 4; subtype: 0; backing type: 30; shouldSend: 0; ignoreInteractionEvents: 0, systemGestureStateChange: 0
2026-08-12 15:43:06.588 Df IlliniCover[29785:3d84d9] [com.apple.UIKit:KeyboardUI] Keyboard receives keyEvent type: 4; subtype: 0
2026-08-12 15:43:06.588 Df IlliniCover[29785:3d84d9] [com.apple.UIKit:KeyboardUI] Keyboard adds a string
2026-08-12 15:43:06.590 A  IlliniCover[29785:3d84d9] (UIKitCore) send control actions
2026-08-12 15:43:06.590 Df IlliniCover[29785:3d84d9] [com.apple.UIKit:KeyboardUI] Keyboard inserts text
2026-08-12 15:43:06.591 Df IlliniCover[29785:3d84d9] [com.apple.UIKit:EventDispatch] Evaluating dispatch of UIEvent: 0x121c63200; type: 4; subtype: 0; backing type: 30; shouldSend: 0; ignoreInteractionEvents: 0, systemGestureStateChange: 0
2026-08-12 15:43:06.618 Df IlliniCover[29785:3d84ec] [com.apple.CFNetwork:Default] Task <60EC3E2E-422A-4FD8-85D6-D076E5152BEB>.<11> resuming, timeouts(0.0, 604800.0) qos(0x19) voucher((null)) activity(00000000-0000-0000-0000-000000000000)
2026-08-12 15:43:06.618 Df IlliniCover[29785:3d84ec] [com.apple.CFNetwork:Default] Task <60EC3E2E-422A-4FD8-85D6-D076E5152BEB>.<11> now using Connection 3
2026-08-12 15:43:06.619 Df IlliniCover[29785:3d84ec] [com.apple.cfnetwork:h3stream] 0x11d0b56d8 ID=36 Task <60EC3E2E-422A-4FD8-85D6-D076E5152BEB>.<11> sent request, body N 0
2026-08-12 15:43:06.621 Df IlliniCover[29785:3d84d9] [com.apple.UIKit:KeyboardUI] Keyboard receives keyEvent type: 4; subtype: 0
2026-08-12 15:43:06.622 Df IlliniCover[29785:3d84d9] [com.apple.UIKit:KeyboardUI] Keyboard adds a string
2026-08-12 15:43:06.623 A  IlliniCover[29785:3d84d9] (UIKitCore) send control actions
2026-08-12 15:43:06.623 Df IlliniCover[29785:3d84d9] [com.apple.UIKit:KeyboardUI] Keyboard inserts text
2026-08-12 15:43:06.624 Df IlliniCover[29785:3d84d9] [com.apple.UIKit:EventDispatch] Evaluating dispatch of UIEvent: 0x121c63200; type: 4; subtype: 0; backing type: 30; shouldSend: 0; ignoreInteractionEvents: 0, systemGestureStateChange: 0
2026-08-12 15:43:06.647 Df IlliniCover[29785:3d84ef] [com.apple.CFNetwork:Default] Task <D466B374-33CE-4FBA-8009-D4FB982CCBD8>.<12> resuming, timeouts(0.0, 604800.0) qos(0x19) voucher((null)) activity(00000000-0000-0000-0000-000000000000)
2026-08-12 15:43:06.647 Df IlliniCover[29785:3d84ec] [com.apple.CFNetwork:Default] Task <D466B374-33CE-4FBA-8009-D4FB982CCBD8>.<12> now using Connection 3
2026-08-12 15:43:06.648 Df IlliniCover[29785:3d84ec] [com.apple.cfnetwork:h3stream] 0x11d0b5a58 ID=40 Task <D466B374-33CE-4FBA-8009-D4FB982CCBD8>.<12> sent request, body N 0
2026-08-12 15:43:06.655 Df IlliniCover[29785:3d84d9] [com.apple.UIKit:KeyboardUI] Keyboard receives keyEvent type: 4; subtype: 0
2026-08-12 15:43:06.655 Df IlliniCover[29785:3d84d9] [com.apple.UIKit:KeyboardUI] Keyboard adds a string
2026-08-12 15:43:06.657 A  IlliniCover[29785:3d84d9] (UIKitCore) send control actions
2026-08-12 15:43:06.657 Df IlliniCover[29785:3d84d9] [com.apple.UIKit:KeyboardUI] Keyboard inserts text
2026-08-12 15:43:06.657 Df IlliniCover[29785:3d84d9] [com.apple.UIKit:EventDispatch] Evaluating dispatch of UIEvent: 0x121c63200; type: 4; subtype: 0; backing type: 30; shouldSend: 0; ignoreInteractionEvents: 0, systemGestureStateChange: 0
2026-08-12 15:43:06.680 Df IlliniCover[29785:3d84ec] [com.apple.CFNetwork:Default] Task <5C3633FA-E994-473A-A25D-D09F565B65B2>.<13> resuming, timeouts(0.0, 604800.0) qos(0x19) voucher((null)) activity(00000000-0000-0000-0000-000000000000)
2026-08-12 15:43:06.681 Df IlliniCover[29785:3d84ef] [com.apple.CFNetwork:Default] Task <5C3633FA-E994-473A-A25D-D09F565B65B2>.<13> now using Connection 3
2026-08-12 15:43:06.681 Df IlliniCover[29785:3d84ef] [com.apple.cfnetwork:h3stream] 0x11d0b6a18 ID=44 Task <5C3633FA-E994-473A-A25D-D09F565B65B2>.<13> sent request, body N 0
2026-08-12 15:43:06.688 Df IlliniCover[29785:3d84d9] [com.apple.UIKit:KeyboardUI] Keyboard receives keyEvent type: 4; subtype: 0
2026-08-12 15:43:06.688 Df IlliniCover[29785:3d84d9] [com.apple.UIKit:KeyboardUI] Keyboard adds a string
2026-08-12 15:43:06.690 A  IlliniCover[29785:3d84d9] (UIKitCore) send control actions
2026-08-12 15:43:06.690 Df IlliniCover[29785:3d84d9] [com.apple.UIKit:KeyboardUI] Keyboard inserts text
2026-08-12 15:43:06.690 Df IlliniCover[29785:3d84d9] [com.apple.UIKit:EventDispatch] Evaluating dispatch of UIEvent: 0x121c63200; type: 4; subtype: 0; backing type: 30; shouldSend: 0; ignoreInteractionEvents: 0, systemGestureStateChange: 0
2026-08-12 15:43:06.713 Df IlliniCover[29785:3d84ef] [com.apple.CFNetwork:Default] Task <0EB5A703-A2DE-4B26-9A42-C71D40CCA8F9>.<14> resuming, timeouts(0.0, 604800.0) qos(0x19) voucher((null)) activity(00000000-0000-0000-0000-000000000000)
2026-08-12 15:43:06.714 Df IlliniCover[29785:3d84ec] [com.apple.CFNetwork:Default] Task <0EB5A703-A2DE-4B26-9A42-C71D40CCA8F9>.<14> now using Connection 3
2026-08-12 15:43:06.714 Df IlliniCover[29785:3d84ec] [com.apple.cfnetwork:h3stream] 0x11d0b72d8 ID=48 Task <0EB5A703-A2DE-4B26-9A42-C71D40CCA8F9>.<14> sent request, body N 0
2026-08-12 15:43:06.722 Df IlliniCover[29785:3d84d9] [com.apple.UIKit:KeyboardUI] Keyboard receives keyEvent type: 4; subtype: 0
2026-08-12 15:43:06.722 Df IlliniCover[29785:3d84d9] [com.apple.UIKit:KeyboardUI] Keyboard adds a string
2026-08-12 15:43:06.723 A  IlliniCover[29785:3d84d9] (UIKitCore) send control actions
2026-08-12 15:43:06.724 Df IlliniCover[29785:3d84d9] [com.apple.UIKit:KeyboardUI] Keyboard inserts text
2026-08-12 15:43:06.724 Df IlliniCover[29785:3d84d9] [com.apple.UIKit:EventDispatch] Evaluating dispatch of UIEvent: 0x121c63200; type: 4; subtype: 0; backing type: 30; shouldSend: 0; ignoreInteractionEvents: 0, systemGestureStateChange: 0
2026-08-12 15:43:06.738 Df IlliniCover[29785:3d84d9] [com.apple.UIKit:KeyboardUI] Keyboard receives keyEvent type: 4; subtype: 0
2026-08-12 15:43:06.738 Df IlliniCover[29785:3d84d9] [com.apple.UIKit:KeyboardUI] Keyboard adds a string
2026-08-12 15:43:06.740 A  IlliniCover[29785:3d84d9] (UIKitCore) send control actions
2026-08-12 15:43:06.740 Df IlliniCover[29785:3d84d9] [com.apple.UIKit:KeyboardUI] Keyboard inserts text
2026-08-12 15:43:06.740 Df IlliniCover[29785:3d84d9] [com.apple.UIKit:EventDispatch] Evaluating dispatch of UIEvent: 0x121c63200; type: 4; subtype: 0; backing type: 30; shouldSend: 0; ignoreInteractionEvents: 0, systemGestureStateChange: 0
2026-08-12 15:43:06.762 Df IlliniCover[29785:3d84ed] [com.apple.CFNetwork:Default] Task <CEDE92FE-7A60-473C-BC71-508D8039D6A4>.<15> resuming, timeouts(0.0, 604800.0) qos(0x19) voucher((null)) activity(00000000-0000-0000-0000-000000000000)
2026-08-12 15:43:06.763 Df IlliniCover[29785:3d84ec] [com.apple.CFNetwork:Default] Task <CEDE92FE-7A60-473C-BC71-508D8039D6A4>.<15> now using Connection 3
2026-08-12 15:43:06.763 Df IlliniCover[29785:3d84ec] [com.apple.cfnetwork:h3stream] 0x11d0b7818 ID=52 Task <CEDE92FE-7A60-473C-BC71-508D8039D6A4>.<15> sent request, body N 0
2026-08-12 15:43:06.931 Df IlliniCover[29785:3d84ec] [com.apple.cfnetwork:h3stream] 0x11d082bd8 ID=16 Task <44E26BAD-3C1C-4510-ABB4-0991818685F0>.<6> received response, status 200 content K
2026-08-12 15:43:06.931 Df IlliniCover[29785:3d84ec] [com.apple.CFNetwork:Default] Task <44E26BAD-3C1C-4510-ABB4-0991818685F0>.<6> response ended
2026-08-12 15:43:06.931 Df IlliniCover[29785:3d84ec] [com.apple.CFNetwork:Default] Task <44E26BAD-3C1C-4510-ABB4-0991818685F0>.<6> done using Connection 3
2026-08-12 15:43:06.932 Df IlliniCover[29785:3d84ed] [com.apple.CFNetwork:Summary] Task <44E26BAD-3C1C-4510-ABB4-0991818685F0>.<6> summary for task success {transaction_duration_ms=516, response_status=200, connection=3, reused=1, reused_after_ms=0, request_start_ms=0, request_duration_ms=0, response_start_ms=515, response_duration_ms=0, request_bytes=417, request_throughput_kbps=10360, response_bytes=1436, response_throughput_kbps=15359, cache_hit=false}
2026-08-12 15:43:06.932 Df IlliniCover[29785:3d84ed] [com.apple.CFNetwork:Default] Task <44E26BAD-3C1C-4510-ABB4-0991818685F0>.<6> finished successfully
2026-08-12 15:43:07.232 Df IlliniCover[29785:3d84ef] [com.apple.cfnetwork:h3stream] 0x11d082d98 ID=20 Task <E22C4298-20BF-45AD-BF04-3199AAC9CEFE>.<7> received response, status 200 content K
2026-08-12 15:43:07.232 Df IlliniCover[29785:3d84ef] [com.apple.CFNetwork:Default] Task <E22C4298-20BF-45AD-BF04-3199AAC9CEFE>.<7> response ended
2026-08-12 15:43:07.232 Df IlliniCover[29785:3d84ef] [com.apple.CFNetwork:Default] Task <E22C4298-20BF-45AD-BF04-3199AAC9CEFE>.<7> done using Connection 3
2026-08-12 15:43:07.232 Df IlliniCover[29785:3d84ed] [com.apple.CFNetwork:Summary] Task <E22C4298-20BF-45AD-BF04-3199AAC9CEFE>.<7> summary for task success {transaction_duration_ms=791, response_status=200, connection=3, reused=1, reused_after_ms=0, request_start_ms=0, request_duration_ms=0, response_start_ms=791, response_duration_ms=0, request_bytes=418, request_throughput_kbps=15848, response_bytes=1402, response_throughput_kbps=21001, cache_hit=false}
2026-08-12 15:43:07.233 Df IlliniCover[29785:3d84ed] [com.apple.CFNetwork:Default] Task <E22C4298-20BF-45AD-BF04-3199AAC9CEFE>.<7> finished successfully
2026-08-12 15:43:07.287 Df IlliniCover[29785:3d84eb] [com.apple.dt.xctest:Default] Received request to fetch matches for query:
2026-08-12 15:43:07.288 Df IlliniCover[29785:3d84eb] [com.apple.dt.xctest:Default] Evaluating query:
2026-08-12 15:43:07.288 Df IlliniCover[29785:3d84eb] [com.apple.dt.xctest:Default] Getting root element snapshot
2026-08-12 15:43:07.288 Df IlliniCover[29785:3d84eb] [com.apple.dt.xctest:Default] Getting snapshot for App element pid: 29785 for query
2026-08-12 15:43:07.288 Df IlliniCover[29785:3d84eb] [com.apple.dt.xctest:Default] Query requires iOS snapshot attributes .
2026-08-12 15:43:07.288 Df IlliniCover[29785:3d84eb] [com.apple.dt.xctest:Default] XCTPerformOnMainRunLoop[not MT]: about to CFRunLoopPerform
2026-08-12 15:43:07.288 Df IlliniCover[29785:3d84eb] [com.apple.dt.xctest:Default] XCTPerformOnMainRunLoop[not MT]: waiting with 30.00s responsiveness timeout
2026-08-12 15:43:07.288 Df IlliniCover[29785:3d84d9] [com.apple.dt.xctest:Default] XCTPerformOnMainRunLoop[MT]: inside CFRunLoopPerform
2026-08-12 15:43:07.288 Df IlliniCover[29785:3d84d9] [com.apple.dt.xctest:Default] XCTPerformOnMainRunLoop[MT]: MT responded in time (won the race to the busy flag)
2026-08-12 15:43:07.288 Df IlliniCover[29785:3d84eb] [com.apple.dt.xctest:Default] XCTPerformOnMainRunLoop[not MT]: waiting 60.00s for work to complete
2026-08-12 15:43:07.288 Df IlliniCover[29785:3d84d9] [com.apple.dt.xctest:Default] Got main window <AXUIElementRef 0x120221a40> {pid=29785} {uid=[ID:4 hash:0x105a10800]}
2026-08-12 15:43:07.288 Df IlliniCover[29785:3d84d9] [com.apple.dt.xctest:Default] Capturing hierarchy with attributes XC_kAXXCAttributeElementType, XC_kAXXCAttributeElementBaseType, XC_kAXXCAttributeParent, XC_kAXXCAttributeIdentifier, XC_kAXXCAttributeAutomationType, XC_kAXXCAttributeTraits
2026-08-12 15:43:07.288 Df IlliniCover[29785:3d84d9] [com.apple.dt.xctest:Default] Capturing hierarchy with parameters {
    attributes =     (
        5003,
        5004,
        5002,
        5019,
        5058,
        2004
    );
    maxArrayCount = 2147483647;
    maxChildren = 2147483647;
    maxDepth = 2147483647;
    snapshotKeyHonorModalViews = 0;
    traverseFromParentsToChildren = 1;
}
2026-08-12 15:43:07.288 Df IlliniCover[29785:3d84d9] [com.apple.dt.xctest:Default] Snapshot attributes 5003, 5004, 5002, 5019, 5058, 2004
2026-08-12 15:43:07.378 Df IlliniCover[29785:3d84d9] [com.apple.dt.xctest:Default] Got snapshot for <AXUIElementRef 0x120232580> {pid=29785} {uid=[ID:1 hash:0x0]}
2026-08-12 15:43:07.379 Df IlliniCover[29785:3d84d9] [com.apple.dt.xctest:Default] Got app orientation 0
2026-08-12 15:43:07.379 Df IlliniCover[29785:3d84d9] [com.apple.dt.xctest:Default] Captured accessibility snapshot data in 0.09s
2026-08-12 15:43:07.379 Df IlliniCover[29785:3d84eb] [com.apple.dt.xctest:Default] Found main window: Window
2026-08-12 15:43:07.379 Df IlliniCover[29785:3d84eb] [com.apple.dt.xctest:Default] Preferring automation type 48 instead of legacy element type OTHER derived from class/trait: UILabel:UILabel 8590000128
2026-08-12 15:43:07.380 Df IlliniCover[29785:3d84eb] [com.apple.dt.xctest:Default] Preferring automation type 14 instead of legacy element type OTHER derived from class/trait: SwiftUI.AccessibilityNode:UIResponder 1108101562369
2026-08-12 15:43:07.380 E  IlliniCover[29785:3d84eb] [com.apple.dt.xctest:Default] Automation type mismatch; legacy system derived element type 9 from class SwiftUI.AccessibilityNode:UIResponder, traits 1108101562369, but AXAutomationType returned 14 which maps to 14
2026-08-12 15:43:07.380 Df IlliniCover[29785:3d84eb] [com.apple.dt.xctest:Default] StaticText is not actually a child of Button, including at this point anyway (rdar://problem/20738636)
2026-08-12 15:43:07.380 Df IlliniCover[29785:3d84eb] [com.apple.dt.xctest:Default] Image, identifier: 'chevron.down' is not actually a child of Button, including at this point anyway (rdar://problem/20738636)
2026-08-12 15:43:07.380 Df IlliniCover[29785:3d84eb] [com.apple.dt.xctest:Default] Button is not actually a child of Button, identifier: 'deal-timing-kind-picker', including at this point anyway (rdar://problem/20738636)
2026-08-12 15:43:07.380 Df IlliniCover[29785:3d84eb] [com.apple.dt.xctest:Default] Preferring automation type 14 instead of legacy element type OTHER derived from class/trait: SwiftUI.AccessibilityNode:UIResponder 1108101562369
2026-08-12 15:43:07.380 E  IlliniCover[29785:3d84eb] [com.apple.dt.xctest:Default] Automation type mismatch; legacy system derived element type 9 from class SwiftUI.AccessibilityNode:UIResponder, traits 1108101562369, but AXAutomationType returned 14 which maps to 14
2026-08-12 15:43:07.380 Df IlliniCover[29785:3d84eb] [com.apple.dt.xctest:Default] StaticText is not actually a child of Button, including at this point anyway (rdar://problem/20738636)
2026-08-12 15:43:07.380 Df IlliniCover[29785:3d84eb] [com.apple.dt.xctest:Default] Image, identifier: 'chevron.down' is not actually a child of Button, including at this point anyway (rdar://problem/20738636)
2026-08-12 15:43:07.380 Df IlliniCover[29785:3d84eb] [com.apple.dt.xctest:Default] Button is not actually a child of Button, identifier: 'deal-serving-picker', including at this point anyway (rdar://problem/20738636)
2026-08-12 15:43:07.380 Df IlliniCover[29785:3d84eb] [com.apple.dt.xctest:Default] App orientation is 0 (not portrait) and UITextEffectsWindow window Window is not main window
2026-08-12 15:43:07.380 Df IlliniCover[29785:3d84eb] [com.apple.dt.xctest:Default] Leaving frame unchanged for Window: either already correct or we can't detect it.
2026-08-12 15:43:07.380 Df IlliniCover[29785:3d84eb] [com.apple.dt.xctest:Default] App orientation is 0 (not portrait) and UIRemoteKeyboardWindow window Window is not main window
2026-08-12 15:43:07.380 Df IlliniCover[29785:3d84eb] [com.apple.dt.xctest:Default] Leaving frame unchanged for Window: either already correct or we can't detect it.
2026-08-12 15:43:07.381 Df IlliniCover[29785:3d84eb] [com.apple.dt.xctest:Default] Preferring automation type 20 instead of legacy element type OTHER derived from class/trait: UIAccessibilityElementKBKey:UIAccessibilityElement 8589934641
2026-08-12 15:43:07.381 E  IlliniCover[29785:3d84eb] [com.apple.dt.xctest:Default] Automation type mismatch; legacy system derived element type 9 from class UIAccessibilityElementKBKey:UIAccessibilityElement, traits 8589934641, but AXAutomationType returned 20 which maps to 20
2026-08-12 15:43:07.381 Df IlliniCover[29785:3d84eb] [com.apple.dt.xctest:Default] Preferring automation type 20 instead of legacy element type OTHER derived from class/trait: UIAccessibilityElementKBKey:UIAccessibilityElement 8589934641
2026-08-12 15:43:07.381 E  IlliniCover[29785:3d84eb] [com.apple.dt.xctest:Default] Automation type mismatch; legacy system derived element type 9 from class UIAccessibilityElementKBKey:UIAccessibilityElement, traits 8589934641, but AXAutomationType returned 20 which maps to 20
2026-08-12 15:43:07.381 Df IlliniCover[29785:3d84eb] [com.apple.dt.xctest:Default] Query  found matching snapshots: {(
    Application, pid: 29785
)} (error: (null))
2026-08-12 15:43:07.381 Df IlliniCover[29785:3d84eb] [com.apple.dt.xctest:Default] Replying to query  with results: <XCTElementQueryResults: 0x11cf9ed30> (error: (null))
2026-08-12 15:43:07.385 Df IlliniCover[29785:3d84eb] [com.apple.cfnetwork:h3stream] 0x11d0b41d8 ID=32 Task <ADB620FE-5CCE-4778-BAF4-E9D2BB53FC1C>.<10> received response, status 200 content K
2026-08-12 15:43:07.385 Df IlliniCover[29785:3d84eb] [com.apple.CFNetwork:Default] Task <ADB620FE-5CCE-4778-BAF4-E9D2BB53FC1C>.<10> response ended
2026-08-12 15:43:07.385 Df IlliniCover[29785:3d84eb] [com.apple.CFNetwork:Default] Task <ADB620FE-5CCE-4778-BAF4-E9D2BB53FC1C>.<10> done using Connection 3
2026-08-12 15:43:07.385 Df IlliniCover[29785:3d84eb] [com.apple.CFNetwork:Summary] Task <ADB620FE-5CCE-4778-BAF4-E9D2BB53FC1C>.<10> summary for task success {transaction_duration_ms=838, response_status=200, connection=3, reused=1, reused_after_ms=0, request_start_ms=0, request_duration_ms=0, response_start_ms=837, response_duration_ms=0, request_bytes=420, request_throughput_kbps=15924, response_bytes=1277, response_throughput_kbps=24912, cache_hit=false}
2026-08-12 15:43:07.386 Df IlliniCover[29785:3d84eb] [com.apple.CFNetwork:Default] Task <ADB620FE-5CCE-4778-BAF4-E9D2BB53FC1C>.<10> finished successfully
2026-08-12 15:43:07.452 Df IlliniCover[29785:3d84ec] [com.apple.cfnetwork:h3stream] 0x11d0b4718 ID=28 Task <1339305C-57CA-456A-97EF-6C3EF4BF4A88>.<9> received response, status 200 content K
2026-08-12 15:43:07.452 Df IlliniCover[29785:3d84ec] [com.apple.CFNetwork:Default] Task <1339305C-57CA-456A-97EF-6C3EF4BF4A88>.<9> response ended
2026-08-12 15:43:07.452 Df IlliniCover[29785:3d84ec] [com.apple.CFNetwork:Default] Task <1339305C-57CA-456A-97EF-6C3EF4BF4A88>.<9> done using Connection 3
2026-08-12 15:43:07.452 Df IlliniCover[29785:3d84eb] [com.apple.CFNetwork:Summary] Task <1339305C-57CA-456A-97EF-6C3EF4BF4A88>.<9> summary for task success {transaction_duration_ms=936, response_status=200, connection=3, reused=1, reused_after_ms=0, request_start_ms=0, request_duration_ms=0, response_start_ms=936, response_duration_ms=0, request_bytes=420, request_throughput_kbps=17051, response_bytes=1279, response_throughput_kbps=27144, cache_hit=false}
2026-08-12 15:43:07.452 Df IlliniCover[29785:3d84eb] [com.apple.CFNetwork:Default] Task <1339305C-57CA-456A-97EF-6C3EF4BF4A88>.<9> finished successfully
2026-08-12 15:43:07.507 Df IlliniCover[29785:3d84ec] [com.apple.cfnetwork:h3stream] 0x11d0b56d8 ID=36 Task <60EC3E2E-422A-4FD8-85D6-D076E5152BEB>.<11> received response, status 200 content K
2026-08-12 15:43:07.507 Df IlliniCover[29785:3d84ec] [com.apple.CFNetwork:Default] Task <60EC3E2E-422A-4FD8-85D6-D076E5152BEB>.<11> response ended
2026-08-12 15:43:07.507 Df IlliniCover[29785:3d84ec] [com.apple.CFNetwork:Default] Task <60EC3E2E-422A-4FD8-85D6-D076E5152BEB>.<11> done using Connection 3
2026-08-12 15:43:07.507 Df IlliniCover[29785:3d84ef] [com.apple.CFNetwork:Summary] Task <60EC3E2E-422A-4FD8-85D6-D076E5152BEB>.<11> summary for task success {transaction_duration_ms=889, response_status=200, connection=3, reused=1, reused_after_ms=0, request_start_ms=0, request_duration_ms=0, response_start_ms=888, response_duration_ms=0, request_bytes=422, request_throughput_kbps=16968, response_bytes=900, response_throughput_kbps=20870, cache_hit=false}
2026-08-12 15:43:07.508 Df IlliniCover[29785:3d84ef] [com.apple.CFNetwork:Default] Task <60EC3E2E-422A-4FD8-85D6-D076E5152BEB>.<11> finished successfully
2026-08-12 15:43:07.518 Df IlliniCover[29785:3d84ed] [com.apple.cfnetwork:h3stream] 0x11d083d58 ID=24 Task <B6DFA435-1D3A-4696-BDC4-F8A82F8B02FA>.<8> received response, status 200 content K
2026-08-12 15:43:07.518 Df IlliniCover[29785:3d84ed] [com.apple.CFNetwork:Default] Task <B6DFA435-1D3A-4696-BDC4-F8A82F8B02FA>.<8> response ended
2026-08-12 15:43:07.518 Df IlliniCover[29785:3d84ed] [com.apple.CFNetwork:Default] Task <B6DFA435-1D3A-4696-BDC4-F8A82F8B02FA>.<8> done using Connection 3
2026-08-12 15:43:07.519 Df IlliniCover[29785:3d84ef] [com.apple.CFNetwork:Summary] Task <B6DFA435-1D3A-4696-BDC4-F8A82F8B02FA>.<8> summary for task success {transaction_duration_ms=1038, response_status=200, connection=3, reused=1, reused_after_ms=0, request_start_ms=0, request_duration_ms=0, response_start_ms=1037, response_duration_ms=0, request_bytes=419, request_throughput_kbps=15517, response_bytes=1283, response_throughput_kbps=27368, cache_hit=false}
2026-08-12 15:43:07.519 Df IlliniCover[29785:3d84ef] [com.apple.CFNetwork:Default] Task <B6DFA435-1D3A-4696-BDC4-F8A82F8B02FA>.<8> finished successfully
2026-08-12 15:43:07.543 Df IlliniCover[29785:3d84ed] [com.apple.dt.xctest:Default] Received request to fetch matches for query:
2026-08-12 15:43:07.543 Df IlliniCover[29785:3d84ed] [com.apple.dt.xctest:Default] Evaluating query:
2026-08-12 15:43:07.543 Df IlliniCover[29785:3d84ed] [com.apple.dt.xctest:Default] Getting root element snapshot
2026-08-12 15:43:07.543 Df IlliniCover[29785:3d84ed] [com.apple.dt.xctest:Default] Getting snapshot for App element pid: 29785 for query
2026-08-12 15:43:07.543 Df IlliniCover[29785:3d84ed] [com.apple.dt.xctest:Default] Query requires iOS snapshot attributes .
2026-08-12 15:43:07.543 Df IlliniCover[29785:3d84ed] [com.apple.dt.xctest:Default] XCTPerformOnMainRunLoop[not MT]: about to CFRunLoopPerform
2026-08-12 15:43:07.543 Df IlliniCover[29785:3d84ed] [com.apple.dt.xctest:Default] XCTPerformOnMainRunLoop[not MT]: waiting with 30.00s responsiveness timeout
2026-08-12 15:43:07.543 Df IlliniCover[29785:3d84d9] [com.apple.dt.xctest:Default] XCTPerformOnMainRunLoop[MT]: inside CFRunLoopPerform
2026-08-12 15:43:07.543 Df IlliniCover[29785:3d84d9] [com.apple.dt.xctest:Default] XCTPerformOnMainRunLoop[MT]: MT responded in time (won the race to the busy flag)
2026-08-12 15:43:07.543 Df IlliniCover[29785:3d84ed] [com.apple.dt.xctest:Default] XCTPerformOnMainRunLoop[not MT]: waiting 60.00s for work to complete
2026-08-12 15:43:07.543 Df IlliniCover[29785:3d84d9] [com.apple.dt.xctest:Default] Got main window <AXUIElementRef 0x1203fe100> {pid=29785} {uid=[ID:4 hash:0x105a10800]}
2026-08-12 15:43:07.543 Df IlliniCover[29785:3d84d9] [com.apple.dt.xctest:Default] Capturing hierarchy with attributes XC_kAXXCAttributeElementType, XC_kAXXCAttributeElementBaseType, XC_kAXXCAttributeParent, XC_kAXXCAttributeIdentifier, XC_kAXXCAttributeAutomationType, XC_kAXXCAttributeTraits
2026-08-12 15:43:07.543 Df IlliniCover[29785:3d84d9] [com.apple.dt.xctest:Default] Capturing hierarchy with parameters {
    attributes =     (
        5003,
        5004,
        5002,
        5019,
        5058,
        2004
    );
    maxArrayCount = 2147483647;
    maxChildren = 2147483647;
    maxDepth = 2147483647;
    snapshotKeyHonorModalViews = 0;
    traverseFromParentsToChildren = 1;
}
2026-08-12 15:43:07.543 Df IlliniCover[29785:3d84d9] [com.apple.dt.xctest:Default] Snapshot attributes 5003, 5004, 5002, 5019, 5058, 2004
2026-08-12 15:43:07.547 Df IlliniCover[29785:3d84eb] [com.apple.cfnetwork:h3stream] 0x11d0b5a58 ID=40 Task <D466B374-33CE-4FBA-8009-D4FB982CCBD8>.<12> received response, status 200 content K
2026-08-12 15:43:07.547 Df IlliniCover[29785:3d84eb] [com.apple.CFNetwork:Default] Task <D466B374-33CE-4FBA-8009-D4FB982CCBD8>.<12> response ended
2026-08-12 15:43:07.547 Df IlliniCover[29785:3d84eb] [com.apple.CFNetwork:Default] Task <D466B374-33CE-4FBA-8009-D4FB982CCBD8>.<12> done using Connection 3
2026-08-12 15:43:07.547 Df IlliniCover[29785:3d84ef] [com.apple.CFNetwork:Summary] Task <D466B374-33CE-4FBA-8009-D4FB982CCBD8>.<12> summary for task success {transaction_duration_ms=900, response_status=200, connection=3, reused=1, reused_after_ms=0, request_start_ms=0, request_duration_ms=0, response_start_ms=899, response_duration_ms=0, request_bytes=423, request_throughput_kbps=15814, response_bytes=897, response_throughput_kbps=19769, cache_hit=false}
2026-08-12 15:43:07.548 Df IlliniCover[29785:3d84ef] [com.apple.CFNetwork:Default] Task <D466B374-33CE-4FBA-8009-D4FB982CCBD8>.<12> finished successfully
2026-08-12 15:43:07.569 Df IlliniCover[29785:3d84ec] [com.apple.cfnetwork:h3stream] 0x11d0b6a18 ID=44 Task <5C3633FA-E994-473A-A25D-D09F565B65B2>.<13> received response, status 200 content K
2026-08-12 15:43:07.569 Df IlliniCover[29785:3d84ec] [com.apple.CFNetwork:Default] Task <5C3633FA-E994-473A-A25D-D09F565B65B2>.<13> response ended
2026-08-12 15:43:07.569 Df IlliniCover[29785:3d84ec] [com.apple.CFNetwork:Default] Task <5C3633FA-E994-473A-A25D-D09F565B65B2>.<13> done using Connection 3
2026-08-12 15:43:07.570 Df IlliniCover[29785:3d84ef] [com.apple.CFNetwork:Summary] Task <5C3633FA-E994-473A-A25D-D09F565B65B2>.<13> summary for task success {transaction_duration_ms=889, response_status=200, connection=3, reused=1, reused_after_ms=0, request_start_ms=0, request_duration_ms=0, response_start_ms=888, response_duration_ms=0, request_bytes=424, request_throughput_kbps=14621, response_bytes=901, response_throughput_kbps=18576, cache_hit=false}
2026-08-12 15:43:07.570 Df IlliniCover[29785:3d84ef] [com.apple.CFNetwork:Default] Task <5C3633FA-E994-473A-A25D-D09F565B65B2>.<13> finished successfully
2026-08-12 15:43:07.619 Df IlliniCover[29785:3d84ec] [com.apple.cfnetwork:h3stream] 0x11d0b7818 ID=52 Task <CEDE92FE-7A60-473C-BC71-508D8039D6A4>.<15> received response, status 200 content K
2026-08-12 15:43:07.619 Df IlliniCover[29785:3d84ec] [com.apple.CFNetwork:Default] Task <CEDE92FE-7A60-473C-BC71-508D8039D6A4>.<15> response ended
2026-08-12 15:43:07.619 Df IlliniCover[29785:3d84ec] [com.apple.CFNetwork:Default] Task <CEDE92FE-7A60-473C-BC71-508D8039D6A4>.<15> done using Connection 3
2026-08-12 15:43:07.619 Df IlliniCover[29785:3d84eb] [com.apple.CFNetwork:Summary] Task <CEDE92FE-7A60-473C-BC71-508D8039D6A4>.<15> summary for task success {transaction_duration_ms=857, response_status=200, connection=3, reused=1, reused_after_ms=0, request_start_ms=0, request_duration_ms=0, response_start_ms=856, response_duration_ms=0, request_bytes=426, request_throughput_kbps=10816, response_bytes=900, response_throughput_kbps=18230, cache_hit=false}
2026-08-12 15:43:07.619 Df IlliniCover[29785:3d84eb] [com.apple.CFNetwork:Default] Task <CEDE92FE-7A60-473C-BC71-508D8039D6A4>.<15> finished successfully
2026-08-12 15:43:07.627 Df IlliniCover[29785:3d84d9] [com.apple.dt.xctest:Default] Got snapshot for <AXUIElementRef 0x120f1f3f0> {pid=29785} {uid=[ID:1 hash:0x0]}
2026-08-12 15:43:07.627 Df IlliniCover[29785:3d84d9] [com.apple.dt.xctest:Default] Got app orientation 0
2026-08-12 15:43:07.627 Df IlliniCover[29785:3d84d9] [com.apple.dt.xctest:Default] Captured accessibility snapshot data in 0.08s
2026-08-12 15:43:07.628 Df IlliniCover[29785:3d84ed] [com.apple.dt.xctest:Default] Found main window: Window
2026-08-12 15:43:07.628 Df IlliniCover[29785:3d84ed] [com.apple.dt.xctest:Default] Preferring automation type 48 instead of legacy element type OTHER derived from class/trait: UILabel:UILabel 8590000128
2026-08-12 15:43:07.629 Df IlliniCover[29785:3d84f1] [com.apple.cfnetwork:h3stream] 0x11d0b72d8 ID=48 Task <0EB5A703-A2DE-4B26-9A42-C71D40CCA8F9>.<14> received response, status 200 content K
2026-08-12 15:43:07.629 Df IlliniCover[29785:3d84ed] [com.apple.dt.xctest:Default] Preferring automation type 14 instead of legacy element type OTHER derived from class/trait: SwiftUI.AccessibilityNode:UIResponder 1108101562369
2026-08-12 15:43:07.629 E  IlliniCover[29785:3d84ed] [com.apple.dt.xctest:Default] Automation type mismatch; legacy system derived element type 9 from class SwiftUI.AccessibilityNode:UIResponder, traits 1108101562369, but AXAutomationType returned 14 which maps to 14
2026-08-12 15:43:07.629 Df IlliniCover[29785:3d84ed] [com.apple.dt.xctest:Default] StaticText is not actually a child of Button, including at this point anyway (rdar://problem/20738636)
2026-08-12 15:43:07.629 Df IlliniCover[29785:3d84ed] [com.apple.dt.xctest:Default] Image, identifier: 'chevron.down' is not actually a child of Button, including at this point anyway (rdar://problem/20738636)
2026-08-12 15:43:07.629 Df IlliniCover[29785:3d84ed] [com.apple.dt.xctest:Default] Button is not actually a child of Button, identifier: 'deal-timing-kind-picker', including at this point anyway (rdar://problem/20738636)
2026-08-12 15:43:07.629 Df IlliniCover[29785:3d84f1] [com.apple.CFNetwork:Default] Task <0EB5A703-A2DE-4B26-9A42-C71D40CCA8F9>.<14> response ended
2026-08-12 15:43:07.629 Df IlliniCover[29785:3d84ed] [com.apple.dt.xctest:Default] Preferring automation type 14 instead of legacy element type OTHER derived from class/trait: SwiftUI.AccessibilityNode:UIResponder 1108101562369
2026-08-12 15:43:07.629 E  IlliniCover[29785:3d84ed] [com.apple.dt.xctest:Default] Automation type mismatch; legacy system derived element type 9 from class SwiftUI.AccessibilityNode:UIResponder, traits 1108101562369, but AXAutomationType returned 14 which maps to 14
2026-08-12 15:43:07.629 Df IlliniCover[29785:3d84f1] [com.apple.network:connection] [C3] event: client:connection_idle @9.160s
2026-08-12 15:43:07.629 Df IlliniCover[29785:3d84ed] [com.apple.dt.xctest:Default] StaticText is not actually a child of Button, including at this point anyway (rdar://problem/20738636)
2026-08-12 15:43:07.629 Df IlliniCover[29785:3d84ed] [com.apple.dt.xctest:Default] Image, identifier: 'chevron.down' is not actually a child of Button, including at this point anyway (rdar://problem/20738636)
2026-08-12 15:43:07.629 Df IlliniCover[29785:3d84ed] [com.apple.dt.xctest:Default] Button is not actually a child of Button, identifier: 'deal-serving-picker', including at this point anyway (rdar://problem/20738636)
2026-08-12 15:43:07.630 Df IlliniCover[29785:3d84f1] [com.apple.CFNetwork:Default] Task <0EB5A703-A2DE-4B26-9A42-C71D40CCA8F9>.<14> done using Connection 3
2026-08-12 15:43:07.630 Df IlliniCover[29785:3d84eb] [com.apple.CFNetwork:Summary] Task <0EB5A703-A2DE-4B26-9A42-C71D40CCA8F9>.<14> summary for task success {transaction_duration_ms=916, response_status=200, connection=3, reused=1, reused_after_ms=0, request_start_ms=0, request_duration_ms=0, response_start_ms=915, response_duration_ms=0, request_bytes=425, request_throughput_kbps=15593, response_bytes=901, response_throughput_kbps=8410, cache_hit=false}
2026-08-12 15:43:07.630 Df IlliniCover[29785:3d84ed] [com.apple.dt.xctest:Default] App orientation is 0 (not portrait) and UITextEffectsWindow window Window is not main window
2026-08-12 15:43:07.630 Df IlliniCover[29785:3d84ed] [com.apple.dt.xctest:Default] Leaving frame unchanged for Window: either already correct or we can't detect it.
2026-08-12 15:43:07.630 Df IlliniCover[29785:3d84ed] [com.apple.dt.xctest:Default] App orientation is 0 (not portrait) and UIRemoteKeyboardWindow window Window is not main window
2026-08-12 15:43:07.630 Df IlliniCover[29785:3d84ed] [com.apple.dt.xctest:Default] Leaving frame unchanged for Window: either already correct or we can't detect it.
2026-08-12 15:43:07.630 Df IlliniCover[29785:3d84ed] [com.apple.dt.xctest:Default] Preferring automation type 20 instead of legacy element type OTHER derived from class/trait: UIAccessibilityElementKBKey:UIAccessibilityElement 8589934641
2026-08-12 15:43:07.630 E  IlliniCover[29785:3d84ed] [com.apple.dt.xctest:Default] Automation type mismatch; legacy system derived element type 9 from class UIAccessibilityElementKBKey:UIAccessibilityElement, traits 8589934641, but AXAutomationType returned 20 which maps to 20
2026-08-12 15:43:07.630 Df IlliniCover[29785:3d84eb] [com.apple.CFNetwork:Default] Task <0EB5A703-A2DE-4B26-9A42-C71D40CCA8F9>.<14> finished successfully
2026-08-12 15:43:07.630 Df IlliniCover[29785:3d84ed] [com.apple.dt.xctest:Default] Preferring automation type 20 instead of legacy element type OTHER derived from class/trait: UIAccessibilityElementKBKey:UIAccessibilityElement 8589934641
2026-08-12 15:43:07.630 E  IlliniCover[29785:3d84ed] [com.apple.dt.xctest:Default] Automation type mismatch; legacy system derived element type 9 from class UIAccessibilityElementKBKey:UIAccessibilityElement, traits 8589934641, but AXAutomationType returned 20 which maps to 20
2026-08-12 15:43:07.630 Df IlliniCover[29785:3d84ed] [com.apple.dt.xctest:Default] Query  found matching snapshots: {(
    Application, pid: 29785
)} (error: (null))
2026-08-12 15:43:07.631 Df IlliniCover[29785:3d84ed] [com.apple.dt.xctest:Default] Replying to query  with results: <XCTElementQueryResults: 0x11cf9e430> (error: (null))
2026-08-12 15:43:08.467 Df IlliniCover[29785:3d84eb] [com.apple.xpc:connection] [0x105974600] invalidated because the client process (pid 29749) either cancelled the connection or exited
2026-08-12 15:43:08.467 Df IlliniCover[29785:3d84eb] [com.apple.dt.xctest:Default] Connection from client with pid 29749 was invalidated.
2026-08-12 15:43:08.471 Df IlliniCover[29785:3d84f1] [com.apple.dt.automationmode:Default] Handling posted change notification (com.apple.dt.automationmode.state-changed)
2026-08-12 15:43:08.471 Df IlliniCover[29785:3d84f1] [com.apple.dt.automationmode:Default] XAM shared observer connecting to com.apple.dt.automationmode.reader
2026-08-12 15:43:08.472 Df IlliniCover[29785:3d84f1] [com.apple.xpc:connection] [0x11cff0000] activating connection: mach=true listener=false peer=false name=com.apple.dt.automationmode.reader
2026-08-12 15:43:08.477 Df IlliniCover[29785:3d84f1] [com.apple.xpc:connection] [0x11cff0000] invalidated because the current process cancelled the connection by calling xpc_connection_cancel()
2026-08-12 15:43:08.477 Df IlliniCover[29785:3d84f1] [com.apple.dt.automationmode:Default] Comparing previous enabled state (1) to current enabled state (0)
2026-08-12 15:43:08.477 Df IlliniCover[29785:3d84f1] [com.apple.dt.xctest:Default] Automation Mode has been disabled, existing connections will be invalidated.
2026-08-12 15:43:09.363 Df IlliniCover[29785:3d84eb] [com.apple.launchservices:db] NotifyToken::RegisterDispatch(com.apple.LaunchServices.database) fired for session key LSSessionKey(system: 0 uid: 501)
2026-08-12 15:43:15.265 Df IlliniCover[29785:3d84eb] [com.apple.dt.automationmode:Default] Handling posted change notification (com.apple.dt.automationmode.state-changed)
2026-08-12 15:43:15.265 Df IlliniCover[29785:3d84eb] [com.apple.dt.automationmode:Default] XAM shared observer connecting to com.apple.dt.automationmode.reader
2026-08-12 15:43:15.265 Df IlliniCover[29785:3d84eb] [com.apple.xpc:connection] [0x11cff0000] activating connection: mach=true listener=false peer=false name=com.apple.dt.automationmode.reader
2026-08-12 15:43:15.266 Df IlliniCover[29785:3d84eb] [com.apple.xpc:connection] [0x11cff0000] invalidated because the current process cancelled the connection by calling xpc_connection_cancel()
2026-08-12 15:43:15.266 Df IlliniCover[29785:3d84eb] [com.apple.dt.automationmode:Default] Comparing previous enabled state (0) to current enabled state (1)
2026-08-12 15:43:17.363 Df IlliniCover[29785:3d84ed] [com.apple.dt.xctest:Default] Received request for endpoint.
2026-08-12 15:43:17.363 Df IlliniCover[29785:3d84ed] [com.apple.dt.xctest:Default] Sending anonymous endpoint.
2026-08-12 15:43:17.363 Df IlliniCover[29785:3d84ed] [com.apple.xpc:connection] [0x1059e9180] Connection returned listener port: 0x5c07
2026-08-12 15:43:17.364 Df IlliniCover[29785:3d84ed] [com.apple.dt.xctest:Default] Received client to target connection.
2026-08-12 15:43:17.364 Df IlliniCover[29785:3d84ed] [com.apple.dt.automationmode:Default] Returning 1 for enabled state
2026-08-12 15:43:17.364 Df IlliniCover[29785:3d84ed] [com.apple.xpc:connection] [0x11e982280] activating connection: mach=false listener=false peer=true name=com.apple.xpc.anonymous.0x1059e9180.peer[31751].0x11e982280
2026-08-12 15:43:17.364 Df IlliniCover[29785:3d84ed] [com.apple.dt.xctest:Default] Received request to exchange capabilities, remote interface capabilities are: <XCTCapabilities: 0x12469ca70>: {
    "query runtime issue reporting" = 1;
    "query runtime issue reporting/automation type mismatch" = 1;
}
2026-08-12 15:43:17.365 Df IlliniCover[29785:3d84ed] [com.apple.dt.xctest:Default] Received request to fetch matches for query:
2026-08-12 15:43:17.365 Df IlliniCover[29785:3d84f1] [com.apple.dt.xctest:Default] Evaluating query:
2026-08-12 15:43:17.365 Df IlliniCover[29785:3d84f1] [com.apple.dt.xctest:Default] Getting root element snapshot
2026-08-12 15:43:17.365 Df IlliniCover[29785:3d84f1] [com.apple.dt.xctest:Default] Getting snapshot for App element pid: 29785 for query
2026-08-12 15:43:17.365 Df IlliniCover[29785:3d84f1] [com.apple.dt.xctest:Default] Query requires iOS snapshot attributes .
2026-08-12 15:43:17.365 Df IlliniCover[29785:3d84f1] [com.apple.dt.xctest:Default] XCTPerformOnMainRunLoop[not MT]: about to CFRunLoopPerform
2026-08-12 15:43:17.365 Df IlliniCover[29785:3d84f1] [com.apple.dt.xctest:Default] XCTPerformOnMainRunLoop[not MT]: waiting with 30.00s responsiveness timeout
2026-08-12 15:43:17.365 Df IlliniCover[29785:3d84d9] [com.apple.dt.xctest:Default] XCTPerformOnMainRunLoop[MT]: inside CFRunLoopPerform
2026-08-12 15:43:17.365 Df IlliniCover[29785:3d84d9] [com.apple.dt.xctest:Default] XCTPerformOnMainRunLoop[MT]: MT responded in time (won the race to the busy flag)
2026-08-12 15:43:17.365 Df IlliniCover[29785:3d84f1] [com.apple.dt.xctest:Default] XCTPerformOnMainRunLoop[not MT]: waiting 60.00s for work to complete
2026-08-12 15:43:17.366 Df IlliniCover[29785:3d84d9] [com.apple.dt.xctest:Default] Got main window <AXUIElementRef 0x120254750> {pid=29785} {uid=[ID:4 hash:0x105a10800]}
2026-08-12 15:43:17.366 Df IlliniCover[29785:3d84d9] [com.apple.dt.xctest:Default] Capturing hierarchy with attributes XC_kAXXCAttributeElementType, XC_kAXXCAttributeElementBaseType, XC_kAXXCAttributeParent, XC_kAXXCAttributeIdentifier, XC_kAXXCAttributeAutomationType, XC_kAXXCAttributeTraits
2026-08-12 15:43:17.366 Df IlliniCover[29785:3d84d9] [com.apple.dt.xctest:Default] Capturing hierarchy with parameters {
    attributes =     (
        5003,
        5004,
        5002,
        5019,
        5058,
        2004
    );
    maxArrayCount = 2147483647;
    maxChildren = 2147483647;
    maxDepth = 2147483647;
    snapshotKeyHonorModalViews = 0;
    traverseFromParentsToChildren = 1;
}
2026-08-12 15:43:17.366 Df IlliniCover[29785:3d84d9] [com.apple.dt.xctest:Default] Snapshot attributes 5003, 5004, 5002, 5019, 5058, 2004
2026-08-12 15:43:17.454 Df IlliniCover[29785:3d84d9] [com.apple.dt.xctest:Default] Got snapshot for <AXUIElementRef 0x120f802d0> {pid=29785} {uid=[ID:1 hash:0x0]}
2026-08-12 15:43:17.455 Df IlliniCover[29785:3d84d9] [com.apple.dt.xctest:Default] Got app orientation 0
2026-08-12 15:43:17.455 Df IlliniCover[29785:3d84d9] [com.apple.dt.xctest:Default] Captured accessibility snapshot data in 0.09s
2026-08-12 15:43:17.455 Df IlliniCover[29785:3d84f1] [com.apple.dt.xctest:Default] Found main window: Window
2026-08-12 15:43:17.455 Df IlliniCover[29785:3d84f1] [com.apple.dt.xctest:Default] Preferring automation type 48 instead of legacy element type OTHER derived from class/trait: UILabel:UILabel 8590000128
2026-08-12 15:43:17.456 Df IlliniCover[29785:3d84f1] [com.apple.dt.xctest:Default] Preferring automation type 14 instead of legacy element type OTHER derived from class/trait: SwiftUI.AccessibilityNode:UIResponder 1108101562369
2026-08-12 15:43:17.456 E  IlliniCover[29785:3d84f1] [com.apple.dt.xctest:Default] Automation type mismatch; legacy system derived element type 9 from class SwiftUI.AccessibilityNode:UIResponder, traits 1108101562369, but AXAutomationType returned 14 which maps to 14
2026-08-12 15:43:17.456 Df IlliniCover[29785:3d84f1] [com.apple.dt.xctest:Default] StaticText is not actually a child of Button, including at this point anyway (rdar://problem/20738636)
2026-08-12 15:43:17.456 Df IlliniCover[29785:3d84f1] [com.apple.dt.xctest:Default] Image, identifier: 'chevron.down' is not actually a child of Button, including at this point anyway (rdar://problem/20738636)
2026-08-12 15:43:17.456 Df IlliniCover[29785:3d84f1] [com.apple.dt.xctest:Default] Button is not actually a child of Button, identifier: 'deal-timing-kind-picker', including at this point anyway (rdar://problem/20738636)
2026-08-12 15:43:17.456 Df IlliniCover[29785:3d84f1] [com.apple.dt.xctest:Default] Preferring automation type 14 instead of legacy element type OTHER derived from class/trait: SwiftUI.AccessibilityNode:UIResponder 1108101562369
2026-08-12 15:43:17.456 E  IlliniCover[29785:3d84f1] [com.apple.dt.xctest:Default] Automation type mismatch; legacy system derived element type 9 from class SwiftUI.AccessibilityNode:UIResponder, traits 1108101562369, but AXAutomationType returned 14 which maps to 14
2026-08-12 15:43:17.456 Df IlliniCover[29785:3d84f1] [com.apple.dt.xctest:Default] StaticText is not actually a child of Button, including at this point anyway (rdar://problem/20738636)
2026-08-12 15:43:17.456 Df IlliniCover[29785:3d84f1] [com.apple.dt.xctest:Default] Image, identifier: 'chevron.down' is not actually a child of Button, including at this point anyway (rdar://problem/20738636)
2026-08-12 15:43:17.456 Df IlliniCover[29785:3d84f1] [com.apple.dt.xctest:Default] Button is not actually a child of Button, identifier: 'deal-serving-picker', including at this point anyway (rdar://problem/20738636)
2026-08-12 15:43:17.456 Df IlliniCover[29785:3d84f1] [com.apple.dt.xctest:Default] App orientation is 0 (not portrait) and UITextEffectsWindow window Window is not main window
2026-08-12 15:43:17.456 Df IlliniCover[29785:3d84f1] [com.apple.dt.xctest:Default] Leaving frame unchanged for Window: either already correct or we can't detect it.
2026-08-12 15:43:17.456 Df IlliniCover[29785:3d84f1] [com.apple.dt.xctest:Default] App orientation is 0 (not portrait) and UIRemoteKeyboardWindow window Window is not main window
2026-08-12 15:43:17.456 Df IlliniCover[29785:3d84f1] [com.apple.dt.xctest:Default] Leaving frame unchanged for Window: either already correct or we can't detect it.
2026-08-12 15:43:17.457 Df IlliniCover[29785:3d84f1] [com.apple.dt.xctest:Default] Preferring automation type 20 instead of legacy element type OTHER derived from class/trait: UIAccessibilityElementKBKey:UIAccessibilityElement 8589934641
2026-08-12 15:43:17.457 E  IlliniCover[29785:3d84f1] [com.apple.dt.xctest:Default] Automation type mismatch; legacy system derived element type 9 from class UIAccessibilityElementKBKey:UIAccessibilityElement, traits 8589934641, but AXAutomationType returned 20 which maps to 20
2026-08-12 15:43:17.457 Df IlliniCover[29785:3d84f1] [com.apple.dt.xctest:Default] Preferring automation type 20 instead of legacy element type OTHER derived from class/trait: UIAccessibilityElementKBKey:UIAccessibilityElement 8589934641
2026-08-12 15:43:17.457 E  IlliniCover[29785:3d84f1] [com.apple.dt.xctest:Default] Automation type mismatch; legacy system derived element type 9 from class UIAccessibilityElementKBKey:UIAccessibilityElement, traits 8589934641, but AXAutomationType returned 20 which maps to 20
2026-08-12 15:43:17.457 Df IlliniCover[29785:3d84f1] [com.apple.dt.xctest:Default] Query  found matching snapshots: {(
    Application, pid: 29785
)} (error: (null))
2026-08-12 15:43:17.457 Df IlliniCover[29785:3d84f1] [com.apple.dt.xctest:Default] Replying to query  with results: <XCTElementQueryResults: 0x11cf9f1e0> (error: (null))
2026-08-12 15:43:17.606 Df IlliniCover[29785:3d84f1] [com.apple.dt.xctest:Default] Received request to fetch matches for query:
2026-08-12 15:43:17.606 Df IlliniCover[29785:3d84ed] [com.apple.dt.xctest:Default] Evaluating query:
2026-08-12 15:43:17.606 Df IlliniCover[29785:3d84ed] [com.apple.dt.xctest:Default] Getting root element snapshot
2026-08-12 15:43:17.606 Df IlliniCover[29785:3d84ed] [com.apple.dt.xctest:Default] Getting snapshot for App element pid: 29785 for query
2026-08-12 15:43:17.606 Df IlliniCover[29785:3d84ed] [com.apple.dt.xctest:Default] Query requires iOS snapshot attributes .
2026-08-12 15:43:17.606 Df IlliniCover[29785:3d84ed] [com.apple.dt.xctest:Default] XCTPerformOnMainRunLoop[not MT]: about to CFRunLoopPerform
2026-08-12 15:43:17.606 Df IlliniCover[29785:3d84d9] [com.apple.dt.xctest:Default] XCTPerformOnMainRunLoop[MT]: inside CFRunLoopPerform
2026-08-12 15:43:17.606 Df IlliniCover[29785:3d84ed] [com.apple.dt.xctest:Default] XCTPerformOnMainRunLoop[not MT]: waiting with 30.00s responsiveness timeout
2026-08-12 15:43:17.606 Df IlliniCover[29785:3d84d9] [com.apple.dt.xctest:Default] XCTPerformOnMainRunLoop[MT]: MT responded in time (won the race to the busy flag)
2026-08-12 15:43:17.606 Df IlliniCover[29785:3d84ed] [com.apple.dt.xctest:Default] XCTPerformOnMainRunLoop[not MT]: waiting 60.00s for work to complete
2026-08-12 15:43:17.607 Df IlliniCover[29785:3d84d9] [com.apple.dt.xctest:Default] Got main window <AXUIElementRef 0x1203fce40> {pid=29785} {uid=[ID:4 hash:0x105a10800]}
2026-08-12 15:43:17.607 Df IlliniCover[29785:3d84d9] [com.apple.dt.xctest:Default] Capturing hierarchy with attributes XC_kAXXCAttributeElementType, XC_kAXXCAttributeElementBaseType, XC_kAXXCAttributeParent, XC_kAXXCAttributeIdentifier, XC_kAXXCAttributeAutomationType, XC_kAXXCAttributeTraits
2026-08-12 15:43:17.607 Df IlliniCover[29785:3d84d9] [com.apple.dt.xctest:Default] Capturing hierarchy with parameters {
    attributes =     (
        5003,
        5004,
        5002,
        5019,
        5058,
        2004
    );
    maxArrayCount = 2147483647;
    maxChildren = 2147483647;
    maxDepth = 2147483647;
    snapshotKeyHonorModalViews = 0;
    traverseFromParentsToChildren = 1;
}
2026-08-12 15:43:17.607 Df IlliniCover[29785:3d84d9] [com.apple.dt.xctest:Default] Snapshot attributes 5003, 5004, 5002, 5019, 5058, 2004
2026-08-12 15:43:17.699 Df IlliniCover[29785:3d84d9] [com.apple.dt.xctest:Default] Got snapshot for <AXUIElementRef 0x120222790> {pid=29785} {uid=[ID:1 hash:0x0]}
2026-08-12 15:43:17.699 Df IlliniCover[29785:3d84d9] [com.apple.dt.xctest:Default] Got app orientation 0
2026-08-12 15:43:17.699 Df IlliniCover[29785:3d84d9] [com.apple.dt.xctest:Default] Captured accessibility snapshot data in 0.09s
2026-08-12 15:43:17.699 Df IlliniCover[29785:3d84ed] [com.apple.dt.xctest:Default] Found main window: Window
2026-08-12 15:43:17.699 Df IlliniCover[29785:3d84ed] [com.apple.dt.xctest:Default] Preferring automation type 48 instead of legacy element type OTHER derived from class/trait: UILabel:UILabel 8590000128
2026-08-12 15:43:17.700 Df IlliniCover[29785:3d84ed] [com.apple.dt.xctest:Default] Preferring automation type 14 instead of legacy element type OTHER derived from class/trait: SwiftUI.AccessibilityNode:UIResponder 1108101562369
2026-08-12 15:43:17.700 E  IlliniCover[29785:3d84ed] [com.apple.dt.xctest:Default] Automation type mismatch; legacy system derived element type 9 from class SwiftUI.AccessibilityNode:UIResponder, traits 1108101562369, but AXAutomationType returned 14 which maps to 14
2026-08-12 15:43:17.700 Df IlliniCover[29785:3d84ed] [com.apple.dt.xctest:Default] StaticText is not actually a child of Button, including at this point anyway (rdar://problem/20738636)
2026-08-12 15:43:17.700 Df IlliniCover[29785:3d84ed] [com.apple.dt.xctest:Default] Image, identifier: 'chevron.down' is not actually a child of Button, including at this point anyway (rdar://problem/20738636)
2026-08-12 15:43:17.700 Df IlliniCover[29785:3d84ed] [com.apple.dt.xctest:Default] Button is not actually a child of Button, identifier: 'deal-timing-kind-picker', including at this point anyway (rdar://problem/20738636)
2026-08-12 15:43:17.700 Df IlliniCover[29785:3d84ed] [com.apple.dt.xctest:Default] Preferring automation type 14 instead of legacy element type OTHER derived from class/trait: SwiftUI.AccessibilityNode:UIResponder 1108101562369
2026-08-12 15:43:17.700 E  IlliniCover[29785:3d84ed] [com.apple.dt.xctest:Default] Automation type mismatch; legacy system derived element type 9 from class SwiftUI.AccessibilityNode:UIResponder, traits 1108101562369, but AXAutomationType returned 14 which maps to 14
2026-08-12 15:43:17.700 Df IlliniCover[29785:3d84ed] [com.apple.dt.xctest:Default] StaticText is not actually a child of Button, including at this point anyway (rdar://problem/20738636)
2026-08-12 15:43:17.700 Df IlliniCover[29785:3d84ed] [com.apple.dt.xctest:Default] Image, identifier: 'chevron.down' is not actually a child of Button, including at this point anyway (rdar://problem/20738636)
2026-08-12 15:43:17.700 Df IlliniCover[29785:3d84ed] [com.apple.dt.xctest:Default] Button is not actually a child of Button, identifier: 'deal-serving-picker', including at this point anyway (rdar://problem/20738636)
2026-08-12 15:43:17.701 Df IlliniCover[29785:3d84ed] [com.apple.dt.xctest:Default] App orientation is 0 (not portrait) and UITextEffectsWindow window Window is not main window
2026-08-12 15:43:17.701 Df IlliniCover[29785:3d84ed] [com.apple.dt.xctest:Default] Leaving frame unchanged for Window: either already correct or we can't detect it.
2026-08-12 15:43:17.701 Df IlliniCover[29785:3d84ed] [com.apple.dt.xctest:Default] App orientation is 0 (not portrait) and UIRemoteKeyboardWindow window Window is not main window
2026-08-12 15:43:17.701 Df IlliniCover[29785:3d84ed] [com.apple.dt.xctest:Default] Leaving frame unchanged for Window: either already correct or we can't detect it.
2026-08-12 15:43:17.701 Df IlliniCover[29785:3d84ed] [com.apple.dt.xctest:Default] Preferring automation type 20 instead of legacy element type OTHER derived from class/trait: UIAccessibilityElementKBKey:UIAccessibilityElement 8589934641
2026-08-12 15:43:17.701 E  IlliniCover[29785:3d84ed] [com.apple.dt.xctest:Default] Automation type mismatch; legacy system derived element type 9 from class UIAccessibilityElementKBKey:UIAccessibilityElement, traits 8589934641, but AXAutomationType returned 20 which maps to 20
2026-08-12 15:43:17.701 Df IlliniCover[29785:3d84ed] [com.apple.dt.xctest:Default] Preferring automation type 20 instead of legacy element type OTHER derived from class/trait: UIAccessibilityElementKBKey:UIAccessibilityElement 8589934641
2026-08-12 15:43:17.701 E  IlliniCover[29785:3d84ed] [com.apple.dt.xctest:Default] Automation type mismatch; legacy system derived element type 9 from class UIAccessibilityElementKBKey:UIAccessibilityElement, traits 8589934641, but AXAutomationType returned 20 which maps to 20
2026-08-12 15:43:17.701 Df IlliniCover[29785:3d84ed] [com.apple.dt.xctest:Default] Query  found matching snapshots: {(
    Application, pid: 29785
)} (error: (null))
2026-08-12 15:43:17.701 Df IlliniCover[29785:3d84ed] [com.apple.dt.xctest:Default] Replying to query  with results: <XCTElementQueryResults: 0x11cf9f120> (error: (null))
