Timestamp               Ty Process[PID:TID]
2026-08-12 15:33:02.912 Df IlliniCover[24516:3cd570] [com.apple.dt.xctest:Default] Received request to fetch matches for query:
2026-08-12 15:33:02.912 Df IlliniCover[24516:3cd570] [com.apple.dt.xctest:Default] Evaluating query:
2026-08-12 15:33:02.912 Df IlliniCover[24516:3cd570] [com.apple.dt.xctest:Default] Getting root element snapshot
2026-08-12 15:33:02.912 Df IlliniCover[24516:3cd570] [com.apple.dt.xctest:Default] Getting snapshot for App element pid: 24516 for query
2026-08-12 15:33:02.912 Df IlliniCover[24516:3cd570] [com.apple.dt.xctest:Default] Query requires iOS snapshot attributes .
2026-08-12 15:33:02.912 Df IlliniCover[24516:3cd570] [com.apple.dt.xctest:Default] XCTPerformOnMainRunLoop[not MT]: about to CFRunLoopPerform
2026-08-12 15:33:02.912 Df IlliniCover[24516:3cd570] [com.apple.dt.xctest:Default] XCTPerformOnMainRunLoop[not MT]: waiting with 30.00s responsiveness timeout
2026-08-12 15:33:02.912 Df IlliniCover[24516:3cd556] [com.apple.dt.xctest:Default] XCTPerformOnMainRunLoop[MT]: inside CFRunLoopPerform
2026-08-12 15:33:02.912 Df IlliniCover[24516:3cd556] [com.apple.dt.xctest:Default] XCTPerformOnMainRunLoop[MT]: MT responded in time (won the race to the busy flag)
2026-08-12 15:33:02.912 Df IlliniCover[24516:3cd570] [com.apple.dt.xctest:Default] XCTPerformOnMainRunLoop[not MT]: waiting 60.00s for work to complete
2026-08-12 15:33:02.913 Df IlliniCover[24516:3cd556] [com.apple.dt.xctest:Default] Got main window <AXUIElementRef 0x12317dd40> {pid=24516} {uid=[ID:4 hash:0x107e10400]}
2026-08-12 15:33:02.913 Df IlliniCover[24516:3cd556] [com.apple.dt.xctest:Default] Capturing hierarchy with attributes XC_kAXXCAttributeElementType, XC_kAXXCAttributeElementBaseType, XC_kAXXCAttributeParent, XC_kAXXCAttributeIdentifier, XC_kAXXCAttributeAutomationType, XC_kAXXCAttributeTraits
2026-08-12 15:33:02.913 Df IlliniCover[24516:3cd556] [com.apple.dt.xctest:Default] Capturing hierarchy with parameters {
    attributes =     (
        5003,
        5004,
        5002,
        5019,
        5058,
        2004
    );
    maxArrayCount = 2147483647;
    maxChildren = 2147483647;
    maxDepth = 2147483647;
    snapshotKeyHonorModalViews = 0;
    traverseFromParentsToChildren = 1;
}
2026-08-12 15:33:02.913 Df IlliniCover[24516:3cd556] [com.apple.dt.xctest:Default] Snapshot attributes 5003, 5004, 5002, 5019, 5058, 2004
2026-08-12 15:33:02.985 Df IlliniCover[24516:3cd556] [com.apple.dt.xctest:Default] Got snapshot for <AXUIElementRef 0x1232e2460> {pid=24516} {uid=[ID:1 hash:0x0]}
2026-08-12 15:33:02.985 Df IlliniCover[24516:3cd556] [com.apple.dt.xctest:Default] Got app orientation 0
2026-08-12 15:33:02.985 Df IlliniCover[24516:3cd556] [com.apple.dt.xctest:Default] Captured accessibility snapshot data in 0.07s
2026-08-12 15:33:02.985 Df IlliniCover[24516:3cd570] [com.apple.dt.xctest:Default] Found main window: Window
2026-08-12 15:33:02.985 Df IlliniCover[24516:3cd570] [com.apple.dt.xctest:Default] Preferring automation type 48 instead of legacy element type OTHER derived from class/trait: UILabel:UILabel 8590000128
2026-08-12 15:33:02.985 Df IlliniCover[24516:3cd570] [com.apple.dt.xctest:Default] Other is not actually a child of Other, including at this point anyway (rdar://problem/20738636)
2026-08-12 15:33:02.985 Df IlliniCover[24516:3cd570] [com.apple.dt.xctest:Default] Other is not actually a child of Other, including at this point anyway (rdar://problem/20738636)
2026-08-12 15:33:02.985 Df IlliniCover[24516:3cd570] [com.apple.dt.xctest:Default] Other is not actually a child of Other, including at this point anyway (rdar://problem/20738636)
2026-08-12 15:33:02.985 Df IlliniCover[24516:3cd570] [com.apple.dt.xctest:Default] Other is not actually a child of Other, including at this point anyway (rdar://problem/20738636)
2026-08-12 15:33:02.985 Df IlliniCover[24516:3cd570] [com.apple.dt.xctest:Default] Other is not actually a child of Other, including at this point anyway (rdar://problem/20738636)
2026-08-12 15:33:02.985 Df IlliniCover[24516:3cd570] [com.apple.dt.xctest:Default] Other is not actually a child of Other, including at this point anyway (rdar://problem/20738636)
2026-08-12 15:33:02.985 Df IlliniCover[24516:3cd570] [com.apple.dt.xctest:Default] Other is not actually a child of Other, including at this point anyway (rdar://problem/20738636)
2026-08-12 15:33:02.985 Df IlliniCover[24516:3cd570] [com.apple.dt.xctest:Default] Other is not actually a child of Other, including at this point anyway (rdar://problem/20738636)
2026-08-12 15:33:02.986 Df IlliniCover[24516:3cd570] [com.apple.dt.xctest:Default] Other is not actually a child of Other, including at this point anyway (rdar://problem/20738636)
2026-08-12 15:33:02.986 Df IlliniCover[24516:3cd570] [com.apple.dt.xctest:Default] Other is not actually a child of Other, including at this point anyway (rdar://problem/20738636)
2026-08-12 15:33:02.986 Df IlliniCover[24516:3cd570] [com.apple.dt.xctest:Default] Other is not actually a child of Other, including at this point anyway (rdar://problem/20738636)
2026-08-12 15:33:02.986 Df IlliniCover[24516:3cd570] [com.apple.dt.xctest:Default] Other is not actually a child of Other, including at this point anyway (rdar://problem/20738636)
2026-08-12 15:33:02.986 Df IlliniCover[24516:3cd570] [com.apple.dt.xctest:Default] App orientation is 0 (not portrait) and UITextEffectsWindow window Window is not main window
2026-08-12 15:33:02.986 Df IlliniCover[24516:3cd570] [com.apple.dt.xctest:Default] Leaving frame unchanged for Window: either already correct or we can't detect it.
2026-08-12 15:33:02.986 Df IlliniCover[24516:3cd570] [com.apple.dt.xctest:Default] Query  found matching snapshots: {(
    Application, pid: 24516
)} (error: (null))
2026-08-12 15:33:02.986 Df IlliniCover[24516:3cd570] [com.apple.dt.xctest:Default] Replying to query  with results: <XCTElementQueryResults: 0x1223c94a0> (error: (null))
2026-08-12 15:33:03.639 Df IlliniCover[24516:3cd556] [com.apple.KeyboardArbiter:Client] TX focusApplication (peekAppEvent) stealKB:Y scene:com.illinicover.app-default
2026-08-12 15:33:03.639 Df IlliniCover[24516:3cd556] [com.apple.UIKit:EventDispatch] Evaluating dispatch of UIEvent: 0x107d95800; type: 0; subtype: 0; backing type: 11; shouldSend: 1; ignoreInteractionEvents: 0, systemGestureStateChange: 0
2026-08-12 15:33:03.639 Df IlliniCover[24516:3cd556] [com.apple.UIKit:EventDispatch] Sending UIEvent type: 0; subtype: 0; to windows: 1
2026-08-12 15:33:03.639 Df IlliniCover[24516:3cd556] [com.apple.UIKit:EventDispatch] Sending UIEvent type: 0; subtype: 0; to window: <UIWindow: 0x107e10400>; contextId: 0xC78DD48E
2026-08-12 15:33:03.640 A  IlliniCover[24516:3cd556] (UIKitCore) send gesture actions
2026-08-12 15:33:03.640 Df IlliniCover[24516:3cd556] [com.apple.UIKit:EventDispatch] Evaluating dispatch of UIEvent: 0x107d95800; type: 0; subtype: 0; backing type: 11; shouldSend: 0; ignoreInteractionEvents: 0, systemGestureStateChange: 0
2026-08-12 15:33:03.642 Df IlliniCover[24516:3cd556] [com.apple.UIKit:Feedback] generator <UISelectionFeedbackGenerator: 0x124e28240> cannot play feedback <nil: 0x0> (enabled=0)
2026-08-12 15:33:03.655 Df IlliniCover[24516:3cd556] [com.apple.UIKit:EventDispatch] Evaluating dispatch of UIEvent: 0x107d95800; type: 0; subtype: 0; backing type: 11; shouldSend: 0; ignoreInteractionEvents: 0, systemGestureStateChange: 0
2026-08-12 15:33:03.672 Df IlliniCover[24516:3cd556] [com.apple.UIKit:EventDispatch] Evaluating dispatch of UIEvent: 0x107d95800; type: 0; subtype: 0; backing type: 11; shouldSend: 0; ignoreInteractionEvents: 0, systemGestureStateChange: 0
2026-08-12 15:33:03.688 Df IlliniCover[24516:3cd556] [com.apple.UIKit:EventDispatch] Evaluating dispatch of UIEvent: 0x107d95800; type: 0; subtype: 0; backing type: 11; shouldSend: 0; ignoreInteractionEvents: 0, systemGestureStateChange: 0
2026-08-12 15:33:03.705 Df IlliniCover[24516:3cd556] [com.apple.UIKit:EventDispatch] Evaluating dispatch of UIEvent: 0x107d95800; type: 0; subtype: 0; backing type: 11; shouldSend: 0; ignoreInteractionEvents: 0, systemGestureStateChange: 0
2026-08-12 15:33:03.722 Df IlliniCover[24516:3cd556] [com.apple.UIKit:EventDispatch] Evaluating dispatch of UIEvent: 0x107d95800; type: 0; subtype: 0; backing type: 11; shouldSend: 0; ignoreInteractionEvents: 0, systemGestureStateChange: 1
2026-08-12 15:33:03.722 Df IlliniCover[24516:3cd556] [com.apple.UIKit:EventDispatch] Evaluating dispatch of UIEvent: 0x107d95800; type: 0; subtype: 0; backing type: 11; shouldSend: 0; ignoreInteractionEvents: 0, systemGestureStateChange: 0
2026-08-12 15:33:03.738 Df IlliniCover[24516:3cd556] [com.apple.UIKit:EventDispatch] Evaluating dispatch of UIEvent: 0x107d95800; type: 0; subtype: 0; backing type: 11; shouldSend: 0; ignoreInteractionEvents: 0, systemGestureStateChange: 0
2026-08-12 15:33:03.755 Df IlliniCover[24516:3cd556] [com.apple.UIKit:EventDispatch] Evaluating dispatch of UIEvent: 0x107d95800; type: 0; subtype: 0; backing type: 11; shouldSend: 0; ignoreInteractionEvents: 0, systemGestureStateChange: 0
2026-08-12 15:33:03.755 Df IlliniCover[24516:3cd556] [com.apple.UIKit:EventDispatch] Evaluating dispatch of UIEvent: 0x107d95800; type: 0; subtype: 0; backing type: 11; shouldSend: 1; ignoreInteractionEvents: 0, systemGestureStateChange: 0
2026-08-12 15:33:03.755 Df IlliniCover[24516:3cd556] [com.apple.UIKit:EventDispatch] Sending UIEvent type: 0; subtype: 0; to windows: 1
2026-08-12 15:33:03.755 Df IlliniCover[24516:3cd556] [com.apple.UIKit:EventDispatch] Sending UIEvent type: 0; subtype: 0; to window: <UIWindow: 0x107e10400>; contextId: 0xC78DD48E
2026-08-12 15:33:03.755 A  IlliniCover[24516:3cd556] (UIKitCore) send gesture actions
2026-08-12 15:33:03.756 A  IlliniCover[24516:3cd556] (UIKitCore) send gesture actions
2026-08-12 15:33:03.756 A  IlliniCover[24516:3cd556] (UIKitCore) send gesture actions
2026-08-12 15:33:04.836 Df IlliniCover[24516:3cd57a] [com.apple.dt.xctest:Default] Received request to fetch matches for query:
2026-08-12 15:33:04.836 Df IlliniCover[24516:3cd57a] [com.apple.dt.xctest:Default] Evaluating query:
2026-08-12 15:33:04.836 Df IlliniCover[24516:3cd57a] [com.apple.dt.xctest:Default] Getting root element snapshot
2026-08-12 15:33:04.836 Df IlliniCover[24516:3cd57a] [com.apple.dt.xctest:Default] Getting snapshot for App element pid: 24516 for query
2026-08-12 15:33:04.836 Df IlliniCover[24516:3cd57a] [com.apple.dt.xctest:Default] Query requires iOS snapshot attributes .
2026-08-12 15:33:04.836 Df IlliniCover[24516:3cd57a] [com.apple.dt.xctest:Default] XCTPerformOnMainRunLoop[not MT]: about to CFRunLoopPerform
2026-08-12 15:33:04.836 Df IlliniCover[24516:3cd57a] [com.apple.dt.xctest:Default] XCTPerformOnMainRunLoop[not MT]: waiting with 30.00s responsiveness timeout
2026-08-12 15:33:04.836 Df IlliniCover[24516:3cd556] [com.apple.dt.xctest:Default] XCTPerformOnMainRunLoop[MT]: inside CFRunLoopPerform
2026-08-12 15:33:04.836 Df IlliniCover[24516:3cd556] [com.apple.dt.xctest:Default] XCTPerformOnMainRunLoop[MT]: MT responded in time (won the race to the busy flag)
2026-08-12 15:33:04.836 Df IlliniCover[24516:3cd57a] [com.apple.dt.xctest:Default] XCTPerformOnMainRunLoop[not MT]: waiting 60.00s for work to complete
2026-08-12 15:33:04.836 Df IlliniCover[24516:3cd556] [com.apple.dt.xctest:Default] Got main window <AXUIElementRef 0x12317db60> {pid=24516} {uid=[ID:4 hash:0x107e10400]}
2026-08-12 15:33:04.837 Df IlliniCover[24516:3cd556] [com.apple.dt.xctest:Default] Capturing hierarchy with attributes XC_kAXXCAttributeElementType, XC_kAXXCAttributeElementBaseType, XC_kAXXCAttributeParent, XC_kAXXCAttributeIdentifier, XC_kAXXCAttributeAutomationType, XC_kAXXCAttributeTraits
2026-08-12 15:33:04.837 Df IlliniCover[24516:3cd556] [com.apple.dt.xctest:Default] Capturing hierarchy with parameters {
    attributes =     (
        5003,
        5004,
        5002,
        5019,
        5058,
        2004
    );
    maxArrayCount = 2147483647;
    maxChildren = 2147483647;
    maxDepth = 2147483647;
    snapshotKeyHonorModalViews = 0;
    traverseFromParentsToChildren = 1;
}
2026-08-12 15:33:04.837 Df IlliniCover[24516:3cd556] [com.apple.dt.xctest:Default] Snapshot attributes 5003, 5004, 5002, 5019, 5058, 2004
2026-08-12 15:33:04.908 Df IlliniCover[24516:3cd556] [com.apple.dt.xctest:Default] Got snapshot for <AXUIElementRef 0x1232c01e0> {pid=24516} {uid=[ID:1 hash:0x0]}
2026-08-12 15:33:04.908 Df IlliniCover[24516:3cd556] [com.apple.dt.xctest:Default] Got app orientation 0
2026-08-12 15:33:04.908 Df IlliniCover[24516:3cd556] [com.apple.dt.xctest:Default] Captured accessibility snapshot data in 0.07s
2026-08-12 15:33:04.908 Df IlliniCover[24516:3cd57a] [com.apple.dt.xctest:Default] Found main window: Window
2026-08-12 15:33:04.908 Df IlliniCover[24516:3cd57a] [com.apple.dt.xctest:Default] Preferring automation type 48 instead of legacy element type OTHER derived from class/trait: UILabel:UILabel 8590000128
2026-08-12 15:33:04.908 Df IlliniCover[24516:3cd57a] [com.apple.dt.xctest:Default] Other is not actually a child of Other, including at this point anyway (rdar://problem/20738636)
2026-08-12 15:33:04.908 Df IlliniCover[24516:3cd57a] [com.apple.dt.xctest:Default] Other is not actually a child of Other, including at this point anyway (rdar://problem/20738636)
2026-08-12 15:33:04.909 Df IlliniCover[24516:3cd57a] [com.apple.dt.xctest:Default] Other is not actually a child of Other, including at this point anyway (rdar://problem/20738636)
2026-08-12 15:33:04.909 Df IlliniCover[24516:3cd57a] [com.apple.dt.xctest:Default] Other is not actually a child of Other, including at this point anyway (rdar://problem/20738636)
2026-08-12 15:33:04.909 Df IlliniCover[24516:3cd57a] [com.apple.dt.xctest:Default] Other is not actually a child of Other, including at this point anyway (rdar://problem/20738636)
2026-08-12 15:33:04.909 Df IlliniCover[24516:3cd57a] [com.apple.dt.xctest:Default] Other is not actually a child of Other, including at this point anyway (rdar://problem/20738636)
2026-08-12 15:33:04.909 Df IlliniCover[24516:3cd57a] [com.apple.dt.xctest:Default] Other is not actually a child of Other, including at this point anyway (rdar://problem/20738636)
2026-08-12 15:33:04.909 Df IlliniCover[24516:3cd57a] [com.apple.dt.xctest:Default] Other is not actually a child of Other, including at this point anyway (rdar://problem/20738636)
2026-08-12 15:33:04.909 Df IlliniCover[24516:3cd57a] [com.apple.dt.xctest:Default] Other is not actually a child of Other, including at this point anyway (rdar://problem/20738636)
2026-08-12 15:33:04.909 Df IlliniCover[24516:3cd57a] [com.apple.dt.xctest:Default] Other is not actually a child of Other, including at this point anyway (rdar://problem/20738636)
2026-08-12 15:33:04.909 Df IlliniCover[24516:3cd57a] [com.apple.dt.xctest:Default] Other is not actually a child of Other, including at this point anyway (rdar://problem/20738636)
2026-08-12 15:33:04.909 Df IlliniCover[24516:3cd57a] [com.apple.dt.xctest:Default] Other is not actually a child of Other, including at this point anyway (rdar://problem/20738636)
2026-08-12 15:33:04.910 Df IlliniCover[24516:3cd57a] [com.apple.dt.xctest:Default] App orientation is 0 (not portrait) and UITextEffectsWindow window Window is not main window
2026-08-12 15:33:04.910 Df IlliniCover[24516:3cd57a] [com.apple.dt.xctest:Default] Leaving frame unchanged for Window: either already correct or we can't detect it.
2026-08-12 15:33:04.910 Df IlliniCover[24516:3cd57a] [com.apple.dt.xctest:Default] Query  found matching snapshots: {(
    Application, pid: 24516
)} (error: (null))
2026-08-12 15:33:04.910 Df IlliniCover[24516:3cd57a] [com.apple.dt.xctest:Default] Replying to query  with results: <XCTElementQueryResults: 0x1223c9050> (error: (null))
2026-08-12 15:33:05.505 Df IlliniCover[24516:3cd556] [com.apple.KeyboardArbiter:Client] TX focusApplication (peekAppEvent) stealKB:Y scene:com.illinicover.app-default
2026-08-12 15:33:05.506 Df IlliniCover[24516:3cd556] [com.apple.UIKit:EventDispatch] Evaluating dispatch of UIEvent: 0x107d95800; type: 0; subtype: 0; backing type: 11; shouldSend: 1; ignoreInteractionEvents: 0, systemGestureStateChange: 0
2026-08-12 15:33:05.506 Df IlliniCover[24516:3cd556] [com.apple.UIKit:EventDispatch] Sending UIEvent type: 0; subtype: 0; to windows: 1
2026-08-12 15:33:05.506 Df IlliniCover[24516:3cd556] [com.apple.UIKit:EventDispatch] Sending UIEvent type: 0; subtype: 0; to window: <UIWindow: 0x107e10400>; contextId: 0xC78DD48E
2026-08-12 15:33:05.506 A  IlliniCover[24516:3cd556] (UIKitCore) send gesture actions
2026-08-12 15:33:05.507 Df IlliniCover[24516:3cd556] [com.apple.UIKit:EventDispatch] Evaluating dispatch of UIEvent: 0x107d95800; type: 0; subtype: 0; backing type: 11; shouldSend: 0; ignoreInteractionEvents: 0, systemGestureStateChange: 0
2026-08-12 15:33:05.508 Df IlliniCover[24516:3cd556] [com.apple.UIKit:Feedback] generator <UISelectionFeedbackGenerator: 0x124e28540> cannot play feedback <nil: 0x0> (enabled=0)
2026-08-12 15:33:05.538 Df IlliniCover[24516:3cd556] [com.apple.UIKit:EventDispatch] Evaluating dispatch of UIEvent: 0x107d95800; type: 0; subtype: 0; backing type: 11; shouldSend: 0; ignoreInteractionEvents: 0, systemGestureStateChange: 0
2026-08-12 15:33:05.572 Df IlliniCover[24516:3cd556] [com.apple.UIKit:EventDispatch] Evaluating dispatch of UIEvent: 0x107d95800; type: 0; subtype: 0; backing type: 11; shouldSend: 0; ignoreInteractionEvents: 0, systemGestureStateChange: 0
2026-08-12 15:33:05.588 Df IlliniCover[24516:3cd556] [com.apple.UIKit:EventDispatch] Evaluating dispatch of UIEvent: 0x107d95800; type: 0; subtype: 0; backing type: 11; shouldSend: 0; ignoreInteractionEvents: 0, systemGestureStateChange: 0
2026-08-12 15:33:05.605 Df IlliniCover[24516:3cd556] [com.apple.UIKit:EventDispatch] Evaluating dispatch of UIEvent: 0x107d95800; type: 0; subtype: 0; backing type: 11; shouldSend: 0; ignoreInteractionEvents: 0, systemGestureStateChange: 1
2026-08-12 15:33:05.605 Df IlliniCover[24516:3cd556] [com.apple.UIKit:EventDispatch] Evaluating dispatch of UIEvent: 0x107d95800; type: 0; subtype: 0; backing type: 11; shouldSend: 0; ignoreInteractionEvents: 0, systemGestureStateChange: 0
2026-08-12 15:33:05.622 Df IlliniCover[24516:3cd556] [com.apple.UIKit:EventDispatch] Evaluating dispatch of UIEvent: 0x107d95800; type: 0; subtype: 0; backing type: 11; shouldSend: 0; ignoreInteractionEvents: 0, systemGestureStateChange: 0
2026-08-12 15:33:05.622 Df IlliniCover[24516:3cd556] [com.apple.UIKit:EventDispatch] Evaluating dispatch of UIEvent: 0x107d95800; type: 0; subtype: 0; backing type: 11; shouldSend: 1; ignoreInteractionEvents: 0, systemGestureStateChange: 0
2026-08-12 15:33:05.622 Df IlliniCover[24516:3cd556] [com.apple.UIKit:EventDispatch] Sending UIEvent type: 0; subtype: 0; to windows: 1
2026-08-12 15:33:05.622 Df IlliniCover[24516:3cd556] [com.apple.UIKit:EventDispatch] Sending UIEvent type: 0; subtype: 0; to window: <UIWindow: 0x107e10400>; contextId: 0xC78DD48E
2026-08-12 15:33:05.622 A  IlliniCover[24516:3cd556] (UIKitCore) send gesture actions
2026-08-12 15:33:05.622 A  IlliniCover[24516:3cd556] (UIKitCore) send gesture actions
2026-08-12 15:33:05.622 A  IlliniCover[24516:3cd556] (UIKitCore) send gesture actions
2026-08-12 15:33:06.704 Df IlliniCover[24516:3cd57a] [com.apple.dt.xctest:Default] Received request to fetch matches for query:
2026-08-12 15:33:06.704 Df IlliniCover[24516:3cd57a] [com.apple.dt.xctest:Default] Evaluating query:
2026-08-12 15:33:06.704 Df IlliniCover[24516:3cd57a] [com.apple.dt.xctest:Default] Getting root element snapshot
2026-08-12 15:33:06.704 Df IlliniCover[24516:3cd57a] [com.apple.dt.xctest:Default] Getting snapshot for App element pid: 24516 for query
2026-08-12 15:33:06.704 Df IlliniCover[24516:3cd57a] [com.apple.dt.xctest:Default] Query requires iOS snapshot attributes .
2026-08-12 15:33:06.705 Df IlliniCover[24516:3cd57a] [com.apple.dt.xctest:Default] XCTPerformOnMainRunLoop[not MT]: about to CFRunLoopPerform
2026-08-12 15:33:06.705 Df IlliniCover[24516:3cd57a] [com.apple.dt.xctest:Default] XCTPerformOnMainRunLoop[not MT]: waiting with 30.00s responsiveness timeout
2026-08-12 15:33:06.705 Df IlliniCover[24516:3cd556] [com.apple.dt.xctest:Default] XCTPerformOnMainRunLoop[MT]: inside CFRunLoopPerform
2026-08-12 15:33:06.705 Df IlliniCover[24516:3cd556] [com.apple.dt.xctest:Default] XCTPerformOnMainRunLoop[MT]: MT responded in time (won the race to the busy flag)
2026-08-12 15:33:06.705 Df IlliniCover[24516:3cd57a] [com.apple.dt.xctest:Default] XCTPerformOnMainRunLoop[not MT]: waiting 60.00s for work to complete
2026-08-12 15:33:06.705 Df IlliniCover[24516:3cd556] [com.apple.dt.xctest:Default] Got main window <AXUIElementRef 0x12317f090> {pid=24516} {uid=[ID:4 hash:0x107e10400]}
2026-08-12 15:33:06.705 Df IlliniCover[24516:3cd556] [com.apple.dt.xctest:Default] Capturing hierarchy with attributes XC_kAXXCAttributeElementType, XC_kAXXCAttributeElementBaseType, XC_kAXXCAttributeParent, XC_kAXXCAttributeIdentifier, XC_kAXXCAttributeAutomationType, XC_kAXXCAttributeTraits
2026-08-12 15:33:06.705 Df IlliniCover[24516:3cd556] [com.apple.dt.xctest:Default] Capturing hierarchy with parameters {
    attributes =     (
        5003,
        5004,
        5002,
        5019,
        5058,
        2004
    );
    maxArrayCount = 2147483647;
    maxChildren = 2147483647;
    maxDepth = 2147483647;
    snapshotKeyHonorModalViews = 0;
    traverseFromParentsToChildren = 1;
}
2026-08-12 15:33:06.705 Df IlliniCover[24516:3cd556] [com.apple.dt.xctest:Default] Snapshot attributes 5003, 5004, 5002, 5019, 5058, 2004
2026-08-12 15:33:06.780 Df IlliniCover[24516:3cd556] [com.apple.dt.xctest:Default] Got snapshot for <AXUIElementRef 0x12336b5a0> {pid=24516} {uid=[ID:1 hash:0x0]}
2026-08-12 15:33:06.780 Df IlliniCover[24516:3cd556] [com.apple.dt.xctest:Default] Got app orientation 0
2026-08-12 15:33:06.780 Df IlliniCover[24516:3cd556] [com.apple.dt.xctest:Default] Captured accessibility snapshot data in 0.08s
2026-08-12 15:33:06.780 Df IlliniCover[24516:3cd57a] [com.apple.dt.xctest:Default] Found main window: Window
2026-08-12 15:33:06.780 Df IlliniCover[24516:3cd57a] [com.apple.dt.xctest:Default] Preferring automation type 48 instead of legacy element type OTHER derived from class/trait: UILabel:UILabel 8590000128
2026-08-12 15:33:06.781 Df IlliniCover[24516:3cd57a] [com.apple.dt.xctest:Default] Other is not actually a child of Other, including at this point anyway (rdar://problem/20738636)
2026-08-12 15:33:06.781 Df IlliniCover[24516:3cd57a] [com.apple.dt.xctest:Default] Other is not actually a child of Other, including at this point anyway (rdar://problem/20738636)
2026-08-12 15:33:06.781 Df IlliniCover[24516:3cd57a] [com.apple.dt.xctest:Default] Other is not actually a child of Other, including at this point anyway (rdar://problem/20738636)
2026-08-12 15:33:06.781 Df IlliniCover[24516:3cd57a] [com.apple.dt.xctest:Default] Other is not actually a child of Other, including at this point anyway (rdar://problem/20738636)
2026-08-12 15:33:06.781 Df IlliniCover[24516:3cd57a] [com.apple.dt.xctest:Default] Other is not actually a child of Other, including at this point anyway (rdar://problem/20738636)
2026-08-12 15:33:06.781 Df IlliniCover[24516:3cd57a] [com.apple.dt.xctest:Default] Other is not actually a child of Other, including at this point anyway (rdar://problem/20738636)
2026-08-12 15:33:06.781 Df IlliniCover[24516:3cd57a] [com.apple.dt.xctest:Default] Other is not actually a child of Other, including at this point anyway (rdar://problem/20738636)
2026-08-12 15:33:06.781 Df IlliniCover[24516:3cd57a] [com.apple.dt.xctest:Default] Other is not actually a child of Other, including at this point anyway (rdar://problem/20738636)
2026-08-12 15:33:06.781 Df IlliniCover[24516:3cd57a] [com.apple.dt.xctest:Default] Other is not actually a child of Other, including at this point anyway (rdar://problem/20738636)
2026-08-12 15:33:06.781 Df IlliniCover[24516:3cd57a] [com.apple.dt.xctest:Default] Other is not actually a child of Other, including at this point anyway (rdar://problem/20738636)
2026-08-12 15:33:06.781 Df IlliniCover[24516:3cd57a] [com.apple.dt.xctest:Default] Other is not actually a child of Other, including at this point anyway (rdar://problem/20738636)
2026-08-12 15:33:06.781 Df IlliniCover[24516:3cd57a] [com.apple.dt.xctest:Default] Other is not actually a child of Other, including at this point anyway (rdar://problem/20738636)
2026-08-12 15:33:06.782 Df IlliniCover[24516:3cd57a] [com.apple.dt.xctest:Default] App orientation is 0 (not portrait) and UITextEffectsWindow window Window is not main window
2026-08-12 15:33:06.782 Df IlliniCover[24516:3cd57a] [com.apple.dt.xctest:Default] Leaving frame unchanged for Window: either already correct or we can't detect it.
2026-08-12 15:33:06.782 Df IlliniCover[24516:3cd57a] [com.apple.dt.xctest:Default] Query  found matching snapshots: {(
    Application, pid: 24516
)} (error: (null))
2026-08-12 15:33:06.782 Df IlliniCover[24516:3cd57a] [com.apple.dt.xctest:Default] Replying to query  with results: <XCTElementQueryResults: 0x1223c9590> (error: (null))
2026-08-12 15:33:06.928 Df IlliniCover[24516:3cd57a] [com.apple.dt.xctest:Default] Received request to fetch matches for query:
2026-08-12 15:33:06.928 Df IlliniCover[24516:3cd57a] [com.apple.dt.xctest:Default] Evaluating query:
2026-08-12 15:33:06.928 Df IlliniCover[24516:3cd57a] [com.apple.dt.xctest:Default] Getting root element snapshot
2026-08-12 15:33:06.928 Df IlliniCover[24516:3cd57a] [com.apple.dt.xctest:Default] Getting snapshot for App element pid: 24516 for query
2026-08-12 15:33:06.928 Df IlliniCover[24516:3cd57a] [com.apple.dt.xctest:Default] Query requires iOS snapshot attributes .
2026-08-12 15:33:06.928 Df IlliniCover[24516:3cd57a] [com.apple.dt.xctest:Default] XCTPerformOnMainRunLoop[not MT]: about to CFRunLoopPerform
2026-08-12 15:33:06.928 Df IlliniCover[24516:3cd57a] [com.apple.dt.xctest:Default] XCTPerformOnMainRunLoop[not MT]: waiting with 30.00s responsiveness timeout
2026-08-12 15:33:06.928 Df IlliniCover[24516:3cd556] [com.apple.dt.xctest:Default] XCTPerformOnMainRunLoop[MT]: inside CFRunLoopPerform
2026-08-12 15:33:06.928 Df IlliniCover[24516:3cd556] [com.apple.dt.xctest:Default] XCTPerformOnMainRunLoop[MT]: MT responded in time (won the race to the busy flag)
2026-08-12 15:33:06.928 Df IlliniCover[24516:3cd57a] [com.apple.dt.xctest:Default] XCTPerformOnMainRunLoop[not MT]: waiting 60.00s for work to complete
2026-08-12 15:33:06.929 Df IlliniCover[24516:3cd556] [com.apple.dt.xctest:Default] Got main window <AXUIElementRef 0x12317c810> {pid=24516} {uid=[ID:4 hash:0x107e10400]}
2026-08-12 15:33:06.929 Df IlliniCover[24516:3cd556] [com.apple.dt.xctest:Default] Capturing hierarchy with attributes XC_kAXXCAttributeElementType, XC_kAXXCAttributeElementBaseType, XC_kAXXCAttributeParent, XC_kAXXCAttributeIdentifier, XC_kAXXCAttributeAutomationType, XC_kAXXCAttributeTraits
2026-08-12 15:33:06.929 Df IlliniCover[24516:3cd556] [com.apple.dt.xctest:Default] Capturing hierarchy with parameters {
    attributes =     (
        5003,
        5004,
        5002,
        5019,
        5058,
        2004
    );
    maxArrayCount = 2147483647;
    maxChildren = 2147483647;
    maxDepth = 2147483647;
    snapshotKeyHonorModalViews = 0;
    traverseFromParentsToChildren = 1;
}
2026-08-12 15:33:06.929 Df IlliniCover[24516:3cd556] [com.apple.dt.xctest:Default] Snapshot attributes 5003, 5004, 5002, 5019, 5058, 2004
2026-08-12 15:33:06.997 Df IlliniCover[24516:3cd556] [com.apple.dt.xctest:Default] Got snapshot for <AXUIElementRef 0x11f5ddf20> {pid=24516} {uid=[ID:1 hash:0x0]}
2026-08-12 15:33:06.998 Df IlliniCover[24516:3cd556] [com.apple.dt.xctest:Default] Got app orientation 0
2026-08-12 15:33:06.998 Df IlliniCover[24516:3cd556] [com.apple.dt.xctest:Default] Captured accessibility snapshot data in 0.07s
2026-08-12 15:33:06.998 Df IlliniCover[24516:3cd57a] [com.apple.dt.xctest:Default] Found main window: Window
2026-08-12 15:33:06.998 Df IlliniCover[24516:3cd57a] [com.apple.dt.xctest:Default] Preferring automation type 48 instead of legacy element type OTHER derived from class/trait: UILabel:UILabel 8590000128
2026-08-12 15:33:06.998 Df IlliniCover[24516:3cd57a] [com.apple.dt.xctest:Default] Other is not actually a child of Other, including at this point anyway (rdar://problem/20738636)
2026-08-12 15:33:06.998 Df IlliniCover[24516:3cd57a] [com.apple.dt.xctest:Default] Other is not actually a child of Other, including at this point anyway (rdar://problem/20738636)
2026-08-12 15:33:06.998 Df IlliniCover[24516:3cd57a] [com.apple.dt.xctest:Default] Other is not actually a child of Other, including at this point anyway (rdar://problem/20738636)
2026-08-12 15:33:06.998 Df IlliniCover[24516:3cd57a] [com.apple.dt.xctest:Default] Other is not actually a child of Other, including at this point anyway (rdar://problem/20738636)
2026-08-12 15:33:06.998 Df IlliniCover[24516:3cd57a] [com.apple.dt.xctest:Default] Other is not actually a child of Other, including at this point anyway (rdar://problem/20738636)
2026-08-12 15:33:06.998 Df IlliniCover[24516:3cd57a] [com.apple.dt.xctest:Default] Other is not actually a child of Other, including at this point anyway (rdar://problem/20738636)
2026-08-12 15:33:06.998 Df IlliniCover[24516:3cd57a] [com.apple.dt.xctest:Default] Other is not actually a child of Other, including at this point anyway (rdar://problem/20738636)
2026-08-12 15:33:06.998 Df IlliniCover[24516:3cd57a] [com.apple.dt.xctest:Default] Other is not actually a child of Other, including at this point anyway (rdar://problem/20738636)
2026-08-12 15:33:06.998 Df IlliniCover[24516:3cd57a] [com.apple.dt.xctest:Default] Other is not actually a child of Other, including at this point anyway (rdar://problem/20738636)
2026-08-12 15:33:06.999 Df IlliniCover[24516:3cd57a] [com.apple.dt.xctest:Default] Other is not actually a child of Other, including at this point anyway (rdar://problem/20738636)
2026-08-12 15:33:06.999 Df IlliniCover[24516:3cd57a] [com.apple.dt.xctest:Default] Other is not actually a child of Other, including at this point anyway (rdar://problem/20738636)
2026-08-12 15:33:06.999 Df IlliniCover[24516:3cd57a] [com.apple.dt.xctest:Default] Other is not actually a child of Other, including at this point anyway (rdar://problem/20738636)
2026-08-12 15:33:06.999 Df IlliniCover[24516:3cd57a] [com.apple.dt.xctest:Default] App orientation is 0 (not portrait) and UITextEffectsWindow window Window is not main window
2026-08-12 15:33:06.999 Df IlliniCover[24516:3cd57a] [com.apple.dt.xctest:Default] Leaving frame unchanged for Window: either already correct or we can't detect it.
2026-08-12 15:33:06.999 Df IlliniCover[24516:3cd57a] [com.apple.dt.xctest:Default] Query  found matching snapshots: {(
    Application, pid: 24516
)} (error: (null))
2026-08-12 15:33:06.999 Df IlliniCover[24516:3cd57a] [com.apple.dt.xctest:Default] Replying to query  with results: <XCTElementQueryResults: 0x1223c96b0> (error: (null))
2026-08-12 15:33:07.589 Df IlliniCover[24516:3cd556] [com.apple.KeyboardArbiter:Client] TX focusApplication (peekAppEvent) stealKB:Y scene:com.illinicover.app-default
2026-08-12 15:33:07.589 Df IlliniCover[24516:3cd556] [com.apple.UIKit:EventDispatch] Evaluating dispatch of UIEvent: 0x107d95800; type: 0; subtype: 0; backing type: 11; shouldSend: 1; ignoreInteractionEvents: 0, systemGestureStateChange: 0
2026-08-12 15:33:07.589 Df IlliniCover[24516:3cd556] [com.apple.UIKit:EventDispatch] Sending UIEvent type: 0; subtype: 0; to windows: 1
2026-08-12 15:33:07.589 Df IlliniCover[24516:3cd556] [com.apple.UIKit:EventDispatch] Sending UIEvent type: 0; subtype: 0; to window: <UIWindow: 0x107e10400>; contextId: 0xC78DD48E
2026-08-12 15:33:07.590 A  IlliniCover[24516:3cd556] (UIKitCore) send gesture actions
2026-08-12 15:33:07.590 A  IlliniCover[24516:3cd556] (UIKitCore) send gesture actions
2026-08-12 15:33:07.591 A  IlliniCover[24516:3cd556] (UIKitCore) send control actions
2026-08-12 15:33:07.591 Df IlliniCover[24516:3cd556] [com.apple.UIKit:EventDispatch] Evaluating dispatch of UIEvent: 0x107d95800; type: 0; subtype: 0; backing type: 11; shouldSend: 0; ignoreInteractionEvents: 0, systemGestureStateChange: 0
2026-08-12 15:33:07.605 Df IlliniCover[24516:3cd556] [com.apple.UIKit:EventDispatch] Evaluating dispatch of UIEvent: 0x107d95800; type: 0; subtype: 0; backing type: 11; shouldSend: 0; ignoreInteractionEvents: 0, systemGestureStateChange: 0
2026-08-12 15:33:07.622 Df IlliniCover[24516:3cd556] [com.apple.UIKit:EventDispatch] Evaluating dispatch of UIEvent: 0x107d95800; type: 0; subtype: 0; backing type: 11; shouldSend: 0; ignoreInteractionEvents: 0, systemGestureStateChange: 0
2026-08-12 15:33:07.638 Df IlliniCover[24516:3cd556] [com.apple.UIKit:EventDispatch] Evaluating dispatch of UIEvent: 0x107d95800; type: 0; subtype: 0; backing type: 11; shouldSend: 0; ignoreInteractionEvents: 0, systemGestureStateChange: 0
2026-08-12 15:33:07.655 Df IlliniCover[24516:3cd556] [com.apple.UIKit:EventDispatch] Evaluating dispatch of UIEvent: 0x107d95800; type: 0; subtype: 0; backing type: 11; shouldSend: 0; ignoreInteractionEvents: 0, systemGestureStateChange: 0
2026-08-12 15:33:07.672 Df IlliniCover[24516:3cd556] [com.apple.UIKit:EventDispatch] Evaluating dispatch of UIEvent: 0x107d95800; type: 0; subtype: 0; backing type: 11; shouldSend: 0; ignoreInteractionEvents: 0, systemGestureStateChange: 0
2026-08-12 15:33:07.688 Df IlliniCover[24516:3cd556] [com.apple.UIKit:EventDispatch] Evaluating dispatch of UIEvent: 0x107d95800; type: 0; subtype: 0; backing type: 11; shouldSend: 0; ignoreInteractionEvents: 0, systemGestureStateChange: 1
2026-08-12 15:33:07.688 Df IlliniCover[24516:3cd556] [com.apple.UIKit:EventDispatch] Evaluating dispatch of UIEvent: 0x107d95800; type: 0; subtype: 0; backing type: 11; shouldSend: 0; ignoreInteractionEvents: 0, systemGestureStateChange: 0
2026-08-12 15:33:07.705 Df IlliniCover[24516:3cd556] [com.apple.UIKit:EventDispatch] Evaluating dispatch of UIEvent: 0x107d95800; type: 0; subtype: 0; backing type: 11; shouldSend: 0; ignoreInteractionEvents: 0, systemGestureStateChange: 0
2026-08-12 15:33:07.705 Df IlliniCover[24516:3cd556] [com.apple.UIKit:EventDispatch] Evaluating dispatch of UIEvent: 0x107d95800; type: 0; subtype: 0; backing type: 11; shouldSend: 1; ignoreInteractionEvents: 0, systemGestureStateChange: 0
2026-08-12 15:33:07.705 Df IlliniCover[24516:3cd556] [com.apple.UIKit:EventDispatch] Sending UIEvent type: 0; subtype: 0; to windows: 1
2026-08-12 15:33:07.705 Df IlliniCover[24516:3cd556] [com.apple.UIKit:EventDispatch] Sending UIEvent type: 0; subtype: 0; to window: <UIWindow: 0x107e10400>; contextId: 0xC78DD48E
2026-08-12 15:33:07.705 A  IlliniCover[24516:3cd556] (UIKitCore) send gesture actions
2026-08-12 15:33:07.706 A  IlliniCover[24516:3cd556] (UIKitCore) send gesture actions
2026-08-12 15:33:07.706 A  IlliniCover[24516:3cd556] (UIKitCore) send gesture actions
2026-08-12 15:33:07.706 A  IlliniCover[24516:3cd556] (UIKitCore) send gesture actions
2026-08-12 15:33:07.706 A  IlliniCover[24516:3cd556] (UIKitCore) send control actions
2026-08-12 15:33:07.706 A  IlliniCover[24516:3cd556] (UIKitCore) send control actions
2026-08-12 15:33:07.745 Df IlliniCover[24516:3cd556] [com.apple.UIKit:KeyWindow] UIWindowScene: 0x10b07a600: Window became key in scene: UIWindow: 0x122f1a400; contextId: 0x1AEA67F7: reason: UIWindowScene: 0x10b07a600: Window requested to become key in scene: 0x122f1a400
2026-08-12 15:33:07.745 Df IlliniCover[24516:3cd556] [com.apple.UIKit:KeyWindow] Key window needs update: 1; currentKeyWindowScene: 0x10b07a600; evaluatedKeyWindowScene: 0x10b07a600; currentApplicationKeyWindow: 0x107e10400; evaluatedApplicationKeyWindow: 0x122f1a400; reason: UIWindowScene: 0x10b07a600: Window requested to become key in scene: 0x122f1a400
2026-08-12 15:33:07.745 Df IlliniCover[24516:3cd556] [com.apple.UIKit:KeyWindow] Window did become application key: UIWindow: 0x122f1a400; contextId: 0x1AEA67F7; scene identity: com.apple.frontboard.systemappservices/FBSceneManager:sceneID%3Acom.illinicover.app-default
2026-08-12 15:33:07.745 Df IlliniCover[24516:3cd556] [com.apple.UIKit:EventDeferring] [0x10b096c30] Beginning and ending local event deferring requested for token: 0x107e564c0; environments: 1; reason: UIWindowScene: 0x10b07a600: Begin event deferring in keyboardFocus for window: 0x122f1a400
2026-08-12 15:33:07.746 Df IlliniCover[24516:3cd556] [com.apple.UIKit:EventDeferring] [0x10b096c30] Begin local event deferring requested for token: 0x124d84ba0; environments: 1; reason: UIWindowScene: 0x10b07a600: Begin event deferring in keyboardFocus for window: 0x122f1a400
2026-08-12 15:33:07.746 Df IlliniCover[24516:3cd556] [com.apple.UIKit:KeyWindow] Window resigning application key: UIWindow: 0x107e10400; contextId: 0xC78DD48E; scene identity: com.apple.frontboard.systemappservices/FBSceneManager:sceneID%3Acom.illinicover.app-default
2026-08-12 15:33:07.752 Df IlliniCover[24516:3cd556] [com.apple.UIKit:KeyboardSceneDelegate] Reloading input views for key-window scene responder: <(null): 0x0; > force:N
2026-08-12 15:33:07.766 Df IlliniCover[24516:3cd556] [com.apple.UIKit:UIFocusSystemSceneComponent] Override focusSystemState: (ENABLED) for reason(s): {(
    "<_UIAlertControllerPhoneTVMacView 0x122c89e00>"
)}
2026-08-12 15:33:07.766 Df IlliniCover[24516:3cd556] [com.apple.UIKit:InterfaceStyle] Not push traits update to screen for new style 2, <UIWindowScene: 0x10b07a600> (2050C5AC-6A26-42BC-8E8F-FBAE5EDC0388)
2026-08-12 15:33:07.846 Df IlliniCover[24516:3cd556] [com.apple.UIKit:UIAlertControllerStackManager] _willShowAlertController: <RCTAlertController: 0x12231d800>
2026-08-12 15:33:07.847 Df IlliniCover[24516:3cd556] [com.apple.UIKit:UIAlertControllerStackManager] _addAlertControllerToStack: Adding Alert to stack : <RCTAlertController: 0x12231d800>
2026-08-12 15:33:07.850 Df IlliniCover[24516:3cd556] [com.apple.UIKit:KeyboardSceneDelegate] Reloading input views for key-window scene responder: <RCTAlertController: 0x12231d800; > force:N
2026-08-12 15:33:07.850 Df IlliniCover[24516:3cd556] [com.apple.UIKit:KeyboardSceneDelegate] _reloadInputViewsForKeyWindowSceneResponder: 1 force: 0, fromBecomeFirstResponder: 1 (automaticKeyboard: 1, reloadIdentifier: 39E90C8A-C09A-4176-A76C-D874306789B7)
2026-08-12 15:33:07.850 Df IlliniCover[24516:3cd556] [com.apple.UIKit:KeyboardSceneDelegate] _inputViewsForResponder: <RCTAlertController: 0x12231d800; >, automaticKeyboard: 1, force: 0
2026-08-12 15:33:07.850 Df IlliniCover[24516:3cd556] [com.apple.UIKit:KeyboardSceneDelegate] _inputViewsForResponder, found custom inputView: <(null): 0x0>, customInputViewController: <(null): 0x0>
2026-08-12 15:33:07.850 Df IlliniCover[24516:3cd556] [com.apple.UIKit:KeyboardSceneDelegate] _inputViewsForResponder, found inputAccessoryView: <(null): 0x0>
2026-08-12 15:33:07.850 Df IlliniCover[24516:3cd556] [com.apple.UIKit:KeyboardSceneDelegate] _inputViewsForResponder, responderRequiresKeyboard 0 (automaticKeyboardEnabled: 1, activeInstance: <UIKeyboardAutomatic: 0x11f5e6800; frame = {{0, 0}, {390, 233}}; alpha = 1.000000; isHidden = 0; tAMIC = 0>, self.isOnScreen: 0, requiresKBWhenFirstResponder: 0)
2026-08-12 15:33:07.850 Df IlliniCover[24516:3cd556] [com.apple.UIKit:KeyboardSceneDelegate] _inputViewsForResponder, useKeyboard 0 (allowsSystemInputView: 1, !inputView <(null): 0x0>, responderRequiresKeyboard 0)
2026-08-12 15:33:07.850 Df IlliniCover[24516:3cd556] [com.apple.UIKit:KeyboardSceneDelegate] _inputViewsForResponder, configuring _responderWithoutAutomaticAppearanceEnabled: <(null): 0x0> (_automaticAppearEnabled: 1)
2026-08-12 15:33:07.850 Df IlliniCover[24516:3cd556] [com.apple.UIKit:KeyboardSceneDelegate] _inputViewsForResponder, needsIVPlaceholder: 0, needsIAVPlaceholder: 0, needsInputSetWithPlaceholder: 0
2026-08-12 15:33:07.850 Df IlliniCover[24516:3cd556] [com.apple.UIKit:KeyboardSceneDelegate] _inputViewsForResponder returning: <<UIInputViewSet: 0x124e29c80>; (empty)>
2026-08-12 15:33:07.850 Df IlliniCover[24516:3cd556] [com.apple.BackBoard:Keyboard] currently observing: YES
2026-08-12 15:33:07.851 Df IlliniCover[24516:3cd556] [com.apple.BackBoard:Keyboard] currently observing: NO
2026-08-12 15:33:07.851 E  IlliniCover[24516:3cd556] [com.apple.RemoteTextInput:RTILog] -[RTIInputSystemClient remoteTextInputSessionWithID:performInputOperation:]  perform input operation requires a valid sessionID. inputModality = Keyboard, inputOperation = <null selector>, customInfoType = UIEmojiSearchOperations
2026-08-12 15:33:07.853 Df IlliniCover[24516:3cd556] [com.apple.xpc:connection] [0x11f6f3200] activating connection: mach=true listener=false peer=false name=com.apple.TextInput
2026-08-12 15:33:07.854 Df IlliniCover[24516:3cd556] [com.apple.UIKit:UIPeripheralHost] endPlacementForInputViewSet: <<UIInputViewSet: 0x124e29c80>; (empty)> windowScene: <UIWindowScene: 0x10b07a600; role: UIWindowSceneSessionRoleApplication; persistentIdentifier: 2050C5AC-6A26-42BC-8E8F-FBAE5EDC0388; activationState: UISceneActivationStateForegroundActive>
2026-08-12 15:33:07.856 Df IlliniCover[24516:3cd556] [com.apple.UIKit:KeyboardArbiterClientLog] -[_UIRemoteKeyboards prepareToMoveKeyboard:withIAV:isIAVRelevant:showing:notifyRemote:forScene:] position: {{0, 0}, {0, 0}} visible: 0; notifyRemote: 1; isMinimized: NO
2026-08-12 15:33:07.857 Df IlliniCover[24516:3cd556] [com.apple.UIKit:KeyboardVisualMode] Show keyboard with visual mode windowed (0)
2026-08-12 15:33:07.857 Df IlliniCover[24516:3cd556] [com.apple.UIKit:TrackingElementWindowController] Setting tracking element input views: <<UIInputViewSet: 0x124e29e00>; (empty)>
2026-08-12 15:33:07.857 Df IlliniCover[24516:3cd556] [com.apple.UIKit:UIPeripheralHost] endPlacementForInputViewSet: <<UIInputViewSet: 0x124e29e00>; (empty)> windowScene: <UIWindowScene: 0x10b07a600; role: UIWindowSceneSessionRoleApplication; persistentIdentifier: 2050C5AC-6A26-42BC-8E8F-FBAE5EDC0388; activationState: UISceneActivationStateForegroundActive>
2026-08-12 15:33:07.857 Df IlliniCover[24516:3cd556] [com.apple.UIKit:TrackingElementWindowController] Moving from placement: <UIInputViewSetPlacementOffScreenDown> to placement: <UIInputViewSetPlacementOffScreenDown> (currentPlacement: <UIInputViewSetPlacementOffScreenDown>)
2026-08-12 15:33:07.858 Df IlliniCover[24516:3cd556] [com.apple.UIKit:TrackingElementWindowController] Change from input view set: <<UIInputViewSet: 0x11f719bc0>; (empty)>
2026-08-12 15:33:07.858 Df IlliniCover[24516:3cd556] [com.apple.UIKit:TrackingElementWindowController] Change to input view set: <<UIInputViewSet: 0x124e29e00>; (empty)>
2026-08-12 15:33:07.860 Df IlliniCover[24516:3cd556] [com.apple.UIKit:UIPeripheralHost] endPlacementForInputViewSet: <<UIInputViewSet: 0x124e29e00>; (empty)> windowScene: <UIWindowScene: 0x10b07a600; role: UIWindowSceneSessionRoleApplication; persistentIdentifier: 2050C5AC-6A26-42BC-8E8F-FBAE5EDC0388; activationState: UISceneActivationStateForegroundActive>
2026-08-12 15:33:07.861 Df IlliniCover[24516:3cd556] [com.apple.UIKit:TrackingElementWindowController] updatePlacementWithPlacement: <UIInputViewSetPlacementOffScreenDown>
2026-08-12 15:33:07.883 E  IlliniCover[24516:3cd556] [com.apple.UIKit:Assert] button text attributes only respected for UIControlStateNormal, UIControlStateHighlighted, UIControlStateDisabled and UIControlStateFocused. state = 4 is interpreted as UIControlStateHighlighted.
2026-08-12 15:33:07.883 E  IlliniCover[24516:3cd556] [com.apple.UIKit:Assert] button text attributes only respected for UIControlStateNormal, UIControlStateHighlighted, UIControlStateDisabled and UIControlStateFocused. state = 4 is interpreted as UIControlStateHighlighted.
2026-08-12 15:33:08.836 Df IlliniCover[24516:3cd570] [com.apple.dt.xctest:Default] Received request to fetch matches for query:
2026-08-12 15:33:08.837 Df IlliniCover[24516:3cd570] [com.apple.dt.xctest:Default] Evaluating query:
2026-08-12 15:33:08.837 Df IlliniCover[24516:3cd570] [com.apple.dt.xctest:Default] Getting root element snapshot
2026-08-12 15:33:08.837 Df IlliniCover[24516:3cd570] [com.apple.dt.xctest:Default] Getting snapshot for App element pid: 24516 for query
2026-08-12 15:33:08.837 Df IlliniCover[24516:3cd570] [com.apple.dt.xctest:Default] Query requires iOS snapshot attributes .
2026-08-12 15:33:08.837 Df IlliniCover[24516:3cd570] [com.apple.dt.xctest:Default] XCTPerformOnMainRunLoop[not MT]: about to CFRunLoopPerform
2026-08-12 15:33:08.837 Df IlliniCover[24516:3cd570] [com.apple.dt.xctest:Default] XCTPerformOnMainRunLoop[not MT]: waiting with 30.00s responsiveness timeout
2026-08-12 15:33:08.837 Df IlliniCover[24516:3cd556] [com.apple.dt.xctest:Default] XCTPerformOnMainRunLoop[MT]: inside CFRunLoopPerform
2026-08-12 15:33:08.837 Df IlliniCover[24516:3cd556] [com.apple.dt.xctest:Default] XCTPerformOnMainRunLoop[MT]: MT responded in time (won the race to the busy flag)
2026-08-12 15:33:08.837 Df IlliniCover[24516:3cd570] [com.apple.dt.xctest:Default] XCTPerformOnMainRunLoop[not MT]: waiting 60.00s for work to complete
2026-08-12 15:33:08.837 Df IlliniCover[24516:3cd556] [com.apple.dt.xctest:Default] Got main window <AXUIElementRef 0x123369e30> {pid=24516} {uid=[ID:322 hash:0x122f1a400]}
2026-08-12 15:33:08.837 Df IlliniCover[24516:3cd556] [com.apple.dt.xctest:Default] Capturing hierarchy with attributes XC_kAXXCAttributeElementType, XC_kAXXCAttributeElementBaseType, XC_kAXXCAttributeParent, XC_kAXXCAttributeIdentifier, XC_kAXXCAttributeAutomationType, XC_kAXXCAttributeTraits
2026-08-12 15:33:08.837 Df IlliniCover[24516:3cd556] [com.apple.dt.xctest:Default] Capturing hierarchy with parameters {
    attributes =     (
        5003,
        5004,
        5002,
        5019,
        5058,
        2004
    );
    maxArrayCount = 2147483647;
    maxChildren = 2147483647;
    maxDepth = 2147483647;
    snapshotKeyHonorModalViews = 0;
    traverseFromParentsToChildren = 1;
}
2026-08-12 15:33:08.837 Df IlliniCover[24516:3cd556] [com.apple.dt.xctest:Default] Snapshot attributes 5003, 5004, 5002, 5019, 5058, 2004
2026-08-12 15:33:08.921 Df IlliniCover[24516:3cd556] [com.apple.dt.xctest:Default] Got snapshot for <AXUIElementRef 0x12317f4e0> {pid=24516} {uid=[ID:1 hash:0x0]}
2026-08-12 15:33:08.921 Df IlliniCover[24516:3cd556] [com.apple.dt.xctest:Default] Got app orientation 0
2026-08-12 15:33:08.921 Df IlliniCover[24516:3cd556] [com.apple.dt.xctest:Default] Captured accessibility snapshot data in 0.08s
2026-08-12 15:33:08.921 Df IlliniCover[24516:3cd570] [com.apple.dt.xctest:Default] App orientation is 0 (not portrait) and UIWindow window Window is not main window
2026-08-12 15:33:08.921 Df IlliniCover[24516:3cd570] [com.apple.dt.xctest:Default] Leaving frame unchanged for Window: either already correct or we can't detect it.
2026-08-12 15:33:08.922 Df IlliniCover[24516:3cd570] [com.apple.dt.xctest:Default] Preferring automation type 48 instead of legacy element type OTHER derived from class/trait: UILabel:UILabel 8590000128
2026-08-12 15:33:08.922 Df IlliniCover[24516:3cd570] [com.apple.dt.xctest:Default] Other is not actually a child of Other, including at this point anyway (rdar://problem/20738636)
2026-08-12 15:33:08.922 Df IlliniCover[24516:3cd570] [com.apple.dt.xctest:Default] Other is not actually a child of Other, including at this point anyway (rdar://problem/20738636)
2026-08-12 15:33:08.922 Df IlliniCover[24516:3cd570] [com.apple.dt.xctest:Default] Other is not actually a child of Other, including at this point anyway (rdar://problem/20738636)
2026-08-12 15:33:08.922 Df IlliniCover[24516:3cd570] [com.apple.dt.xctest:Default] Other is not actually a child of Other, including at this point anyway (rdar://problem/20738636)
2026-08-12 15:33:08.922 Df IlliniCover[24516:3cd570] [com.apple.dt.xctest:Default] Other is not actually a child of Other, including at this point anyway (rdar://problem/20738636)
2026-08-12 15:33:08.922 Df IlliniCover[24516:3cd570] [com.apple.dt.xctest:Default] Other is not actually a child of Other, including at this point anyway (rdar://problem/20738636)
2026-08-12 15:33:08.922 Df IlliniCover[24516:3cd570] [com.apple.dt.xctest:Default] Other is not actually a child of Other, including at this point anyway (rdar://problem/20738636)
2026-08-12 15:33:08.923 Df IlliniCover[24516:3cd570] [com.apple.dt.xctest:Default] Other is not actually a child of Other, including at this point anyway (rdar://problem/20738636)
2026-08-12 15:33:08.923 Df IlliniCover[24516:3cd570] [com.apple.dt.xctest:Default] Other is not actually a child of Other, including at this point anyway (rdar://problem/20738636)
2026-08-12 15:33:08.923 Df IlliniCover[24516:3cd570] [com.apple.dt.xctest:Default] Other is not actually a child of Other, including at this point anyway (rdar://problem/20738636)
2026-08-12 15:33:08.923 Df IlliniCover[24516:3cd570] [com.apple.dt.xctest:Default] Other is not actually a child of Other, including at this point anyway (rdar://problem/20738636)
2026-08-12 15:33:08.923 Df IlliniCover[24516:3cd570] [com.apple.dt.xctest:Default] Other is not actually a child of Other, including at this point anyway (rdar://problem/20738636)
2026-08-12 15:33:08.923 Df IlliniCover[24516:3cd570] [com.apple.dt.xctest:Default] App orientation is 0 (not portrait) and UITextEffectsWindow window Window is not main window
2026-08-12 15:33:08.923 Df IlliniCover[24516:3cd570] [com.apple.dt.xctest:Default] Leaving frame unchanged for Window: either already correct or we can't detect it.
2026-08-12 15:33:08.923 Df IlliniCover[24516:3cd570] [com.apple.dt.xctest:Default] Found main window: Window
2026-08-12 15:33:08.923 Df IlliniCover[24516:3cd570] [com.apple.dt.xctest:Default] Preferring automation type 5 instead of legacy element type OTHER derived from class/trait: _UIAlertControllerPhoneTVMacView:_UIAlertControllerPhoneTVMacView 72057602627862528
2026-08-12 15:33:08.923 E  IlliniCover[24516:3cd570] [com.apple.dt.xctest:Default] Automation type mismatch; legacy system derived element type 7 from class _UIAlertControllerPhoneTVMacView:_UIAlertControllerPhoneTVMacView, traits 72057602627862528, but AXAutomationType returned 3 which maps to 5
2026-08-12 15:33:08.923 Df IlliniCover[24516:3cd570] [com.apple.dt.xctest:Default] Preferring automation type 46 instead of legacy element type OTHER derived from class/trait: _UIInterfaceActionGroupHeaderScrollView:_UIInterfaceActionGroupHeaderScrollView 8589934592
2026-08-12 15:33:08.923 Df IlliniCover[24516:3cd570] [com.apple.dt.xctest:Default] Preferring automation type 46 instead of legacy element type OTHER derived from class/trait: _UIInterfaceActionRepresentationsSequenceView:_UIInterfaceActionRepresentationsSequenceView 8589934592
2026-08-12 15:33:08.924 Df IlliniCover[24516:3cd570] [com.apple.dt.xctest:Default] Query  found matching snapshots: {(
    Application, pid: 24516
)} (error: (null))
2026-08-12 15:33:08.924 Df IlliniCover[24516:3cd570] [com.apple.dt.xctest:Default] Replying to query  with results: <XCTElementQueryResults: 0x1223c9230> (error: (null))
2026-08-12 15:33:09.097 Df IlliniCover[24516:3cd570] [com.apple.dt.xctest:Default] Received request to fetch matches for query:
2026-08-12 15:33:09.097 Df IlliniCover[24516:3cd57a] [com.apple.dt.xctest:Default] Evaluating query:
2026-08-12 15:33:09.097 Df IlliniCover[24516:3cd57a] [com.apple.dt.xctest:Default] Getting root element snapshot
2026-08-12 15:33:09.098 Df IlliniCover[24516:3cd57a] [com.apple.dt.xctest:Default] Getting snapshot for App element pid: 24516 for query
2026-08-12 15:33:09.098 Df IlliniCover[24516:3cd57a] [com.apple.dt.xctest:Default] Query requires iOS snapshot attributes .
2026-08-12 15:33:09.098 Df IlliniCover[24516:3cd57a] [com.apple.dt.xctest:Default] XCTPerformOnMainRunLoop[not MT]: about to CFRunLoopPerform
2026-08-12 15:33:09.098 Df IlliniCover[24516:3cd57a] [com.apple.dt.xctest:Default] XCTPerformOnMainRunLoop[not MT]: waiting with 30.00s responsiveness timeout
2026-08-12 15:33:09.098 Df IlliniCover[24516:3cd556] [com.apple.dt.xctest:Default] XCTPerformOnMainRunLoop[MT]: inside CFRunLoopPerform
2026-08-12 15:33:09.098 Df IlliniCover[24516:3cd556] [com.apple.dt.xctest:Default] XCTPerformOnMainRunLoop[MT]: MT responded in time (won the race to the busy flag)
2026-08-12 15:33:09.098 Df IlliniCover[24516:3cd57a] [com.apple.dt.xctest:Default] XCTPerformOnMainRunLoop[not MT]: waiting 60.00s for work to complete
2026-08-12 15:33:09.098 Df IlliniCover[24516:3cd556] [com.apple.dt.xctest:Default] Got main window <AXUIElementRef 0x123338780> {pid=24516} {uid=[ID:322 hash:0x122f1a400]}
2026-08-12 15:33:09.098 Df IlliniCover[24516:3cd556] [com.apple.dt.xctest:Default] Capturing hierarchy with attributes XC_kAXXCAttributeElementType, XC_kAXXCAttributeElementBaseType, XC_kAXXCAttributeParent, XC_kAXXCAttributeIdentifier, XC_kAXXCAttributeAutomationType, XC_kAXXCAttributeTraits
2026-08-12 15:33:09.098 Df IlliniCover[24516:3cd556] [com.apple.dt.xctest:Default] Capturing hierarchy with parameters {
    attributes =     (
        5003,
        5004,
        5002,
        5019,
        5058,
        2004
    );
    maxArrayCount = 2147483647;
    maxChildren = 2147483647;
    maxDepth = 2147483647;
    snapshotKeyHonorModalViews = 0;
    traverseFromParentsToChildren = 1;
}
2026-08-12 15:33:09.098 Df IlliniCover[24516:3cd556] [com.apple.dt.xctest:Default] Snapshot attributes 5003, 5004, 5002, 5019, 5058, 2004
2026-08-12 15:33:09.173 Df IlliniCover[24516:3cd556] [com.apple.dt.xctest:Default] Got snapshot for <AXUIElementRef 0x10b3ec750> {pid=24516} {uid=[ID:1 hash:0x0]}
2026-08-12 15:33:09.173 Df IlliniCover[24516:3cd556] [com.apple.dt.xctest:Default] Got app orientation 0
2026-08-12 15:33:09.173 Df IlliniCover[24516:3cd556] [com.apple.dt.xctest:Default] Captured accessibility snapshot data in 0.08s
2026-08-12 15:33:09.173 Df IlliniCover[24516:3cd57a] [com.apple.dt.xctest:Default] App orientation is 0 (not portrait) and UIWindow window Window is not main window
2026-08-12 15:33:09.173 Df IlliniCover[24516:3cd57a] [com.apple.dt.xctest:Default] Leaving frame unchanged for Window: either already correct or we can't detect it.
2026-08-12 15:33:09.174 Df IlliniCover[24516:3cd57a] [com.apple.dt.xctest:Default] Preferring automation type 48 instead of legacy element type OTHER derived from class/trait: UILabel:UILabel 8590000128
2026-08-12 15:33:09.174 Df IlliniCover[24516:3cd57a] [com.apple.dt.xctest:Default] Other is not actually a child of Other, including at this point anyway (rdar://problem/20738636)
2026-08-12 15:33:09.174 Df IlliniCover[24516:3cd57a] [com.apple.dt.xctest:Default] Other is not actually a child of Other, including at this point anyway (rdar://problem/20738636)
2026-08-12 15:33:09.174 Df IlliniCover[24516:3cd57a] [com.apple.dt.xctest:Default] Other is not actually a child of Other, including at this point anyway (rdar://problem/20738636)
2026-08-12 15:33:09.174 Df IlliniCover[24516:3cd57a] [com.apple.dt.xctest:Default] Other is not actually a child of Other, including at this point anyway (rdar://problem/20738636)
2026-08-12 15:33:09.174 Df IlliniCover[24516:3cd57a] [com.apple.dt.xctest:Default] Other is not actually a child of Other, including at this point anyway (rdar://problem/20738636)
2026-08-12 15:33:09.174 Df IlliniCover[24516:3cd57a] [com.apple.dt.xctest:Default] Other is not actually a child of Other, including at this point anyway (rdar://problem/20738636)
2026-08-12 15:33:09.174 Df IlliniCover[24516:3cd57a] [com.apple.dt.xctest:Default] Other is not actually a child of Other, including at this point anyway (rdar://problem/20738636)
2026-08-12 15:33:09.174 Df IlliniCover[24516:3cd57a] [com.apple.dt.xctest:Default] Other is not actually a child of Other, including at this point anyway (rdar://problem/20738636)
2026-08-12 15:33:09.174 Df IlliniCover[24516:3cd57a] [com.apple.dt.xctest:Default] Other is not actually a child of Other, including at this point anyway (rdar://problem/20738636)
2026-08-12 15:33:09.175 Df IlliniCover[24516:3cd57a] [com.apple.dt.xctest:Default] Other is not actually a child of Other, including at this point anyway (rdar://problem/20738636)
2026-08-12 15:33:09.175 Df IlliniCover[24516:3cd57a] [com.apple.dt.xctest:Default] Other is not actually a child of Other, including at this point anyway (rdar://problem/20738636)
2026-08-12 15:33:09.175 Df IlliniCover[24516:3cd57a] [com.apple.dt.xctest:Default] Other is not actually a child of Other, including at this point anyway (rdar://problem/20738636)
2026-08-12 15:33:09.175 Df IlliniCover[24516:3cd57a] [com.apple.dt.xctest:Default] App orientation is 0 (not portrait) and UITextEffectsWindow window Window is not main window
2026-08-12 15:33:09.175 Df IlliniCover[24516:3cd57a] [com.apple.dt.xctest:Default] Leaving frame unchanged for Window: either already correct or we can't detect it.
2026-08-12 15:33:09.175 Df IlliniCover[24516:3cd57a] [com.apple.dt.xctest:Default] Found main window: Window
2026-08-12 15:33:09.175 Df IlliniCover[24516:3cd57a] [com.apple.dt.xctest:Default] Preferring automation type 5 instead of legacy element type OTHER derived from class/trait: _UIAlertControllerPhoneTVMacView:_UIAlertControllerPhoneTVMacView 72057602627862528
2026-08-12 15:33:09.175 E  IlliniCover[24516:3cd57a] [com.apple.dt.xctest:Default] Automation type mismatch; legacy system derived element type 7 from class _UIAlertControllerPhoneTVMacView:_UIAlertControllerPhoneTVMacView, traits 72057602627862528, but AXAutomationType returned 3 which maps to 5
2026-08-12 15:33:09.175 Df IlliniCover[24516:3cd57a] [com.apple.dt.xctest:Default] Preferring automation type 46 instead of legacy element type OTHER derived from class/trait: _UIInterfaceActionGroupHeaderScrollView:_UIInterfaceActionGroupHeaderScrollView 8589934592
2026-08-12 15:33:09.175 Df IlliniCover[24516:3cd57a] [com.apple.dt.xctest:Default] Preferring automation type 46 instead of legacy element type OTHER derived from class/trait: _UIInterfaceActionRepresentationsSequenceView:_UIInterfaceActionRepresentationsSequenceView 8589934592
2026-08-12 15:33:09.176 Df IlliniCover[24516:3cd57a] [com.apple.dt.xctest:Default] Query  found matching snapshots: {(
    Application, pid: 24516
)} (error: (null))
2026-08-12 15:33:09.176 Df IlliniCover[24516:3cd57a] [com.apple.dt.xctest:Default] Replying to query  with results: <XCTElementQueryResults: 0x1223c9950> (error: (null))
2026-08-12 15:33:09.349 Df IlliniCover[24516:3cd57a] [com.apple.dt.xctest:Default] Received request to fetch matches for query:
2026-08-12 15:33:09.349 Df IlliniCover[24516:3cd570] [com.apple.dt.xctest:Default] Evaluating query:
2026-08-12 15:33:09.349 Df IlliniCover[24516:3cd570] [com.apple.dt.xctest:Default] Getting root element snapshot
2026-08-12 15:33:09.349 Df IlliniCover[24516:3cd570] [com.apple.dt.xctest:Default] Getting snapshot for App element pid: 24516 for query
2026-08-12 15:33:09.349 Df IlliniCover[24516:3cd570] [com.apple.dt.xctest:Default] Query requires iOS snapshot attributes .
2026-08-12 15:33:09.349 Df IlliniCover[24516:3cd570] [com.apple.dt.xctest:Default] XCTPerformOnMainRunLoop[not MT]: about to CFRunLoopPerform
2026-08-12 15:33:09.349 Df IlliniCover[24516:3cd570] [com.apple.dt.xctest:Default] XCTPerformOnMainRunLoop[not MT]: waiting with 30.00s responsiveness timeout
2026-08-12 15:33:09.349 Df IlliniCover[24516:3cd556] [com.apple.dt.xctest:Default] XCTPerformOnMainRunLoop[MT]: inside CFRunLoopPerform
2026-08-12 15:33:09.349 Df IlliniCover[24516:3cd556] [com.apple.dt.xctest:Default] XCTPerformOnMainRunLoop[MT]: MT responded in time (won the race to the busy flag)
2026-08-12 15:33:09.349 Df IlliniCover[24516:3cd570] [com.apple.dt.xctest:Default] XCTPerformOnMainRunLoop[not MT]: waiting 60.00s for work to complete
2026-08-12 15:33:09.350 Df IlliniCover[24516:3cd556] [com.apple.dt.xctest:Default] Got main window <AXUIElementRef 0x123340ba0> {pid=24516} {uid=[ID:322 hash:0x122f1a400]}
2026-08-12 15:33:09.350 Df IlliniCover[24516:3cd556] [com.apple.dt.xctest:Default] Capturing hierarchy with attributes XC_kAXXCAttributeElementType, XC_kAXXCAttributeElementBaseType, XC_kAXXCAttributeParent, XC_kAXXCAttributeIdentifier, XC_kAXXCAttributeAutomationType, XC_kAXXCAttributeTraits
2026-08-12 15:33:09.350 Df IlliniCover[24516:3cd556] [com.apple.dt.xctest:Default] Capturing hierarchy with parameters {
    attributes =     (
        5003,
        5004,
        5002,
        5019,
        5058,
        2004
    );
    maxArrayCount = 2147483647;
    maxChildren = 2147483647;
    maxDepth = 2147483647;
    snapshotKeyHonorModalViews = 0;
    traverseFromParentsToChildren = 1;
}
2026-08-12 15:33:09.350 Df IlliniCover[24516:3cd556] [com.apple.dt.xctest:Default] Snapshot attributes 5003, 5004, 5002, 5019, 5058, 2004
2026-08-12 15:33:09.429 Df IlliniCover[24516:3cd556] [com.apple.dt.xctest:Default] Got snapshot for <AXUIElementRef 0x10b3ec750> {pid=24516} {uid=[ID:1 hash:0x0]}
2026-08-12 15:33:09.429 Df IlliniCover[24516:3cd556] [com.apple.dt.xctest:Default] Got app orientation 0
2026-08-12 15:33:09.429 Df IlliniCover[24516:3cd556] [com.apple.dt.xctest:Default] Captured accessibility snapshot data in 0.08s
2026-08-12 15:33:09.429 Df IlliniCover[24516:3cd570] [com.apple.dt.xctest:Default] App orientation is 0 (not portrait) and UIWindow window Window is not main window
2026-08-12 15:33:09.429 Df IlliniCover[24516:3cd570] [com.apple.dt.xctest:Default] Leaving frame unchanged for Window: either already correct or we can't detect it.
2026-08-12 15:33:09.429 Df IlliniCover[24516:3cd570] [com.apple.dt.xctest:Default] Preferring automation type 48 instead of legacy element type OTHER derived from class/trait: UILabel:UILabel 8590000128
2026-08-12 15:33:09.429 Df IlliniCover[24516:3cd570] [com.apple.dt.xctest:Default] Other is not actually a child of Other, including at this point anyway (rdar://problem/20738636)
2026-08-12 15:33:09.429 Df IlliniCover[24516:3cd570] [com.apple.dt.xctest:Default] Other is not actually a child of Other, including at this point anyway (rdar://problem/20738636)
2026-08-12 15:33:09.429 Df IlliniCover[24516:3cd570] [com.apple.dt.xctest:Default] Other is not actually a child of Other, including at this point anyway (rdar://problem/20738636)
2026-08-12 15:33:09.430 Df IlliniCover[24516:3cd570] [com.apple.dt.xctest:Default] Other is not actually a child of Other, including at this point anyway (rdar://problem/20738636)
2026-08-12 15:33:09.430 Df IlliniCover[24516:3cd570] [com.apple.dt.xctest:Default] Other is not actually a child of Other, including at this point anyway (rdar://problem/20738636)
2026-08-12 15:33:09.430 Df IlliniCover[24516:3cd570] [com.apple.dt.xctest:Default] Other is not actually a child of Other, including at this point anyway (rdar://problem/20738636)
2026-08-12 15:33:09.430 Df IlliniCover[24516:3cd570] [com.apple.dt.xctest:Default] Other is not actually a child of Other, including at this point anyway (rdar://problem/20738636)
2026-08-12 15:33:09.430 Df IlliniCover[24516:3cd570] [com.apple.dt.xctest:Default] Other is not actually a child of Other, including at this point anyway (rdar://problem/20738636)
2026-08-12 15:33:09.430 Df IlliniCover[24516:3cd570] [com.apple.dt.xctest:Default] Other is not actually a child of Other, including at this point anyway (rdar://problem/20738636)
2026-08-12 15:33:09.430 Df IlliniCover[24516:3cd570] [com.apple.dt.xctest:Default] Other is not actually a child of Other, including at this point anyway (rdar://problem/20738636)
2026-08-12 15:33:09.430 Df IlliniCover[24516:3cd570] [com.apple.dt.xctest:Default] Other is not actually a child of Other, including at this point anyway (rdar://problem/20738636)
2026-08-12 15:33:09.430 Df IlliniCover[24516:3cd570] [com.apple.dt.xctest:Default] Other is not actually a child of Other, including at this point anyway (rdar://problem/20738636)
2026-08-12 15:33:09.430 Df IlliniCover[24516:3cd570] [com.apple.dt.xctest:Default] App orientation is 0 (not portrait) and UITextEffectsWindow window Window is not main window
2026-08-12 15:33:09.430 Df IlliniCover[24516:3cd570] [com.apple.dt.xctest:Default] Leaving frame unchanged for Window: either already correct or we can't detect it.
2026-08-12 15:33:09.431 Df IlliniCover[24516:3cd570] [com.apple.dt.xctest:Default] Found main window: Window
2026-08-12 15:33:09.431 Df IlliniCover[24516:3cd570] [com.apple.dt.xctest:Default] Preferring automation type 5 instead of legacy element type OTHER derived from class/trait: _UIAlertControllerPhoneTVMacView:_UIAlertControllerPhoneTVMacView 72057602627862528
2026-08-12 15:33:09.431 E  IlliniCover[24516:3cd570] [com.apple.dt.xctest:Default] Automation type mismatch; legacy system derived element type 7 from class _UIAlertControllerPhoneTVMacView:_UIAlertControllerPhoneTVMacView, traits 72057602627862528, but AXAutomationType returned 3 which maps to 5
2026-08-12 15:33:09.431 Df IlliniCover[24516:3cd570] [com.apple.dt.xctest:Default] Preferring automation type 46 instead of legacy element type OTHER derived from class/trait: _UIInterfaceActionGroupHeaderScrollView:_UIInterfaceActionGroupHeaderScrollView 8589934592
2026-08-12 15:33:09.431 Df IlliniCover[24516:3cd570] [com.apple.dt.xctest:Default] Preferring automation type 46 instead of legacy element type OTHER derived from class/trait: _UIInterfaceActionRepresentationsSequenceView:_UIInterfaceActionRepresentationsSequenceView 8589934592
2026-08-12 15:33:09.431 Df IlliniCover[24516:3cd570] [com.apple.dt.xctest:Default] Query  found matching snapshots: {(
    Application, pid: 24516
)} (error: (null))
2026-08-12 15:33:09.431 Df IlliniCover[24516:3cd570] [com.apple.dt.xctest:Default] Replying to query  with results: <XCTElementQueryResults: 0x1223c8ff0> (error: (null))
2026-08-12 15:33:10.206 Df IlliniCover[24516:3cd570] [com.apple.xpc:connection] [0x107d70600] invalidated because the client process (pid 24435) either cancelled the connection or exited
2026-08-12 15:33:10.206 Df IlliniCover[24516:3cd570] [com.apple.dt.xctest:Default] Connection from client with pid 24435 was invalidated.
2026-08-12 15:33:10.216 Df IlliniCover[24516:3cd570] [com.apple.dt.automationmode:Default] Handling posted change notification (com.apple.dt.automationmode.state-changed)
2026-08-12 15:33:10.216 Df IlliniCover[24516:3cd570] [com.apple.dt.automationmode:Default] XAM shared observer connecting to com.apple.dt.automationmode.reader
2026-08-12 15:33:10.216 Df IlliniCover[24516:3cd570] [com.apple.xpc:connection] [0x122fdca00] activating connection: mach=true listener=false peer=false name=com.apple.dt.automationmode.reader
2026-08-12 15:33:10.221 Df IlliniCover[24516:3cd570] [com.apple.xpc:connection] [0x122fdca00] invalidated because the current process cancelled the connection by calling xpc_connection_cancel()
2026-08-12 15:33:10.221 Df IlliniCover[24516:3cd570] [com.apple.dt.automationmode:Default] Comparing previous enabled state (1) to current enabled state (0)
2026-08-12 15:33:10.221 Df IlliniCover[24516:3cd57a] [com.apple.dt.xctest:Default] Automation Mode has been disabled, existing connections will be invalidated.
2026-08-12 15:33:11.917 Df IlliniCover[24516:3cd570] [com.apple.launchservices:db] NotifyToken::RegisterDispatch(com.apple.LaunchServices.database) fired for session key LSSessionKey(system: 0 uid: 501)
2026-08-12 15:33:17.943 Df IlliniCover[24516:3cda75] [com.apple.CFNetwork:Default] Task <EE98AF86-0025-4E80-B399-31AA521B904F>.<4> resuming, timeouts(0.0, 604800.0) qos(0x19) voucher((null)) activity(00000000-0000-0000-0000-000000000000)
2026-08-12 15:33:17.955 Df IlliniCover[24516:3cde06] [com.apple.CFNetwork:Default] Connection 0: creating secure tcp or quic connection
2026-08-12 15:33:17.965 Df IlliniCover[24516:3cde06] [com.apple.CFNetwork:Default] Connection 4: enabling TLS
2026-08-12 15:33:17.965 Df IlliniCover[24516:3cde06] [com.apple.CFNetwork:Default] Connection 4: starting, TC(0x0)
2026-08-12 15:33:17.966 Df IlliniCover[24516:3cde06] [com.apple.network:connection] [C4 AC1C2B6E-46B3-4DDB-A87F-4688D9715045 Hostname#ece8e50d:443 quic-connection, url: https://us.i.posthog.com/batch/, definite, attribution: developer, context: com.apple.CFNetwork.NSURLSession.{7342B927-03DA-42D9-8A47-F0FBBFA922CF}{(null)}{Y}{2}{0x0} (private), proc: D65E3B26-71A5-3DAD-A8B4-60173E19864C, delegated upid: 0] start
2026-08-12 15:33:17.967 Df IlliniCover[24516:3cde06] [com.apple.network:connection] [C4 Hostname#ece8e50d:443 initial parent-flow ((null))] event: path:start @0.000s
2026-08-12 15:33:17.971 Df IlliniCover[24516:3cde06] [com.apple.network:connection] [C4 Hostname#ece8e50d:443 waiting parent-flow (satisfied (Path is satisfied), interface: en0[802.11], uses wifi, LQM: unknown)] event: path:satisfied @0.004s, uuid: 2C827AE9-73CC-4BE8-A90F-6AD92D843AE2
2026-08-12 15:33:17.973 Df IlliniCover[24516:3cde06] [com.apple.network:connection] [C4 Hostname#ece8e50d:443 in_progress parent-flow (satisfied (Path is satisfied), interface: en0[802.11], uses wifi, LQM: unknown)] event: flow:start_connect @0.007s
2026-08-12 15:33:17.973 Df IlliniCover[24516:3cde06] [com.apple.network:connection] nw_connection_report_state_with_handler_on_nw_queue [C4] reporting state preparing
2026-08-12 15:33:17.975 Df IlliniCover[24516:3cde06] [com.apple.network:connection] [C4 Hostname#ece8e50d:443 in_progress parent-flow (satisfied (Path is satisfied), interface: en0[802.11], uses wifi, LQM: unknown)] event: flow:start_child @0.009s
2026-08-12 15:33:17.975 Df IlliniCover[24516:3cde06] [com.apple.network:connection] [C4.1 Hostname#ece8e50d:443 initial path ((null))] event: path:start @0.009s
2026-08-12 15:33:17.976 Df IlliniCover[24516:3cde06] [com.apple.network:connection] [C4.1 Hostname#ece8e50d:443 waiting path (satisfied (Path is satisfied), interface: en0[802.11], uses wifi, LQM: unknown)] event: path:satisfied @0.010s, uuid: 2C827AE9-73CC-4BE8-A90F-6AD92D843AE2
2026-08-12 15:33:17.977 Df IlliniCover[24516:3cde06] [com.apple.network:connection] [C4.1 Hostname#ece8e50d:443 in_progress transform (satisfied (Path is satisfied), interface: en0[802.11], uses wifi, LQM: unknown)] event: transform:start @0.010s
2026-08-12 15:33:17.978 Df IlliniCover[24516:3cde06] [com.apple.network:connection] [C4.1.1 Hostname#ece8e50d:443 initial path ((null))] event: path:start @0.011s
2026-08-12 15:33:17.978 Df IlliniCover[24516:3cde06] [com.apple.network:connection] [C4.1.1 Hostname#ece8e50d:443 waiting path (satisfied (Path is satisfied), interface: en0[802.11], uses wifi, LQM: unknown)] event: path:satisfied @0.012s, uuid: 62FACE78-047A-4164-B837-4A4C77B5ECD0
2026-08-12 15:33:17.979 Df IlliniCover[24516:3cde06] [com.apple.network:connection] [C4.1.1 Hostname#ece8e50d:443 in_progress resolver (satisfied (Path is satisfied), interface: en0[802.11], uses wifi, LQM: unknown)] event: resolver:start_dns @0.013s
2026-08-12 15:33:17.981 Df IlliniCover[24516:3cde06] [com.apple.CFNetwork:Default] Task <EE98AF86-0025-4E80-B399-31AA521B904F>.<4> setting up Connection 4
2026-08-12 15:33:17.983 Df IlliniCover[24516:3cde06] [com.apple.network:connection] nw_endpoint_resolver_update [C4.1.1 Hostname#ece8e50d:443 in_progress resolver (satisfied (Path is satisfied), interface: en0[802.11], uses wifi, LQM: unknown)] Adding endpoint handler for IPv6#960400f1.443
2026-08-12 15:33:17.983 Df IlliniCover[24516:3cde06] [com.apple.network:connection] nw_endpoint_resolver_update [C4.1.1 Hostname#ece8e50d:443 in_progress resolver (satisfied (Path is satisfied), interface: en0[802.11], uses wifi, LQM: unknown)] Adding endpoint handler for IPv6#22025a93.443
2026-08-12 15:33:17.983 Df IlliniCover[24516:3cde06] [com.apple.network:connection] nw_endpoint_resolver_update [C4.1.1 Hostname#ece8e50d:443 in_progress resolver (satisfied (Path is satisfied), interface: en0[802.11], uses wifi, LQM: unknown)] Adding endpoint handler for IPv4#f30232d4:443
2026-08-12 15:33:17.983 Df IlliniCover[24516:3cde06] [com.apple.network:connection] nw_endpoint_resolver_update [C4.1.1 Hostname#ece8e50d:443 in_progress resolver (satisfied (Path is satisfied), interface: en0[802.11], uses wifi, LQM: unknown)] Adding endpoint handler for IPv6#1c0129f2.443
2026-08-12 15:33:17.983 Df IlliniCover[24516:3cde06] [com.apple.network:connection] nw_endpoint_resolver_update [C4.1.1 Hostname#ece8e50d:443 in_progress resolver (satisfied (Path is satisfied), interface: en0[802.11], uses wifi, LQM: unknown)] Adding endpoint handler for IPv6#ece5e8f2.443
2026-08-12 15:33:17.983 Df IlliniCover[24516:3cde06] [com.apple.network:connection] nw_endpoint_resolver_update [C4.1.1 Hostname#ece8e50d:443 in_progress resolver (satisfied (Path is satisfied), interface: en0[802.11], uses wifi, LQM: unknown)] Adding endpoint handler for IPv6#49e5b927.443
2026-08-12 15:33:17.983 Df IlliniCover[24516:3cde06] [com.apple.network:connection] nw_endpoint_resolver_update [C4.1.1 Hostname#ece8e50d:443 in_progress resolver (satisfied (Path is satisfied), interface: en0[802.11], uses wifi, LQM: unknown)] Adding endpoint handler for IPv6#d22c6fc6.443
2026-08-12 15:33:17.983 Df IlliniCover[24516:3cde06] [com.apple.network:connection] nw_endpoint_resolver_update [C4.1.1 Hostname#ece8e50d:443 in_progress resolver (satisfied (Path is satisfied), interface: en0[802.11], uses wifi, LQM: unknown)] Adding endpoint handler for IPv6#5ceb921f.443
2026-08-12 15:33:17.983 Df IlliniCover[24516:3cde06] [com.apple.network:connection] nw_endpoint_resolver_update [C4.1.1 Hostname#ece8e50d:443 in_progress resolver (satisfied (Path is satisfied), interface: en0[802.11], uses wifi, LQM: unknown)] Adding endpoint handler for IPv6#634dcc1b.443
2026-08-12 15:33:17.984 Df IlliniCover[24516:3cde06] [com.apple.network:connection] nw_endpoint_resolver_update [C4.1.1 Hostname#ece8e50d:443 in_progress resolver (satisfied (Path is satisfied), interface: en0[802.11], uses wifi, LQM: unknown)] Adding endpoint handler for IPv4#0b799760:443
2026-08-12 15:33:17.984 Df IlliniCover[24516:3cde06] [com.apple.network:connection] nw_endpoint_resolver_update [C4.1.1 Hostname#ece8e50d:443 in_progress resolver (satisfied (Path is satisfied), interface: en0[802.11], uses wifi, LQM: unknown)] Adding endpoint handler for IPv4#af0c29b4:443
2026-08-12 15:33:17.984 Df IlliniCover[24516:3cde06] [com.apple.network:connection] nw_endpoint_resolver_update [C4.1.1 Hostname#ece8e50d:443 in_progress resolver (satisfied (Path is satisfied), interface: en0[802.11], uses wifi, LQM: unknown)] Adding endpoint handler for IPv4#bf88c99a:443
2026-08-12 15:33:17.984 Df IlliniCover[24516:3cde06] [com.apple.network:connection] nw_endpoint_resolver_update [C4.1.1 Hostname#ece8e50d:443 in_progress resolver (satisfied (Path is satisfied), interface: en0[802.11], uses wifi, LQM: unknown)] Adding endpoint handler for IPv4#b39b70da:443
2026-08-12 15:33:17.984 Df IlliniCover[24516:3cde06] [com.apple.network:connection] nw_endpoint_resolver_update [C4.1.1 Hostname#ece8e50d:443 in_progress resolver (satisfied (Path is satisfied), interface: en0[802.11], uses wifi, LQM: unknown)] Adding endpoint handler for IPv4#ed0ccec0:443
2026-08-12 15:33:17.984 Df IlliniCover[24516:3cde06] [com.apple.network:connection] nw_endpoint_resolver_update [C4.1.1 Hostname#ece8e50d:443 in_progress resolver (satisfied (Path is satisfied), interface: en0[802.11], uses wifi, LQM: unknown)] Adding endpoint handler for IPv4#ad33f296:443
2026-08-12 15:33:17.984 Df IlliniCover[24516:3cde06] [com.apple.network:connection] nw_endpoint_resolver_update [C4.1.1 Hostname#ece8e50d:443 in_progress resolver (satisfied (Path is satisfied), interface: en0[802.11], uses wifi, LQM: unknown)] Adding endpoint handler for IPv4#bc7c2a51:443
2026-08-12 15:33:17.984 Df IlliniCover[24516:3cde06] [com.apple.network:connection] [C4.1.1 Hostname#ece8e50d:443 in_progress resolver (satisfied (Path is satisfied), interface: en0[802.11], uses wifi, LQM: unknown)] event: resolver:receive_dns @0.017s
2026-08-12 15:33:17.984 Df IlliniCover[24516:3cde06] [com.apple.network:connection] [C4.1.1.1 IPv6#960400f1.443 initial path ((null))] event: path:start @0.017s
2026-08-12 15:33:17.984 Df IlliniCover[24516:3cde06] [com.apple.network:connection] [C4.1.1.1 IPv6#960400f1.443 waiting path (satisfied (Path is satisfied), interface: en0[802.11], uses wifi, LQM: unknown)] event: path:satisfied @0.018s, uuid: 5DAB7BD6-3DC4-4E4A-ABD9-085387274DE9
2026-08-12 15:33:17.989 Df IlliniCover[24516:3cde06] [com.apple.network:connection] [C4.1.1.1 IPv6#960400f1.443 in_progress socket-flow (satisfied (Path is satisfied), interface: en0[802.11], uses wifi, LQM: unknown)] event: flow:start_connect @0.023s
2026-08-12 15:33:18.013 Df IlliniCover[24516:3cde06] [com.apple.network:connection] nw_endpoint_resolver_update [C4.1.1 Hostname#ece8e50d:443 in_progress resolver (satisfied (Path is satisfied), interface: en0[802.11], uses wifi, LQM: unknown)] Adding endpoint handler for IPv6#22025a93.443
2026-08-12 15:33:18.013 Df IlliniCover[24516:3cde06] [com.apple.network:connection] nw_endpoint_resolver_update [C4.1.1 Hostname#ece8e50d:443 in_progress resolver (satisfied (Path is satisfied), interface: en0[802.11], uses wifi, LQM: unknown)] Adding endpoint handler for IPv4#f30232d4:443
2026-08-12 15:33:18.013 Df IlliniCover[24516:3cde06] [com.apple.network:connection] nw_endpoint_resolver_update [C4.1.1 Hostname#ece8e50d:443 in_progress resolver (satisfied (Path is satisfied), interface: en0[802.11], uses wifi, LQM: unknown)] Adding endpoint handler for IPv6#52b21cd2.443
2026-08-12 15:33:18.013 Df IlliniCover[24516:3cde06] [com.apple.network:connection] nw_endpoint_resolver_update [C4.1.1 Hostname#ece8e50d:443 in_progress resolver (satisfied (Path is satisfied), interface: en0[802.11], uses wifi, LQM: unknown)] Adding endpoint handler for IPv6#d22c6fc6.443
2026-08-12 15:33:18.013 Df IlliniCover[24516:3cde06] [com.apple.network:connection] nw_endpoint_resolver_update [C4.1.1 Hostname#ece8e50d:443 in_progress resolver (satisfied (Path is satisfied), interface: en0[802.11], uses wifi, LQM: unknown)] Adding endpoint handler for IPv6#1c0129f2.443
2026-08-12 15:33:18.013 Df IlliniCover[24516:3cde06] [com.apple.network:connection] nw_endpoint_resolver_update [C4.1.1 Hostname#ece8e50d:443 in_progress resolver (satisfied (Path is satisfied), interface: en0[802.11], uses wifi, LQM: unknown)] Adding endpoint handler for IPv6#49e5b927.443
2026-08-12 15:33:18.013 Df IlliniCover[24516:3cde06] [com.apple.network:connection] nw_endpoint_resolver_update [C4.1.1 Hostname#ece8e50d:443 in_progress resolver (satisfied (Path is satisfied), interface: en0[802.11], uses wifi, LQM: unknown)] Adding endpoint handler for IPv6#ece5e8f2.443
2026-08-12 15:33:18.013 Df IlliniCover[24516:3cde06] [com.apple.network:connection] nw_endpoint_resolver_update [C4.1.1 Hostname#ece8e50d:443 in_progress resolver (satisfied (Path is satisfied), interface: en0[802.11], uses wifi, LQM: unknown)] Adding endpoint handler for IPv6#5ceb921f.443
2026-08-12 15:33:18.013 Df IlliniCover[24516:3cde06] [com.apple.network:connection] nw_endpoint_resolver_update [C4.1.1 Hostname#ece8e50d:443 in_progress resolver (satisfied (Path is satisfied), interface: en0[802.11], uses wifi, LQM: unknown)] Adding endpoint handler for IPv4#0b799760:443
2026-08-12 15:33:18.013 Df IlliniCover[24516:3cde06] [com.apple.network:connection] nw_endpoint_resolver_update [C4.1.1 Hostname#ece8e50d:443 in_progress resolver (satisfied (Path is satisfied), interface: en0[802.11], uses wifi, LQM: unknown)] Adding endpoint handler for IPv4#af0c29b4:443
2026-08-12 15:33:18.013 Df IlliniCover[24516:3cde06] [com.apple.network:connection] nw_endpoint_resolver_update [C4.1.1 Hostname#ece8e50d:443 in_progress resolver (satisfied (Path is satisfied), interface: en0[802.11], uses wifi, LQM: unknown)] Adding endpoint handler for IPv4#bf88c99a:443
2026-08-12 15:33:18.013 Df IlliniCover[24516:3cde06] [com.apple.network:connection] nw_endpoint_resolver_update [C4.1.1 Hostname#ece8e50d:443 in_progress resolver (satisfied (Path is satisfied), interface: en0[802.11], uses wifi, LQM: unknown)] Adding endpoint handler for IPv4#b39b70da:443
2026-08-12 15:33:18.013 Df IlliniCover[24516:3cde06] [com.apple.network:connection] nw_endpoint_resolver_update [C4.1.1 Hostname#ece8e50d:443 in_progress resolver (satisfied (Path is satisfied), interface: en0[802.11], uses wifi, LQM: unknown)] Adding endpoint handler for IPv4#ed0ccec0:443
2026-08-12 15:33:18.013 Df IlliniCover[24516:3cde06] [com.apple.network:connection] nw_endpoint_resolver_update [C4.1.1 Hostname#ece8e50d:443 in_progress resolver (satisfied (Path is satisfied), interface: en0[802.11], uses wifi, LQM: unknown)] Adding endpoint handler for IPv4#ad33f296:443
2026-08-12 15:33:18.013 Df IlliniCover[24516:3cde06] [com.apple.network:connection] nw_endpoint_resolver_update [C4.1.1 Hostname#ece8e50d:443 in_progress resolver (satisfied (Path is satisfied), interface: en0[802.11], uses wifi, LQM: unknown)] Adding endpoint handler for IPv4#bc7c2a51:443
2026-08-12 15:33:18.013 Df IlliniCover[24516:3cde06] [com.apple.network:connection] [C4.1.1 Hostname#ece8e50d:443 in_progress resolver (satisfied (Path is satisfied), interface: en0[802.11], uses wifi, LQM: unknown)] event: resolver:receive_dns @0.047s
2026-08-12 15:33:18.028 Df IlliniCover[24516:3cde06] [com.apple.network:connection] nw_socket_handle_socket_event [C4.1.1.1:3] Socket received CONNECTED event
2026-08-12 15:33:18.029 Df IlliniCover[24516:3cde06] [com.apple.network:connection] nw_flow_connected [C4.1.1.1 IPv6#960400f1.443 in_progress socket-flow (satisfied (Path is satisfied), interface: en0[802.11], uses wifi, LQM: unknown)] Transport protocol connected (socket)
2026-08-12 15:33:18.029 Df IlliniCover[24516:3cde06] [com.apple.network:connection] [C4.1.1.1 IPv6#960400f1.443 in_progress socket-flow (satisfied (Path is satisfied), interface: en0[802.11], uses wifi, LQM: unknown)] event: flow:finish_transport @0.063s
2026-08-12 15:33:18.031 Df IlliniCover[24516:3cde06] [com.apple.network:boringssl] boringssl_session_apply_protocol_options_for_transport_block_invoke_2(2367) [C4.1.1.1:2][0x124e565e0] TLS configured [server(0) min_version(0x0303) max_version(0x0304) name(redacted) tickets(false) false_start(false) enforce_ev(false) enforce_ats(false) ats_non_pfs_ciphersuite_allowed(false) cc_mode_enforced(false) ech(false) pqtls(true), pake(false) skip_ats_trust(false)]
2026-08-12 15:33:18.031 Df IlliniCover[24516:3cde06] [com.apple.network:boringssl] boringssl_context_info_handler(2806) [C4.1.1.1:2][0x124e565e0] Client handshake started
2026-08-12 15:33:18.032 Df IlliniCover[24516:3cde06] [com.apple.network:boringssl] boringssl_context_info_handler(2823) [C4.1.1.1:2][0x124e565e0] Client handshake state: TLS client enter_early_data
2026-08-12 15:33:18.033 Df IlliniCover[24516:3cde06] [com.apple.network:boringssl] boringssl_context_info_handler(2823) [C4.1.1.1:2][0x124e565e0] Client handshake state: TLS client read_server_hello
2026-08-12 15:33:18.077 Df IlliniCover[24516:3cde06] [com.apple.network:boringssl] boringssl_context_info_handler(2823) [C4.1.1.1:2][0x124e565e0] Client handshake state: TLS 1.3 client read_hello_retry_request
2026-08-12 15:33:18.077 Df IlliniCover[24516:3cde06] [com.apple.network:boringssl] boringssl_context_info_handler(2823) [C4.1.1.1:2][0x124e565e0] Client handshake state: TLS 1.3 client read_server_hello
2026-08-12 15:33:18.077 Df IlliniCover[24516:3cde06] [com.apple.network:boringssl] boringssl_context_info_handler(2823) [C4.1.1.1:2][0x124e565e0] Client handshake state: TLS 1.3 client read_encrypted_extensions
2026-08-12 15:33:18.077 Df IlliniCover[24516:3cde06] [com.apple.network:boringssl] boringssl_context_info_handler(2823) [C4.1.1.1:2][0x124e565e0] Client handshake state: TLS 1.3 client read_certificate_request
2026-08-12 15:33:18.077 Df IlliniCover[24516:3cde06] [com.apple.network:boringssl] boringssl_context_info_handler(2823) [C4.1.1.1:2][0x124e565e0] Client handshake state: TLS 1.3 client read_server_certificate
2026-08-12 15:33:18.077 Df IlliniCover[24516:3cde06] [com.apple.network:boringssl] boringssl_context_info_handler(2823) [C4.1.1.1:2][0x124e565e0] Client handshake state: TLS 1.3 client read_server_certificate_verify
2026-08-12 15:33:18.079 Df IlliniCover[24516:3cde06] [com.apple.network:boringssl] boringssl_context_evaluate_trust_async(2249) [C4.1.1.1:2][0x124e565e0] Performing external trust evaluation
2026-08-12 15:33:18.079 A  IlliniCover[24516:3cde06] (Security) SecKeyCopyPublicBytes
2026-08-12 15:33:18.079 Df IlliniCover[24516:3cde06] [com.apple.network:boringssl] boringssl_context_evaluate_trust_async_external(2234) [C4.1.1.1:2][0x124e565e0] Asyncing for external verify block
2026-08-12 15:33:18.079 Df IlliniCover[24516:3cde06] [com.apple.CFNetwork:Default] Connection 4: asked to evaluate TLS Trust
2026-08-12 15:33:18.080 Df IlliniCover[24516:3cd57a] [com.apple.CFNetwork:Default] Task <EE98AF86-0025-4E80-B399-31AA521B904F>.<4> auth completion disp=1 cred=0x0
2026-08-12 15:33:18.080 Df IlliniCover[24516:3cd57a] [com.apple.securityd:trust] (Trust 0x120d9be40) No pending evals, starting
2026-08-12 15:33:18.081 A  IlliniCover[24516:3cd57a] (Security) SecTrustEvaluateIfNecessaryFastAsync
2026-08-12 15:33:18.081 Df IlliniCover[24516:3cd57a] [com.apple.xpc:connection] [0x122fde1c0] activating connection: mach=true listener=false peer=false name=com.apple.trustd
2026-08-12 15:33:18.081 Df IlliniCover[24516:3cd57a] [com.apple.securityd:trust] (Trust 0x120d9be40) Completed async eval kickoff
2026-08-12 15:33:18.099 Df IlliniCover[24516:3cde06] [com.apple.securityd:trust] (Trust 0x120d9be40) trustd returned 4
2026-08-12 15:33:18.099 Df IlliniCover[24516:3cde06] [com.apple.CFNetwork:Default] System Trust Evaluation yielded status(0)
2026-08-12 15:33:18.099 Df IlliniCover[24516:3cde06] [com.apple.securityd:trust] (Trust 0x120d9bcc0) No pending evals, starting
2026-08-12 15:33:18.099 A  IlliniCover[24516:3cde06] (Security) SecTrustEvaluateIfNecessaryFastAsync
2026-08-12 15:33:18.099 Df IlliniCover[24516:3cde06] [com.apple.xpc:connection] [0x122fde080] activating connection: mach=true listener=false peer=false name=com.apple.trustd
2026-08-12 15:33:18.099 Df IlliniCover[24516:3cde06] [com.apple.securityd:trust] (Trust 0x120d9bcc0) Completed async eval kickoff
2026-08-12 15:33:18.099 Df IlliniCover[24516:3cde06] [com.apple.xpc:connection] [0x122fde1c0] invalidated because the current process cancelled the connection by calling xpc_connection_cancel()
2026-08-12 15:33:18.101 Df IlliniCover[24516:3cd57a] [com.apple.securityd:trust] (Trust 0x120d9bcc0) trustd returned 4
2026-08-12 15:33:18.101 Df IlliniCover[24516:3cd57a] [com.apple.CFNetwork:Default] Connection 4: TLS Trust result 0
2026-08-12 15:33:18.101 Df IlliniCover[24516:3cd57a] [com.apple.network:boringssl] boringssl_context_evaluate_trust_async_external_block_invoke_3(2148) [C4.1.1.1:2][0x124e565e0] Returning from external verify block with result: true
2026-08-12 15:33:18.101 Df IlliniCover[24516:3cd57a] [com.apple.network:boringssl] boringssl_context_certificate_verify_callback(2430) [C4.1.1.1:2][0x124e565e0] Certificate verification result: OK
2026-08-12 15:33:18.101 Df IlliniCover[24516:3cd57a] [com.apple.network:boringssl] boringssl_context_info_handler(2823) [C4.1.1.1:2][0x124e565e0] Client handshake state: TLS 1.3 client read_server_finished
2026-08-12 15:33:18.101 Df IlliniCover[24516:3cd57a] [com.apple.network:boringssl] boringssl_context_info_handler(2823) [C4.1.1.1:2][0x124e565e0] Client handshake state: TLS 1.3 client send_end_of_early_data
2026-08-12 15:33:18.101 Df IlliniCover[24516:3cd57a] [com.apple.network:boringssl] boringssl_context_info_handler(2823) [C4.1.1.1:2][0x124e565e0] Client handshake state: TLS 1.3 client send_client_encrypted_extensions
2026-08-12 15:33:18.101 Df IlliniCover[24516:3cd57a] [com.apple.network:boringssl] boringssl_context_info_handler(2823) [C4.1.1.1:2][0x124e565e0] Client handshake state: TLS 1.3 client send_client_certificate
2026-08-12 15:33:18.101 Df IlliniCover[24516:3cd57a] [com.apple.network:boringssl] boringssl_context_info_handler(2823) [C4.1.1.1:2][0x124e565e0] Client handshake state: TLS 1.3 client complete_second_flight
2026-08-12 15:33:18.101 Df IlliniCover[24516:3cd57a] [com.apple.network:boringssl] boringssl_context_info_handler(2823) [C4.1.1.1:2][0x124e565e0] Client handshake state: TLS 1.3 client done
2026-08-12 15:33:18.101 Df IlliniCover[24516:3cd57a] [com.apple.network:boringssl] boringssl_context_info_handler(2823) [C4.1.1.1:2][0x124e565e0] Client handshake state: TLS client finish_client_handshake
2026-08-12 15:33:18.101 Df IlliniCover[24516:3cd57a] [com.apple.network:boringssl] boringssl_context_info_handler(2823) [C4.1.1.1:2][0x124e565e0] Client handshake state: TLS client done
2026-08-12 15:33:18.101 Df IlliniCover[24516:3cd57a] [com.apple.network:boringssl] boringssl_context_info_handler(2812) [C4.1.1.1:2][0x124e565e0] Client handshake done
2026-08-12 15:33:18.101 A  IlliniCover[24516:3cd57a] (Security) SecKeyCopyPublicBytes
2026-08-12 15:33:18.101 Df IlliniCover[24516:3cd57a] [com.apple.network:boringssl] nw_protocol_boringssl_signal_connected(895) [C4.1.1.1:2][0x124e565e0] TLS connected [server(0) version(0x0304) ciphersuite(TLS_AES_128_GCM_SHA256) group(0x001d) signature_alg(0x0804) alpn(h2) resumed(0) offered_ticket(0) in_early_data(0) early_data_accepted(0) false_started(0) ocsp_received(0) sct_received(0) connect_time(69ms) flight_time(45ms) rtt(45ms) write_stalls(0) read_stalls(2) pake(0x0000)]
2026-08-12 15:33:18.101 Df IlliniCover[24516:3cd57a] [com.apple.network:connection] nw_flow_connected [C4.1.1.1 IPv6#960400f1.443 in_progress socket-flow (satisfied (Path is satisfied), interface: en0[802.11], uses wifi, LQM: unknown)] Output protocol connected (CFNetworkConnection-4228570783)
2026-08-12 15:33:18.102 Df IlliniCover[24516:3cd57a] [com.apple.network:connection] [C4.1.1.1 IPv6#960400f1.443 ready socket-flow (satisfied (Path is satisfied), interface: en0[802.11], uses wifi, LQM: unknown)] event: flow:child_finish_connect @0.135s
2026-08-12 15:33:18.102 Df IlliniCover[24516:3cd57a] [com.apple.network:connection] [C4.1.1 Hostname#ece8e50d:443 ready resolver (satisfied (Path is satisfied), interface: en0[802.11], uses wifi, LQM: unknown)] event: flow:child_finish_connect @0.135s
2026-08-12 15:33:18.102 Df IlliniCover[24516:3cd57a] [com.apple.network:connection] [C4.1 Hostname#ece8e50d:443 ready transform (satisfied (Path is satisfied), interface: en0[802.11], uses wifi, LQM: unknown)] event: flow:child_finish_connect @0.136s
2026-08-12 15:33:18.102 Df IlliniCover[24516:3cd57a] [com.apple.network:connection] nw_flow_connected [C4 IPv6#960400f1.443 in_progress parent-flow (satisfied (Path is satisfied), interface: en0[802.11], uses wifi, LQM: unknown)] Output protocol connected (endpoint_flow)
2026-08-12 15:33:18.103 Df IlliniCover[24516:3cd57a] [com.apple.network:connection] [C4 IPv6#960400f1.443 ready parent-flow (satisfied (Path is satisfied), interface: en0[802.11], uses wifi, LQM: unknown)] event: flow:finish_connect @0.136s
2026-08-12 15:33:18.103 Df IlliniCover[24516:3cd57a] [com.apple.network:connection] nw_connection_report_state_with_handler_on_nw_queue [C4] reporting state ready
2026-08-12 15:33:18.103 Df IlliniCover[24516:3cd57a] [com.apple.xpc:connection] [0x122fde080] invalidated because the current process cancelled the connection by calling xpc_connection_cancel()
2026-08-12 15:33:18.103 Df IlliniCover[24516:3cd57a] [com.apple.CFNetwork:Default] Connection 4: connected successfully
2026-08-12 15:33:18.103 Df IlliniCover[24516:3cd57a] [com.apple.CFNetwork:Default] Connection 4: TLS handshake complete
2026-08-12 15:33:18.104 Df IlliniCover[24516:3cd57a] [com.apple.CFNetwork:Default] Connection 4: ready C(N) E(N)
2026-08-12 15:33:18.105 Df IlliniCover[24516:3cd57a] [com.apple.network:connection] [C4] event: client:connection_reused @0.139s
2026-08-12 15:33:18.105 Df IlliniCover[24516:3cd57a] [com.apple.network:connection] nw_protocol_socket_notify [C4.1.1.1:3] nw_protocol_notification_type_connection_idle is false
2026-08-12 15:33:18.106 Df IlliniCover[24516:3cd57a] [com.apple.CFNetwork:Default] Task <EE98AF86-0025-4E80-B399-31AA521B904F>.<4> now using Connection 4
2026-08-12 15:33:18.108 Df IlliniCover[24516:3cd57a] [com.apple.CFNetwork:Default] Task <EE98AF86-0025-4E80-B399-31AA521B904F>.<4> sent request, body S 2687
2026-08-12 15:33:18.129 A  IlliniCover[24516:3cda75] (Security) SecKeyCopyPublicBytes
2026-08-12 15:33:18.159 Df IlliniCover[24516:3cda75] [com.apple.CFNetwork:Default] Task <EE98AF86-0025-4E80-B399-31AA521B904F>.<4> received response, status 200 content K
2026-08-12 15:33:18.159 Df IlliniCover[24516:3cda75] [com.apple.CFNetwork:Default] Task <EE98AF86-0025-4E80-B399-31AA521B904F>.<4> done using Connection 4
2026-08-12 15:33:18.159 Df IlliniCover[24516:3cda75] [com.apple.network:connection] [C4] event: client:connection_idle @0.193s
2026-08-12 15:33:18.159 Df IlliniCover[24516:3cda75] [com.apple.network:connection] nw_protocol_socket_notify [C4.1.1.1:3] nw_protocol_notification_type_connection_idle is true
2026-08-12 15:33:18.160 Df IlliniCover[24516:3cda75] [com.apple.CFNetwork:Default] Task <EE98AF86-0025-4E80-B399-31AA521B904F>.<4> response ended
2026-08-12 15:33:18.160 Df IlliniCover[24516:3cda75] [com.apple.CFNetwork:Summary] Task <EE98AF86-0025-4E80-B399-31AA521B904F>.<4> summary for task success {transaction_duration_ms=211, response_status=200, connection=4, protocol="h2", domain_lookup_duration_ms=4, connect_duration_ms=113, secure_connection_duration_ms=69, private_relay=false, request_start_ms=158, request_duration_ms=1, response_start_ms=210, response_duration_ms=0, request_bytes=3019, request_throughput_kbps=17045, response_bytes=251, response_throughput_kbps=2765, cache_hit=true}
2026-08-12 15:33:18.161 Df IlliniCover[24516:3cda75] [com.apple.CFNetwork:Default] Task <EE98AF86-0025-4E80-B399-31AA521B904F>.<4> finished successfully
2026-08-12 15:33:18.161 E  IlliniCover[24516:3cde06] [dev.expo.modules:expo] 🟠 Invalid state - currentState[2] validStates[4]
2026-08-12 15:33:18.525 Df IlliniCover[24516:3cd57a] [com.apple.CFNetwork:Default] Task <11B03C6C-022E-43A5-8982-CB96101194DF>.<5> resuming, timeouts(0.0, 604800.0) qos(0x19) voucher((null)) activity(00000000-0000-0000-0000-000000000000)
2026-08-12 15:33:18.529 Df IlliniCover[24516:3cda75] [com.apple.network:connection] [C2] event: client:connection_reused @30.583s
2026-08-12 15:33:18.532 Df IlliniCover[24516:3cda75] [com.apple.CFNetwork:Default] Task <11B03C6C-022E-43A5-8982-CB96101194DF>.<5> now using Connection 2
2026-08-12 15:33:18.536 Df IlliniCover[24516:3cda75] [com.apple.cfnetwork:h3stream] 0x124ecd898 ID=8 Task <11B03C6C-022E-43A5-8982-CB96101194DF>.<5> sent request, body N 0
2026-08-12 15:33:19.416 Df IlliniCover[24516:3cda75] [com.apple.cfnetwork:h3stream] 0x124ecd898 ID=8 Task <11B03C6C-022E-43A5-8982-CB96101194DF>.<5> received response, status 200 content K
2026-08-12 15:33:19.417 Df IlliniCover[24516:3cda75] [com.apple.CFNetwork:Default] Task <11B03C6C-022E-43A5-8982-CB96101194DF>.<5> response ended
2026-08-12 15:33:19.417 Df IlliniCover[24516:3cda75] [com.apple.network:connection] [C2] event: client:connection_idle @31.471s
2026-08-12 15:33:19.417 Df IlliniCover[24516:3cda75] [com.apple.CFNetwork:Default] Task <11B03C6C-022E-43A5-8982-CB96101194DF>.<5> done using Connection 2
2026-08-12 15:33:19.417 Df IlliniCover[24516:3cd57a] [com.apple.CFNetwork:Summary] Task <11B03C6C-022E-43A5-8982-CB96101194DF>.<5> summary for task success {transaction_duration_ms=891, response_status=200, connection=2, reused=1, reused_after_ms=30023, request_start_ms=5, request_duration_ms=4, response_start_ms=889, response_duration_ms=1, request_bytes=366, request_throughput_kbps=643, response_bytes=2627, response_throughput_kbps=10894, cache_hit=true}
2026-08-12 15:33:19.417 Df IlliniCover[24516:3cd57a] [com.apple.CFNetwork:Default] Task <11B03C6C-022E-43A5-8982-CB96101194DF>.<5> finished successfully
2026-08-12 15:33:21.681 Df IlliniCover[24516:3cde4d] [com.apple.dt.automationmode:Default] Handling posted change notification (com.apple.dt.automationmode.state-changed)
2026-08-12 15:33:21.681 Df IlliniCover[24516:3cde4d] [com.apple.dt.automationmode:Default] XAM shared observer connecting to com.apple.dt.automationmode.reader
2026-08-12 15:33:21.681 Df IlliniCover[24516:3cde4d] [com.apple.xpc:connection] [0x122fde300] activating connection: mach=true listener=false peer=false name=com.apple.dt.automationmode.reader
2026-08-12 15:33:21.685 Df IlliniCover[24516:3cde4d] [com.apple.xpc:connection] [0x122fde300] invalidated because the current process cancelled the connection by calling xpc_connection_cancel()
2026-08-12 15:33:21.685 Df IlliniCover[24516:3cde4d] [com.apple.dt.automationmode:Default] Comparing previous enabled state (0) to current enabled state (1)
2026-08-12 15:33:22.232 Df IlliniCover[24516:3cde4d] [com.apple.CFNetwork:Default] Task <AAB38062-0746-4CB3-B4A3-A481EC66A8EB>.<6> resuming, timeouts(0.0, 604800.0) qos(0x19) voucher((null)) activity(00000000-0000-0000-0000-000000000000)
2026-08-12 15:33:22.236 Df IlliniCover[24516:3cd57a] [com.apple.network:connection] [C2] event: client:connection_reused @34.291s
2026-08-12 15:33:22.250 Df IlliniCover[24516:3cd57a] [com.apple.CFNetwork:Default] Task <AAB38062-0746-4CB3-B4A3-A481EC66A8EB>.<6> now using Connection 2
2026-08-12 15:33:22.252 Df IlliniCover[24516:3cd57a] [com.apple.cfnetwork:h3stream] 0x124ecd898 ID=12 Task <AAB38062-0746-4CB3-B4A3-A481EC66A8EB>.<6> sent request, body N 0
2026-08-12 15:33:24.411 Df IlliniCover[24516:3cd57a] [com.apple.cfnetwork:h3stream] 0x124ecd898 ID=12 Task <AAB38062-0746-4CB3-B4A3-A481EC66A8EB>.<6> received response, status 200 content K
2026-08-12 15:33:24.411 Df IlliniCover[24516:3cd57a] [com.apple.CFNetwork:Default] Task <AAB38062-0746-4CB3-B4A3-A481EC66A8EB>.<6> response ended
2026-08-12 15:33:24.411 Df IlliniCover[24516:3cd57a] [com.apple.network:connection] [C2] event: client:connection_idle @36.466s
2026-08-12 15:33:24.412 Df IlliniCover[24516:3cd57a] [com.apple.CFNetwork:Default] Task <AAB38062-0746-4CB3-B4A3-A481EC66A8EB>.<6> done using Connection 2
2026-08-12 15:33:24.412 Df IlliniCover[24516:3cda75] [com.apple.CFNetwork:Summary] Task <AAB38062-0746-4CB3-B4A3-A481EC66A8EB>.<6> summary for task success {transaction_duration_ms=2178, response_status=200, connection=2, reused=1, reused_after_ms=2832, request_start_ms=16, request_duration_ms=1, response_start_ms=2176, response_duration_ms=1, request_bytes=402, request_throughput_kbps=1850, response_bytes=1876, response_throughput_kbps=10734, cache_hit=true}
2026-08-12 15:33:24.413 Df IlliniCover[24516:3cda75] [com.apple.CFNetwork:Default] Task <AAB38062-0746-4CB3-B4A3-A481EC66A8EB>.<6> finished successfully
2026-08-12 15:33:24.581 Df IlliniCover[24516:3cd57a] [com.apple.dt.xctest:Default] Received request for endpoint.
2026-08-12 15:33:24.581 Df IlliniCover[24516:3cd57a] [com.apple.dt.xctest:Default] Sending anonymous endpoint.
2026-08-12 15:33:24.581 Df IlliniCover[24516:3cd57a] [com.apple.xpc:connection] [0x107de5180] Connection returned listener port: 0x7c23
2026-08-12 15:33:24.581 Df IlliniCover[24516:3cd57a] [com.apple.dt.xctest:Default] Received client to target connection.
2026-08-12 15:33:24.581 Df IlliniCover[24516:3cd57a] [com.apple.dt.automationmode:Default] Returning 1 for enabled state
2026-08-12 15:33:24.582 Df IlliniCover[24516:3cd57a] [com.apple.xpc:connection] [0x120d3eb80] activating connection: mach=false listener=false peer=true name=com.apple.xpc.anonymous.0x107de5180.peer[24696].0x120d3eb80
2026-08-12 15:33:24.582 Df IlliniCover[24516:3cda75] [com.apple.dt.xctest:Default] Received request to exchange capabilities, remote interface capabilities are: <XCTCapabilities: 0x124d99940>: {
    "query runtime issue reporting" = 1;
    "query runtime issue reporting/automation type mismatch" = 1;
}
2026-08-12 15:33:24.583 Df IlliniCover[24516:3cda75] [com.apple.dt.xctest:Default] Received request to fetch matches for query:
2026-08-12 15:33:24.583 Df IlliniCover[24516:3cda75] [com.apple.dt.xctest:Default] Evaluating query:
2026-08-12 15:33:24.583 Df IlliniCover[24516:3cda75] [com.apple.dt.xctest:Default] Getting root element snapshot
2026-08-12 15:33:24.583 Df IlliniCover[24516:3cda75] [com.apple.dt.xctest:Default] Getting snapshot for App element pid: 24516 for query
2026-08-12 15:33:24.583 Df IlliniCover[24516:3cda75] [com.apple.dt.xctest:Default] Query requires iOS snapshot attributes .
2026-08-12 15:33:24.583 Df IlliniCover[24516:3cda75] [com.apple.dt.xctest:Default] XCTPerformOnMainRunLoop[not MT]: about to CFRunLoopPerform
2026-08-12 15:33:24.583 Df IlliniCover[24516:3cda75] [com.apple.dt.xctest:Default] XCTPerformOnMainRunLoop[not MT]: waiting with 30.00s responsiveness timeout
2026-08-12 15:33:24.583 Df IlliniCover[24516:3cd556] [com.apple.dt.xctest:Default] XCTPerformOnMainRunLoop[MT]: inside CFRunLoopPerform
2026-08-12 15:33:24.583 Df IlliniCover[24516:3cd556] [com.apple.dt.xctest:Default] XCTPerformOnMainRunLoop[MT]: MT responded in time (won the race to the busy flag)
2026-08-12 15:33:24.583 Df IlliniCover[24516:3cda75] [com.apple.dt.xctest:Default] XCTPerformOnMainRunLoop[not MT]: waiting 60.00s for work to complete
2026-08-12 15:33:24.585 Df IlliniCover[24516:3cd556] [com.apple.dt.xctest:Default] Got main window <AXUIElementRef 0x123389aa0> {pid=24516} {uid=[ID:322 hash:0x122f1a400]}
2026-08-12 15:33:24.586 Df IlliniCover[24516:3cd556] [com.apple.dt.xctest:Default] Capturing hierarchy with attributes XC_kAXXCAttributeElementType, XC_kAXXCAttributeElementBaseType, XC_kAXXCAttributeParent, XC_kAXXCAttributeIdentifier, XC_kAXXCAttributeAutomationType, XC_kAXXCAttributeTraits
2026-08-12 15:33:24.586 Df IlliniCover[24516:3cd556] [com.apple.dt.xctest:Default] Capturing hierarchy with parameters {
    attributes =     (
        5003,
        5004,
        5002,
        5019,
        5058,
        2004
    );
    maxArrayCount = 2147483647;
    maxChildren = 2147483647;
    maxDepth = 2147483647;
    snapshotKeyHonorModalViews = 0;
    traverseFromParentsToChildren = 1;
}
2026-08-12 15:33:24.586 Df IlliniCover[24516:3cd556] [com.apple.dt.xctest:Default] Snapshot attributes 5003, 5004, 5002, 5019, 5058, 2004
2026-08-12 15:33:24.677 Df IlliniCover[24516:3cd556] [com.apple.dt.xctest:Default] Got snapshot for <AXUIElementRef 0x1232e11d0> {pid=24516} {uid=[ID:1 hash:0x0]}
2026-08-12 15:33:24.678 Df IlliniCover[24516:3cd556] [com.apple.dt.xctest:Default] Got app orientation 0
2026-08-12 15:33:24.678 Df IlliniCover[24516:3cd556] [com.apple.dt.xctest:Default] Captured accessibility snapshot data in 0.09s
2026-08-12 15:33:24.678 Df IlliniCover[24516:3cda75] [com.apple.dt.xctest:Default] App orientation is 0 (not portrait) and UIWindow window Window is not main window
2026-08-12 15:33:24.678 Df IlliniCover[24516:3cda75] [com.apple.dt.xctest:Default] Leaving frame unchanged for Window: either already correct or we can't detect it.
2026-08-12 15:33:24.678 Df IlliniCover[24516:3cda75] [com.apple.dt.xctest:Default] Preferring automation type 48 instead of legacy element type OTHER derived from class/trait: UILabel:UILabel 8590000128
2026-08-12 15:33:24.678 Df IlliniCover[24516:3cda75] [com.apple.dt.xctest:Default] Other is not actually a child of Other, including at this point anyway (rdar://problem/20738636)
2026-08-12 15:33:24.678 Df IlliniCover[24516:3cda75] [com.apple.dt.xctest:Default] Other is not actually a child of Other, including at this point anyway (rdar://problem/20738636)
2026-08-12 15:33:24.678 Df IlliniCover[24516:3cda75] [com.apple.dt.xctest:Default] Other is not actually a child of Other, including at this point anyway (rdar://problem/20738636)
2026-08-12 15:33:24.678 Df IlliniCover[24516:3cda75] [com.apple.dt.xctest:Default] Other is not actually a child of Other, including at this point anyway (rdar://problem/20738636)
2026-08-12 15:33:24.678 Df IlliniCover[24516:3cda75] [com.apple.dt.xctest:Default] Other is not actually a child of Other, including at this point anyway (rdar://problem/20738636)
2026-08-12 15:33:24.678 Df IlliniCover[24516:3cda75] [com.apple.dt.xctest:Default] Other is not actually a child of Other, including at this point anyway (rdar://problem/20738636)
2026-08-12 15:33:24.679 Df IlliniCover[24516:3cda75] [com.apple.dt.xctest:Default] Other is not actually a child of Other, including at this point anyway (rdar://problem/20738636)
2026-08-12 15:33:24.679 Df IlliniCover[24516:3cda75] [com.apple.dt.xctest:Default] Other is not actually a child of Other, including at this point anyway (rdar://problem/20738636)
2026-08-12 15:33:24.679 Df IlliniCover[24516:3cda75] [com.apple.dt.xctest:Default] Other is not actually a child of Other, including at this point anyway (rdar://problem/20738636)
2026-08-12 15:33:24.679 Df IlliniCover[24516:3cda75] [com.apple.dt.xctest:Default] Other is not actually a child of Other, including at this point anyway (rdar://problem/20738636)
2026-08-12 15:33:24.679 Df IlliniCover[24516:3cda75] [com.apple.dt.xctest:Default] Other is not actually a child of Other, including at this point anyway (rdar://problem/20738636)
2026-08-12 15:33:24.679 Df IlliniCover[24516:3cda75] [com.apple.dt.xctest:Default] Other is not actually a child of Other, including at this point anyway (rdar://problem/20738636)
2026-08-12 15:33:24.679 Df IlliniCover[24516:3cda75] [com.apple.dt.xctest:Default] App orientation is 0 (not portrait) and UITextEffectsWindow window Window is not main window
2026-08-12 15:33:24.679 Df IlliniCover[24516:3cda75] [com.apple.dt.xctest:Default] Leaving frame unchanged for Window: either already correct or we can't detect it.
2026-08-12 15:33:24.679 Df IlliniCover[24516:3cda75] [com.apple.dt.xctest:Default] Found main window: Window
2026-08-12 15:33:24.679 Df IlliniCover[24516:3cda75] [com.apple.dt.xctest:Default] Preferring automation type 5 instead of legacy element type OTHER derived from class/trait: _UIAlertControllerPhoneTVMacView:_UIAlertControllerPhoneTVMacView 72057602627862528
2026-08-12 15:33:24.679 E  IlliniCover[24516:3cda75] [com.apple.dt.xctest:Default] Automation type mismatch; legacy system derived element type 7 from class _UIAlertControllerPhoneTVMacView:_UIAlertControllerPhoneTVMacView, traits 72057602627862528, but AXAutomationType returned 3 which maps to 5
2026-08-12 15:33:24.679 Df IlliniCover[24516:3cda75] [com.apple.dt.xctest:Default] Preferring automation type 46 instead of legacy element type OTHER derived from class/trait: _UIInterfaceActionGroupHeaderScrollView:_UIInterfaceActionGroupHeaderScrollView 8589934592
2026-08-12 15:33:24.680 Df IlliniCover[24516:3cda75] [com.apple.dt.xctest:Default] Preferring automation type 46 instead of legacy element type OTHER derived from class/trait: _UIInterfaceActionRepresentationsSequenceView:_UIInterfaceActionRepresentationsSequenceView 8589934592
2026-08-12 15:33:24.680 Df IlliniCover[24516:3cda75] [com.apple.dt.xctest:Default] Query  found matching snapshots: {(
    Application, pid: 24516
)} (error: (null))
2026-08-12 15:33:24.680 Df IlliniCover[24516:3cda75] [com.apple.dt.xctest:Default] Replying to query  with results: <XCTElementQueryResults: 0x1223c9c20> (error: (null))
2026-08-12 15:33:24.856 Df IlliniCover[24516:3cda75] [com.apple.dt.xctest:Default] Received request to fetch matches for query:
2026-08-12 15:33:24.856 Df IlliniCover[24516:3cda75] [com.apple.dt.xctest:Default] Evaluating query:
2026-08-12 15:33:24.856 Df IlliniCover[24516:3cda75] [com.apple.dt.xctest:Default] Getting root element snapshot
2026-08-12 15:33:24.856 Df IlliniCover[24516:3cda75] [com.apple.dt.xctest:Default] Getting snapshot for App element pid: 24516 for query
2026-08-12 15:33:24.856 Df IlliniCover[24516:3cda75] [com.apple.dt.xctest:Default] Query requires iOS snapshot attributes .
2026-08-12 15:33:24.856 Df IlliniCover[24516:3cda75] [com.apple.dt.xctest:Default] XCTPerformOnMainRunLoop[not MT]: about to CFRunLoopPerform
2026-08-12 15:33:24.856 Df IlliniCover[24516:3cda75] [com.apple.dt.xctest:Default] XCTPerformOnMainRunLoop[not MT]: waiting with 30.00s responsiveness timeout
2026-08-12 15:33:24.856 Df IlliniCover[24516:3cd556] [com.apple.dt.xctest:Default] XCTPerformOnMainRunLoop[MT]: inside CFRunLoopPerform
2026-08-12 15:33:24.857 Df IlliniCover[24516:3cd556] [com.apple.dt.xctest:Default] XCTPerformOnMainRunLoop[MT]: MT responded in time (won the race to the busy flag)
2026-08-12 15:33:24.857 Df IlliniCover[24516:3cda75] [com.apple.dt.xctest:Default] XCTPerformOnMainRunLoop[not MT]: waiting 60.00s for work to complete
2026-08-12 15:33:24.857 Df IlliniCover[24516:3cd556] [com.apple.dt.xctest:Default] Got main window <AXUIElementRef 0x123319ef0> {pid=24516} {uid=[ID:322 hash:0x122f1a400]}
2026-08-12 15:33:24.857 Df IlliniCover[24516:3cd556] [com.apple.dt.xctest:Default] Capturing hierarchy with attributes XC_kAXXCAttributeElementType, XC_kAXXCAttributeElementBaseType, XC_kAXXCAttributeParent, XC_kAXXCAttributeIdentifier, XC_kAXXCAttributeAutomationType, XC_kAXXCAttributeTraits
2026-08-12 15:33:24.857 Df IlliniCover[24516:3cd556] [com.apple.dt.xctest:Default] Capturing hierarchy with parameters {
    attributes =     (
        5003,
        5004,
        5002,
        5019,
        5058,
        2004
    );
    maxArrayCount = 2147483647;
    maxChildren = 2147483647;
    maxDepth = 2147483647;
    snapshotKeyHonorModalViews = 0;
    traverseFromParentsToChildren = 1;
}
2026-08-12 15:33:24.857 Df IlliniCover[24516:3cd556] [com.apple.dt.xctest:Default] Snapshot attributes 5003, 5004, 5002, 5019, 5058, 2004
2026-08-12 15:33:24.935 Df IlliniCover[24516:3cd556] [com.apple.dt.xctest:Default] Got snapshot for <AXUIElementRef 0x1232e2820> {pid=24516} {uid=[ID:1 hash:0x0]}
2026-08-12 15:33:24.935 Df IlliniCover[24516:3cd556] [com.apple.dt.xctest:Default] Got app orientation 0
2026-08-12 15:33:24.935 Df IlliniCover[24516:3cd556] [com.apple.dt.xctest:Default] Captured accessibility snapshot data in 0.08s
2026-08-12 15:33:24.935 Df IlliniCover[24516:3cda75] [com.apple.dt.xctest:Default] App orientation is 0 (not portrait) and UIWindow window Window is not main window
2026-08-12 15:33:24.935 Df IlliniCover[24516:3cda75] [com.apple.dt.xctest:Default] Leaving frame unchanged for Window: either already correct or we can't detect it.
2026-08-12 15:33:24.935 Df IlliniCover[24516:3cda75] [com.apple.dt.xctest:Default] Preferring automation type 48 instead of legacy element type OTHER derived from class/trait: UILabel:UILabel 8590000128
2026-08-12 15:33:24.935 Df IlliniCover[24516:3cda75] [com.apple.dt.xctest:Default] Other is not actually a child of Other, including at this point anyway (rdar://problem/20738636)
2026-08-12 15:33:24.935 Df IlliniCover[24516:3cda75] [com.apple.dt.xctest:Default] Other is not actually a child of Other, including at this point anyway (rdar://problem/20738636)
2026-08-12 15:33:24.936 Df IlliniCover[24516:3cda75] [com.apple.dt.xctest:Default] Other is not actually a child of Other, including at this point anyway (rdar://problem/20738636)
2026-08-12 15:33:24.936 Df IlliniCover[24516:3cda75] [com.apple.dt.xctest:Default] Other is not actually a child of Other, including at this point anyway (rdar://problem/20738636)
2026-08-12 15:33:24.936 Df IlliniCover[24516:3cda75] [com.apple.dt.xctest:Default] Other is not actually a child of Other, including at this point anyway (rdar://problem/20738636)
2026-08-12 15:33:24.936 Df IlliniCover[24516:3cda75] [com.apple.dt.xctest:Default] Other is not actually a child of Other, including at this point anyway (rdar://problem/20738636)
2026-08-12 15:33:24.936 Df IlliniCover[24516:3cda75] [com.apple.dt.xctest:Default] Other is not actually a child of Other, including at this point anyway (rdar://problem/20738636)
2026-08-12 15:33:24.936 Df IlliniCover[24516:3cda75] [com.apple.dt.xctest:Default] Other is not actually a child of Other, including at this point anyway (rdar://problem/20738636)
2026-08-12 15:33:24.936 Df IlliniCover[24516:3cda75] [com.apple.dt.xctest:Default] Other is not actually a child of Other, including at this point anyway (rdar://problem/20738636)
2026-08-12 15:33:24.936 Df IlliniCover[24516:3cda75] [com.apple.dt.xctest:Default] Other is not actually a child of Other, including at this point anyway (rdar://problem/20738636)
2026-08-12 15:33:24.936 Df IlliniCover[24516:3cda75] [com.apple.dt.xctest:Default] Other is not actually a child of Other, including at this point anyway (rdar://problem/20738636)
2026-08-12 15:33:24.936 Df IlliniCover[24516:3cda75] [com.apple.dt.xctest:Default] Other is not actually a child of Other, including at this point anyway (rdar://problem/20738636)
2026-08-12 15:33:24.937 Df IlliniCover[24516:3cda75] [com.apple.dt.xctest:Default] App orientation is 0 (not portrait) and UITextEffectsWindow window Window is not main window
2026-08-12 15:33:24.937 Df IlliniCover[24516:3cda75] [com.apple.dt.xctest:Default] Leaving frame unchanged for Window: either already correct or we can't detect it.
2026-08-12 15:33:24.937 Df IlliniCover[24516:3cda75] [com.apple.dt.xctest:Default] Found main window: Window
2026-08-12 15:33:24.937 Df IlliniCover[24516:3cda75] [com.apple.dt.xctest:Default] Preferring automation type 5 instead of legacy element type OTHER derived from class/trait: _UIAlertControllerPhoneTVMacView:_UIAlertControllerPhoneTVMacView 72057602627862528
2026-08-12 15:33:24.937 E  IlliniCover[24516:3cda75] [com.apple.dt.xctest:Default] Automation type mismatch; legacy system derived element type 7 from class _UIAlertControllerPhoneTVMacView:_UIAlertControllerPhoneTVMacView, traits 72057602627862528, but AXAutomationType returned 3 which maps to 5
2026-08-12 15:33:24.937 Df IlliniCover[24516:3cda75] [com.apple.dt.xctest:Default] Preferring automation type 46 instead of legacy element type OTHER derived from class/trait: _UIInterfaceActionGroupHeaderScrollView:_UIInterfaceActionGroupHeaderScrollView 8589934592
2026-08-12 15:33:24.937 Df IlliniCover[24516:3cda75] [com.apple.dt.xctest:Default] Preferring automation type 46 instead of legacy element type OTHER derived from class/trait: _UIInterfaceActionRepresentationsSequenceView:_UIInterfaceActionRepresentationsSequenceView 8589934592
2026-08-12 15:33:24.937 Df IlliniCover[24516:3cda75] [com.apple.dt.xctest:Default] Query  found matching snapshots: {(
    Application, pid: 24516
)} (error: (null))
2026-08-12 15:33:24.937 Df IlliniCover[24516:3cda75] [com.apple.dt.xctest:Default] Replying to query  with results: <XCTElementQueryResults: 0x1223c9ad0> (error: (null))
