Timestamp               Ty Process[PID:TID]
2026-08-12 15:36:26.256 Df IlliniCover[26531:3d1389] [com.apple.dt.xctest:Default] Received request to fetch matches for query:
2026-08-12 15:36:26.256 Df IlliniCover[26531:3d1383] [com.apple.dt.xctest:Default] Evaluating query:
2026-08-12 15:36:26.256 Df IlliniCover[26531:3d1383] [com.apple.dt.xctest:Default] Getting root element snapshot
2026-08-12 15:36:26.256 Df IlliniCover[26531:3d1383] [com.apple.dt.xctest:Default] Getting snapshot for App element pid: 26531 for query
2026-08-12 15:36:26.256 Df IlliniCover[26531:3d1383] [com.apple.dt.xctest:Default] Query requires iOS snapshot attributes .
2026-08-12 15:36:26.256 Df IlliniCover[26531:3d1383] [com.apple.dt.xctest:Default] XCTPerformOnMainRunLoop[not MT]: about to CFRunLoopPerform
2026-08-12 15:36:26.256 Df IlliniCover[26531:3d1383] [com.apple.dt.xctest:Default] XCTPerformOnMainRunLoop[not MT]: waiting with 30.00s responsiveness timeout
2026-08-12 15:36:26.256 Df IlliniCover[26531:3d136f] [com.apple.dt.xctest:Default] XCTPerformOnMainRunLoop[MT]: inside CFRunLoopPerform
2026-08-12 15:36:26.256 Df IlliniCover[26531:3d136f] [com.apple.dt.xctest:Default] XCTPerformOnMainRunLoop[MT]: MT responded in time (won the race to the busy flag)
2026-08-12 15:36:26.257 Df IlliniCover[26531:3d1383] [com.apple.dt.xctest:Default] XCTPerformOnMainRunLoop[not MT]: waiting 60.00s for work to complete
2026-08-12 15:36:26.257 Df IlliniCover[26531:3d136f] [com.apple.dt.xctest:Default] Got main window <AXUIElementRef 0x116417d50> {pid=26531} {uid=[ID:4 hash:0x105600800]}
2026-08-12 15:36:26.257 Df IlliniCover[26531:3d136f] [com.apple.dt.xctest:Default] Capturing hierarchy with attributes XC_kAXXCAttributeElementType, XC_kAXXCAttributeElementBaseType, XC_kAXXCAttributeParent, XC_kAXXCAttributeIdentifier, XC_kAXXCAttributeAutomationType, XC_kAXXCAttributeTraits
2026-08-12 15:36:26.257 Df IlliniCover[26531:3d136f] [com.apple.dt.xctest:Default] Capturing hierarchy with parameters {
    attributes =     (
        5003,
        5004,
        5002,
        5019,
        5058,
        2004
    );
    maxArrayCount = 2147483647;
    maxChildren = 2147483647;
    maxDepth = 2147483647;
    snapshotKeyHonorModalViews = 0;
    traverseFromParentsToChildren = 1;
}
2026-08-12 15:36:26.257 Df IlliniCover[26531:3d136f] [com.apple.dt.xctest:Default] Snapshot attributes 5003, 5004, 5002, 5019, 5058, 2004
2026-08-12 15:36:26.258 Df IlliniCover[26531:3d136f] [com.apple.dt.xctest:Default] Got snapshot for <AXUIElementRef 0x116417ae0> {pid=26531} {uid=[ID:1 hash:0x0]}
2026-08-12 15:36:26.258 Df IlliniCover[26531:3d136f] [com.apple.dt.xctest:Default] Got app orientation 0
2026-08-12 15:36:26.258 Df IlliniCover[26531:3d136f] [com.apple.dt.xctest:Default] Captured accessibility snapshot data in 0.00s
2026-08-12 15:36:26.258 Df IlliniCover[26531:3d1383] [com.apple.dt.xctest:Default] Found main window: Window
2026-08-12 15:36:26.258 Df IlliniCover[26531:3d1383] [com.apple.dt.xctest:Default] Query  found matching snapshots: {(
    Application, pid: 26531
)} (error: (null))
2026-08-12 15:36:26.258 Df IlliniCover[26531:3d1383] [com.apple.dt.xctest:Default] Replying to query  with results: <XCTElementQueryResults: 0x10566c0c0> (error: (null))
2026-08-12 15:36:26.314 Df IlliniCover[26531:3d1383] [com.apple.FileURL:default] kExcludedFromBackupXattrName set on path: /Users/lu/Library/Developer/CoreSimulator/Devices/644F64CD-23BA-4D3C-915E-6B2069961477/data/Containers/Data/Application/CF968DD7-918A-4335-BA18-D14F0BECC12E/Library/Application Support/com.illinicover.app/RCTAsyncLocalStorage_V1
2026-08-12 15:36:26.387 Df IlliniCover[26531:3d139a] [com.apple.xpc:connection] [0x108a01cc0] activating connection: mach=true listener=false peer=false name=com.apple.lsd.mapdb
2026-08-12 15:36:26.417 Df IlliniCover[26531:3d1383] [com.apple.dt.xctest:Default] Received request to fetch matches for query:
2026-08-12 15:36:26.417 Df IlliniCover[26531:3d1389] [com.apple.dt.xctest:Default] Evaluating query:
2026-08-12 15:36:26.417 Df IlliniCover[26531:3d1389] [com.apple.dt.xctest:Default] Getting root element snapshot
2026-08-12 15:36:26.417 Df IlliniCover[26531:3d1389] [com.apple.dt.xctest:Default] Getting snapshot for App element pid: 26531 for query
2026-08-12 15:36:26.417 Df IlliniCover[26531:3d1389] [com.apple.dt.xctest:Default] Query requires iOS snapshot attributes .
2026-08-12 15:36:26.417 Df IlliniCover[26531:3d1389] [com.apple.dt.xctest:Default] XCTPerformOnMainRunLoop[not MT]: about to CFRunLoopPerform
2026-08-12 15:36:26.417 Df IlliniCover[26531:3d1389] [com.apple.dt.xctest:Default] XCTPerformOnMainRunLoop[not MT]: waiting with 30.00s responsiveness timeout
2026-08-12 15:36:26.417 Df IlliniCover[26531:3d136f] [com.apple.dt.xctest:Default] XCTPerformOnMainRunLoop[MT]: inside CFRunLoopPerform
2026-08-12 15:36:26.417 Df IlliniCover[26531:3d136f] [com.apple.dt.xctest:Default] XCTPerformOnMainRunLoop[MT]: MT responded in time (won the race to the busy flag)
2026-08-12 15:36:26.417 Df IlliniCover[26531:3d1389] [com.apple.dt.xctest:Default] XCTPerformOnMainRunLoop[not MT]: waiting 60.00s for work to complete
2026-08-12 15:36:26.417 Df IlliniCover[26531:3d136f] [com.apple.dt.xctest:Default] Got main window <AXUIElementRef 0x1186110b0> {pid=26531} {uid=[ID:4 hash:0x105600800]}
2026-08-12 15:36:26.417 Df IlliniCover[26531:3d136f] [com.apple.dt.xctest:Default] Capturing hierarchy with attributes XC_kAXXCAttributeElementType, XC_kAXXCAttributeElementBaseType, XC_kAXXCAttributeParent, XC_kAXXCAttributeIdentifier, XC_kAXXCAttributeAutomationType, XC_kAXXCAttributeTraits
2026-08-12 15:36:26.417 Df IlliniCover[26531:3d136f] [com.apple.dt.xctest:Default] Capturing hierarchy with parameters {
    attributes =     (
        5003,
        5004,
        5002,
        5019,
        5058,
        2004
    );
    maxArrayCount = 2147483647;
    maxChildren = 2147483647;
    maxDepth = 2147483647;
    snapshotKeyHonorModalViews = 0;
    traverseFromParentsToChildren = 1;
}
2026-08-12 15:36:26.417 Df IlliniCover[26531:3d136f] [com.apple.dt.xctest:Default] Snapshot attributes 5003, 5004, 5002, 5019, 5058, 2004
2026-08-12 15:36:26.419 Df IlliniCover[26531:3d136f] [com.apple.dt.xctest:Default] Got snapshot for <AXUIElementRef 0x118610e40> {pid=26531} {uid=[ID:1 hash:0x0]}
2026-08-12 15:36:26.419 Df IlliniCover[26531:3d136f] [com.apple.dt.xctest:Default] Got app orientation 0
2026-08-12 15:36:26.419 Df IlliniCover[26531:3d136f] [com.apple.dt.xctest:Default] Captured accessibility snapshot data in 0.00s
2026-08-12 15:36:26.419 Df IlliniCover[26531:3d1389] [com.apple.dt.xctest:Default] Found main window: Window
2026-08-12 15:36:26.419 Df IlliniCover[26531:3d1389] [com.apple.dt.xctest:Default] Query  found matching snapshots: {(
    Application, pid: 26531
)} (error: (null))
2026-08-12 15:36:26.419 Df IlliniCover[26531:3d1389] [com.apple.dt.xctest:Default] Replying to query  with results: <XCTElementQueryResults: 0x1186081e0> (error: (null))
2026-08-12 15:36:26.479 Df IlliniCover[26531:3d136f] [com.apple.xpc:connection] [0x108a02bc0] activating connection: mach=true listener=false peer=false name=com.apple.lsd.advertisingidentifiers
2026-08-12 15:36:26.482 Df IlliniCover[26531:3d136f] Session replay disabled via configuration
2026-08-12 15:36:26.498 Df IlliniCover[26531:3d136f] [com.apple.network:path] nw_path_evaluator_start [578BEE8B-48BF-420C-AC2B-5178A13B4751 <NULL> generic, multipath service: handover, attribution: developer]
	path: satisfied (Path is satisfied), interface: en0[802.11], uses wifi, LQM: unknown
2026-08-12 15:36:26.500 Df IlliniCover[26531:3d1389] [com.apple.CFNetwork:Default] Initializing NSHTTPCookieStorage singleton
2026-08-12 15:36:26.500 Df IlliniCover[26531:3d1389] [com.apple.CFNetwork:Default] Initializing CFHTTPCookieStorage singleton
2026-08-12 15:36:26.500 Df IlliniCover[26531:3d1389] [com.apple.CFNetwork:Default] Creating default cookie storage with process/bundle identifier
2026-08-12 15:36:26.501 A  IlliniCover[26531:3d1389] (libsystem_containermanager.dylib) container_system_group_path_for_identifier
2026-08-12 15:36:26.501 Df IlliniCover[26531:3d1389] [com.apple.containermanager:xpc] Requesting container lookup; class = 13, identifier = com.apple.nsurlsessiond, group_identifier = systemgroup.com.apple.nsurlstoragedresources, create = 1, temp = 0, euid = 501, uid = 501
2026-08-12 15:36:26.501 A  IlliniCover[26531:3d1389] (libsystem_containermanager.dylib) container_query_t
2026-08-12 15:36:26.501 Df IlliniCover[26531:3d1389] [com.apple.containermanager:xpc] Query; euid = 501, uid = 501, class = 13, identifier = [com.apple.nsurlsessiond](1), flags = 900000003
2026-08-12 15:36:26.503 Df IlliniCover[26531:3d1389] [com.apple.containermanager:unspecified] _container_query_get_result_at_index: success
2026-08-12 15:36:26.503 A  IlliniCover[26531:3d1389] (libsystem_containermanager.dylib) container_copy_object
2026-08-12 15:36:26.503 Df IlliniCover[26531:3d1389] [com.apple.containermanager:unspecified] container_system_group_path_for_identifier: success
2026-08-12 15:36:26.539 Df IlliniCover[26531:3d138a] [com.apple.CFNetwork:Default] Task <1D3CF6A7-F779-4D85-8333-0C7860D8DAFC>.<1> resuming, timeouts(15.0, 604800.0) qos(0x15) voucher((null)) activity(00000000-0000-0000-0000-000000000000)
2026-08-12 15:36:26.599 A  IlliniCover[26531:3d138a] (CoreFoundation) Loading Preferences From User Session CFPrefsD
2026-08-12 15:36:26.601 Df IlliniCover[26531:3d1389] [com.apple.CFNetwork:Default] Task <D7612107-120E-4581-BC88-357720DA6017>.<1> resuming, timeouts(0.0, 604800.0) qos(0x19) voucher((null)) activity(00000000-0000-0000-0000-000000000000)
2026-08-12 15:36:26.603 Df IlliniCover[26531:3d1387] [com.apple.CFNetwork:Default] Task <44A57FBB-6C79-4C51-9C1D-6CE94214FD7E>.<1> finished with error [-999] Error Domain=NSURLErrorDomain Code=-999 UserInfo={NSErrorFailingURLStringKey=, NSErrorFailingURLKey=<private>, _NSURLErrorRelatedURLSessionTaskErrorKey=<private>, _NSURLErrorFailingURLSessionTaskErrorKey=<private>, NSLocalizedDescription=<private>}
2026-08-12 15:36:26.605 Df IlliniCover[26531:3d138a] [com.apple.CFNetwork:Default] Connection 0: creating secure tcp or quic connection
2026-08-12 15:36:26.616 A  IlliniCover[26531:3d1389] (Security) SecItemCopyMatching_ios
2026-08-12 15:36:26.616 Df IlliniCover[26531:3d1389] [com.apple.securityd:secitemratelimit] Not internal release, disabling SIRL
2026-08-12 15:36:26.618 Df IlliniCover[26531:3d1389] [com.apple.securityd:thread-local-client-debug] SecSecurityClientGet new thread!
2026-08-12 15:36:26.619 Df IlliniCover[26531:3d138a] [com.apple.CFNetwork:Default] Connection 1: enabling TLS
2026-08-12 15:36:26.619 Df IlliniCover[26531:3d138a] [com.apple.CFNetwork:Default] Connection 1: starting, TC(0x0)
2026-08-12 15:36:26.619 Df IlliniCover[26531:3d1389] [com.apple.securityd:keychain] System Keychain Always Supported set via feature flag to disabled
2026-08-12 15:36:26.619 Df IlliniCover[26531:3d1389] [com.apple.xpc:connection] [0x108a03340] activating connection: mach=true listener=false peer=false name=com.apple.securityd
2026-08-12 15:36:26.619 Df IlliniCover[26531:3d138a] [com.apple.network:connection] [C1 A8D57A0F-AE6E-4126-8975-34C24B678626 Hostname#a1c64ab6:443 quic-connection, url hash: 875d3082, definite, attribution: developer, context: com.apple.CFNetwork.NSURLSession.{324F88AE-1633-4CA2-BFB7-4210F354661B}{(null)}{Y}{3}{0x0} (sensitive), proc: D65E3B26-71A5-3DAD-A8B4-60173E19864C, delegated upid: 0] start
2026-08-12 15:36:26.619 Df IlliniCover[26531:3d138a] [com.apple.network:connection] [C1 Hostname#a1c64ab6:443 initial parent-flow ((null))] event: path:start @0.000s
2026-08-12 15:36:26.619 Df IlliniCover[26531:3d138a] [com.apple.network:connection] [C1 Hostname#a1c64ab6:443 waiting parent-flow (satisfied (Path is satisfied), interface: en0[802.11], uses wifi, LQM: unknown)] event: path:satisfied @0.000s, uuid: 0AAE1F5D-0750-4E3E-A767-3784E52689C3
2026-08-12 15:36:26.620 Df IlliniCover[26531:3d138a] [com.apple.network:connection] [C1 Hostname#a1c64ab6:443 in_progress parent-flow (satisfied (Path is satisfied), interface: en0[802.11], uses wifi, LQM: unknown)] event: flow:start_connect @0.000s
2026-08-12 15:36:26.620 Df IlliniCover[26531:3d138a] [com.apple.network:connection] nw_connection_report_state_with_handler_on_nw_queue [C1] reporting state preparing
2026-08-12 15:36:26.620 Df IlliniCover[26531:3d138a] [com.apple.network:connection] [C1 Hostname#a1c64ab6:443 in_progress parent-flow (satisfied (Path is satisfied), interface: en0[802.11], uses wifi, LQM: unknown)] event: flow:start_child @0.001s
2026-08-12 15:36:26.620 Df IlliniCover[26531:3d138a] [com.apple.network:connection] [C1.1 Hostname#a1c64ab6:443 initial path ((null))] event: path:start @0.001s
2026-08-12 15:36:26.621 Df IlliniCover[26531:3d138a] [com.apple.network:connection] [C1.1 Hostname#a1c64ab6:443 waiting path (satisfied (Path is satisfied), interface: en0[802.11], uses wifi, LQM: unknown)] event: path:satisfied @0.001s, uuid: 0AAE1F5D-0750-4E3E-A767-3784E52689C3
2026-08-12 15:36:26.621 Df IlliniCover[26531:3d138a] [com.apple.network:connection] [C1.1 Hostname#a1c64ab6:443 in_progress transform (satisfied (Path is satisfied), interface: en0[802.11], uses wifi, LQM: unknown)] event: transform:start @0.001s
2026-08-12 15:36:26.621 Df IlliniCover[26531:3d138a] [com.apple.network:connection] [C1.1.1 Hostname#a1c64ab6:443 initial path ((null))] event: path:start @0.001s
2026-08-12 15:36:26.621 Df IlliniCover[26531:3d138a] [com.apple.network:connection] [C1.1.1 Hostname#a1c64ab6:443 waiting path (satisfied (Path is satisfied), interface: en0[802.11], uses wifi, LQM: unknown)] event: path:satisfied @0.001s, uuid: BFDB32CF-D87F-4D53-B436-09177556E0BE
2026-08-12 15:36:26.621 Df IlliniCover[26531:3d138a] [com.apple.network:connection] [C1.1.1 Hostname#a1c64ab6:443 in_progress resolver (satisfied (Path is satisfied), interface: en0[802.11], uses wifi, LQM: unknown)] event: resolver:start_dns @0.001s
2026-08-12 15:36:26.621 Df IlliniCover[26531:3d138a] [com.apple.CFNetwork:Default] Task <1D3CF6A7-F779-4D85-8333-0C7860D8DAFC>.<1> setting up Connection 1
2026-08-12 15:36:26.622 Df IlliniCover[26531:3d1387] [com.apple.CFNetwork:Summary] Task <D7612107-120E-4581-BC88-357720DA6017>.<1> summary for task success {transaction_duration_ms=17, response_status=200, cache_hit=true}
2026-08-12 15:36:26.622 Df IlliniCover[26531:3d1387] [com.apple.CoreAnalytics:client] No XPC connection in Simulator
2026-08-12 15:36:26.622 Df IlliniCover[26531:3d138a] [com.apple.network:connection] nw_endpoint_resolver_update [C1.1.1 Hostname#a1c64ab6:443 in_progress resolver (satisfied (Path is satisfied), interface: en0[802.11], uses wifi, LQM: unknown)] Adding endpoint handler for IPv6#145ac43b.443
2026-08-12 15:36:26.622 Df IlliniCover[26531:3d138a] [com.apple.network:connection] nw_endpoint_resolver_update [C1.1.1 Hostname#a1c64ab6:443 in_progress resolver (satisfied (Path is satisfied), interface: en0[802.11], uses wifi, LQM: unknown)] Adding endpoint handler for IPv4#22a5b0a0:443
2026-08-12 15:36:26.622 Df IlliniCover[26531:3d138a] [com.apple.network:connection] [C1.1.1 Hostname#a1c64ab6:443 in_progress resolver (satisfied (Path is satisfied), interface: en0[802.11], uses wifi, LQM: unknown)] event: resolver:receive_dns @0.003s
2026-08-12 15:36:26.623 Df IlliniCover[26531:3d138a] [com.apple.network:connection] [C1.1.1.1 IPv6#145ac43b.443 initial path ((null))] event: path:start @0.003s
2026-08-12 15:36:26.623 Df IlliniCover[26531:3d138a] [com.apple.network:connection] [C1.1.1.1 IPv6#145ac43b.443 waiting path (satisfied (Path is satisfied), interface: en0[802.11], uses wifi, LQM: unknown)] event: path:satisfied @0.003s, uuid: 8707528B-B943-4E2A-9100-19624695EF68
2026-08-12 15:36:26.624 Df IlliniCover[26531:3d138a] [com.apple.network:connection] [C1.1.1.1 IPv6#145ac43b.443 in_progress socket-flow (satisfied (Path is satisfied), interface: en0[802.11], uses wifi, LQM: unknown)] event: flow:start_connect @0.004s
2026-08-12 15:36:26.625 Df IlliniCover[26531:3d1387] [com.apple.CFNetwork:Default] Task <D7612107-120E-4581-BC88-357720DA6017>.<1> finished successfully
2026-08-12 15:36:26.637 A  IlliniCover[26531:3d1389] (Security) SecItemCopyMatching_ios
2026-08-12 15:36:26.638 A  IlliniCover[26531:3d1389] (Security) SecItemCopyMatching_ios
2026-08-12 15:36:26.638 A  IlliniCover[26531:3d136f] (UIKitCore) send control actions
2026-08-12 15:36:26.638 A  IlliniCover[26531:3d1389] (Security) SecItemCopyMatching_ios
2026-08-12 15:36:26.639 A  IlliniCover[26531:3d1389] (Security) SecItemCopyMatching_ios
2026-08-12 15:36:26.639 A  IlliniCover[26531:3d1389] (Security) SecItemCopyMatching_ios
2026-08-12 15:36:26.639 A  IlliniCover[26531:3d1389] (Security) SecItemCopyMatching_ios
2026-08-12 15:36:26.639 Df IlliniCover[26531:3d1383] [com.apple.dt.xctest:Default] Received request to fetch matches for query:
2026-08-12 15:36:26.639 Df IlliniCover[26531:3d1383] [com.apple.dt.xctest:Default] Evaluating query:
2026-08-12 15:36:26.639 Df IlliniCover[26531:3d1383] [com.apple.dt.xctest:Default] Getting root element snapshot
2026-08-12 15:36:26.639 Df IlliniCover[26531:3d1383] [com.apple.dt.xctest:Default] Getting snapshot for App element pid: 26531 for query
2026-08-12 15:36:26.639 Df IlliniCover[26531:3d1383] [com.apple.dt.xctest:Default] Query requires iOS snapshot attributes .
2026-08-12 15:36:26.639 Df IlliniCover[26531:3d1383] [com.apple.dt.xctest:Default] XCTPerformOnMainRunLoop[not MT]: about to CFRunLoopPerform
2026-08-12 15:36:26.639 Df IlliniCover[26531:3d1383] [com.apple.dt.xctest:Default] XCTPerformOnMainRunLoop[not MT]: waiting with 30.00s responsiveness timeout
2026-08-12 15:36:26.640 A  IlliniCover[26531:3d1389] (Security) SecItemCopyMatching_ios
2026-08-12 15:36:26.640 A  IlliniCover[26531:3d1389] (Security) SecItemCopyMatching_ios
2026-08-12 15:36:26.640 Df IlliniCover[26531:3d136f] [PrototypeTools:domain] Not observing PTDefaults on customer install.
2026-08-12 15:36:26.644 Df IlliniCover[26531:3d1385] [com.apple.network:connection] nw_socket_handle_socket_event [C1.1.1.1:3] Socket received CONNECTED event
2026-08-12 15:36:26.655 Df IlliniCover[26531:3d1385] [com.apple.network:connection] nw_flow_connected [C1.1.1.1 IPv6#145ac43b.443 in_progress socket-flow (satisfied (Path is satisfied), interface: en0[802.11], uses wifi, LQM: unknown)] Transport protocol connected (socket)
2026-08-12 15:36:26.655 Df IlliniCover[26531:3d1385] [com.apple.network:connection] [C1.1.1.1 IPv6#145ac43b.443 in_progress socket-flow (satisfied (Path is satisfied), interface: en0[802.11], uses wifi, LQM: unknown)] event: flow:finish_transport @0.035s
2026-08-12 15:36:26.656 Df IlliniCover[26531:3d1385] [com.apple.network:boringssl] boringssl_session_apply_protocol_options_for_transport_block_invoke_2(2367) [C1.1.1.1:2][0x11bde3760] TLS configured [server(0) min_version(0x0303) max_version(0x0304) name(redacted) tickets(false) false_start(false) enforce_ev(false) enforce_ats(false) ats_non_pfs_ciphersuite_allowed(false) cc_mode_enforced(false) ech(false) pqtls(true), pake(false) skip_ats_trust(false)]
2026-08-12 15:36:26.657 Df IlliniCover[26531:3d1385] [com.apple.network:boringssl] boringssl_context_info_handler(2806) [C1.1.1.1:2][0x11bde3760] Client handshake started
2026-08-12 15:36:26.657 Df IlliniCover[26531:3d1385] [com.apple.network:boringssl] boringssl_context_info_handler(2823) [C1.1.1.1:2][0x11bde3760] Client handshake state: TLS client enter_early_data
2026-08-12 15:36:26.657 Df IlliniCover[26531:3d1385] [com.apple.network:boringssl] boringssl_context_info_handler(2823) [C1.1.1.1:2][0x11bde3760] Client handshake state: TLS client read_server_hello
2026-08-12 15:36:26.685 Df IlliniCover[26531:3d1387] [com.apple.network:boringssl] boringssl_context_info_handler(2823) [C1.1.1.1:2][0x11bde3760] Client handshake state: TLS 1.3 client read_hello_retry_request
2026-08-12 15:36:26.685 Df IlliniCover[26531:3d1387] [com.apple.network:boringssl] boringssl_context_info_handler(2823) [C1.1.1.1:2][0x11bde3760] Client handshake state: TLS 1.3 client read_server_hello
2026-08-12 15:36:26.687 Df IlliniCover[26531:3d1387] [com.apple.network:boringssl] boringssl_context_info_handler(2823) [C1.1.1.1:2][0x11bde3760] Client handshake state: TLS 1.3 client read_encrypted_extensions
2026-08-12 15:36:26.687 Df IlliniCover[26531:3d1387] [com.apple.network:boringssl] boringssl_context_info_handler(2823) [C1.1.1.1:2][0x11bde3760] Client handshake state: TLS 1.3 client read_certificate_request
2026-08-12 15:36:26.687 Df IlliniCover[26531:3d1387] [com.apple.network:boringssl] boringssl_context_info_handler(2823) [C1.1.1.1:2][0x11bde3760] Client handshake state: TLS 1.3 client read_server_certificate
2026-08-12 15:36:26.688 Df IlliniCover[26531:3d1387] [com.apple.network:boringssl] boringssl_context_info_handler(2823) [C1.1.1.1:2][0x11bde3760] Client handshake state: TLS 1.3 client read_server_certificate_verify
2026-08-12 15:36:26.688 Df IlliniCover[26531:3d1387] [com.apple.network:boringssl] boringssl_context_evaluate_trust_async(2249) [C1.1.1.1:2][0x11bde3760] Performing external trust evaluation
2026-08-12 15:36:26.688 A  IlliniCover[26531:3d1387] (Security) SecKeyCopyPublicBytes
2026-08-12 15:36:26.688 Df IlliniCover[26531:3d1387] [com.apple.network:boringssl] boringssl_context_evaluate_trust_async_external(2234) [C1.1.1.1:2][0x11bde3760] Asyncing for external verify block
2026-08-12 15:36:26.689 Df IlliniCover[26531:3d1387] [com.apple.CFNetwork:Default] Connection 1: asked to evaluate TLS Trust
2026-08-12 15:36:26.691 Df IlliniCover[26531:3d136f] [com.apple.UIKit:KeyboardSceneDelegate] Reloading input views for key-window scene responder: <UITextField: 0x105604000; frame = (0 0; 0 0); hidden = YES; opaque = NO; > force:N
2026-08-12 15:36:26.691 Df IlliniCover[26531:3d1385] [com.apple.CFNetwork:Default] Task <1D3CF6A7-F779-4D85-8333-0C7860D8DAFC>.<1> auth completion disp=1 cred=0x0
2026-08-12 15:36:26.691 Df IlliniCover[26531:3d136f] [com.apple.UIKit:KeyboardSceneDelegate] _reloadInputViewsForKeyWindowSceneResponder: 1 force: 0, fromBecomeFirstResponder: 1 (automaticKeyboard: 1, reloadIdentifier: 69A87EDA-1936-4335-B38F-63A5BE29145E)
2026-08-12 15:36:26.691 Df IlliniCover[26531:3d136f] [com.apple.UIKit:KeyboardSceneDelegate] _inputViewsForResponder: <UITextField: 0x105604000; frame = (0 0; 0 0); hidden = YES; opaque = NO; >, automaticKeyboard: 1, force: 0
2026-08-12 15:36:26.691 Df IlliniCover[26531:3d136f] [com.apple.UIKit:KeyboardSceneDelegate] _inputViewsForResponder, found custom inputView: <(null): 0x0>, customInputViewController: <(null): 0x0>
2026-08-12 15:36:26.691 Df IlliniCover[26531:3d136f] [com.apple.UIKit:KeyboardSceneDelegate] _inputViewsForResponder, found inputAccessoryView: <(null): 0x0>
2026-08-12 15:36:26.691 Df IlliniCover[26531:3d1387] [com.apple.securityd:trust] (Trust 0x11bc2a7c0) No pending evals, starting
2026-08-12 15:36:26.691 Df IlliniCover[26531:3d136f] [com.apple.UIKit:KeyboardSceneDelegate] _inputViewsForResponder, responderRequiresKeyboard 1 (automaticKeyboardEnabled: 1, activeInstance: <(null): 0x0>, self.isOnScreen: 0, requiresKBWhenFirstResponder: 1)
2026-08-12 15:36:26.691 A  IlliniCover[26531:3d1387] (Security) SecTrustEvaluateIfNecessaryFastAsync
2026-08-12 15:36:26.691 Df IlliniCover[26531:3d136f] [com.apple.UIKit:KeyboardSceneDelegate] _inputViewsForResponder, useKeyboard 1 (allowsSystemInputView: 1, !inputView <(null): 0x0>, responderRequiresKeyboard 1)
2026-08-12 15:36:26.692 Df IlliniCover[26531:3d1387] [com.apple.xpc:connection] [0x1089de300] activating connection: mach=true listener=false peer=false name=com.apple.trustd
2026-08-12 15:36:26.692 Df IlliniCover[26531:3d1387] [com.apple.xpc:connection] [0x1089de1c0] activating connection: mach=true listener=false peer=false name=com.apple.trustd
2026-08-12 15:36:26.692 Df IlliniCover[26531:3d1387] [com.apple.securityd:trust] (Trust 0x11bc2a7c0) Completed async eval kickoff
2026-08-12 15:36:26.709 Df IlliniCover[26531:3d1387] [com.apple.securityd:trust] (Trust 0x11bc2a7c0) trustd returned 4
2026-08-12 15:36:26.709 Df IlliniCover[26531:3d1387] [com.apple.CFNetwork:Default] System Trust Evaluation yielded status(0)
2026-08-12 15:36:26.709 Df IlliniCover[26531:3d1387] [com.apple.securityd:trust] (Trust 0x11bc2a400) No pending evals, starting
2026-08-12 15:36:26.709 A  IlliniCover[26531:3d1387] (Security) SecTrustEvaluateIfNecessaryFastAsync
2026-08-12 15:36:26.710 Df IlliniCover[26531:3d1387] [com.apple.xpc:connection] [0x108a03c00] activating connection: mach=true listener=false peer=false name=com.apple.trustd
2026-08-12 15:36:26.710 Df IlliniCover[26531:3d1387] [com.apple.securityd:trust] (Trust 0x11bc2a400) Completed async eval kickoff
2026-08-12 15:36:26.710 Df IlliniCover[26531:3d1387] [com.apple.xpc:connection] [0x1089de1c0] invalidated because the current process cancelled the connection by calling xpc_connection_cancel()
2026-08-12 15:36:26.711 Df IlliniCover[26531:3d1389] [com.apple.securityd:trust] (Trust 0x11bc2a400) trustd returned 4
2026-08-12 15:36:26.711 Df IlliniCover[26531:3d1389] [com.apple.CFNetwork:Default] Connection 1: TLS Trust result 0
2026-08-12 15:36:26.711 Df IlliniCover[26531:3d1389] [com.apple.network:boringssl] boringssl_context_evaluate_trust_async_external_block_invoke_3(2148) [C1.1.1.1:2][0x11bde3760] Returning from external verify block with result: true
2026-08-12 15:36:26.712 Df IlliniCover[26531:3d1389] [com.apple.network:boringssl] boringssl_context_certificate_verify_callback(2430) [C1.1.1.1:2][0x11bde3760] Certificate verification result: OK
2026-08-12 15:36:26.712 Df IlliniCover[26531:3d1389] [com.apple.network:boringssl] boringssl_context_info_handler(2823) [C1.1.1.1:2][0x11bde3760] Client handshake state: TLS 1.3 client read_server_finished
2026-08-12 15:36:26.712 Df IlliniCover[26531:3d1389] [com.apple.network:boringssl] boringssl_context_info_handler(2823) [C1.1.1.1:2][0x11bde3760] Client handshake state: TLS 1.3 client send_end_of_early_data
2026-08-12 15:36:26.712 Df IlliniCover[26531:3d1389] [com.apple.network:boringssl] boringssl_context_info_handler(2823) [C1.1.1.1:2][0x11bde3760] Client handshake state: TLS 1.3 client send_client_encrypted_extensions
2026-08-12 15:36:26.712 Df IlliniCover[26531:3d1389] [com.apple.network:boringssl] boringssl_context_info_handler(2823) [C1.1.1.1:2][0x11bde3760] Client handshake state: TLS 1.3 client send_client_certificate
2026-08-12 15:36:26.712 Df IlliniCover[26531:3d1389] [com.apple.network:boringssl] boringssl_context_info_handler(2823) [C1.1.1.1:2][0x11bde3760] Client handshake state: TLS 1.3 client complete_second_flight
2026-08-12 15:36:26.712 Df IlliniCover[26531:3d1389] [com.apple.network:boringssl] boringssl_context_info_handler(2823) [C1.1.1.1:2][0x11bde3760] Client handshake state: TLS 1.3 client done
2026-08-12 15:36:26.712 Df IlliniCover[26531:3d1389] [com.apple.network:boringssl] boringssl_context_info_handler(2823) [C1.1.1.1:2][0x11bde3760] Client handshake state: TLS client finish_client_handshake
2026-08-12 15:36:26.712 Df IlliniCover[26531:3d1389] [com.apple.network:boringssl] boringssl_context_info_handler(2823) [C1.1.1.1:2][0x11bde3760] Client handshake state: TLS client done
2026-08-12 15:36:26.712 Df IlliniCover[26531:3d1389] [com.apple.network:boringssl] boringssl_context_info_handler(2812) [C1.1.1.1:2][0x11bde3760] Client handshake done
2026-08-12 15:36:26.712 A  IlliniCover[26531:3d1389] (Security) SecKeyCopyPublicBytes
2026-08-12 15:36:26.712 Df IlliniCover[26531:3d1389] [com.apple.network:boringssl] nw_protocol_boringssl_signal_connected(895) [C1.1.1.1:2][0x11bde3760] TLS connected [server(0) version(0x0304) ciphersuite(TLS_AES_256_GCM_SHA384) group(0x001d) signature_alg(0x0804) alpn(h2) resumed(0) offered_ticket(0) in_early_data(0) early_data_accepted(0) false_started(0) ocsp_received(0) sct_received(0) connect_time(55ms) flight_time(28ms) rtt(27ms) write_stalls(0) read_stalls(2) pake(0x0000)]
2026-08-12 15:36:26.712 Df IlliniCover[26531:3d1389] [com.apple.network:connection] nw_flow_connected [C1.1.1.1 IPv6#145ac43b.443 in_progress socket-flow (satisfied (Path is satisfied), interface: en0[802.11], uses wifi, LQM: unknown)] Output protocol connected (CFNetworkConnection-1998923939)
2026-08-12 15:36:26.712 Df IlliniCover[26531:3d1389] [com.apple.network:connection] [C1.1.1.1 IPv6#145ac43b.443 ready socket-flow (satisfied (Path is satisfied), interface: en0[802.11], uses wifi, LQM: unknown)] event: flow:child_finish_connect @0.093s
2026-08-12 15:36:26.712 Df IlliniCover[26531:3d1389] [com.apple.network:connection] [C1.1.1 Hostname#a1c64ab6:443 ready resolver (satisfied (Path is satisfied), interface: en0[802.11], uses wifi, LQM: unknown)] event: flow:child_finish_connect @0.093s
2026-08-12 15:36:26.712 Df IlliniCover[26531:3d1389] [com.apple.network:connection] [C1.1 Hostname#a1c64ab6:443 ready transform (satisfied (Path is satisfied), interface: en0[802.11], uses wifi, LQM: unknown)] event: flow:child_finish_connect @0.093s
2026-08-12 15:36:26.712 Df IlliniCover[26531:3d1389] [com.apple.network:connection] nw_flow_connected [C1 IPv6#145ac43b.443 in_progress parent-flow (satisfied (Path is satisfied), interface: en0[802.11], uses wifi, LQM: unknown)] Output protocol connected (endpoint_flow)
2026-08-12 15:36:26.712 Df IlliniCover[26531:3d1389] [com.apple.network:connection] [C1 IPv6#145ac43b.443 ready parent-flow (satisfied (Path is satisfied), interface: en0[802.11], uses wifi, LQM: unknown)] event: flow:finish_connect @0.093s
2026-08-12 15:36:26.712 Df IlliniCover[26531:3d1389] [com.apple.network:connection] nw_connection_report_state_with_handler_on_nw_queue [C1] reporting state ready
2026-08-12 15:36:26.712 Df IlliniCover[26531:3d1389] [com.apple.xpc:connection] [0x108a03c00] invalidated because the current process cancelled the connection by calling xpc_connection_cancel()
2026-08-12 15:36:26.713 Df IlliniCover[26531:3d1389] [com.apple.CFNetwork:Default] Connection 1: connected successfully
2026-08-12 15:36:26.713 Df IlliniCover[26531:3d1389] [com.apple.CFNetwork:Default] Connection 1: TLS handshake complete
2026-08-12 15:36:26.713 Df IlliniCover[26531:3d1389] [com.apple.CFNetwork:Default] Connection 1: ready C(N) E(N)
2026-08-12 15:36:26.713 Df IlliniCover[26531:3d1389] [com.apple.network:connection] [C1] event: client:connection_reused @0.094s
2026-08-12 15:36:26.713 Df IlliniCover[26531:3d1389] [com.apple.network:connection] nw_protocol_socket_notify [C1.1.1.1:3] nw_protocol_notification_type_connection_idle is false
2026-08-12 15:36:26.714 Df IlliniCover[26531:3d1389] [com.apple.CFNetwork:Default] Task <1D3CF6A7-F779-4D85-8333-0C7860D8DAFC>.<1> now using Connection 1
2026-08-12 15:36:26.714 Df IlliniCover[26531:3d1389] [com.apple.CFNetwork:Default] Task <1D3CF6A7-F779-4D85-8333-0C7860D8DAFC>.<1> sent request, body S 437
2026-08-12 15:36:26.731 A  IlliniCover[26531:3d1385] (Security) SecKeyCopyPublicBytes
2026-08-12 15:36:26.732 A  IlliniCover[26531:3d1385] (Security) SecKeyCopyPublicBytes
2026-08-12 15:36:26.752 Df IlliniCover[26531:3d1385] [com.apple.CFNetwork:Default] Task <1D3CF6A7-F779-4D85-8333-0C7860D8DAFC>.<1> received response, status 200 content K
2026-08-12 15:36:26.754 Df IlliniCover[26531:3d1385] [com.apple.CFNetwork:Default] Task <1D3CF6A7-F779-4D85-8333-0C7860D8DAFC>.<1> done using Connection 1
2026-08-12 15:36:26.754 Df IlliniCover[26531:3d1385] [com.apple.network:connection] [C1] event: client:connection_idle @0.135s
2026-08-12 15:36:26.754 Df IlliniCover[26531:3d1385] [com.apple.network:connection] nw_protocol_socket_notify [C1.1.1.1:3] nw_protocol_notification_type_connection_idle is true
2026-08-12 15:36:26.754 A  IlliniCover[26531:3d1385] (Security) SecTrustEvaluateIfNecessary
2026-08-12 15:36:26.755 Df IlliniCover[26531:3d1385] [com.apple.xpc:connection] [0x1055e1900] activating connection: mach=true listener=false peer=false name=com.apple.trustd
2026-08-12 15:36:26.759 Df IlliniCover[26531:3d1385] [com.apple.xpc:connection] [0x1055e1900] invalidated because the current process cancelled the connection by calling xpc_connection_cancel()
2026-08-12 15:36:26.760 Df IlliniCover[26531:3d1385] [com.apple.CFNetwork:Default] Task <1D3CF6A7-F779-4D85-8333-0C7860D8DAFC>.<1> response ended
2026-08-12 15:36:26.760 Df IlliniCover[26531:3d1385] [com.apple.CFNetwork:Summary] Task <1D3CF6A7-F779-4D85-8333-0C7860D8DAFC>.<1> summary for task success {transaction_duration_ms=156, response_status=200, connection=1, protocol="h2", domain_lookup_duration_ms=2, connect_duration_ms=89, secure_connection_duration_ms=55, private_relay=false, request_start_ms=110, request_duration_ms=0, response_start_ms=148, response_duration_ms=8, request_bytes=707, request_throughput_kbps=20345, response_bytes=278, response_throughput_kbps=271, cache_hit=false}
2026-08-12 15:36:26.760 Df IlliniCover[26531:3d1385] [com.apple.CFNetwork:Default] Task <1D3CF6A7-F779-4D85-8333-0C7860D8DAFC>.<1> finished successfully
2026-08-12 15:36:26.767 Df IlliniCover[26531:3d1387] [com.apple.CFNetwork:Default] Garbage collection for alternative services
2026-08-12 15:36:26.826 Df IlliniCover[26531:3d136f] [com.apple.UIKit:KeyboardSceneDelegate] _inputViewsForResponder, found assistantVC: <UISystemInputAssistantViewController: 0x105605400; frame = {{0, 0}, {0, 0}}> (should suppress: 0, _dontNeed: 0)
2026-08-12 15:36:26.826 Df IlliniCover[26531:3d136f] [com.apple.UIKit:KeyboardSceneDelegate] _inputViewsForResponder, configuring _responderWithoutAutomaticAppearanceEnabled: <(null): 0x0> (_automaticAppearEnabled: 1)
2026-08-12 15:36:26.830 Df IlliniCover[26531:3d136f] [com.apple.xpc:connection] [0x1055e3980] activating connection: mach=true listener=false peer=false name=com.apple.TextInput
2026-08-12 15:36:26.848 A  IlliniCover[26531:3d136f] (CoreFoundation) Updating Key-Value Observers Of Preferences
2026-08-12 15:36:26.849 Df IlliniCover[26531:3d136f] [com.apple.UIKit:UIKBFeedbackGenerator] <_UIKBFeedbackGenerator: 0x10566af40>: Updating mode. Haptics: unsupported. Haptics: disabled. Ringer: on. Sound: enabled. Mode: audio only
2026-08-12 15:36:26.850 Df IlliniCover[26531:3d136f] [com.apple.UIKit:KeyboardSceneDelegate] _inputViewsForResponder, useKeyboard ivs: <UIInputViewSet: 0x10566b000>
2026-08-12 15:36:26.852 Df IlliniCover[26531:3d136f] [com.apple.UIKit:KeyboardSceneDelegate] _inputViewsForResponder returning: <<UIInputViewSet: 0x10566b000>; view = <_UIKBCompatInputView: 0x1088201c0; frame = (0 0; 0 0); >; assistant = <TUISystemInputAssistantView: 0x1089f0600; frame = (0 0; 0 0); hidden = YES; >; usesKeyClicks = NO;  >
2026-08-12 15:36:26.860 Df IlliniCover[26531:3d136f] [com.apple.UIKit:TrackingElementWindowController] Change from input view set: (null)
2026-08-12 15:36:26.860 Df IlliniCover[26531:3d136f] [com.apple.UIKit:TrackingElementWindowController] Change to input view set: (null)
2026-08-12 15:36:26.861 Df IlliniCover[26531:3d136f] [com.apple.UIKit:KeyboardLayoutGuide] _moveGuideOffscreenAtEdge: 4
2026-08-12 15:36:26.861 Df IlliniCover[26531:3d136f] [com.apple.UIKit:KeyboardLayoutGuide] changeOffsetConstants: offset is changing to {0, 0} [previous offset: {-1, -1}]
2026-08-12 15:36:26.862 Df IlliniCover[26531:3d136f] [com.apple.UIKit:KeyboardLayoutGuide] changeSizingConstants: size is changing [not transitioning] to {390, 0} [previous size: {1, 0}]
2026-08-12 15:36:26.865 Df IlliniCover[26531:3d136f] [com.apple.BackBoard:Keyboard] Activating connection to server: (null)
2026-08-12 15:36:26.866 Df IlliniCover[26531:3d136f] [com.apple.BackBoard:Keyboard] server remote target <BSXPCServiceConnectionProxy<BKSKeyboardServiceClientToServerIPC>: 0x108947720>
2026-08-12 15:36:26.866 Df IlliniCover[26531:3d136f] [com.apple.BackBoard:Keyboard] currently observing: YES
2026-08-12 15:36:26.866 Df IlliniCover[26531:3d136f] [com.apple.BackBoard:Keyboard] currently observing: NO
2026-08-12 15:36:26.866 Df IlliniCover[26531:3d136f] [com.apple.UIKit:InputSessionChange] -_teardownExistingDelegate:(nil) forSetDelegate:<UITextField: 0x105604000> force:NO delayEndInputSession:YES
2026-08-12 15:36:26.866 Df IlliniCover[26531:3d136f] [com.apple.UIKit:InputSessionChange] endInputSession completion is disabled
2026-08-12 15:36:26.867 Df IlliniCover[26531:3d136f] [com.apple.UIKit:KeyboardSceneDelegate] [Interface Orientation] was:Interface Unknown now:UIInterfaceOrientationPortrait reason:Using key window scene
2026-08-12 15:36:26.867 Df IlliniCover[26531:3d1387] [com.apple.CFNetwork:Default] Task <2B8312B9-602E-4411-ABA5-5CEA841B9871>.<2> resuming, timeouts(15.0, 604800.0) qos(0x15) voucher((null)) activity(00000000-0000-0000-0000-000000000000)
2026-08-12 15:36:26.868 Df IlliniCover[26531:3d1397] [com.apple.network:connection] [C1] event: client:connection_reused @0.249s
2026-08-12 15:36:26.868 Df IlliniCover[26531:3d1397] [com.apple.network:connection] nw_protocol_socket_notify [C1.1.1.1:3] nw_protocol_notification_type_connection_idle is false
2026-08-12 15:36:26.868 Df IlliniCover[26531:3d1397] [com.apple.CFNetwork:Default] Task <2B8312B9-602E-4411-ABA5-5CEA841B9871>.<2> now using Connection 1
2026-08-12 15:36:26.869 Df IlliniCover[26531:3d1397] [com.apple.CFNetwork:Default] Task <2B8312B9-602E-4411-ABA5-5CEA841B9871>.<2> sent request, body S 433
2026-08-12 15:36:26.869 Df IlliniCover[26531:3d136f] [com.apple.UIKit:SmartReply] Handling responseContextDidChange - existing: (null), new: (null)
2026-08-12 15:36:26.880 E  IlliniCover[26531:3d136f] [com.apple.UIKit:UIFocus] UIKeyboardLayoutStar implements focusItemsInRect: - caching for linear focus movement is limited as long as this view is on screen.
2026-08-12 15:36:26.908 Df IlliniCover[26531:3d1387] [com.apple.CFNetwork:Default] Task <2B8312B9-602E-4411-ABA5-5CEA841B9871>.<2> received response, status 200 content K
2026-08-12 15:36:26.909 Df IlliniCover[26531:3d1387] [com.apple.CFNetwork:Default] Task <2B8312B9-602E-4411-ABA5-5CEA841B9871>.<2> done using Connection 1
2026-08-12 15:36:26.909 Df IlliniCover[26531:3d1387] [com.apple.network:connection] [C1] event: client:connection_idle @0.289s
2026-08-12 15:36:26.909 Df IlliniCover[26531:3d1387] [com.apple.network:connection] nw_protocol_socket_notify [C1.1.1.1:3] nw_protocol_notification_type_connection_idle is true
2026-08-12 15:36:26.909 Df IlliniCover[26531:3d1387] [com.apple.CFNetwork:Default] Task <2B8312B9-602E-4411-ABA5-5CEA841B9871>.<2> response ended
2026-08-12 15:36:26.909 Df IlliniCover[26531:3d1387] [com.apple.CFNetwork:Summary] Task <2B8312B9-602E-4411-ABA5-5CEA841B9871>.<2> summary for task success {transaction_duration_ms=41, response_status=200, connection=1, reused=1, reused_after_ms=114, request_start_ms=0, request_duration_ms=0, response_start_ms=40, response_duration_ms=1, request_bytes=492, request_throughput_kbps=8339, response_bytes=56, response_throughput_kbps=398, cache_hit=false}
2026-08-12 15:36:26.910 Df IlliniCover[26531:3d1387] [com.apple.CFNetwork:Default] Task <2B8312B9-602E-4411-ABA5-5CEA841B9871>.<2> finished successfully
2026-08-12 15:36:26.920 Df IlliniCover[26531:3d136f] [com.apple.TextInputUI:DynamicKeyplaneView] <TUIKeyplaneView: 0x11ca2c800> changed keyplane size to {390, 216}; docked
2026-08-12 15:36:26.921 Df IlliniCover[26531:3d136f] [com.apple.TextInputUI:DynamicKeyplaneView] Setting dynamic keyplane: Dynamic-QWERTY-British-Small_Capital-Letters
2026-08-12 15:36:26.927 Df IlliniCover[26531:3d1397] [com.apple.calls.callkit:Default] Call host has no calls
2026-08-12 15:36:26.963 Df IlliniCover[26531:3d1385] [com.apple.TextInputUI:CandidateGeneration] -[TUIKeyboardCandidateMultiplexer installGeneratorForSource:]_block_invoke: Multiplexer is installing generator for source: 1
2026-08-12 15:36:26.963 Df IlliniCover[26531:3d1385] [com.apple.TextInputUI:CandidateGeneration] -[TUIKeyboardCandidateMultiplexer installGeneratorForSource:]_block_invoke: Multiplexer is installing generator for source: 3
2026-08-12 15:36:26.963 Df IlliniCover[26531:3d136f] [com.apple.UIKit:KeyboardUI] Creating a new RTI client
2026-08-12 15:36:26.964 Df IlliniCover[26531:3d136f] [com.apple.BoardServices:XPCErrors] [C:3] Alloc com.apple.inputservice.input-ui-host
2026-08-12 15:36:26.964 Df IlliniCover[26531:3d136f] [com.apple.xpc:connection] [0x11cb2b480] activating connection: mach=false listener=false peer=false name=(anonymous)
2026-08-12 15:36:26.964 Df IlliniCover[26531:3d136f] [com.apple.UIKit:KeyboardUI] creating new AutofillUI connection
2026-08-12 15:36:26.965 Df IlliniCover[26531:3d136f] [com.apple.xpc:connection] [0x11cb2b5c0] activating connection: mach=true listener=false peer=false name=com.apple.rti-screencontinuity
2026-08-12 15:36:26.965 Df IlliniCover[26531:3d136f] [com.apple.xpc:connection] [0x11cb2b5c0] failed to do a bootstrap look-up: xpc_error=[3: No such process]
2026-08-12 15:36:26.965 Df IlliniCover[26531:3d136f] [com.apple.xpc:connection] [0x11cb2b5c0] invalidated after a failed init
2026-08-12 15:36:26.965 Df IlliniCover[26531:3d1385] [com.apple.RemoteTextInput:InputSessionChange] -[RTIInputSystemClient _configureConnection:withMachName:]_block_invoke_2  Client connection to service was invalidated: <NSXPCConnection: 0x11c9f5c20> connection to service named com.apple.rti-screencontinuity
2026-08-12 15:36:26.965 Df IlliniCover[26531:3d136f] [com.apple.RemoteTextInput:InputSessionChange] -[RTIInputSystemClient beginAllowingRemoteTextInput:]  Begin allowing remote text input: 578A327F-6A26-4847-A72D-10CF3FB63167
2026-08-12 15:36:26.966 Df IlliniCover[26531:3d136f] [com.apple.RemoteTextInput:InputSessionChange] -[RTIInputSystemClient _modifyTextEditingAllowedForReason:notify:animated:modifyAllowancesBlock:completion:]  Text editing allowed did change (editingAllowedAfter = YES)
2026-08-12 15:36:26.975 Df IlliniCover[26531:3d136f] [com.apple.xpc:connection] [0x11cb2b840] activating connection: mach=true listener=false peer=false name=com.apple.pasteboard.pasted
2026-08-12 15:36:26.997 Df IlliniCover[26531:3d136f] [com.apple.RemoteTextInput:InputSessionChange] -[RTIInputSystemClient _beginSessionWithID:forServices:force:]  Begin text input session. sessionID = 578A327F-6A26-4847-A72D-10CF3FB63167, options = <RTISessionOptions: 0x11cb40920; shouldResign = NO; animated = YES; offscreenDirection = 0; enhancedWindowingModeEnabled = NO
2026-08-12 15:36:27.030 Df IlliniCover[26531:3d136f] [com.apple.UIKit:KeyboardSceneDelegate] Reloading input views for key-window scene responder: <(null): 0x0; > force:N
2026-08-12 15:36:27.030 Df IlliniCover[26531:3d136f] [com.apple.UIKit:KeyboardSceneDelegate] _reloadInputViewsForKeyWindowSceneResponder: 0 force: 0, fromBecomeFirstResponder: 0 (automaticKeyboard: 0, reloadIdentifier: 976ACA17-ACBD-423E-A293-66AA816ACB8F)
2026-08-12 15:36:27.030 Df IlliniCover[26531:3d136f] [com.apple.UIKit:KeyboardSceneDelegate] _inputViewsForResponder: <(null): 0x0; >, automaticKeyboard: 0, force: 0
2026-08-12 15:36:27.030 Df IlliniCover[26531:3d136f] [com.apple.UIKit:KeyboardSceneDelegate] _inputViewsForResponder, found custom inputView: <(null): 0x0>, customInputViewController: <(null): 0x0>
2026-08-12 15:36:27.030 Df IlliniCover[26531:3d136f] [com.apple.UIKit:KeyboardSceneDelegate] _inputViewsForResponder, found inputAccessoryView: <(null): 0x0>
2026-08-12 15:36:27.030 Df IlliniCover[26531:3d136f] [com.apple.UIKit:KeyboardSceneDelegate] _inputViewsForResponder, responderRequiresKeyboard 0 (automaticKeyboardEnabled: 0, activeInstance: <UIKeyboardAutomatic: 0x11c9fa800; frame = {{0, 0}, {0, 0}}; alpha = 1.000000; isHidden = 0; tAMIC = 0>, self.isOnScreen: 0, requiresKBWhenFirstResponder: 0)
2026-08-12 15:36:27.030 Df IlliniCover[26531:3d136f] [com.apple.UIKit:KeyboardSceneDelegate] _inputViewsForResponder, useKeyboard 0 (allowsSystemInputView: 1, !inputView <(null): 0x0>, responderRequiresKeyboard 0)
2026-08-12 15:36:27.030 Df IlliniCover[26531:3d136f] [com.apple.UIKit:KeyboardSceneDelegate] _inputViewsForResponder, configuring _responderWithoutAutomaticAppearanceEnabled: <(null): 0x0> (_automaticAppearEnabled: 1)
2026-08-12 15:36:27.030 Df IlliniCover[26531:3d136f] [com.apple.UIKit:KeyboardSceneDelegate] _inputViewsForResponder, needsIVPlaceholder: 0, needsIAVPlaceholder: 0, needsInputSetWithPlaceholder: 0
2026-08-12 15:36:27.030 Df IlliniCover[26531:3d136f] [com.apple.UIKit:KeyboardSceneDelegate] _inputViewsForResponder returning: <<UIInputViewSet: 0x11cb24cc0>; (empty)>
2026-08-12 15:36:27.030 Df IlliniCover[26531:3d136f] [com.apple.BackBoard:Keyboard] currently observing: YES
2026-08-12 15:36:27.031 Df IlliniCover[26531:3d136f] [com.apple.BackBoard:Keyboard] currently observing: NO
2026-08-12 15:36:27.031 Df IlliniCover[26531:3d136f] [com.apple.UIKit:InputSessionChange] -_teardownExistingDelegate:<UITextField: 0x105604000> forSetDelegate:(nil) force:NO delayEndInputSession:NO
2026-08-12 15:36:27.037 Df IlliniCover[26531:3d1387] [com.apple.network:path] nw_path_evaluator_start [54B28D15-99A7-4CB2-8E2F-DCACDE3F93B4 <NULL> generic, multipath service: handover, attribution: developer]
	path: satisfied (Path is satisfied), interface: en0[802.11], uses wifi, LQM: unknown
2026-08-12 15:36:27.038 Df IlliniCover[26531:3d1387] [com.apple.xpc:connection] [0x11cb5d180] activating connection: mach=true listener=false peer=false name=com.apple.SystemConfiguration.NetworkInformation_sim
2026-08-12 15:36:27.038 Df IlliniCover[26531:3d1387] [com.apple.network:path] nw_path_evaluator_cancel [54B28D15-99A7-4CB2-8E2F-DCACDE3F93B4] cancel
2026-08-12 15:36:27.039 Df IlliniCover[26531:3d136f] [com.apple.RemoteTextInput:InputSessionChange] -[RTIInputSystemClient endRemoteTextInputSessionWithID:options:completion:]  Ending text input session. sessionID = 578A327F-6A26-4847-A72D-10CF3FB63167, options = <RTISessionOptions: 0x11cb41b40; shouldResign = YES; animated = YES; offscreenDirection = 0; enhancedWindowingModeEnabled = NO
2026-08-12 15:36:27.040 Df IlliniCover[26531:3d136f] [com.apple.RemoteTextInput:InputSessionChange] -[RTIInputSystemClient _endSessionWithID:forServices:options:completion:]  End input session: 578A327F-6A26-4847-A72D-10CF3FB63167
2026-08-12 15:36:27.041 Df IlliniCover[26531:3d136f] [com.apple.RemoteTextInput:InputSessionChange] -[RTIInputSystemClient endAllowingRemoteTextInput:completion:]  End allowing remote text input: 578A327F-6A26-4847-A72D-10CF3FB63167
2026-08-12 15:36:27.041 Df IlliniCover[26531:3d136f] [com.apple.RemoteTextInput:InputSessionChange] -[RTIInputSystemClient _modifyTextEditingAllowedForReason:notify:animated:modifyAllowancesBlock:completion:]  Text editing allowed did change (editingAllowedAfter = NO)
2026-08-12 15:36:27.041 Df IlliniCover[26531:3d136f] [com.apple.UIKit:SmartReply] Handling responseContextDidChange - existing: (null), new: (null)
2026-08-12 15:36:27.044 Df IlliniCover[26531:3d136f] [com.apple.UIKit:UIPeripheralHost] endPlacementForInputViewSet: <<UIInputViewSet: 0x10566b000>; keyboard = <UIKeyboardAutomatic: 0x11c9fa800; frame = (0 0; 0 0); opaque = NO; layer = <CALayer: 0x11ca20360>>%; assistant = <TUISystemInputAssistantView: 0x1089f0600; frame = (0 0; 0 0); hidden = YES; >; usesKeyClicks = NO;  > windowScene: <UIWindowScene: 0x105750e00; role: UIWindowSceneSessionRoleApplication; persistentIdentifier: 2050C5AC-6A26-42BC-8E8F-FBAE5EDC0388; activationState: UISceneActivationStateForegroundActive>
2026-08-12 15:36:27.044 Df IlliniCover[26531:3d136f] [com.apple.UIKit:UIPeripheralHost] endPlacementForInputViewSet, returning -> <UIInputViewSetPlacementOnScreen>
2026-08-12 15:36:27.045 Df IlliniCover[26531:3d136f] [com.apple.UIKit:KeyboardArbiterClientLog] -[_UIRemoteKeyboards prepareToMoveKeyboard:withIAV:isIAVRelevant:showing:notifyRemote:forScene:] position: {{0, 0}, {390, 325}} visible: 1; notifyRemote: 1; isMinimized: NO
2026-08-12 15:36:27.045 Df IlliniCover[26531:3d136f] [com.apple.UIKit:InterfaceStyle] Should send trait collection or coordinate space update, interface style 2 -> 2, <_UIKeyboardWindowScene: 0x11cafe800> (975AF23A-1F26-4E31-AA4A-E30C59D5A47B)
2026-08-12 15:36:27.045 Df IlliniCover[26531:3d136f] [com.apple.UIKit:InterfaceStyle] Should send trait collection or coordinate space update, interface style 2 -> 2, <_UIKeyboardWindowScene: 0x11cafe800> (975AF23A-1F26-4E31-AA4A-E30C59D5A47B)
2026-08-12 15:36:27.045 Df IlliniCover[26531:3d136f] [com.apple.UIKit:HomeAffordanceObservation] Initializing: <_UIHomeAffordanceSceneNotifierProxy: 0x11be45bc0>; with scene: <_UIKeyboardWindowScene: 0x11cafe800>
2026-08-12 15:36:27.047 Df IlliniCover[26531:3d136f] [com.apple.UIKit:InputWindowController] Change from input view set: (null)
2026-08-12 15:36:27.047 Df IlliniCover[26531:3d136f] [com.apple.UIKit:InputWindowController] Change to input view set: (null)
2026-08-12 15:36:27.048 Df IlliniCover[26531:3d136f] [com.apple.FrontBoard:SceneExtension] Realizing settings extension <_UIApplicationSceneDisplaySettings> on FBSSceneSettings
2026-08-12 15:36:27.050 Df IlliniCover[26531:3d136f] [com.apple.UIKit:InputWindowController] Change from input view set: (null)
2026-08-12 15:36:27.051 Df IlliniCover[26531:3d136f] [com.apple.UIKit:InputWindowController] Change to input view set: <<UIInputViewSet: 0x11cb24f00>; (empty)>
2026-08-12 15:36:27.132 Df IlliniCover[26531:3d1387] [com.apple.network:path] nw_path_evaluator_start [5A91E065-BE40-4667-95D5-E9DF87A81BE0 <NULL> generic, multipath service: handover, attribution: developer]
	path: satisfied (Path is satisfied), interface: en0[802.11], uses wifi, LQM: unknown
2026-08-12 15:36:27.137 Df IlliniCover[26531:3d136f] [com.apple.UIKit:InputWindowController] updatePlacementWithPlacement: <UITrackingElementPlacementInitialPosition>
2026-08-12 15:36:27.142 Df IlliniCover[26531:3d136f] [com.apple.runningboard:connection] Creating side-channel connection to com.apple.runningboard
2026-08-12 15:36:27.142 Df IlliniCover[26531:3d136f] [com.apple.xpc:connection] [0x11dc04b40] activating connection: mach=true listener=false peer=false name=com.apple.runningboard
2026-08-12 15:36:27.142 Df IlliniCover[26531:3d136f] [com.apple.runningboard:process] Hit the server for a process handle 653dc28000067a3 that resolved to: [app<com.illinicover.app((null))>:26531]
2026-08-12 15:36:27.143 Df IlliniCover[26531:3d136f] [com.apple.KeyboardArbiter:Client] prepareToMoveKeyboard: set currentKeyboard:Y
2026-08-12 15:36:27.143 Df IlliniCover[26531:3d136f] [com.apple.KeyboardArbiter:Client] TX signalKeyboardChanged
2026-08-12 15:36:27.143 Df IlliniCover[26531:3d136f] [com.apple.UIKit:KeyboardArbiterClientLog] -[_UIRemoteKeyboards signalToProxyKeyboardChanged:onCompletion:]  Signaling keyboard changed <<<_UIKeyboardChangedInformation: 0x11cbfc480>; appId (null) bundleId (null) animation fence <BKSAnimationFenceHandle:0x11cb684d0 -> <CAFenceHandle:0x108933480 name=2 fence=75600000117 usable=YES>>; position {{0, 519}, {390, 325}}; animated YES; on screen YES; tracking NO; resizing NO; local NO, dock state: Unknown, hasValidNotif: NO>; source canvas com.apple.frontboard.systemappservices/FBSceneManager:sceneID%3Acom.illinicover.app-default; source display Main; source bundle com.illinicover.app; host bundle (null); animation fence <BKSAnimationFenceHandle:0x11cb684d0 -> <CAFenceHandle:0x108933480 name=2 fence=75600000117 usable=YES>>; position {{0, 519}, {390, 325}} (with IAV same); floating 0; on screen YES;  intersectable YES; snapshot YES>
2026-08-12 15:36:27.143 Df IlliniCover[26531:3d136f] [com.apple.KeyboardArbiter:Client] TX setWindowContextID:661520338 windowState:Enabled level:0.0
    focusContext:<contextID:4097927594 sceneID:com.illinicover.app-default>
2026-08-12 15:36:27.143 Df IlliniCover[26531:3d136f] [com.apple.UIKit:UIKeyboardExtended] Requesting scene for autofill UI
2026-08-12 15:36:27.144 Df IlliniCover[26531:3d136f] [com.apple.UIKit:KeyboardVisualMode] Show keyboard with visual mode windowed (0)
2026-08-12 15:36:27.144 Df IlliniCover[26531:3d136f] [com.apple.UIKit:InputWindowController] Setting input views: <<UIInputViewSet: 0x11cb25080>; keyboard = [uninitialized]; assistant = <TUISystemInputAssistantView: 0x1089f0600; frame = (0 0; 0 0); hidden = YES; >; usesKeyClicks = NO;  >
2026-08-12 15:36:27.164 Df IlliniCover[26531:3d136f] [com.apple.UIKit:UIPeripheralHost] endPlacementForInputViewSet: <<UIInputViewSet: 0x11cb25080>; keyboard = <UIKeyboardAutomatic: 0x11c9fa800; frame = (0 0; 0 0); opaque = NO; layer = <CALayer: 0x11ca20360>>%; assistant = <TUISystemInputAssistantView: 0x1089f0600; frame = (0 0; 0 0); hidden = YES; >; usesKeyClicks = NO;  > windowScene: <_UIKeyboardWindowScene: 0x11cafe800; role: _UIScreenBasedSceneSession; persistentIdentifier: 975AF23A-1F26-4E31-AA4A-E30C59D5A47B; activationState: UISceneActivationStateForegroundActive>
2026-08-12 15:36:27.165 Df IlliniCover[26531:3d136f] [com.apple.UIKit:UIPeripheralHost] endPlacementForInputViewSet, returning -> <UIInputViewSetPlacementOnScreen>
2026-08-12 15:36:27.165 Df IlliniCover[26531:3d136f] [com.apple.UIKit:InputWindowController] Moving from placement: <UITrackingElementPlacementInitialPosition> to placement: <UIInputViewSetPlacementOnScreen> (currentPlacement: <UITrackingElementPlacementInitialPosition>)
2026-08-12 15:36:27.165 Df IlliniCover[26531:3d136f] [com.apple.UIKit:InputWindowController] Change from input view set: <<UIInputViewSet: 0x11cb24f00>; (empty)>
2026-08-12 15:36:27.165 Df IlliniCover[26531:3d136f] [com.apple.UIKit:InputWindowController] Change to input view set: <<UIInputViewSet: 0x11cb25080>; keyboard = <UIKeyboardAutomatic: 0x11c9fa800; frame = (0 0; 0 0); opaque = NO; layer = <CALayer: 0x11ca20360>>%; assistant = <TUISystemInputAssistantView: 0x1089f0600; frame = (0 0; 0 0); hidden = YES; >; usesKeyClicks = NO;  >
2026-08-12 15:36:27.169 Df IlliniCover[26531:3d136f] [com.apple.TextInputUI:DynamicKeyplaneView] Setting dynamic keyplane: Dynamic-QWERTY-British-Small_Small-Letters-Small-Display
2026-08-12 15:36:27.182 A  IlliniCover[26531:3d1387] (RunningBoardServices) didChangeInheritances
2026-08-12 15:36:27.216 Df IlliniCover[26531:3d136f] [com.apple.UIKit:UIPeripheralHost] endPlacementForInputViewSet: <<UIInputViewSet: 0x11cb25080>; keyboard = <UIKeyboardAutomatic: 0x11c9fa800; frame = (0 0; 0 0); opaque = NO; layer = <CALayer: 0x11ca20360>>%; assistant = <TUISystemInputAssistantView: 0x1089f0600; frame = (0 0; 0 0); hidden = YES; >; usesKeyClicks = NO;  > windowScene: <_UIKeyboardWindowScene: 0x11cafe800; role: _UIScreenBasedSceneSession; persistentIdentifier: 975AF23A-1F26-4E31-AA4A-E30C59D5A47B; activationState: UISceneActivationStateForegroundActive>
2026-08-12 15:36:27.216 Df IlliniCover[26531:3d136f] [com.apple.UIKit:UIPeripheralHost] endPlacementForInputViewSet, returning -> <UIInputViewSetPlacementOnScreen>
2026-08-12 15:36:27.216 Df IlliniCover[26531:3d136f] [com.apple.UIKit:UIPeripheralHost] endPlacementForInputViewSet: <<UIInputViewSet: 0x11cb25080>; keyboard = <UIKeyboardAutomatic: 0x11c9fa800; frame = (0 0; 0 0); opaque = NO; layer = <CALayer: 0x11ca20360>>%; assistant = <TUISystemInputAssistantView: 0x1089f0600; frame = (0 0; 0 0); hidden = YES; >; usesKeyClicks = NO;  > windowScene: <_UIKeyboardWindowScene: 0x11cafe800; role: _UIScreenBasedSceneSession; persistentIdentifier: 975AF23A-1F26-4E31-AA4A-E30C59D5A47B; activationState: UISceneActivationStateForegroundActive>
2026-08-12 15:36:27.216 Df IlliniCover[26531:3d136f] [com.apple.UIKit:UIPeripheralHost] endPlacementForInputViewSet, returning -> <UIInputViewSetPlacementOnScreen>
2026-08-12 15:36:27.217 Df IlliniCover[26531:3d136f] [com.apple.UIKit:UIPeripheralHost] endPlacementForInputViewSet: <<UIInputViewSet: 0x11cb25080>; keyboard = <UIKeyboardAutomatic: 0x11c9fa800; frame = (0 0; 0 0); opaque = NO; layer = <CALayer: 0x11ca20360>>%; assistant = <TUISystemInputAssistantView: 0x1089f0600; frame = (0 0; 0 0); hidden = YES; >; usesKeyClicks = NO;  > windowScene: <_UIKeyboardWindowScene: 0x11cafe800; role: _UIScreenBasedSceneSession; persistentIdentifier: 975AF23A-1F26-4E31-AA4A-E30C59D5A47B; activationState: UISceneActivationStateForegroundActive>
2026-08-12 15:36:27.217 Df IlliniCover[26531:3d136f] [com.apple.UIKit:UIPeripheralHost] endPlacementForInputViewSet, returning -> <UIInputViewSetPlacementOnScreen>
2026-08-12 15:36:27.217 Df IlliniCover[26531:3d136f] [com.apple.UIKit:UIPeripheralHost] endPlacementForInputViewSet: <<UIInputViewSet: 0x11cb25080>; keyboard = <UIKeyboardAutomatic: 0x11c9fa800; frame = (0 0; 0 0); opaque = NO; layer = <CALayer: 0x11ca20360>>%; assistant = <TUISystemInputAssistantView: 0x1089f0600; frame = (0 0; 0 0); hidden = YES; >; usesKeyClicks = NO;  > windowScene: <_UIKeyboardWindowScene: 0x11cafe800; role: _UIScreenBasedSceneSession; persistentIdentifier: 975AF23A-1F26-4E31-AA4A-E30C59D5A47B; activationState: UISceneActivationStateForegroundActive>
2026-08-12 15:36:27.218 Df IlliniCover[26531:3d136f] [com.apple.UIKit:UIPeripheralHost] endPlacementForInputViewSet, returning -> <UIInputViewSetPlacementOnScreen>
2026-08-12 15:36:27.221 Df IlliniCover[26531:3d136f] [com.apple.UIKit:UIPeripheralHost] endPlacementForInputViewSet: <<UIInputViewSet: 0x11cb25080>; keyboard = <UIKeyboardAutomatic: 0x11c9fa800; frame = (0 0; 0 0); opaque = NO; layer = <CALayer: 0x11ca20360>>%; assistant = <TUISystemInputAssistantView: 0x1089f0600; frame = (0 0; 0 0); hidden = YES; >; usesKeyClicks = NO;  > windowScene: <_UIKeyboardWindowScene: 0x11cafe800; role: _UIScreenBasedSceneSession; persistentIdentifier: 975AF23A-1F26-4E31-AA4A-E30C59D5A47B; activationState: UISceneActivationStateForegroundActive>
2026-08-12 15:36:27.221 Df IlliniCover[26531:3d136f] [com.apple.UIKit:UIPeripheralHost] endPlacementForInputViewSet, returning -> <UIInputViewSetPlacementOnScreen>
2026-08-12 15:36:27.221 Df IlliniCover[26531:3d136f] [com.apple.UIKit:UIPeripheralHost] endPlacementForInputViewSet: <<UIInputViewSet: 0x11cb25080>; keyboard = <UIKeyboardAutomatic: 0x11c9fa800; frame = (0 0; 0 0); opaque = NO; layer = <CALayer: 0x11ca20360>>%; assistant = <TUISystemInputAssistantView: 0x1089f0600; frame = (0 0; 0 0); hidden = YES; >; usesKeyClicks = NO;  > windowScene: <_UIKeyboardWindowScene: 0x11cafe800; role: _UIScreenBasedSceneSession; persistentIdentifier: 975AF23A-1F26-4E31-AA4A-E30C59D5A47B; activationState: UISceneActivationStateForegroundActive>
2026-08-12 15:36:27.221 Df IlliniCover[26531:3d136f] [com.apple.UIKit:UIPeripheralHost] endPlacementForInputViewSet, returning -> <UIInputViewSetPlacementOnScreen>
2026-08-12 15:36:27.221 Df IlliniCover[26531:3d136f] [com.apple.UIKit:UIPeripheralHost] endPlacementForInputViewSet: <<UIInputViewSet: 0x11cb25080>; keyboard = <UIKeyboardAutomatic: 0x11c9fa800; frame = (0 0; 0 0); opaque = NO; layer = <CALayer: 0x11ca20360>>%; assistant = <TUISystemInputAssistantView: 0x1089f0600; frame = (0 0; 0 0); hidden = YES; >; usesKeyClicks = NO;  > windowScene: <_UIKeyboardWindowScene: 0x11cafe800; role: _UIScreenBasedSceneSession; persistentIdentifier: 975AF23A-1F26-4E31-AA4A-E30C59D5A47B; activationState: UISceneActivationStateForegroundActive>
2026-08-12 15:36:27.221 Df IlliniCover[26531:3d136f] [com.apple.UIKit:UIPeripheralHost] endPlacementForInputViewSet, returning -> <UIInputViewSetPlacementOnScreen>
2026-08-12 15:36:27.221 Df IlliniCover[26531:3d136f] [com.apple.UIKit:UIPeripheralHost] endPlacementForInputViewSet: <<UIInputViewSet: 0x11cb25080>; keyboard = <UIKeyboardAutomatic: 0x11c9fa800; frame = (0 0; 0 0); opaque = NO; layer = <CALayer: 0x11ca20360>>%; assistant = <TUISystemInputAssistantView: 0x1089f0600; frame = (0 0; 0 0); hidden = YES; >; usesKeyClicks = NO;  > windowScene: <_UIKeyboardWindowScene: 0x11cafe800; role: _UIScreenBasedSceneSession; persistentIdentifier: 975AF23A-1F26-4E31-AA4A-E30C59D5A47B; activationState: UISceneActivationStateForegroundActive>
2026-08-12 15:36:27.222 Df IlliniCover[26531:3d136f] [com.apple.UIKit:UIPeripheralHost] endPlacementForInputViewSet, returning -> <UIInputViewSetPlacementOnScreen>
2026-08-12 15:36:27.241 Df IlliniCover[26531:3d136f] [com.apple.UIKit:InputWindowController] moveFromPlacement, updated placements from: <UITrackingElementPlacementInitialPosition>, to: <UIInputViewSetPlacementOnScreen>
2026-08-12 15:36:27.242 Df IlliniCover[26531:3d136f] [com.apple.UIKit:InputWindowController] updatePlacementWithPlacement: <UIInputViewSetPlacementOnScreen>
2026-08-12 15:36:27.243 Df IlliniCover[26531:3d136f] [com.apple.UIKit:UIPeripheralHost] endPlacementForInputViewSet: <<UIInputViewSet: 0x11cb25080>; keyboard = <UIKeyboardAutomatic: 0x11c9fa800; frame = (0 0; 390 233); opaque = NO; layer = <CALayer: 0x11ca20360>>%; assistant = <TUISystemInputAssistantView: 0x1089f0600; frame = (0 0; 390 0); hidden = YES; >; usesKeyClicks = NO;  > windowScene: <_UIKeyboardWindowScene: 0x11cafe800; role: _UIScreenBasedSceneSession; persistentIdentifier: 975AF23A-1F26-4E31-AA4A-E30C59D5A47B; activationState: UISceneActivationStateForegroundActive>
2026-08-12 15:36:27.244 Df IlliniCover[26531:3d136f] [com.apple.UIKit:UIPeripheralHost] endPlacementForInputViewSet, returning -> <UIInputViewSetPlacementOnScreen>
2026-08-12 15:36:27.244 Df IlliniCover[26531:3d136f] [com.apple.UIKit:UIPeripheralHost] endPlacementForInputViewSet: <<UIInputViewSet: 0x11cb25080>; keyboard = <UIKeyboardAutomatic: 0x11c9fa800; frame = (0 0; 390 233); opaque = NO; layer = <CALayer: 0x11ca20360>>%; assistant = <TUISystemInputAssistantView: 0x1089f0600; frame = (0 0; 390 0); hidden = YES; >; usesKeyClicks = NO;  > windowScene: <_UIKeyboardWindowScene: 0x11cafe800; role: _UIScreenBasedSceneSession; persistentIdentifier: 975AF23A-1F26-4E31-AA4A-E30C59D5A47B; activationState: UISceneActivationStateForegroundActive>
2026-08-12 15:36:27.244 Df IlliniCover[26531:3d136f] [com.apple.UIKit:UIPeripheralHost] endPlacementForInputViewSet, returning -> <UIInputViewSetPlacementOnScreen>
2026-08-12 15:36:27.245 Df IlliniCover[26531:3d136f] [com.apple.UIKit:UIPeripheralHost] endPlacementForInputViewSet: <<UIInputViewSet: 0x11cb25080>; keyboard = <UIKeyboardAutomatic: 0x11c9fa800; frame = (0 0; 390 233); opaque = NO; layer = <CALayer: 0x11ca20360>>%; assistant = <TUISystemInputAssistantView: 0x1089f0600; frame = (0 0; 390 0); hidden = YES; >; usesKeyClicks = NO;  > windowScene: <_UIKeyboardWindowScene: 0x11cafe800; role: _UIScreenBasedSceneSession; persistentIdentifier: 975AF23A-1F26-4E31-AA4A-E30C59D5A47B; activationState: UISceneActivationStateForegroundActive>
2026-08-12 15:36:27.245 Df IlliniCover[26531:3d136f] [com.apple.UIKit:UIPeripheralHost] endPlacementForInputViewSet, returning -> <UIInputViewSetPlacementOnScreen>
2026-08-12 15:36:27.245 Df IlliniCover[26531:3d136f] [com.apple.UIKit:UIPeripheralHost] endPlacementForInputViewSet: <<UIInputViewSet: 0x11cb25080>; keyboard = <UIKeyboardAutomatic: 0x11c9fa800; frame = (0 0; 390 233); opaque = NO; layer = <CALayer: 0x11ca20360>>%; assistant = <TUISystemInputAssistantView: 0x1089f0600; frame = (0 0; 390 0); hidden = YES; >; usesKeyClicks = NO;  > windowScene: <_UIKeyboardWindowScene: 0x11cafe800; role: _UIScreenBasedSceneSession; persistentIdentifier: 975AF23A-1F26-4E31-AA4A-E30C59D5A47B; activationState: UISceneActivationStateForegroundActive>
2026-08-12 15:36:27.245 Df IlliniCover[26531:3d136f] [com.apple.UIKit:UIPeripheralHost] endPlacementForInputViewSet, returning -> <UIInputViewSetPlacementOnScreen>
2026-08-12 15:36:27.246 Df IlliniCover[26531:3d136f] [com.apple.UIKit:KeyboardArbiterClientLog] -[_UIRemoteKeyboards prepareToMoveKeyboard:withIAV:isIAVRelevant:showing:notifyRemote:forScene:] position: {{0, 0}, {390, 308}} visible: 1; notifyRemote: 0; isMinimized: NO
2026-08-12 15:36:27.246 Df IlliniCover[26531:3d136f] [com.apple.KeyboardArbiter:Client] prepareToMoveKeyboard: set currentKeyboard:Y
2026-08-12 15:36:27.246 Df IlliniCover[26531:3d136f] [com.apple.KeyboardArbiter:Client] TX signalKeyboardChanged
2026-08-12 15:36:27.246 Df IlliniCover[26531:3d136f] [com.apple.UIKit:KeyboardArbiterClientLog] -[_UIRemoteKeyboards signalToProxyKeyboardChanged:onCompletion:]  Signaling keyboard changed <<<_UIKeyboardChangedInformation: 0x11cbfc300>; appId (null) bundleId (null) animation fence <BKSAnimationFenceHandle:0x11cb69600 -> <CAFenceHandle:0x1089338e0 name=4 fence=75600000117 usable=YES>>; position {{0, 536}, {390, 308}}; animated YES; on screen YES; tracking NO; resizing NO; local NO, dock state: Unknown, hasValidNotif: NO>; source canvas com.apple.frontboard.systemappservices/FBSceneManager:sceneID%3Acom.illinicover.app-default; source display Main; source bundle com.illinicover.app; host bundle (null); animation fence <BKSAnimationFenceHandle:0x11cb69600 -> <CAFenceHandle:0x1089338e0 name=4 fence=75600000117 usable=YES>>; position {{0, 536}, {390, 308}} (with IAV same); floating 0; on screen YES;  intersectable YES; snapshot YES>
2026-08-12 15:36:27.248 Df IlliniCover[26531:3d136f] [com.apple.UIKit:InputWindowController] Tracking provider: moveFromPlacement: <UITrackingElementPlacementInitialPosition> toPlacement: <UIInputViewSetPlacementOnScreen> update to: {{0, 536}, {390, 308}}
2026-08-12 15:36:27.248 Df IlliniCover[26531:3d136f] [com.apple.UIKit:KeyboardSceneDelegate] KeyboardTrackingCoordinator: Creating tracking provider for <_UIKeyboardWindowScene: 0x11cafe800; role: _UIScreenBasedSceneSession; persistentIdentifier: 975AF23A-1F26-4E31-AA4A-E30C59D5A47B; activationState: UISceneActivationStateForegroundActive>
2026-08-12 15:36:27.249 Df IlliniCover[26531:3d136f] [com.apple.UIKit:KeyboardSceneDelegate] KeyboardTrackingCoordinator: Creating tracking coordinator for <UIWindowScene: 0x105750e00; role: UIWindowSceneSessionRoleApplication; persistentIdentifier: 2050C5AC-6A26-42BC-8E8F-FBAE5EDC0388; activationState: UISceneActivationStateForegroundActive>
2026-08-12 15:36:27.249 Df IlliniCover[26531:3d136f] [com.apple.TextInputUI:KeyboardTrackingCoordinator] Updating tracking clients for start <TUIKeyboardTrackingCoordinator:0x11ca67700 state=<TUIKeyboardState: 0x11cbc9fa0 State: onscreen with input view; is docked>; frame={{0, 536}, {390, 308}}; animation=<TUIKeyboardAnimationInfo: 0x11dce2180, duration: 0.38, from local keyboard, is not rotating, should animate, type: 0, notificationInfo: {
    UIKeyboardAnimationCurveUserInfoKey = 7;
    UIKeyboardAnimationDurationUserInfoKey = "0.3833";
    UIKeyboardBoundsUserInfoKey = "NSRect: {{0, 0}, {390, 308}}";
    UIKeyboardCenterBeginUserInfoKey = "NSPoint: {195, 844}";
    UIKeyboardCenterEndUserInfoKey = "NSPoint: {195, 690}";
    UIKeyboardFrameBeginUserInfoKey = "NSRect: {{0, 844}, {390, 0}}";
    UIKeyboardFrameEndUserInfoKey = "NSRect: {{0, 536}, {390, 308}}";
    UIKeyboardIsLocalUserInfoKey = 1;
}notificationsDebug: >>
2026-08-12 15:36:27.249 Df IlliniCover[26531:3d136f] [com.apple.UIKit:KeyboardLayoutGuide] changeSizingConstants: size is changing [not transitioning] to {390, 308} [previous size: {390, 0}]
2026-08-12 15:36:27.249 Df IlliniCover[26531:3d136f] [com.apple.UIKit:TrackingElementWindowController] Setting tracking element input views: <<UIInputViewSet: 0x11cb25140>; keyboard = [uninitialized]; usesKeyClicks = NO;  >
2026-08-12 15:36:27.249 Df IlliniCover[26531:3d136f] [com.apple.UIKit:UIPeripheralHost] endPlacementForInputViewSet: <<UIInputViewSet: 0x11cb25140>; keyboard = <UIKeyboardAutomatic: 0x11c9fa800; frame = (0 0; 390 233); opaque = NO; layer = <CALayer: 0x11ca20360>>%; usesKeyClicks = NO;  > windowScene: <UIWindowScene: 0x105750e00; role: UIWindowSceneSessionRoleApplication; persistentIdentifier: 2050C5AC-6A26-42BC-8E8F-FBAE5EDC0388; activationState: UISceneActivationStateForegroundActive>
2026-08-12 15:36:27.250 Df IlliniCover[26531:3d136f] [com.apple.UIKit:UIPeripheralHost] endPlacementForInputViewSet, returning -> <UIInputViewSetPlacementOnScreen>
2026-08-12 15:36:27.250 Df IlliniCover[26531:3d136f] [com.apple.UIKit:TrackingElementWindowController] Moving from placement: <UITrackingElementPlacementInitialPosition> to placement: <UIInputViewSetPlacementOnScreen> (currentPlacement: <UITrackingElementPlacementInitialPosition>)
2026-08-12 15:36:27.250 Df IlliniCover[26531:3d136f] [com.apple.UIKit:TrackingElementWindowController] Change from input view set: (null)
2026-08-12 15:36:27.250 Df IlliniCover[26531:3d136f] [com.apple.UIKit:TrackingElementWindowController] Change to input view set: <<UIInputViewSet: 0x11cb25140>; keyboard = <UIKeyboardAutomatic: 0x11c9fa800; frame = (0 0; 390 233); opaque = NO; layer = <CALayer: 0x11ca20360>>%; usesKeyClicks = NO;  >
2026-08-12 15:36:27.250 Df IlliniCover[26531:3d136f] [com.apple.UIKit:KeyboardArbiterClientLog] -[_UIRemoteKeyboardPlaceholderView refreshPlaceholder]  refreshPlaceholder: size={390, 308} [previous size={390, 0}]
2026-08-12 15:36:27.250 Df IlliniCover[26531:3d136f] [com.apple.UIKit:UIPeripheralHost] endPlacementForInputViewSet: <<UIInputViewSet: 0x11cb25140>; keyboard = <UIKeyboardAutomatic: 0x11c9fa800; frame = (0 0; 390 233); opaque = NO; layer = <CALayer: 0x11ca20360>>%; usesKeyClicks = NO;  > windowScene: <UIWindowScene: 0x105750e00; role: UIWindowSceneSessionRoleApplication; persistentIdentifier: 2050C5AC-6A26-42BC-8E8F-FBAE5EDC0388; activationState: UISceneActivationStateForegroundActive>
2026-08-12 15:36:27.250 Df IlliniCover[26531:3d136f] [com.apple.UIKit:UIPeripheralHost] endPlacementForInputViewSet, returning -> <UIInputViewSetPlacementOnScreen>
2026-08-12 15:36:27.257 Df IlliniCover[26531:3d136f] [com.apple.UIKit:TrackingElementWindowController] updatePlacementWithPlacement: <UIInputViewSetPlacementOnScreen>
2026-08-12 15:36:27.257 Df IlliniCover[26531:3d136f] [com.apple.TextInputUI:KeyboardTrackingCoordinator] Posted notification willShow with {
    UIKeyboardAnimationCurveUserInfoKey = 7;
    UIKeyboardAnimationDurationUserInfoKey = "0.3833";
    UIKeyboardBoundsUserInfoKey = "NSRect: {{0, 0}, {390, 308}}";
    UIKeyboardCenterBeginUserInfoKey = "NSPoint: {195, 844}";
    UIKeyboardCenterEndUserInfoKey = "NSPoint: {195, 690}";
    UIKeyboardFrameBeginUserInfoKey = "NSRect: {{0, 844}, {390, 0}}";
    UIKeyboardFrameEndUserInfoKey = "NSRect: {{0, 536}, {390, 308}}";
    UIKeyboardIsLocalUserInfoKey = 1;
} (null)
2026-08-12 15:36:27.258 Df IlliniCover[26531:3d136f] [com.apple.UIKit:UIPeripheralHost] endPlacementForInputViewSet: <<UIInputViewSet: 0x11cb24cc0>; (empty)> windowScene: <UIWindowScene: 0x105750e00; role: UIWindowSceneSessionRoleApplication; persistentIdentifier: 2050C5AC-6A26-42BC-8E8F-FBAE5EDC0388; activationState: UISceneActivationStateForegroundActive>
2026-08-12 15:36:27.258 Df IlliniCover[26531:3d136f] [com.apple.UIKit:KeyboardArbiterClientLog] -[_UIRemoteKeyboards prepareToMoveKeyboard:withIAV:isIAVRelevant:showing:notifyRemote:forScene:] position: {{0, 0}, {0, 0}} visible: 0; notifyRemote: 1; isMinimized: NO
2026-08-12 15:36:27.258 Df IlliniCover[26531:3d136f] [com.apple.KeyboardArbiter:Client] prepareToMoveKeyboard: set currentKeyboard:N
2026-08-12 15:36:27.258 Df IlliniCover[26531:3d136f] [com.apple.KeyboardArbiter:Client] TX signalKeyboardChanged
2026-08-12 15:36:27.258 Df IlliniCover[26531:3d136f] [com.apple.UIKit:KeyboardArbiterClientLog] -[_UIRemoteKeyboards signalToProxyKeyboardChanged:onCompletion:]  Signaling keyboard changed <<<_UIKeyboardChangedInformation: 0x11cbfc480>; appId (null) bundleId (null) animation fence <BKSAnimationFenceHandle:0x11cb69820 -> <CAFenceHandle:0x108932b50 name=5 fence=75600000117 usable=YES>>; position {{0, 0}, {0, 0}}; animated YES; on screen NO; tracking NO; resizing NO; local NO, dock state: Unknown, hasValidNotif: NO>; source canvas com.apple.frontboard.systemappservices/FBSceneManager:sceneID%3Acom.illinicover.app-default; source display Main; source bundle com.illinicover.app; host bundle (null); animation fence <BKSAnimationFenceHandle:0x11cb69820 -> <CAFenceHandle:0x108932b50 name=5 fence=75600000117 usable=YES>>; position {{0, 0}, {0, 0}} (with IAV same); floating 0; on screen NO;  intersectable YES; snapshot YES>
2026-08-12 15:36:27.258 Df IlliniCover[26531:3d136f] [com.apple.UIKit:KeyboardVisualMode] Show keyboard with visual mode windowed (0)
2026-08-12 15:36:27.258 Df IlliniCover[26531:3d136f] [com.apple.UIKit:InputWindowController] Setting input views: <<UIInputViewSet: 0x11cb25b00>; (empty)>
2026-08-12 15:36:27.258 Df IlliniCover[26531:3d136f] [com.apple.UIKit:UIPeripheralHost] endPlacementForInputViewSet: <<UIInputViewSet: 0x11cb25080>; keyboard = <UIKeyboardAutomatic: 0x11c9fa800; frame = (0 0; 390 233); opaque = NO; layer = <CALayer: 0x11ca20360>>%; assistant = <TUISystemInputAssistantView: 0x1089f0600; frame = (0 0; 390 0); hidden = YES; >; usesKeyClicks = NO;  > windowScene: <_UIKeyboardWindowScene: 0x11cafe800; role: _UIScreenBasedSceneSession; persistentIdentifier: 975AF23A-1F26-4E31-AA4A-E30C59D5A47B; activationState: UISceneActivationStateForegroundActive>
2026-08-12 15:36:27.258 Df IlliniCover[26531:3d136f] [com.apple.UIKit:UIPeripheralHost] endPlacementForInputViewSet, returning -> <UIInputViewSetPlacementOnScreen>
2026-08-12 15:36:27.258 Df IlliniCover[26531:3d136f] [com.apple.UIKit:UIPeripheralHost] endPlacementForInputViewSet: <<UIInputViewSet: 0x11cb25080>; keyboard = <UIKeyboardAutomatic: 0x11c9fa800; frame = (0 0; 390 233); opaque = NO; layer = <CALayer: 0x11ca20360>>%; assistant = <TUISystemInputAssistantView: 0x1089f0600; frame = (0 0; 390 0); hidden = YES; >; usesKeyClicks = NO;  > windowScene: <_UIKeyboardWindowScene: 0x11cafe800; role: _UIScreenBasedSceneSession; persistentIdentifier: 975AF23A-1F26-4E31-AA4A-E30C59D5A47B; activationState: UISceneActivationStateForegroundActive>
2026-08-12 15:36:27.258 Df IlliniCover[26531:3d136f] [com.apple.UIKit:UIPeripheralHost] endPlacementForInputViewSet, returning -> <UIInputViewSetPlacementOnScreen>
2026-08-12 15:36:27.259 Df IlliniCover[26531:3d136f] [com.apple.UIKit:UIPeripheralHost] endPlacementForInputViewSet: <<UIInputViewSet: 0x11cb25080>; keyboard = <UIKeyboardAutomatic: 0x11c9fa800; frame = (0 0; 390 233); opaque = NO; layer = <CALayer: 0x11ca20360>>%; assistant = <TUISystemInputAssistantView: 0x1089f0600; frame = (0 0; 390 0); hidden = YES; >; usesKeyClicks = NO;  > windowScene: <_UIKeyboardWindowScene: 0x11cafe800; role: _UIScreenBasedSceneSession; persistentIdentifier: 975AF23A-1F26-4E31-AA4A-E30C59D5A47B; activationState: UISceneActivationStateForegroundActive>
2026-08-12 15:36:27.259 Df IlliniCover[26531:3d136f] [com.apple.UIKit:UIPeripheralHost] endPlacementForInputViewSet, returning -> <UIInputViewSetPlacementOnScreen>
2026-08-12 15:36:27.259 Df IlliniCover[26531:3d136f] [com.apple.UIKit:UIPeripheralHost] endPlacementForInputViewSet: <<UIInputViewSet: 0x11cb25080>; keyboard = <UIKeyboardAutomatic: 0x11c9fa800; frame = (0 0; 390 233); opaque = NO; layer = <CALayer: 0x11ca20360>>%; assistant = <TUISystemInputAssistantView: 0x1089f0600; frame = (0 0; 390 0); hidden = YES; >; usesKeyClicks = NO;  > windowScene: <_UIKeyboardWindowScene: 0x11cafe800; role: _UIScreenBasedSceneSession; persistentIdentifier: 975AF23A-1F26-4E31-AA4A-E30C59D5A47B; activationState: UISceneActivationStateForegroundActive>
2026-08-12 15:36:27.259 Df IlliniCover[26531:3d136f] [com.apple.UIKit:UIPeripheralHost] endPlacementForInputViewSet, returning -> <UIInputViewSetPlacementOnScreen>
2026-08-12 15:36:27.259 Df IlliniCover[26531:3d136f] [com.apple.UIKit:UIPeripheralHost] endPlacementForInputViewSet: <<UIInputViewSet: 0x11cb25b00>; (empty)> windowScene: <_UIKeyboardWindowScene: 0x11cafe800; role: _UIScreenBasedSceneSession; persistentIdentifier: 975AF23A-1F26-4E31-AA4A-E30C59D5A47B; activationState: UISceneActivationStateForegroundActive>
2026-08-12 15:36:27.259 Df IlliniCover[26531:3d136f] [com.apple.UIKit:InputWindowController] Moving from placement: <UIInputViewSetPlacementOnScreen> to placement: <UIInputViewSetPlacementOffScreenDown> (currentPlacement: <UIInputViewSetPlacementOnScreen>)
2026-08-12 15:36:27.259 Df IlliniCover[26531:3d136f] [com.apple.UIKit:InputWindowController] Merging transitions: <UIInputViewPlacementTransition: 0x11dc1d3b0> into <UIInputViewPlacementTransition: 0x11dcd3160>
2026-08-12 15:36:27.260 Df IlliniCover[26531:3d136f] [com.apple.UIKit:InputWindowController] Change from input view set: <<UIInputViewSet: 0x11cb25080>; keyboard = <UIKeyboardAutomatic: 0x11c9fa800; frame = (0 0; 390 233); opaque = NO; layer = <CALayer: 0x11ca20360>>%; assistant = <TUISystemInputAssistantView: 0x1089f0600; frame = (0 0; 390 0); hidden = YES; >; usesKeyClicks = NO;  >
2026-08-12 15:36:27.260 Df IlliniCover[26531:3d136f] [com.apple.UIKit:InputWindowController] Change to input view set: <<UIInputViewSet: 0x11cb25b00>; (empty)>
2026-08-12 15:36:27.267 Df IlliniCover[26531:3d136f] [com.apple.UIKit:InputWindowController] Tracking provider: viewDidLayoutSubviews update to {{0, 844}, {390, 0}}
2026-08-12 15:36:27.267 Df IlliniCover[26531:3d136f] [com.apple.TextInputUI:KeyboardTrackingCoordinator] Updating tracking clients for start <TUIKeyboardTrackingCoordinator:0x11ca67700 state=<TUIKeyboardState: 0x11cb42ee0 State: onscreen with input view; is docked>; frame={{0, 844}, {390, 0}}; animation=<TUIKeyboardAnimationInfo: 0x11dd27a80, duration: 0.38, from local keyboard, is not rotating, should not animate, type: 0, notificationInfo: {
    UIKeyboardAnimationCurveUserInfoKey = 7;
    UIKeyboardAnimationDurationUserInfoKey = 0;
    UIKeyboardBoundsUserInfoKey = "NSRect: {{0, 0}, {390, 0}}";
    UIKeyboardCenterBeginUserInfoKey = "NSPoint: {195, 690}";
    UIKeyboardCenterEndUserInfoKey = "NSPoint: {195, 844}";
    UIKeyboardFrameBeginUserInfoKey = "NSRect: {{0, 536}, {390, 308}}";
    UIKeyboardFrameEndUserInfoKey = "NSRect: {{0, 844}, {390, 0}}";
    UIKeyboardIsLocalUserInfoKey = 1;
}notificationsDebug: >>
2026-08-12 15:36:27.267 Df IlliniCover[26531:3d136f] [com.apple.UIKit:KeyboardLayoutGuide] changeSizingConstants: size is changing [not transitioning] to {390, 0} [previous size: {390, 308}]
2026-08-12 15:36:27.268 Df IlliniCover[26531:3d136f] [com.apple.UIKit:InputWindowController] moveFromPlacement, updated placements from: <UITrackingElementPlacementInitialPosition>, to: <UIInputViewSetPlacementOffScreenDown>
2026-08-12 15:36:27.268 Df IlliniCover[26531:3d136f] [com.apple.UIKit:InputWindowController] chainPlacementsIfNecessaryFrom, from: <UITrackingElementPlacementInitialPosition>, to: <UIInputViewSetPlacementOffScreenDown> transition: <UIInputViewPlacementTransition: 0x11dcd3160>
2026-08-12 15:36:27.268 Df IlliniCover[26531:3d136f] [com.apple.UIKit:InputWindowController] updatePlacementWithPlacement: <UIInputViewSetPlacementOffScreenDown>
2026-08-12 15:36:27.268 Df IlliniCover[26531:3d136f] [com.apple.UIKit:InputWindowController] Tracking provider: moveFromPlacement: <UITrackingElementPlacementInitialPosition> toPlacement: <UIInputViewSetPlacementOffScreenDown> update to: {{0, 844}, {390, 0}}
2026-08-12 15:36:27.268 Df IlliniCover[26531:3d136f] [com.apple.TextInputUI:KeyboardTrackingCoordinator] Updating tracking clients for start <TUIKeyboardTrackingCoordinator:0x11ca67700 state=<TUIKeyboardState: 0x11cb42f40 State: offscreen; is docked>; frame={{0, 844}, {390, 0}}; animation=<TUIKeyboardAnimationInfo: 0x11dd27bc0, duration: 0.38, from local keyboard, is not rotating, should not animate, type: 0, notificationInfo: {
    UIKeyboardAnimationCurveUserInfoKey = 7;
    UIKeyboardAnimationDurationUserInfoKey = "0.3833";
    UIKeyboardBoundsUserInfoKey = "NSRect: {{0, 0}, {390, 0}}";
    UIKeyboardCenterBeginUserInfoKey = "NSPoint: {195, 690}";
    UIKeyboardCenterEndUserInfoKey = "NSPoint: {195, 844}";
    UIKeyboardFrameBeginUserInfoKey = "NSRect: {{0, 536}, {390, 308}}";
    UIKeyboardFrameEndUserInfoKey = "NSRect: {{0, 844}, {390, 0}}";
    UIKeyboardIsLocalUserInfoKey = 1;
}notificationsDebug: >>
2026-08-12 15:36:27.269 Df IlliniCover[26531:3d136f] [com.apple.UIKit:Dictation] -[UIDictationController setIgnoreFinalizePhrases:] Setting ignoreFinalizePhrases flag 1
2026-08-12 15:36:27.269 Df IlliniCover[26531:3d136f] [com.apple.TextInputUI:KeyboardTrackingCoordinator] Posted notification didHide with {
    UIKeyboardAnimationCurveUserInfoKey = 7;
    UIKeyboardAnimationDurationUserInfoKey = "0.3833";
    UIKeyboardBoundsUserInfoKey = "NSRect: {{0, 0}, {390, 0}}";
    UIKeyboardCenterBeginUserInfoKey = "NSPoint: {195, 690}";
    UIKeyboardCenterEndUserInfoKey = "NSPoint: {195, 844}";
    UIKeyboardFrameBeginUserInfoKey = "NSRect: {{0, 536}, {390, 308}}";
    UIKeyboardFrameEndUserInfoKey = "NSRect: {{0, 844}, {390, 0}}";
    UIKeyboardIsLocalUserInfoKey = 1;
} (null)
2026-08-12 15:36:27.269 Df IlliniCover[26531:3d136f] [com.apple.UIKit:TrackingElementWindowController] Setting tracking element input views: <<UIInputViewSet: 0x11cb25bc0>; (empty)>
2026-08-12 15:36:27.269 Df IlliniCover[26531:3d136f] [com.apple.UIKit:KeyboardArbiterClientLog] -[_UIRemoteKeyboardPlaceholderView refreshPlaceholder]  refreshPlaceholder: size={390, 0} [previous size={390, 308}]
2026-08-12 15:36:27.269 Df IlliniCover[26531:3d136f] [com.apple.UIKit:TrackingElementWindowController] Placeholder height changed from 308.0 to 0.0
2026-08-12 15:36:27.269 Df IlliniCover[26531:3d136f] [com.apple.UIKit:UIPeripheralHost] endPlacementForInputViewSet: <<UIInputViewSet: 0x11cb25bc0>; (empty)> windowScene: <UIWindowScene: 0x105750e00; role: UIWindowSceneSessionRoleApplication; persistentIdentifier: 2050C5AC-6A26-42BC-8E8F-FBAE5EDC0388; activationState: UISceneActivationStateForegroundActive>
2026-08-12 15:36:27.269 Df IlliniCover[26531:3d136f] [com.apple.UIKit:TrackingElementWindowController] Moving from placement: <UIInputViewSetPlacementOnScreen> to placement: <UIInputViewSetPlacementOffScreenDown> (currentPlacement: <UIInputViewSetPlacementOnScreen>)
2026-08-12 15:36:27.269 Df IlliniCover[26531:3d136f] [com.apple.UIKit:TrackingElementWindowController] Merging transitions: <UITrackingElementPlacementTransition: 0x1089338e0> into <UITrackingElementPlacementTransition: 0x108932b50>
2026-08-12 15:36:27.270 Df IlliniCover[26531:3d136f] [com.apple.TextInputUI:KeyboardTrackingCoordinator] Posted notification didShow with {
    UIKeyboardAnimationCurveUserInfoKey = 7;
    UIKeyboardAnimationDurationUserInfoKey = "0.3833";
    UIKeyboardBoundsUserInfoKey = "NSRect: {{0, 0}, {390, 0}}";
    UIKeyboardCenterBeginUserInfoKey = "NSPoint: {195, 690}";
    UIKeyboardCenterEndUserInfoKey = "NSPoint: {195, 844}";
    UIKeyboardFrameBeginUserInfoKey = "NSRect: {{0, 536}, {390, 308}}";
    UIKeyboardFrameEndUserInfoKey = "NSRect: {{0, 844}, {390, 0}}";
    UIKeyboardIsLocalUserInfoKey = 1;
} (null)
2026-08-12 15:36:27.294 Df IlliniCover[26531:3d136f] [com.apple.UIKit:TrackingElementWindowController] updatePlacementWithPlacement: <UIInputViewSetPlacementOffScreenDown>
2026-08-12 15:36:27.294 Df IlliniCover[26531:3d136f] [com.apple.UIKit:TrackingElementWindowController] Tracking provider: moveFromPlacement: <UITrackingElementPlacementInitialPosition> toPlacement: <UIInputViewSetPlacementOffScreenDown> update to {{0, 844}, {390, 0}}
2026-08-12 15:36:27.294 Df IlliniCover[26531:3d136f] [com.apple.TextInputUI:KeyboardTrackingCoordinator] Updating tracking clients for start <TUIKeyboardTrackingCoordinator:0x11ca67700 state=<TUIKeyboardState: 0x11cb439a0 State: offscreen; is docked>; frame={{0, 844}, {390, 0}}; animation=<TUIKeyboardAnimationInfo: 0x11dd446c0, duration: 0.00, from local keyboard, is not rotating, should not animate, type: 0, notificationInfo: {
    UIKeyboardAnimationCurveUserInfoKey = 7;
    UIKeyboardAnimationDurationUserInfoKey = 0;
    UIKeyboardBoundsUserInfoKey = "NSRect: {{0, 0}, {390, 0}}";
    UIKeyboardCenterBeginUserInfoKey = "NSPoint: {195, 998}";
    UIKeyboardCenterEndUserInfoKey = "NSPoint: {195, 844}";
    UIKeyboardFrameBeginUserInfoKey = "NSRect: {{0, 844}, {390, 308}}";
    UIKeyboardFrameEndUserInfoKey = "NSRect: {{0, 844}, {390, 0}}";
    UIKeyboardIsLocalUserInfoKey = 1;
}notificationsDebug: >>
2026-08-12 15:36:27.294 Df IlliniCover[26531:3d136f] [com.apple.TextInputUI:KeyboardTrackingCoordinator] Posted notification willHide with {
    UIKeyboardAnimationCurveUserInfoKey = 7;
    UIKeyboardAnimationDurationUserInfoKey = 0;
    UIKeyboardBoundsUserInfoKey = "NSRect: {{0, 0}, {390, 0}}";
    UIKeyboardCenterBeginUserInfoKey = "NSPoint: {195, 998}";
    UIKeyboardCenterEndUserInfoKey = "NSPoint: {195, 844}";
    UIKeyboardFrameBeginUserInfoKey = "NSRect: {{0, 844}, {390, 308}}";
    UIKeyboardFrameEndUserInfoKey = "NSRect: {{0, 844}, {390, 0}}";
    UIKeyboardIsLocalUserInfoKey = 1;
} (null)
2026-08-12 15:36:27.295 Df IlliniCover[26531:3d136f] [com.apple.KeyboardArbiter:Client] TX setWindowContextID:661520338 windowState:Disabled level:0.0
    focusContext:<contextID:4097927594 sceneID:com.illinicover.app-default>
2026-08-12 15:36:27.295 Df IlliniCover[26531:3d136f] [com.apple.UIKit:TrackingElementWindowController] Change from input view set: <<UIInputViewSet: 0x11cb25140>; keyboard = <UIKeyboardAutomatic: 0x11c9fa800; frame = (0 0; 390 233); opaque = NO; layer = <CALayer: 0x11ca20360>>%; usesKeyClicks = NO;  >
2026-08-12 15:36:27.295 Df IlliniCover[26531:3d136f] [com.apple.UIKit:TrackingElementWindowController] Change to input view set: <<UIInputViewSet: 0x11cb25bc0>; (empty)>
2026-08-12 15:36:27.297 Df IlliniCover[26531:3d136f] [com.apple.UIKit:UIPeripheralHost] endPlacementForInputViewSet: <<UIInputViewSet: 0x11cb25bc0>; (empty)> windowScene: <UIWindowScene: 0x105750e00; role: UIWindowSceneSessionRoleApplication; persistentIdentifier: 2050C5AC-6A26-42BC-8E8F-FBAE5EDC0388; activationState: UISceneActivationStateForegroundActive>
2026-08-12 15:36:27.298 Df IlliniCover[26531:3d136f] [com.apple.UIKit:Dictation] -[UIDictationController setIgnoreFinalizePhrases:] Setting ignoreFinalizePhrases flag 1
2026-08-12 15:36:27.298 Df IlliniCover[26531:3d136f] [com.apple.TextInputUI:KeyboardTrackingCoordinator] Posted notification didHide with {
    UIKeyboardAnimationCurveUserInfoKey = 7;
    UIKeyboardAnimationDurationUserInfoKey = 0;
    UIKeyboardBoundsUserInfoKey = "NSRect: {{0, 0}, {390, 0}}";
    UIKeyboardCenterBeginUserInfoKey = "NSPoint: {195, 998}";
    UIKeyboardCenterEndUserInfoKey = "NSPoint: {195, 844}";
    UIKeyboardFrameBeginUserInfoKey = "NSRect: {{0, 844}, {390, 308}}";
    UIKeyboardFrameEndUserInfoKey = "NSRect: {{0, 844}, {390, 0}}";
    UIKeyboardIsLocalUserInfoKey = 1;
} (null)
2026-08-12 15:36:27.298 Df IlliniCover[26531:3d136f] [com.apple.RemoteTextInput:RTILog] -[RTIInputSystemClient remoteTextInputSessionWithID:textSuggestionsChanged:]  Text input session suggestions changed. sessionID = (null)
2026-08-12 15:36:27.301 A  IlliniCover[26531:3d136f] (UIKitCore) send control actions
2026-08-12 15:36:27.304 Df IlliniCover[26531:3d136f] [com.apple.dt.xctest:Default] XCTPerformOnMainRunLoop[MT]: inside CFRunLoopPerform
2026-08-12 15:36:27.304 Df IlliniCover[26531:3d136f] [com.apple.dt.xctest:Default] XCTPerformOnMainRunLoop[MT]: MT responded in time (won the race to the busy flag)
2026-08-12 15:36:27.304 Df IlliniCover[26531:3d1383] [com.apple.dt.xctest:Default] XCTPerformOnMainRunLoop[not MT]: waiting 60.00s for work to complete
2026-08-12 15:36:27.304 Df IlliniCover[26531:3d136f] [com.apple.dt.xctest:Default] Got main window <AXUIElementRef 0x11dd31980> {pid=26531} {uid=[ID:4 hash:0x105600800]}
2026-08-12 15:36:27.304 Df IlliniCover[26531:3d136f] [com.apple.dt.xctest:Default] Capturing hierarchy with attributes XC_kAXXCAttributeElementType, XC_kAXXCAttributeElementBaseType, XC_kAXXCAttributeParent, XC_kAXXCAttributeIdentifier, XC_kAXXCAttributeAutomationType, XC_kAXXCAttributeTraits
2026-08-12 15:36:27.304 Df IlliniCover[26531:3d136f] [com.apple.dt.xctest:Default] Capturing hierarchy with parameters {
    attributes =     (
        5003,
        5004,
        5002,
        5019,
        5058,
        2004
    );
    maxArrayCount = 2147483647;
    maxChildren = 2147483647;
    maxDepth = 2147483647;
    snapshotKeyHonorModalViews = 0;
    traverseFromParentsToChildren = 1;
}
2026-08-12 15:36:27.304 Df IlliniCover[26531:3d136f] [com.apple.dt.xctest:Default] Snapshot attributes 5003, 5004, 5002, 5019, 5058, 2004
2026-08-12 15:36:27.308 Df IlliniCover[26531:3d136f] [com.apple.dt.xctest:Default] Got snapshot for <AXUIElementRef 0x11be02820> {pid=26531} {uid=[ID:1 hash:0x0]}
2026-08-12 15:36:27.308 Df IlliniCover[26531:3d136f] [com.apple.dt.xctest:Default] Got app orientation 0
2026-08-12 15:36:27.308 Df IlliniCover[26531:3d136f] [com.apple.dt.xctest:Default] Captured accessibility snapshot data in 0.00s
2026-08-12 15:36:27.308 Df IlliniCover[26531:3d1383] [com.apple.dt.xctest:Default] Found main window: Window
2026-08-12 15:36:27.308 Df IlliniCover[26531:3d1383] [com.apple.dt.xctest:Default] App orientation is 0 (not portrait) and UITextEffectsWindow window Window is not main window
2026-08-12 15:36:27.308 Df IlliniCover[26531:3d1383] [com.apple.dt.xctest:Default] Leaving frame unchanged for Window: either already correct or we can't detect it.
2026-08-12 15:36:27.308 Df IlliniCover[26531:3d1383] [com.apple.dt.xctest:Default] Query  found matching snapshots: {(
    Application, pid: 26531
)} (error: (null))
2026-08-12 15:36:27.308 Df IlliniCover[26531:3d1383] [com.apple.dt.xctest:Default] Replying to query  with results: <XCTElementQueryResults: 0x11dcf8b40> (error: (null))
2026-08-12 15:36:27.369 Df IlliniCover[26531:3d136f] [com.apple.xpc:connection] [0x1089dfd40] activating connection: mach=true listener=false peer=false name=com.apple.metal.simulator
2026-08-12 15:36:27.371 Df IlliniCover[26531:3d136f] [com.apple.xpc:connection] [0x1089dd400] activating connection: mach=true listener=false peer=false name=com.apple.metal.simulator
2026-08-12 15:36:27.372 Df IlliniCover[26531:3d136f] [com.apple.xpc:connection] [0x1089de6c0] activating connection: mach=true listener=false peer=false name=com.apple.metal.simulator
2026-08-12 15:36:27.374 Df IlliniCover[26531:3d136f] [com.apple.UIKit:KeyboardLayoutGuide] _moveGuideOffscreenAtEdge: 4
2026-08-12 15:36:27.374 Df IlliniCover[26531:3d136f] [com.apple.UIKit:KeyboardLayoutGuide] changeOffsetConstants: offset is changing to {0, 0} [previous offset: {-1, -1}]
2026-08-12 15:36:27.378 Df IlliniCover[26531:3d136f] [com.apple.UIKit:KeyboardLayoutGuide] changeSizingConstants: size is changing [not transitioning] to {390, 0} [previous size: {1, 0}]
2026-08-12 15:36:27.402 A  IlliniCover[26531:3d1383] (RunningBoardServices) didChangeInheritances
2026-08-12 15:36:27.406 Df IlliniCover[26531:3d136f] [com.apple.KeyboardArbiter:Client] RX keyboardArbiterClientHandle:Y
2026-08-12 15:36:27.409 Df IlliniCover[26531:3d136f] [com.apple.KeyboardArbiter:Client] RX keyboardArbiterClientHandle:Y
2026-08-12 15:36:27.409 Df IlliniCover[26531:3d136f] [com.apple.xpc:connection] [0x1055e3980] invalidated because the current process cancelled the connection by calling xpc_connection_cancel()
2026-08-12 15:36:27.571 A  IlliniCover[26531:3d1383] (CoreLocation) CL: CLInternalGetAuthorizationStatus
2026-08-12 15:36:27.571 Df IlliniCover[26531:3d1383] [com.apple.locationd.Core:Client] {"msg":"CLInternalGetAuthorizationStatus", "event":activity}
2026-08-12 15:36:27.573 Df IlliniCover[26531:3d1383] [com.apple.xpc:connection] [0x1089ddf40] activating connection: mach=true listener=false peer=false name=com.apple.locationd.synchronous
2026-08-12 15:36:27.580 A  IlliniCover[26531:3d1383] (CoreLocation) CL: CLLocationManager
2026-08-12 15:36:27.580 Df IlliniCover[26531:3d1383] [com.apple.locationd.Core:Client] {"msg":"CLLocationManager", "event":activity, "_cmd":initWithEffectiveBundleIdentifier:bundlePath:websiteIdentifier:delegate:silo:, "self":"0x11cb68f30", "identifier":(null), "bundlePath":(null)}
2026-08-12 15:36:27.581 Df IlliniCover[26531:3d1383] [com.apple.locationd.Core:Client] {"msg":"client allocated", "client":"0x11f5581c0"}
2026-08-12 15:36:27.582 A  IlliniCover[26531:3d1383] (CoreLocation) CL: _CLClientCreateConnection
2026-08-12 15:36:27.582 Df IlliniCover[26531:3d1383] [com.apple.locationd.Core:Client] {"msg":"_CLClientCreateConnection", "event":activity, "client":"0x11f5581c0"}
2026-08-12 15:36:27.582 A  IlliniCover[26531:3d1387] (LocationSupport) CL: Sending cached messages to daemon
2026-08-12 15:36:27.583 Df IlliniCover[26531:3d1387] [com.apple.LocationSupport:Connection] {"msg":"Sending cached messages to daemon", "event":activity}
2026-08-12 15:36:27.583 Df IlliniCover[26531:3d1387] [com.apple.xpc:connection] [0x1089dea80] activating connection: mach=true listener=false peer=false name=com.apple.locationd.registration
2026-08-12 15:36:27.583 A  IlliniCover[26531:3d1383] (LocationSupport) CL: CLConnectionClient::sendMessage(cache)
2026-08-12 15:36:27.583 A  IlliniCover[26531:3d1387] (LocationSupport) CL: CLConnection::sendMessage
2026-08-12 15:36:27.583 A  IlliniCover[26531:3d1383] (LocationSupport) CL: CLConnectionClient::sendMessage(cache)
2026-08-12 15:36:27.583 A  IlliniCover[26531:3d1387] (LocationSupport) CL: CLConnection::sendMessage
2026-08-12 15:36:27.583 A  IlliniCover[26531:3d1383] (CoreLocation) CL: CLInternalGetPrecisionPermission
2026-08-12 15:36:27.584 Df IlliniCover[26531:3d1383] [com.apple.locationd.Core:Client] {"msg":"CLInternalGetPrecisionPermission", "event":activity}
2026-08-12 15:36:27.585 A  IlliniCover[26531:3d1383] (CoreLocation) CL: CLLocationManager
2026-08-12 15:36:27.585 Df IlliniCover[26531:3d1383] [com.apple.locationd.Core:Client] {"msg":"CLLocationManager", "event":activity, "_cmd":dealloc, "self":"0x11cb68f30"}
2026-08-12 15:36:27.585 Df IlliniCover[26531:3d1383] [com.apple.locationd.Core:Client] {"msg":"invalidating client", "client":"0x11f5581c0"}
2026-08-12 15:36:27.586 Df IlliniCover[26531:3d1383] [com.apple.locationd.Core:Client] {"msg":"invalidating client", "client":"0x11f5581c0"}
2026-08-12 15:36:27.587 Df IlliniCover[26531:3d1387] [com.apple.xpc:connection] [0x1089dea80] invalidated because the current process cancelled the connection by calling xpc_connection_cancel()
2026-08-12 15:36:27.594 Df IlliniCover[26531:3d1383] [com.apple.CFNetwork:Default] Task <7516C24A-8F9B-46AC-AABD-CE33F2D9DEC0>.<2> resuming, timeouts(0.0, 604800.0) qos(0x19) voucher((null)) activity(00000000-0000-0000-0000-000000000000)
2026-08-12 15:36:27.599 Df IlliniCover[26531:3d1387] [com.apple.CFNetwork:Default] Initializing AlternativeServices Storage singleton
2026-08-12 15:36:27.599 Df IlliniCover[26531:3d1387] [com.apple.FileURL:default] kExcludedFromBackupXattrName set on path: /Users/lu/Library/Developer/CoreSimulator/Devices/644F64CD-23BA-4D3C-915E-6B2069961477/data/Containers/Data/Application/CF968DD7-918A-4335-BA18-D14F0BECC12E/Library/HTTPStorages/com.illinicover.app
2026-08-12 15:36:27.616 Df IlliniCover[26531:3d1389] [com.apple.locationd.Core:Client] {"msg":"client about to be destroyed", "client":"0x11f5581c0"}
2026-08-12 15:36:27.622 Df IlliniCover[26531:3d1387] [com.apple.CFNetwork:Default] Connection 0: creating secure tcp or quic connection
2026-08-12 15:36:27.623 Df IlliniCover[26531:3d1387] [com.apple.CFNetwork:Default] Connection 2: enabling TLS
2026-08-12 15:36:27.623 Df IlliniCover[26531:3d1387] [com.apple.CFNetwork:Default] Connection 2: starting, TC(0x0)
2026-08-12 15:36:27.624 Df IlliniCover[26531:3d1387] [com.apple.network:connection] [C2 8B21EBA4-956B-461E-9BCA-161A954536C1 Hostname#d30cfd94:443 quic-connection, url: https://kfjwrhviuhsqrcwfxmne.supabase.co/functions/v1/get-deals-feed, definite, attribution: developer, context: com.apple.CFNetwork.NSURLSession.{33F1BAB7-2C07-41C3-8B83-36235E487FB3}{(null)}{Y}{2}{0x0} (private), proc: D65E3B26-71A5-3DAD-A8B4-60173E19864C, delegated upid: 0] start
2026-08-12 15:36:27.625 Df IlliniCover[26531:3d1387] [com.apple.network:connection] [C2 Hostname#d30cfd94:443 initial parent-flow ((null))] event: path:start @0.000s
2026-08-12 15:36:27.625 Df IlliniCover[26531:3d1387] [com.apple.network:connection] [C2 Hostname#d30cfd94:443 waiting parent-flow (satisfied (Path is satisfied), interface: en0[802.11], uses wifi, LQM: unknown)] event: path:satisfied @0.000s, uuid: 3354746A-BDB1-4D87-A023-A0E4CBAAD615
2026-08-12 15:36:27.626 Df IlliniCover[26531:3d1387] [com.apple.network:connection] [C2 Hostname#d30cfd94:443 in_progress parent-flow (satisfied (Path is satisfied), interface: en0[802.11], uses wifi, LQM: unknown)] event: flow:start_connect @0.001s
2026-08-12 15:36:27.626 Df IlliniCover[26531:3d1387] [com.apple.network:connection] nw_connection_report_state_with_handler_on_nw_queue [C2] reporting state preparing
2026-08-12 15:36:27.626 Df IlliniCover[26531:3d1387] [com.apple.network:connection] [C2 Hostname#d30cfd94:443 in_progress parent-flow (satisfied (Path is satisfied), interface: en0[802.11], uses wifi, LQM: unknown)] event: flow:start_child @0.001s
2026-08-12 15:36:27.626 Df IlliniCover[26531:3d1387] [com.apple.network:connection] [C2.1 Hostname#d30cfd94:443 initial path ((null))] event: path:start @0.001s
2026-08-12 15:36:27.627 Df IlliniCover[26531:3d1387] [com.apple.network:connection] [C2.1 Hostname#d30cfd94:443 waiting path (satisfied (Path is satisfied), interface: en0[802.11], uses wifi, LQM: unknown)] event: path:satisfied @0.002s, uuid: 3354746A-BDB1-4D87-A023-A0E4CBAAD615
2026-08-12 15:36:27.627 Df IlliniCover[26531:3d1387] [com.apple.network:connection] [C2.1 Hostname#d30cfd94:443 in_progress transform (satisfied (Path is satisfied), interface: en0[802.11], uses wifi, LQM: unknown)] event: transform:start @0.002s
2026-08-12 15:36:27.627 Df IlliniCover[26531:3d1387] [com.apple.network:connection] [C2.1.1 Hostname#d30cfd94:443 initial path ((null))] event: path:start @0.002s
2026-08-12 15:36:27.627 Df IlliniCover[26531:3d1387] [com.apple.network:connection] [C2.1.1 Hostname#d30cfd94:443 waiting path (satisfied (Path is satisfied), interface: en0[802.11], uses wifi, LQM: unknown)] event: path:satisfied @0.002s, uuid: 19C84F77-D7B4-4703-85DC-346FBF40925C
2026-08-12 15:36:27.629 Df IlliniCover[26531:3d1387] [com.apple.network:connection] [C2.1.1 Hostname#d30cfd94:443 in_progress resolver (satisfied (Path is satisfied), interface: en0[802.11], uses wifi, LQM: unknown)] event: resolver:start_dns @0.004s
2026-08-12 15:36:27.631 Df IlliniCover[26531:3d1387] [com.apple.CFNetwork:Default] Task <7516C24A-8F9B-46AC-AABD-CE33F2D9DEC0>.<2> setting up Connection 2
2026-08-12 15:36:27.632 E  IlliniCover[26531:3d136f] [com.apple.UIKit:UIFocus] RCTScrollViewComponentView implements focusItemsInRect: - caching for linear focus movement is limited as long as this view is on screen.
2026-08-12 15:36:27.636 Df IlliniCover[26531:3d1389] [com.apple.CFNetwork:Default] Garbage collection for alternative services
2026-08-12 15:36:27.653 Df IlliniCover[26531:3d1387] [com.apple.network:connection] nw_endpoint_resolver_update [C2.1.1 Hostname#d30cfd94:443 in_progress resolver (satisfied (Path is satisfied), interface: en0[802.11], uses wifi, LQM: unknown)] Adding endpoint handler for IPv4#a676228e:443
2026-08-12 15:36:27.653 Df IlliniCover[26531:3d1387] [com.apple.network:connection] nw_endpoint_resolver_update [C2.1.1 Hostname#d30cfd94:443 in_progress resolver (satisfied (Path is satisfied), interface: en0[802.11], uses wifi, LQM: unknown)] Adding endpoint handler for IPv4#e6306db7:443
2026-08-12 15:36:27.653 Df IlliniCover[26531:3d1387] [com.apple.network:connection] [C2.1.1 Hostname#d30cfd94:443 in_progress resolver (satisfied (Path is satisfied), interface: en0[802.11], uses wifi, LQM: unknown)] event: resolver:receive_dns @0.028s
2026-08-12 15:36:27.653 Df IlliniCover[26531:3d1387] [com.apple.network:connection] [C2.1.1.1 IPv4#a676228e:443 initial path ((null))] event: path:start @0.028s
2026-08-12 15:36:27.654 Df IlliniCover[26531:3d1387] [com.apple.network:connection] [C2.1.1.1 IPv4#a676228e:443 waiting path (satisfied (Path is satisfied), interface: en0[802.11], uses wifi, LQM: unknown)] event: path:satisfied @0.028s, uuid: 5442BB0C-1391-4DFF-AFFE-0B85271EE7F2
2026-08-12 15:36:27.669 Df IlliniCover[26531:3d1387] [com.apple.network:quic] quic_conn_initialize_inner [C2.1.1.1:2] [-15844ded9873c8f1] created QUIC connection (spin bit enabled)
2026-08-12 15:36:27.673 Df IlliniCover[26531:3d1387] [com.apple.network:connection] [C2.1.1.1 IPv4#a676228e:443 in_progress socket-flow (satisfied (Path is satisfied), interface: en0[802.11], uses wifi, LQM: unknown)] event: flow:start_connect @0.048s
2026-08-12 15:36:27.676 Df IlliniCover[26531:3d1387] [com.apple.network:quic] quic_crypto_new_flow [C2.1.1.1:2] [-15844ded9873c8f1] TLS stream is: [C3]
2026-08-12 15:36:27.676 Df IlliniCover[26531:3d1387] [com.apple.network:connection] [C3 C73D4B5B-1637-415F-AA7F-07A6CAEF551C IPv4#a676228e:443 quic-connection, url: https://kfjwrhviuhsqrcwfxmne.supabase.co/functions/v1/get-deals-feed, tls, definite, attribution: developer, context: com.apple.CFNetwork.NSURLSession.{33F1BAB7-2C07-41C3-8B83-36235E487FB3}{(null)}{Y}{2}{0x0} (private), proc: D65E3B26-71A5-3DAD-A8B4-60173E19864C, delegated upid: 0] start
2026-08-12 15:36:27.676 Df IlliniCover[26531:3d1387] [com.apple.network:connection] [C3 IPv4#a676228e:443 initial socket-flow (satisfied (Path is satisfied), interface: en0[802.11], uses wifi, LQM: unknown)] event: path:start @0.000s
2026-08-12 15:36:27.676 Df IlliniCover[26531:3d1387] [com.apple.network:connection] [C3 IPv4#a676228e:443 waiting socket-flow (satisfied (Path is satisfied), interface: en0[802.11], uses wifi, LQM: unknown)] event: path:satisfied @0.000s, uuid: 5442BB0C-1391-4DFF-AFFE-0B85271EE7F2
2026-08-12 15:36:27.677 Df IlliniCover[26531:3d1387] [com.apple.network:connection] [C3 IPv4#a676228e:443 in_progress socket-flow (satisfied (Path is satisfied), interface: en0[802.11], uses wifi, LQM: unknown)] event: flow:start_connect @0.000s
2026-08-12 15:36:27.677 Df IlliniCover[26531:3d1387] [com.apple.network:connection] nw_connection_report_state_with_handler_on_nw_queue [C3] reporting state preparing
2026-08-12 15:36:27.678 Df IlliniCover[26531:3d1387] [com.apple.network:connection] nw_flow_connected [C3 IPv4#a676228e:443 in_progress socket-flow (satisfied (Path is satisfied), interface: en0[802.11], uses wifi, LQM: unknown)] Transport protocol connected (quic-connection)
2026-08-12 15:36:27.678 Df IlliniCover[26531:3d1387] [com.apple.network:connection] [C3 IPv4#a676228e:443 in_progress socket-flow (satisfied (Path is satisfied), interface: en0[802.11], uses wifi, LQM: unknown)] event: flow:finish_transport @0.001s
2026-08-12 15:36:27.678 Df IlliniCover[26531:3d1387] [com.apple.network:boringssl] boringssl_session_apply_protocol_options_for_transport_block_invoke_2(2367) [C3:1][0x11f555960] TLS configured [server(0) min_version(0x0304) max_version(0x0304) name(redacted) tickets(false) false_start(false) enforce_ev(false) enforce_ats(false) ats_non_pfs_ciphersuite_allowed(false) cc_mode_enforced(false) ech(false) pqtls(true), pake(false) skip_ats_trust(false)]
2026-08-12 15:36:27.678 Df IlliniCover[26531:3d1387] [com.apple.network:boringssl] boringssl_context_info_handler(2806) [C3:1][0x11f555960] Client handshake started
2026-08-12 15:36:27.678 Df IlliniCover[26531:3d1387] [com.apple.network:boringssl] boringssl_context_info_handler(2823) [C3:1][0x11f555960] Client handshake state: TLS client enter_early_data
2026-08-12 15:36:27.679 Df IlliniCover[26531:3d1387] [com.apple.network:boringssl] boringssl_context_info_handler(2823) [C3:1][0x11f555960] Client handshake state: TLS client read_server_hello
2026-08-12 15:36:27.679 Df IlliniCover[26531:3d1387] [com.apple.network:connection] nw_socket_handle_socket_event [C2.1.1.1:2] Socket received CONNECTED event
2026-08-12 15:36:27.690 Df IlliniCover[26531:3d1389] [com.apple.network:boringssl] boringssl_context_info_handler(2823) [C3:1][0x11f555960] Client handshake state: TLS 1.3 client read_hello_retry_request
2026-08-12 15:36:27.690 Df IlliniCover[26531:3d1389] [com.apple.network:boringssl] boringssl_context_info_handler(2823) [C3:1][0x11f555960] Client handshake state: TLS 1.3 client read_server_hello
2026-08-12 15:36:27.691 Df IlliniCover[26531:3d1389] [com.apple.network:boringssl] boringssl_context_info_handler(2823) [C3:1][0x11f555960] Client handshake state: TLS 1.3 client read_encrypted_extensions
2026-08-12 15:36:27.691 Df IlliniCover[26531:3d1389] [com.apple.network:boringssl] boringssl_context_info_handler(2823) [C3:1][0x11f555960] Client handshake state: TLS 1.3 client read_certificate_request
2026-08-12 15:36:27.691 Df IlliniCover[26531:3d1389] [com.apple.network:boringssl] boringssl_context_info_handler(2823) [C3:1][0x11f555960] Client handshake state: TLS 1.3 client read_server_certificate
2026-08-12 15:36:27.691 Df IlliniCover[26531:3d1389] [com.apple.network:boringssl] boringssl_context_info_handler(2823) [C3:1][0x11f555960] Client handshake state: TLS 1.3 client read_server_certificate_verify
2026-08-12 15:36:27.697 Df IlliniCover[26531:3d1389] [com.apple.network:boringssl] boringssl_context_evaluate_trust_async(2249) [C3:1][0x11f555960] Performing external trust evaluation
2026-08-12 15:36:27.697 A  IlliniCover[26531:3d1389] (Security) SecKeyCopyPublicBytes
2026-08-12 15:36:27.697 A  IlliniCover[26531:3d1389] (Security) SecKeyCopyAttributes
2026-08-12 15:36:27.697 A  IlliniCover[26531:3d1389] (Security) SecKeyCopyPublicBytes
2026-08-12 15:36:27.697 Df IlliniCover[26531:3d1389] [com.apple.network:boringssl] boringssl_context_evaluate_trust_async_external(2234) [C3:1][0x11f555960] Asyncing for external verify block
2026-08-12 15:36:27.697 Df IlliniCover[26531:3d1389] [com.apple.CFNetwork:Default] Connection 2: asked to evaluate TLS Trust
2026-08-12 15:36:27.698 Df IlliniCover[26531:3d1389] [com.apple.CFNetwork:Default] Task <7516C24A-8F9B-46AC-AABD-CE33F2D9DEC0>.<2> auth completion disp=1 cred=0x0
2026-08-12 15:36:27.698 Df IlliniCover[26531:3d1389] [com.apple.securityd:trust] (Trust 0x11dca5b00) No pending evals, starting
2026-08-12 15:36:27.698 A  IlliniCover[26531:3d1389] (Security) SecTrustEvaluateIfNecessaryFastAsync
2026-08-12 15:36:27.698 Df IlliniCover[26531:3d1389] [com.apple.xpc:connection] [0x11ca5e580] activating connection: mach=true listener=false peer=false name=com.apple.trustd
2026-08-12 15:36:27.699 Df IlliniCover[26531:3d1389] [com.apple.securityd:trust] (Trust 0x11dca5b00) Completed async eval kickoff
2026-08-12 15:36:27.706 Df IlliniCover[26531:3d1389] [com.apple.securityd:trust] (Trust 0x11dca5b00) trustd returned 4
2026-08-12 15:36:27.706 Df IlliniCover[26531:3d1389] [com.apple.CFNetwork:Default] System Trust Evaluation yielded status(0)
2026-08-12 15:36:27.706 Df IlliniCover[26531:3d1389] [com.apple.securityd:trust] (Trust 0x11dca5980) No pending evals, starting
2026-08-12 15:36:27.706 A  IlliniCover[26531:3d1389] (Security) SecTrustEvaluateIfNecessaryFastAsync
2026-08-12 15:36:27.706 Df IlliniCover[26531:3d1389] [com.apple.xpc:connection] [0x11ca5e800] activating connection: mach=true listener=false peer=false name=com.apple.trustd
2026-08-12 15:36:27.706 Df IlliniCover[26531:3d1389] [com.apple.securityd:trust] (Trust 0x11dca5980) Completed async eval kickoff
2026-08-12 15:36:27.706 Df IlliniCover[26531:3d1389] [com.apple.xpc:connection] [0x11ca5e580] invalidated because the current process cancelled the connection by calling xpc_connection_cancel()
2026-08-12 15:36:27.709 Df IlliniCover[26531:3d1387] [com.apple.securityd:trust] (Trust 0x11dca5980) trustd returned 4
2026-08-12 15:36:27.709 Df IlliniCover[26531:3d1387] [com.apple.CFNetwork:Default] Connection 2: TLS Trust result 0
2026-08-12 15:36:27.709 Df IlliniCover[26531:3d1387] [com.apple.network:boringssl] boringssl_context_evaluate_trust_async_external_block_invoke_3(2148) [C3:1][0x11f555960] Returning from external verify block with result: true
2026-08-12 15:36:27.709 Df IlliniCover[26531:3d1387] [com.apple.network:boringssl] boringssl_context_certificate_verify_callback(2430) [C3:1][0x11f555960] Certificate verification result: OK
2026-08-12 15:36:27.709 Df IlliniCover[26531:3d1387] [com.apple.network:boringssl] boringssl_context_info_handler(2823) [C3:1][0x11f555960] Client handshake state: TLS 1.3 client read_server_finished
2026-08-12 15:36:27.709 Df IlliniCover[26531:3d1387] [com.apple.network:boringssl] boringssl_context_info_handler(2823) [C3:1][0x11f555960] Client handshake state: TLS 1.3 client send_end_of_early_data
2026-08-12 15:36:27.709 Df IlliniCover[26531:3d1387] [com.apple.network:boringssl] boringssl_context_info_handler(2823) [C3:1][0x11f555960] Client handshake state: TLS 1.3 client send_client_encrypted_extensions
2026-08-12 15:36:27.709 Df IlliniCover[26531:3d1387] [com.apple.network:boringssl] boringssl_context_info_handler(2823) [C3:1][0x11f555960] Client handshake state: TLS 1.3 client send_client_certificate
2026-08-12 15:36:27.709 Df IlliniCover[26531:3d1387] [com.apple.network:boringssl] boringssl_context_info_handler(2823) [C3:1][0x11f555960] Client handshake state: TLS 1.3 client complete_second_flight
2026-08-12 15:36:27.710 A  IlliniCover[26531:3d1387] (Security) SecKeyCopyPublicBytes
2026-08-12 15:36:27.710 A  IlliniCover[26531:3d1387] (Security) SecKeyCopyAttributes
2026-08-12 15:36:27.710 A  IlliniCover[26531:3d1387] (Security) SecKeyCopyPublicBytes
2026-08-12 15:36:27.710 A  IlliniCover[26531:3d1387] (Security) SecKeyCopyPublicBytes
2026-08-12 15:36:27.710 A  IlliniCover[26531:3d1387] (Security) SecKeyCopyAttributes
2026-08-12 15:36:27.710 A  IlliniCover[26531:3d1387] (Security) SecKeyCopyPublicBytes
2026-08-12 15:36:27.710 Df IlliniCover[26531:3d1387] [com.apple.network:boringssl] boringssl_context_info_handler(2823) [C3:1][0x11f555960] Client handshake state: TLS 1.3 client done
2026-08-12 15:36:27.710 Df IlliniCover[26531:3d1387] [com.apple.network:boringssl] boringssl_context_info_handler(2823) [C3:1][0x11f555960] Client handshake state: TLS client finish_client_handshake
2026-08-12 15:36:27.710 Df IlliniCover[26531:3d1387] [com.apple.network:boringssl] boringssl_context_info_handler(2823) [C3:1][0x11f555960] Client handshake state: TLS client done
2026-08-12 15:36:27.710 Df IlliniCover[26531:3d1387] [com.apple.network:boringssl] boringssl_context_info_handler(2812) [C3:1][0x11f555960] Client handshake done
2026-08-12 15:36:27.710 A  IlliniCover[26531:3d1387] (Security) SecKeyCopyPublicBytes
2026-08-12 15:36:27.710 A  IlliniCover[26531:3d1387] (Security) SecKeyCopyAttributes
2026-08-12 15:36:27.710 A  IlliniCover[26531:3d1387] (Security) SecKeyCopyPublicBytes
2026-08-12 15:36:27.710 Df IlliniCover[26531:3d1387] [com.apple.network:boringssl] nw_protocol_boringssl_signal_connected(895) [C3:1][0x11f555960] TLS connected [server(0) version(0x0304) ciphersuite(TLS_AES_256_GCM_SHA384) group(0x11ec) signature_alg(0x0403) alpn(h3) resumed(0) offered_ticket(0) in_early_data(0) early_data_accepted(0) false_started(0) ocsp_received(0) sct_received(0) connect_time(31ms) flight_time(12ms) rtt(11ms) write_stalls(0) read_stalls(5) pake(0x0000)]
2026-08-12 15:36:27.710 Df IlliniCover[26531:3d1387] [com.apple.network:connection] nw_flow_connected [C3 IPv4#a676228e:443 in_progress socket-flow (satisfied (Path is satisfied), interface: en0[802.11], uses wifi, LQM: unknown)] Output protocol connected (tls)
2026-08-12 15:36:27.710 Df IlliniCover[26531:3d1387] [com.apple.network:connection] [C3 IPv4#a676228e:443 ready socket-flow (satisfied (Path is satisfied), interface: en0[802.11], uses wifi, LQM: unknown)] event: flow:finish_connect @0.033s
2026-08-12 15:36:27.710 Df IlliniCover[26531:3d1387] [com.apple.network:connection] nw_connection_report_state_with_handler_on_nw_queue [C3] reporting state ready
2026-08-12 15:36:27.711 Df IlliniCover[26531:3d1387] [com.apple.xpc:connection] [0x11ca5e800] invalidated because the current process cancelled the connection by calling xpc_connection_cancel()
2026-08-12 15:36:27.711 Df IlliniCover[26531:3d1387] [com.apple.network:quic] quic_pmtud_restart [C2.1.1.1:2] [-01aa4de1e2872ca6c0abc3e098871d2f0379965c] PMTUD enabled, max PMTU: 1500, header size: 28, current PMTU 1228
2026-08-12 15:36:27.711 Df IlliniCover[26531:3d1387] [com.apple.network:quic] quic_crypto_tls_ready_inner [C2.1.1.1:2] [-01aa4de1e2872ca6c0abc3e098871d2f0379965c] QUIC connection established in 36.358 ms, RTT 8.292 ms
2026-08-12 15:36:27.711 Df IlliniCover[26531:3d1387] [com.apple.network:connection] nw_flow_connected [C2.1.1.1 IPv4#a676228e:443 in_progress socket-flow (satisfied (Path is satisfied), interface: en0[802.11], uses wifi, LQM: unknown)] Transport protocol connected (quic-connection)
2026-08-12 15:36:27.711 Df IlliniCover[26531:3d1387] [com.apple.network:connection] [C2.1.1.1 IPv4#a676228e:443 in_progress socket-flow (satisfied (Path is satisfied), interface: en0[802.11], uses wifi, LQM: unknown)] event: flow:finish_transport @0.086s
2026-08-12 15:36:27.711 Df IlliniCover[26531:3d1387] [com.apple.network:connection] nw_flow_connected [C2.1.1.1 IPv4#a676228e:443 in_progress socket-flow (satisfied (Path is satisfied), interface: en0[802.11], uses wifi, LQM: unknown)] Output protocol connected (CFNetworkConnection-1998923939)
2026-08-12 15:36:27.711 Df IlliniCover[26531:3d1387] [com.apple.network:connection] [C2.1.1.1 IPv4#a676228e:443 ready socket-flow (satisfied (Path is satisfied), interface: en0[802.11], uses wifi, LQM: unknown)] event: flow:child_finish_connect @0.086s
2026-08-12 15:36:27.711 Df IlliniCover[26531:3d1387] [com.apple.network:connection] [C2.1.1 Hostname#d30cfd94:443 ready resolver (satisfied (Path is satisfied), interface: en0[802.11], uses wifi, LQM: unknown)] event: flow:child_finish_connect @0.086s
2026-08-12 15:36:27.711 Df IlliniCover[26531:3d1387] [com.apple.network:connection] [C2.1 Hostname#d30cfd94:443 ready transform (satisfied (Path is satisfied), interface: en0[802.11], uses wifi, LQM: unknown)] event: flow:child_finish_connect @0.086s
2026-08-12 15:36:27.711 Df IlliniCover[26531:3d1387] [com.apple.network:connection] nw_flow_connected [C2 IPv4#a676228e:443 in_progress parent-flow (satisfied (Path is satisfied), interface: en0[802.11], uses wifi, LQM: unknown)] Output protocol connected (endpoint_flow)
2026-08-12 15:36:27.711 Df IlliniCover[26531:3d1387] [com.apple.network:connection] [C2 IPv4#a676228e:443 ready parent-flow (satisfied (Path is satisfied), interface: en0[802.11], uses wifi, LQM: unknown)] event: flow:finish_connect @0.086s
2026-08-12 15:36:27.711 Df IlliniCover[26531:3d1387] [com.apple.network:connection] nw_connection_report_state_with_handler_on_nw_queue [C2] reporting state ready
2026-08-12 15:36:27.712 E  IlliniCover[26531:3d1387] [com.apple.network:] nw_protocol_instance_set_output_handler Not calling remove_input_handler on 0x11f638e00:socket
2026-08-12 15:36:27.713 Df IlliniCover[26531:3d1387] [com.apple.network:quic] quic_migration_path_event_block_invoke [C2.1.1.1:2] [-01aa4de1e2872ca6c0abc3e098871d2f0379965c] path 928915f8c72d6020 over en0 received event established
2026-08-12 15:36:27.713 Df IlliniCover[26531:3d1387] [com.apple.network:quic] quic_migration_evaluate_primary [C2.1.1.1:2] [-01aa4de1e2872ca6c0abc3e098871d2f0379965c] promoted path 0x11f5d1340 over en0 to primary
2026-08-12 15:36:27.713 Df IlliniCover[26531:3d1387] [com.apple.network:] nw_protocol_instance_report_ready [C2.1.1.1:2] Calling notify with interface en0 for flow_registration 8C25B28A-5FFE-4551-868F-A231A70F820C
2026-08-12 15:36:27.713 Df IlliniCover[26531:3d1387] [com.apple.network:connection] [C2.1.1.1 IPv4#a676228e:443 ready socket-flow (satisfied (Path is satisfied), interface: en0[802.11], uses wifi, LQM: unknown)] event: path:migrated @0.088s, uuid: 5442BB0C-1391-4DFF-AFFE-0B85271EE7F2
2026-08-12 15:36:27.713 Df IlliniCover[26531:3d1387] [com.apple.network:connection] [C2.1.1 Hostname#d30cfd94:443 ready resolver (satisfied (Path is satisfied), interface: en0[802.11], uses wifi, LQM: unknown)] event: path:migrated @0.088s, uuid: 19C84F77-D7B4-4703-85DC-346FBF40925C
2026-08-12 15:36:27.713 Df IlliniCover[26531:3d1387] [com.apple.network:connection] [C2.1 Hostname#d30cfd94:443 ready transform (satisfied (Path is satisfied), interface: en0[802.11], uses wifi, LQM: unknown)] event: path:migrated @0.088s, uuid: 3354746A-BDB1-4D87-A023-A0E4CBAAD615
2026-08-12 15:36:27.713 Df IlliniCover[26531:3d1387] [com.apple.network:connection] [C2 IPv4#a676228e:443 ready parent-flow (satisfied (Path is satisfied), interface: en0[802.11], uses wifi, LQM: unknown)] event: path:migrated @0.088s, uuid: 3354746A-BDB1-4D87-A023-A0E4CBAAD615
2026-08-12 15:36:27.713 Df IlliniCover[26531:3d1387] [com.apple.network:quic] quic_migration_evaluate [C2.1.1.1:2] [-01aa4de1e2872ca6c0abc3e098871d2f0379965c] evaluating path migration
2026-08-12 15:36:27.713 Df IlliniCover[26531:3d1387] [com.apple.network:quic] quic_migration_evaluate_block_invoke [C2.1.1.1:2] [-01aa4de1e2872ca6c0abc3e098871d2f0379965c] path 928915f8c72d6020 state validated (0), ifname en0, primary? 1, initial? 1, fallback? 0, preferred? 0 lossy? 0
2026-08-12 15:36:27.713 Df IlliniCover[26531:3d1387] [com.apple.network:quic] quic_migration_evaluate [C2.1.1.1:2] [-01aa4de1e2872ca6c0abc3e098871d2f0379965c] current path is usable, no strong fallback or we are probing
2026-08-12 15:36:27.713 Df IlliniCover[26531:3d1387] [com.apple.CFNetwork:Default] Connection 2: connected successfully
2026-08-12 15:36:27.713 E  IlliniCover[26531:3d1387] [com.apple.network:connection] nw_connection_copy_connected_local_endpoint_block_invoke [C2] Connection has no local endpoint
2026-08-12 15:36:27.713 Df IlliniCover[26531:3d1387] [com.apple.CFNetwork:Default] Connection 2: TLS handshake complete
2026-08-12 15:36:27.713 E  IlliniCover[26531:3d1387] [com.apple.network:connection] nw_connection_copy_connected_local_endpoint_block_invoke [C2] Connection has no local endpoint
2026-08-12 15:36:27.713 Df IlliniCover[26531:3d1387] [com.apple.CFNetwork:Default] Connection 2: ready C(N) E(N)
2026-08-12 15:36:27.714 Df IlliniCover[26531:3d1387] [com.apple.network:connection] [C2] event: client:connection_reused @0.089s
2026-08-12 15:36:27.714 Df IlliniCover[26531:3d1387] [com.apple.CFNetwork:Default] Task <7516C24A-8F9B-46AC-AABD-CE33F2D9DEC0>.<2> now using Connection 2
2026-08-12 15:36:27.714 Df IlliniCover[26531:3d1387] [com.apple.cfnetwork:h3stream] 0x11f5d2698 ID=0 Task <7516C24A-8F9B-46AC-AABD-CE33F2D9DEC0>.<2> sent request, body N 0
2026-08-12 15:36:27.718 A  IlliniCover[26531:3d1385] (Security) SecKeyCopyPublicBytes
2026-08-12 15:36:27.718 A  IlliniCover[26531:3d1385] (Security) SecKeyCopyAttributes
2026-08-12 15:36:27.718 A  IlliniCover[26531:3d1385] (Security) SecKeyCopyPublicBytes
2026-08-12 15:36:27.718 Df IlliniCover[26531:3d1385] [com.apple.network:boringssl] boringssl_context_new_session_handler(1771) [C3:1][0x11f555960] Asyncing for session update block
2026-08-12 15:36:27.718 A  IlliniCover[26531:3d1385] (Security) SecKeyCopyPublicBytes
2026-08-12 15:36:27.718 A  IlliniCover[26531:3d1385] (Security) SecKeyCopyAttributes
2026-08-12 15:36:27.718 A  IlliniCover[26531:3d1385] (Security) SecKeyCopyPublicBytes
2026-08-12 15:36:27.718 Df IlliniCover[26531:3d1385] [com.apple.network:boringssl] boringssl_context_new_session_handler(1771) [C3:1][0x11f555960] Asyncing for session update block
2026-08-12 15:36:27.718 Df IlliniCover[26531:3d1385] [com.apple.network:boringssl] nw_protocol_boringssl_signal_connected(895) [C3:1][0x11f555960] TLS connected [server(0) version(0x0304) ciphersuite(TLS_AES_256_GCM_SHA384) group(0x11ec) signature_alg(0x0403) alpn(h3) resumed(0) offered_ticket(0) in_early_data(0) early_data_accepted(0) false_started(0) ocsp_received(0) sct_received(0) connect_time(31ms) flight_time(12ms) rtt(11ms) write_stalls(0) read_stalls(5) pake(0x0000)]
2026-08-12 15:36:27.718 Df IlliniCover[26531:3d1385] [com.apple.network:connection] nw_flow_connected [C3 IPv4#a676228e:443 ready socket-flow (satisfied (Path is satisfied), interface: en0[802.11], uses wifi, LQM: unknown)] Output protocol connected (tls)
2026-08-12 15:36:27.719 Df IlliniCover[26531:3d1385] [com.apple.network:quic] quic_stream_create_inbound [C2.1.1.1:2] [-01aa4de1e2872ca6c0abc3e098871d2f0379965c] creating inbound stream 3
2026-08-12 15:36:27.719 Df IlliniCover[26531:3d1385] [com.apple.network:quic] quic_stream_create_inbound [C2.1.1.1:2] [-01aa4de1e2872ca6c0abc3e098871d2f0379965c] creating inbound stream 7
2026-08-12 15:36:27.719 Df IlliniCover[26531:3d1385] [com.apple.network:quic] quic_stream_create_inbound [C2.1.1.1:2] [-01aa4de1e2872ca6c0abc3e098871d2f0379965c] creating inbound stream 11
2026-08-12 15:36:27.719 Df IlliniCover[26531:3d1385] [com.apple.network:quic] quic_stream_create_inbound [C2.1.1.1:2] [-01aa4de1e2872ca6c0abc3e098871d2f0379965c] creating inbound stream 15
2026-08-12 15:36:27.720 Df IlliniCover[26531:3d1385] [com.apple.network:boringssl] boringssl_context_new_session_handler_block_invoke(1774) [C3:1][0x11f555960] Returning from session update block
2026-08-12 15:36:27.720 Df IlliniCover[26531:3d1385] [com.apple.network:boringssl] boringssl_context_new_session_handler_block_invoke(1774) [C3:1][0x11f555960] Returning from session update block
2026-08-12 15:36:27.722 Df IlliniCover[26531:3d1385] [com.apple.dt.xctest:Default] Received request to fetch matches for query:
2026-08-12 15:36:27.722 Df IlliniCover[26531:3d1387] [com.apple.dt.xctest:Default] Evaluating query:
2026-08-12 15:36:27.722 Df IlliniCover[26531:3d1387] [com.apple.dt.xctest:Default] Getting root element snapshot
2026-08-12 15:36:27.722 Df IlliniCover[26531:3d1387] [com.apple.dt.xctest:Default] Getting snapshot for App element pid: 26531 for query
2026-08-12 15:36:27.722 Df IlliniCover[26531:3d1387] [com.apple.dt.xctest:Default] Query requires iOS snapshot attributes .
2026-08-12 15:36:27.722 Df IlliniCover[26531:3d1387] [com.apple.dt.xctest:Default] XCTPerformOnMainRunLoop[not MT]: about to CFRunLoopPerform
2026-08-12 15:36:27.722 Df IlliniCover[26531:3d1387] [com.apple.dt.xctest:Default] XCTPerformOnMainRunLoop[not MT]: waiting with 30.00s responsiveness timeout
2026-08-12 15:36:27.809 Df IlliniCover[26531:3d136f] [com.apple.UIKit:_UIVisualStyleRegistry] Note: no default visual style class registered as fallback for stylable class UIActivityIndicatorView
2026-08-12 15:36:27.809 Df IlliniCover[26531:3d136f] [com.apple.UIKit:_UIVisualStyleRegistry] Note: no default visual style class registered as fallback for stylable class UIActivityIndicatorView
2026-08-12 15:36:28.049 Df IlliniCover[26531:3d136f] [com.apple.dt.xctest:Default] XCTPerformOnMainRunLoop[MT]: inside CFRunLoopPerform
2026-08-12 15:36:28.049 Df IlliniCover[26531:3d136f] [com.apple.dt.xctest:Default] XCTPerformOnMainRunLoop[MT]: MT responded in time (won the race to the busy flag)
2026-08-12 15:36:28.049 Df IlliniCover[26531:3d1387] [com.apple.dt.xctest:Default] XCTPerformOnMainRunLoop[not MT]: waiting 60.00s for work to complete
2026-08-12 15:36:28.050 Df IlliniCover[26531:3d136f] [com.apple.dt.xctest:Default] Got main window <AXUIElementRef 0x1200acb70> {pid=26531} {uid=[ID:4 hash:0x105600800]}
2026-08-12 15:36:28.050 Df IlliniCover[26531:3d136f] [com.apple.dt.xctest:Default] Capturing hierarchy with attributes XC_kAXXCAttributeElementType, XC_kAXXCAttributeElementBaseType, XC_kAXXCAttributeParent, XC_kAXXCAttributeIdentifier, XC_kAXXCAttributeAutomationType, XC_kAXXCAttributeTraits
2026-08-12 15:36:28.050 Df IlliniCover[26531:3d136f] [com.apple.dt.xctest:Default] Capturing hierarchy with parameters {
    attributes =     (
        5003,
        5004,
        5002,
        5019,
        5058,
        2004
    );
    maxArrayCount = 2147483647;
    maxChildren = 2147483647;
    maxDepth = 2147483647;
    snapshotKeyHonorModalViews = 0;
    traverseFromParentsToChildren = 1;
}
2026-08-12 15:36:28.050 Df IlliniCover[26531:3d136f] [com.apple.dt.xctest:Default] Snapshot attributes 5003, 5004, 5002, 5019, 5058, 2004
2026-08-12 15:36:28.054 Df IlliniCover[26531:3d136f] [com.apple.dt.xctest:Default] Got snapshot for <AXUIElementRef 0x11bd81f80> {pid=26531} {uid=[ID:1 hash:0x0]}
2026-08-12 15:36:28.055 Df IlliniCover[26531:3d136f] [com.apple.dt.xctest:Default] Got app orientation 0
2026-08-12 15:36:28.055 Df IlliniCover[26531:3d136f] [com.apple.dt.xctest:Default] Captured accessibility snapshot data in 0.01s
2026-08-12 15:36:28.055 Df IlliniCover[26531:3d1387] [com.apple.dt.xctest:Default] Found main window: Window
2026-08-12 15:36:28.055 Df IlliniCover[26531:3d1387] [com.apple.dt.xctest:Default] App orientation is 0 (not portrait) and UITextEffectsWindow window Window is not main window
2026-08-12 15:36:28.055 Df IlliniCover[26531:3d1387] [com.apple.dt.xctest:Default] Leaving frame unchanged for Window: either already correct or we can't detect it.
2026-08-12 15:36:28.055 Df IlliniCover[26531:3d1387] [com.apple.dt.xctest:Default] Query  found matching snapshots: {(
    Application, pid: 26531
)} (error: (null))
2026-08-12 15:36:28.055 Df IlliniCover[26531:3d1387] [com.apple.dt.xctest:Default] Replying to query  with results: <XCTElementQueryResults: 0x11f7fbf30> (error: (null))
2026-08-12 15:36:28.124 E  IlliniCover[26531:3d136f] [com.apple.UIKit:Assert] button text attributes only respected for UIControlStateNormal, UIControlStateHighlighted, UIControlStateDisabled and UIControlStateFocused. state = 4 is interpreted as UIControlStateHighlighted.
2026-08-12 15:36:28.128 E  IlliniCover[26531:3d136f] [com.apple.UIKit:Assert] button text attributes only respected for UIControlStateNormal, UIControlStateHighlighted, UIControlStateDisabled and UIControlStateFocused. state = 4 is interpreted as UIControlStateHighlighted.
2026-08-12 15:36:28.139 Df IlliniCover[26531:3d1385] [com.apple.cfnetwork:h3stream] 0x11f5d2698 ID=0 Task <7516C24A-8F9B-46AC-AABD-CE33F2D9DEC0>.<2> received response, status 200 content K
2026-08-12 15:36:28.140 A  IlliniCover[26531:3d1385] (Security) SecTrustEvaluateIfNecessary
2026-08-12 15:36:28.140 Df IlliniCover[26531:3d1385] [com.apple.xpc:connection] [0x11dc07ac0] activating connection: mach=true listener=false peer=false name=com.apple.trustd
2026-08-12 15:36:28.147 Df IlliniCover[26531:3d1385] [com.apple.xpc:connection] [0x11dc07ac0] invalidated because the current process cancelled the connection by calling xpc_connection_cancel()
2026-08-12 15:36:28.147 Df IlliniCover[26531:3d1385] [com.apple.CFNetwork:Default] Task <7516C24A-8F9B-46AC-AABD-CE33F2D9DEC0>.<2> response ended
2026-08-12 15:36:28.147 Df IlliniCover[26531:3d1385] [com.apple.network:connection] [C2] event: client:connection_idle @0.522s
2026-08-12 15:36:28.148 Df IlliniCover[26531:3d1385] [com.apple.CFNetwork:Default] Task <7516C24A-8F9B-46AC-AABD-CE33F2D9DEC0>.<2> done using Connection 2
2026-08-12 15:36:28.148 Df IlliniCover[26531:3d1383] [com.apple.CFNetwork:Summary] Task <7516C24A-8F9B-46AC-AABD-CE33F2D9DEC0>.<2> summary for task success {transaction_duration_ms=552, response_status=200, connection=2, protocol="h3", domain_lookup_duration_ms=24, connect_duration_ms=38, secure_connection_duration_ms=36, private_relay=false, request_start_ms=118, request_duration_ms=0, response_start_ms=543, response_duration_ms=8, request_bytes=391, request_throughput_kbps=20580, response_bytes=2235, response_throughput_kbps=2051, cache_hit=true}
2026-08-12 15:36:28.151 Df IlliniCover[26531:3d1383] [com.apple.CFNetwork:Default] Task <7516C24A-8F9B-46AC-AABD-CE33F2D9DEC0>.<2> finished successfully
2026-08-12 15:36:28.188 E  IlliniCover[26531:3d136f] [com.apple.UIKit:UIFocus] RCTScrollViewComponentView implements focusItemsInRect: - caching for linear focus movement is limited as long as this view is on screen.
2026-08-12 15:36:28.213 E  IlliniCover[26531:3d136f] [com.apple.UIKit:Assert] button text attributes only respected for UIControlStateNormal, UIControlStateHighlighted, UIControlStateDisabled and UIControlStateFocused. state = 4 is interpreted as UIControlStateHighlighted.
2026-08-12 15:36:28.213 E  IlliniCover[26531:3d136f] [com.apple.UIKit:Assert] button text attributes only respected for UIControlStateNormal, UIControlStateHighlighted, UIControlStateDisabled and UIControlStateFocused. state = 4 is interpreted as UIControlStateHighlighted.
2026-08-12 15:36:28.244 A  IlliniCover[26531:3d136f] (CoreFoundation) Updating Key-Value Observers Of Preferences
2026-08-12 15:36:29.874 Df IlliniCover[26531:3d136f] [com.apple.KeyboardArbiter:Client] TX focusApplication (peekAppEvent) stealKB:Y scene:com.illinicover.app-default
2026-08-12 15:36:29.874 Df IlliniCover[26531:3d136f] [com.apple.UIKit:EventDispatch] Evaluating dispatch of UIEvent: 0x10559d500; type: 0; subtype: 0; backing type: 11; shouldSend: 1; ignoreInteractionEvents: 0, systemGestureStateChange: 0
2026-08-12 15:36:29.874 Df IlliniCover[26531:3d136f] [com.apple.UIKit:EventDispatch] Sending UIEvent type: 0; subtype: 0; to windows: 1
2026-08-12 15:36:29.874 Df IlliniCover[26531:3d136f] [com.apple.UIKit:EventDispatch] Sending UIEvent type: 0; subtype: 0; to window: <UIWindow: 0x105600800>; contextId: 0xF44169AA
2026-08-12 15:36:29.879 A  IlliniCover[26531:3d136f] (UIKitCore) send gesture actions
2026-08-12 15:36:29.881 A  IlliniCover[26531:3d136f] (UIKitCore) send gesture actions
2026-08-12 15:36:29.888 Df IlliniCover[26531:3d136f] [com.apple.UIKit:EventDispatch] Evaluating dispatch of UIEvent: 0x10559d500; type: 0; subtype: 0; backing type: 11; shouldSend: 0; ignoreInteractionEvents: 0, systemGestureStateChange: 0
2026-08-12 15:36:29.894 Df IlliniCover[26531:3d136f] [com.apple.UIKit:EventDispatch] Evaluating dispatch of UIEvent: 0x10559d500; type: 0; subtype: 0; backing type: 11; shouldSend: 0; ignoreInteractionEvents: 0, systemGestureStateChange: 0
2026-08-12 15:36:29.905 Df IlliniCover[26531:3d136f] [com.apple.UIKit:EventDispatch] Evaluating dispatch of UIEvent: 0x10559d500; type: 0; subtype: 0; backing type: 11; shouldSend: 0; ignoreInteractionEvents: 0, systemGestureStateChange: 0
2026-08-12 15:36:29.922 Df IlliniCover[26531:3d136f] [com.apple.UIKit:EventDispatch] Evaluating dispatch of UIEvent: 0x10559d500; type: 0; subtype: 0; backing type: 11; shouldSend: 0; ignoreInteractionEvents: 0, systemGestureStateChange: 0
2026-08-12 15:36:29.938 Df IlliniCover[26531:3d136f] [com.apple.UIKit:EventDispatch] Evaluating dispatch of UIEvent: 0x10559d500; type: 0; subtype: 0; backing type: 11; shouldSend: 0; ignoreInteractionEvents: 0, systemGestureStateChange: 0
2026-08-12 15:36:29.955 Df IlliniCover[26531:3d136f] [com.apple.UIKit:EventDispatch] Evaluating dispatch of UIEvent: 0x10559d500; type: 0; subtype: 0; backing type: 11; shouldSend: 0; ignoreInteractionEvents: 0, systemGestureStateChange: 0
2026-08-12 15:36:29.972 Df IlliniCover[26531:3d136f] [com.apple.UIKit:EventDispatch] Evaluating dispatch of UIEvent: 0x10559d500; type: 0; subtype: 0; backing type: 11; shouldSend: 0; ignoreInteractionEvents: 0, systemGestureStateChange: 0
2026-08-12 15:36:29.988 Df IlliniCover[26531:3d136f] [com.apple.UIKit:EventDispatch] Evaluating dispatch of UIEvent: 0x10559d500; type: 0; subtype: 0; backing type: 11; shouldSend: 0; ignoreInteractionEvents: 0, systemGestureStateChange: 0
2026-08-12 15:36:29.989 Df IlliniCover[26531:3d136f] [com.apple.UIKit:EventDispatch] Evaluating dispatch of UIEvent: 0x10559d500; type: 0; subtype: 0; backing type: 11; shouldSend: 1; ignoreInteractionEvents: 0, systemGestureStateChange: 0
2026-08-12 15:36:29.989 Df IlliniCover[26531:3d136f] [com.apple.UIKit:EventDispatch] Sending UIEvent type: 0; subtype: 0; to windows: 1
2026-08-12 15:36:29.989 Df IlliniCover[26531:3d136f] [com.apple.UIKit:EventDispatch] Sending UIEvent type: 0; subtype: 0; to window: <UIWindow: 0x105600800>; contextId: 0xF44169AA
2026-08-12 15:36:29.989 A  IlliniCover[26531:3d136f] (UIKitCore) send gesture actions
2026-08-12 15:36:29.990 A  IlliniCover[26531:3d136f] (UIKitCore) send gesture actions
2026-08-12 15:36:29.990 A  IlliniCover[26531:3d136f] (UIKitCore) send control actions
2026-08-12 15:36:29.999 E  IlliniCover[26531:3d136f] [com.apple.UIKit:Assert] button text attributes only respected for UIControlStateNormal, UIControlStateHighlighted, UIControlStateDisabled and UIControlStateFocused. state = 4 is interpreted as UIControlStateHighlighted.
2026-08-12 15:36:30.014 E  IlliniCover[26531:3d136f] [com.apple.UIKit:Assert] button text attributes only respected for UIControlStateNormal, UIControlStateHighlighted, UIControlStateDisabled and UIControlStateFocused. state = 4 is interpreted as UIControlStateHighlighted.
2026-08-12 15:36:30.075 Df IlliniCover[26531:3d136f] [com.apple.UIKit:EventDispatch] Evaluating dispatch of UIEvent: 0x10559d500; type: 0; subtype: 0; backing type: 11; shouldSend: 0; ignoreInteractionEvents: 0, systemGestureStateChange: 1
2026-08-12 15:36:30.077 A  IlliniCover[26531:3d136f] (UIKitCore) send gesture actions
2026-08-12 15:36:30.077 A  IlliniCover[26531:3d136f] (UIKitCore) send gesture actions
2026-08-12 15:36:31.940 Df IlliniCover[26531:3d1385] [com.apple.dt.xctest:Default] Received request to fetch matches for query:
2026-08-12 15:36:31.940 Df IlliniCover[26531:3d138c] [com.apple.dt.xctest:Default] Evaluating query:
2026-08-12 15:36:31.940 Df IlliniCover[26531:3d138c] [com.apple.dt.xctest:Default] Getting root element snapshot
2026-08-12 15:36:31.940 Df IlliniCover[26531:3d138c] [com.apple.dt.xctest:Default] Getting snapshot for App element pid: 26531 for query
2026-08-12 15:36:31.940 Df IlliniCover[26531:3d138c] [com.apple.dt.xctest:Default] Query requires iOS snapshot attributes .
2026-08-12 15:36:31.940 Df IlliniCover[26531:3d138c] [com.apple.dt.xctest:Default] XCTPerformOnMainRunLoop[not MT]: about to CFRunLoopPerform
2026-08-12 15:36:31.940 Df IlliniCover[26531:3d138c] [com.apple.dt.xctest:Default] XCTPerformOnMainRunLoop[not MT]: waiting with 30.00s responsiveness timeout
2026-08-12 15:36:31.940 Df IlliniCover[26531:3d136f] [com.apple.dt.xctest:Default] XCTPerformOnMainRunLoop[MT]: inside CFRunLoopPerform
2026-08-12 15:36:31.940 Df IlliniCover[26531:3d136f] [com.apple.dt.xctest:Default] XCTPerformOnMainRunLoop[MT]: MT responded in time (won the race to the busy flag)
2026-08-12 15:36:31.940 Df IlliniCover[26531:3d138c] [com.apple.dt.xctest:Default] XCTPerformOnMainRunLoop[not MT]: waiting 60.00s for work to complete
2026-08-12 15:36:31.941 Df IlliniCover[26531:3d136f] [com.apple.dt.xctest:Default] Got main window <AXUIElementRef 0x1213bc7e0> {pid=26531} {uid=[ID:4 hash:0x105600800]}
2026-08-12 15:36:31.941 Df IlliniCover[26531:3d136f] [com.apple.dt.xctest:Default] Capturing hierarchy with attributes XC_kAXXCAttributeElementType, XC_kAXXCAttributeElementBaseType, XC_kAXXCAttributeParent, XC_kAXXCAttributeIdentifier, XC_kAXXCAttributeAutomationType, XC_kAXXCAttributeTraits
2026-08-12 15:36:31.941 Df IlliniCover[26531:3d136f] [com.apple.dt.xctest:Default] Capturing hierarchy with parameters {
    attributes =     (
        5003,
        5004,
        5002,
        5019,
        5058,
        2004
    );
    maxArrayCount = 2147483647;
    maxChildren = 2147483647;
    maxDepth = 2147483647;
    snapshotKeyHonorModalViews = 0;
    traverseFromParentsToChildren = 1;
}
2026-08-12 15:36:31.941 Df IlliniCover[26531:3d136f] [com.apple.dt.xctest:Default] Snapshot attributes 5003, 5004, 5002, 5019, 5058, 2004
2026-08-12 15:36:32.013 Df IlliniCover[26531:3d136f] [com.apple.dt.xctest:Default] Got snapshot for <AXUIElementRef 0x11dcfdfb0> {pid=26531} {uid=[ID:1 hash:0x0]}
2026-08-12 15:36:32.013 Df IlliniCover[26531:3d136f] [com.apple.dt.xctest:Default] Got app orientation 0
2026-08-12 15:36:32.013 Df IlliniCover[26531:3d136f] [com.apple.dt.xctest:Default] Captured accessibility snapshot data in 0.07s
2026-08-12 15:36:32.013 Df IlliniCover[26531:3d138c] [com.apple.dt.xctest:Default] Found main window: Window
2026-08-12 15:36:32.014 Df IlliniCover[26531:3d138c] [com.apple.dt.xctest:Default] Preferring automation type 48 instead of legacy element type OTHER derived from class/trait: UILabel:UILabel 8590000128
2026-08-12 15:36:32.015 Df IlliniCover[26531:3d138c] [com.apple.dt.xctest:Default] App orientation is 0 (not portrait) and UITextEffectsWindow window Window is not main window
2026-08-12 15:36:32.015 Df IlliniCover[26531:3d138c] [com.apple.dt.xctest:Default] Leaving frame unchanged for Window: either already correct or we can't detect it.
2026-08-12 15:36:32.015 Df IlliniCover[26531:3d138c] [com.apple.dt.xctest:Default] Query  found matching snapshots: {(
    Application, pid: 26531
)} (error: (null))
2026-08-12 15:36:32.015 Df IlliniCover[26531:3d138c] [com.apple.dt.xctest:Default] Replying to query  with results: <XCTElementQueryResults: 0x12038ee80> (error: (null))
2026-08-12 15:36:33.022 Df IlliniCover[26531:3d136f] [com.apple.KeyboardArbiter:Client] TX focusApplication (peekAppEvent) stealKB:Y scene:com.illinicover.app-default
2026-08-12 15:36:33.022 Df IlliniCover[26531:3d136f] [com.apple.UIKit:EventDispatch] Evaluating dispatch of UIEvent: 0x10559d500; type: 0; subtype: 0; backing type: 11; shouldSend: 1; ignoreInteractionEvents: 0, systemGestureStateChange: 0
2026-08-12 15:36:33.023 Df IlliniCover[26531:3d136f] [com.apple.UIKit:EventDispatch] Sending UIEvent type: 0; subtype: 0; to windows: 1
2026-08-12 15:36:33.023 Df IlliniCover[26531:3d136f] [com.apple.UIKit:EventDispatch] Sending UIEvent type: 0; subtype: 0; to window: <UIWindow: 0x105600800>; contextId: 0xF44169AA
2026-08-12 15:36:33.024 A  IlliniCover[26531:3d136f] (UIKitCore) send gesture actions
2026-08-12 15:36:33.024 A  IlliniCover[26531:3d136f] (UIKitCore) send control actions
2026-08-12 15:36:33.025 Df IlliniCover[26531:3d136f] [com.apple.UIKit:EventDispatch] Evaluating dispatch of UIEvent: 0x10559d500; type: 0; subtype: 0; backing type: 11; shouldSend: 0; ignoreInteractionEvents: 0, systemGestureStateChange: 0
2026-08-12 15:36:33.055 Df IlliniCover[26531:3d136f] [com.apple.UIKit:EventDispatch] Evaluating dispatch of UIEvent: 0x10559d500; type: 0; subtype: 0; backing type: 11; shouldSend: 0; ignoreInteractionEvents: 0, systemGestureStateChange: 0
2026-08-12 15:36:33.088 Df IlliniCover[26531:3d136f] [com.apple.UIKit:EventDispatch] Evaluating dispatch of UIEvent: 0x10559d500; type: 0; subtype: 0; backing type: 11; shouldSend: 0; ignoreInteractionEvents: 0, systemGestureStateChange: 0
2026-08-12 15:36:33.105 Df IlliniCover[26531:3d136f] [com.apple.UIKit:EventDispatch] Evaluating dispatch of UIEvent: 0x10559d500; type: 0; subtype: 0; backing type: 11; shouldSend: 0; ignoreInteractionEvents: 0, systemGestureStateChange: 1
2026-08-12 15:36:33.105 A  IlliniCover[26531:3d136f] (UIKitCore) send gesture actions
2026-08-12 15:36:33.122 Df IlliniCover[26531:3d136f] [com.apple.UIKit:EventDispatch] Evaluating dispatch of UIEvent: 0x10559d500; type: 0; subtype: 0; backing type: 11; shouldSend: 0; ignoreInteractionEvents: 0, systemGestureStateChange: 0
2026-08-12 15:36:33.138 Df IlliniCover[26531:3d136f] [com.apple.UIKit:EventDispatch] Evaluating dispatch of UIEvent: 0x10559d500; type: 0; subtype: 0; backing type: 11; shouldSend: 0; ignoreInteractionEvents: 0, systemGestureStateChange: 0
2026-08-12 15:36:33.155 Df IlliniCover[26531:3d136f] [com.apple.UIKit:EventDispatch] Evaluating dispatch of UIEvent: 0x10559d500; type: 0; subtype: 0; backing type: 11; shouldSend: 1; ignoreInteractionEvents: 0, systemGestureStateChange: 0
2026-08-12 15:36:33.155 Df IlliniCover[26531:3d136f] [com.apple.UIKit:EventDispatch] Sending UIEvent type: 0; subtype: 0; to windows: 1
2026-08-12 15:36:33.155 Df IlliniCover[26531:3d136f] [com.apple.UIKit:EventDispatch] Sending UIEvent type: 0; subtype: 0; to window: <UIWindow: 0x105600800>; contextId: 0xF44169AA
2026-08-12 15:36:33.155 A  IlliniCover[26531:3d136f] (UIKitCore) send gesture actions
2026-08-12 15:36:33.156 A  IlliniCover[26531:3d136f] (UIKitCore) send gesture actions
2026-08-12 15:36:33.156 A  IlliniCover[26531:3d136f] (UIKitCore) send gesture actions
2026-08-12 15:36:33.156 A  IlliniCover[26531:3d136f] (UIKitCore) send control actions
2026-08-12 15:36:33.166 Df IlliniCover[26531:3d136f] [com.apple.UIKit:UIFocusSystemSceneComponent] Override focusSystemState: (ENABLED) for reason(s): {(
    "<_UIVariableGestureContextMenuInteraction 0x108abc600>"
)}
2026-08-12 15:36:33.166 Df IlliniCover[26531:3d136f] [com.apple.UIKit:InterfaceStyle] Not push traits update to screen for new style 2, <UIWindowScene: 0x105750e00> (2050C5AC-6A26-42BC-8E8F-FBAE5EDC0388)
2026-08-12 15:36:33.214 A  IlliniCover[26531:3d136f] (UIKitCore) send control actions
2026-08-12 15:36:33.236 Df IlliniCover[26531:3d136f] [com.apple.UIKit:UICMILifecycle] performAllAnimations for animator: <_UIContextMenuAnimator: 0x121351bc0>
2026-08-12 15:36:33.242 Df IlliniCover[26531:3d136f] [com.apple.coreanimation:API] <CATransformLayer: 0x120357f90> - changing property presentationModifiers in transform-only layer, will have no effect
2026-08-12 15:36:33.739 Df IlliniCover[26531:3d136f] [com.apple.UIKit:UICMILifecycle] _animateUsingFluidSpringWithType 0 completion: finished 1, retargeted 1, count: 0
2026-08-12 15:36:34.228 Df IlliniCover[26531:3d136f] [com.apple.coreanimation:API] <CATransformLayer: 0x120357f90> - changing property presentationModifiers in transform-only layer, will have no effect
2026-08-12 15:36:34.278 Df IlliniCover[26531:3d136f] [com.apple.UIKit:UICMILifecycle] performAllCompletions for animator: <_UIContextMenuAnimator: 0x121351bc0>
2026-08-12 15:36:35.492 Df IlliniCover[26531:3d1383] [com.apple.xpc:connection] [0x105570780] invalidated because the client process (pid 26428) either cancelled the connection or exited
2026-08-12 15:36:35.492 Df IlliniCover[26531:3d1383] [com.apple.dt.xctest:Default] Connection from client with pid 26428 was invalidated.
2026-08-12 15:36:35.495 Df IlliniCover[26531:3d1383] [com.apple.dt.automationmode:Default] Handling posted change notification (com.apple.dt.automationmode.state-changed)
2026-08-12 15:36:35.495 Df IlliniCover[26531:3d1383] [com.apple.dt.automationmode:Default] XAM shared observer connecting to com.apple.dt.automationmode.reader
2026-08-12 15:36:35.495 Df IlliniCover[26531:3d1383] [com.apple.xpc:connection] [0x1221dc500] activating connection: mach=true listener=false peer=false name=com.apple.dt.automationmode.reader
2026-08-12 15:36:35.497 Df IlliniCover[26531:3d1383] [com.apple.xpc:connection] [0x1221dc500] invalidated because the current process cancelled the connection by calling xpc_connection_cancel()
2026-08-12 15:36:35.497 Df IlliniCover[26531:3d1383] [com.apple.dt.automationmode:Default] Comparing previous enabled state (1) to current enabled state (0)
2026-08-12 15:36:35.497 Df IlliniCover[26531:3d1383] [com.apple.dt.xctest:Default] Automation Mode has been disabled, existing connections will be invalidated.
2026-08-12 15:36:36.443 Df IlliniCover[26531:3d1383] [com.apple.launchservices:db] NotifyToken::RegisterDispatch(com.apple.LaunchServices.database) fired for session key LSSessionKey(system: 0 uid: 501)
2026-08-12 15:36:42.973 Df IlliniCover[26531:3d1383] [com.apple.dt.automationmode:Default] Handling posted change notification (com.apple.dt.automationmode.state-changed)
2026-08-12 15:36:42.973 Df IlliniCover[26531:3d1383] [com.apple.dt.automationmode:Default] XAM shared observer connecting to com.apple.dt.automationmode.reader
2026-08-12 15:36:42.973 Df IlliniCover[26531:3d1383] [com.apple.xpc:connection] [0x1221dc500] activating connection: mach=true listener=false peer=false name=com.apple.dt.automationmode.reader
2026-08-12 15:36:42.975 Df IlliniCover[26531:3d1383] [com.apple.xpc:connection] [0x1221dc500] invalidated because the current process cancelled the connection by calling xpc_connection_cancel()
2026-08-12 15:36:42.975 Df IlliniCover[26531:3d1383] [com.apple.dt.automationmode:Default] Comparing previous enabled state (0) to current enabled state (1)
2026-08-12 15:36:43.873 Df IlliniCover[26531:3d1398] [com.apple.dt.xctest:Default] Received request for endpoint.
2026-08-12 15:36:43.873 Df IlliniCover[26531:3d1398] [com.apple.dt.xctest:Default] Sending anonymous endpoint.
2026-08-12 15:36:43.873 Df IlliniCover[26531:3d1398] [com.apple.xpc:connection] [0x1055e17c0] Connection returned listener port: 0x7813
2026-08-12 15:36:43.874 Df IlliniCover[26531:3d1398] [com.apple.dt.xctest:Default] Received client to target connection.
2026-08-12 15:36:43.874 Df IlliniCover[26531:3d1398] [com.apple.dt.automationmode:Default] Returning 1 for enabled state
2026-08-12 15:36:43.874 Df IlliniCover[26531:3d1398] [com.apple.xpc:connection] [0x105572280] activating connection: mach=false listener=false peer=true name=com.apple.xpc.anonymous.0x1055e17c0.peer[26692].0x105572280
2026-08-12 15:36:43.874 Df IlliniCover[26531:3d1398] [com.apple.dt.xctest:Default] Received request to exchange capabilities, remote interface capabilities are: <XCTCapabilities: 0x11cb6bfc0>: {
    "query runtime issue reporting" = 1;
    "query runtime issue reporting/automation type mismatch" = 1;
}
2026-08-12 15:36:43.875 Df IlliniCover[26531:3d1398] [com.apple.dt.xctest:Default] Received request to fetch matches for query:
2026-08-12 15:36:43.875 Df IlliniCover[26531:3d1383] [com.apple.dt.xctest:Default] Evaluating query:
2026-08-12 15:36:43.875 Df IlliniCover[26531:3d1383] [com.apple.dt.xctest:Default] Getting root element snapshot
2026-08-12 15:36:43.875 Df IlliniCover[26531:3d1383] [com.apple.dt.xctest:Default] Getting snapshot for App element pid: 26531 for query
2026-08-12 15:36:43.876 Df IlliniCover[26531:3d1383] [com.apple.dt.xctest:Default] Query requires iOS snapshot attributes .
2026-08-12 15:36:43.876 Df IlliniCover[26531:3d1383] [com.apple.dt.xctest:Default] XCTPerformOnMainRunLoop[not MT]: about to CFRunLoopPerform
2026-08-12 15:36:43.876 Df IlliniCover[26531:3d136f] [com.apple.dt.xctest:Default] XCTPerformOnMainRunLoop[MT]: inside CFRunLoopPerform
2026-08-12 15:36:43.876 Df IlliniCover[26531:3d1383] [com.apple.dt.xctest:Default] XCTPerformOnMainRunLoop[not MT]: waiting with 30.00s responsiveness timeout
2026-08-12 15:36:43.876 Df IlliniCover[26531:3d136f] [com.apple.dt.xctest:Default] XCTPerformOnMainRunLoop[MT]: MT responded in time (won the race to the busy flag)
2026-08-12 15:36:43.876 Df IlliniCover[26531:3d1383] [com.apple.dt.xctest:Default] XCTPerformOnMainRunLoop[not MT]: waiting 60.00s for work to complete
2026-08-12 15:36:43.876 Df IlliniCover[26531:3d136f] [com.apple.dt.xctest:Default] Got main window <AXUIElementRef 0x1213281e0> {pid=26531} {uid=[ID:4 hash:0x105600800]}
2026-08-12 15:36:43.876 Df IlliniCover[26531:3d136f] [com.apple.dt.xctest:Default] Capturing hierarchy with attributes XC_kAXXCAttributeElementType, XC_kAXXCAttributeElementBaseType, XC_kAXXCAttributeParent, XC_kAXXCAttributeIdentifier, XC_kAXXCAttributeAutomationType, XC_kAXXCAttributeTraits
2026-08-12 15:36:43.876 Df IlliniCover[26531:3d136f] [com.apple.dt.xctest:Default] Capturing hierarchy with parameters {
    attributes =     (
        5003,
        5004,
        5002,
        5019,
        5058,
        2004
    );
    maxArrayCount = 2147483647;
    maxChildren = 2147483647;
    maxDepth = 2147483647;
    snapshotKeyHonorModalViews = 0;
    traverseFromParentsToChildren = 1;
}
2026-08-12 15:36:43.876 Df IlliniCover[26531:3d136f] [com.apple.dt.xctest:Default] Snapshot attributes 5003, 5004, 5002, 5019, 5058, 2004
2026-08-12 15:36:43.938 Df IlliniCover[26531:3d136f] [com.apple.dt.xctest:Default] Got snapshot for <AXUIElementRef 0x1213bebe0> {pid=26531} {uid=[ID:1 hash:0x0]}
2026-08-12 15:36:43.938 Df IlliniCover[26531:3d136f] [com.apple.dt.xctest:Default] Got app orientation 0
2026-08-12 15:36:43.938 Df IlliniCover[26531:3d136f] [com.apple.dt.xctest:Default] Captured accessibility snapshot data in 0.06s
2026-08-12 15:36:43.938 Df IlliniCover[26531:3d1383] [com.apple.dt.xctest:Default] Found main window: Window
2026-08-12 15:36:43.938 Df IlliniCover[26531:3d1383] [com.apple.dt.xctest:Default] Preferring automation type 48 instead of legacy element type OTHER derived from class/trait: UILabel:UILabel 8590000128
2026-08-12 15:36:43.939 Df IlliniCover[26531:3d1383] [com.apple.dt.xctest:Default] Preferring automation type 75 instead of legacy element type OTHER derived from class/trait: _UIContextMenuCell:_UIContextMenuCell 146028888064
2026-08-12 15:36:43.939 Df IlliniCover[26531:3d1383] [com.apple.dt.xctest:Default] Preferring automation type 75 instead of legacy element type OTHER derived from class/trait: _UIContextMenuCell:_UIContextMenuCell 146028888064
2026-08-12 15:36:43.939 Df IlliniCover[26531:3d1383] [com.apple.dt.xctest:Default] Preferring automation type 75 instead of legacy element type OTHER derived from class/trait: _UIContextMenuCell:_UIContextMenuCell 146028888064
2026-08-12 15:36:43.939 Df IlliniCover[26531:3d1383] [com.apple.dt.xctest:Default] Preferring automation type 75 instead of legacy element type OTHER derived from class/trait: _UIContextMenuCell:_UIContextMenuCell 146028888064
2026-08-12 15:36:43.939 Df IlliniCover[26531:3d1383] [com.apple.dt.xctest:Default] App orientation is 0 (not portrait) and UITextEffectsWindow window Window is not main window
2026-08-12 15:36:43.939 Df IlliniCover[26531:3d1383] [com.apple.dt.xctest:Default] Leaving frame unchanged for Window: either already correct or we can't detect it.
2026-08-12 15:36:43.939 Df IlliniCover[26531:3d1383] [com.apple.dt.xctest:Default] Query  found matching snapshots: {(
    Application, pid: 26531
)} (error: (null))
2026-08-12 15:36:43.940 Df IlliniCover[26531:3d1383] [com.apple.dt.xctest:Default] Replying to query  with results: <XCTElementQueryResults: 0x12014a700> (error: (null))
2026-08-12 15:36:44.059 Df IlliniCover[26531:3d1383] [com.apple.dt.xctest:Default] Received request to fetch matches for query:
2026-08-12 15:36:44.059 Df IlliniCover[26531:3d1398] [com.apple.dt.xctest:Default] Evaluating query:
2026-08-12 15:36:44.059 Df IlliniCover[26531:3d1398] [com.apple.dt.xctest:Default] Getting root element snapshot
2026-08-12 15:36:44.059 Df IlliniCover[26531:3d1398] [com.apple.dt.xctest:Default] Getting snapshot for App element pid: 26531 for query
2026-08-12 15:36:44.059 Df IlliniCover[26531:3d1398] [com.apple.dt.xctest:Default] Query requires iOS snapshot attributes .
2026-08-12 15:36:44.059 Df IlliniCover[26531:3d1398] [com.apple.dt.xctest:Default] XCTPerformOnMainRunLoop[not MT]: about to CFRunLoopPerform
2026-08-12 15:36:44.059 Df IlliniCover[26531:3d1398] [com.apple.dt.xctest:Default] XCTPerformOnMainRunLoop[not MT]: waiting with 30.00s responsiveness timeout
2026-08-12 15:36:44.059 Df IlliniCover[26531:3d136f] [com.apple.dt.xctest:Default] XCTPerformOnMainRunLoop[MT]: inside CFRunLoopPerform
2026-08-12 15:36:44.059 Df IlliniCover[26531:3d136f] [com.apple.dt.xctest:Default] XCTPerformOnMainRunLoop[MT]: MT responded in time (won the race to the busy flag)
2026-08-12 15:36:44.059 Df IlliniCover[26531:3d1398] [com.apple.dt.xctest:Default] XCTPerformOnMainRunLoop[not MT]: waiting 60.00s for work to complete
2026-08-12 15:36:44.060 Df IlliniCover[26531:3d136f] [com.apple.dt.xctest:Default] Got main window <AXUIElementRef 0x12132bfc0> {pid=26531} {uid=[ID:4 hash:0x105600800]}
2026-08-12 15:36:44.060 Df IlliniCover[26531:3d136f] [com.apple.dt.xctest:Default] Capturing hierarchy with attributes XC_kAXXCAttributeElementType, XC_kAXXCAttributeElementBaseType, XC_kAXXCAttributeParent, XC_kAXXCAttributeIdentifier, XC_kAXXCAttributeAutomationType, XC_kAXXCAttributeTraits
2026-08-12 15:36:44.060 Df IlliniCover[26531:3d136f] [com.apple.dt.xctest:Default] Capturing hierarchy with parameters {
    attributes =     (
        5003,
        5004,
        5002,
        5019,
        5058,
        2004
    );
    maxArrayCount = 2147483647;
    maxChildren = 2147483647;
    maxDepth = 2147483647;
    snapshotKeyHonorModalViews = 0;
    traverseFromParentsToChildren = 1;
}
2026-08-12 15:36:44.060 Df IlliniCover[26531:3d136f] [com.apple.dt.xctest:Default] Snapshot attributes 5003, 5004, 5002, 5019, 5058, 2004
2026-08-12 15:36:44.118 Df IlliniCover[26531:3d136f] [com.apple.dt.xctest:Default] Got snapshot for <AXUIElementRef 0x11bd2cea0> {pid=26531} {uid=[ID:1 hash:0x0]}
2026-08-12 15:36:44.118 Df IlliniCover[26531:3d136f] [com.apple.dt.xctest:Default] Got app orientation 0
2026-08-12 15:36:44.118 Df IlliniCover[26531:3d136f] [com.apple.dt.xctest:Default] Captured accessibility snapshot data in 0.06s
2026-08-12 15:36:44.118 Df IlliniCover[26531:3d1398] [com.apple.dt.xctest:Default] Found main window: Window
2026-08-12 15:36:44.118 Df IlliniCover[26531:3d1398] [com.apple.dt.xctest:Default] Preferring automation type 48 instead of legacy element type OTHER derived from class/trait: UILabel:UILabel 8590000128
2026-08-12 15:36:44.119 Df IlliniCover[26531:3d1398] [com.apple.dt.xctest:Default] Preferring automation type 75 instead of legacy element type OTHER derived from class/trait: _UIContextMenuCell:_UIContextMenuCell 146028888064
2026-08-12 15:36:44.119 Df IlliniCover[26531:3d1398] [com.apple.dt.xctest:Default] Preferring automation type 75 instead of legacy element type OTHER derived from class/trait: _UIContextMenuCell:_UIContextMenuCell 146028888064
2026-08-12 15:36:44.119 Df IlliniCover[26531:3d1398] [com.apple.dt.xctest:Default] Preferring automation type 75 instead of legacy element type OTHER derived from class/trait: _UIContextMenuCell:_UIContextMenuCell 146028888064
2026-08-12 15:36:44.119 Df IlliniCover[26531:3d1398] [com.apple.dt.xctest:Default] Preferring automation type 75 instead of legacy element type OTHER derived from class/trait: _UIContextMenuCell:_UIContextMenuCell 146028888064
2026-08-12 15:36:44.119 Df IlliniCover[26531:3d1398] [com.apple.dt.xctest:Default] App orientation is 0 (not portrait) and UITextEffectsWindow window Window is not main window
2026-08-12 15:36:44.119 Df IlliniCover[26531:3d1398] [com.apple.dt.xctest:Default] Leaving frame unchanged for Window: either already correct or we can't detect it.
2026-08-12 15:36:44.120 Df IlliniCover[26531:3d1398] [com.apple.dt.xctest:Default] Query  found matching snapshots: {(
    Application, pid: 26531
)} (error: (null))
2026-08-12 15:36:44.120 Df IlliniCover[26531:3d1398] [com.apple.dt.xctest:Default] Replying to query  with results: <XCTElementQueryResults: 0x12137d8f0> (error: (null))
